hhid,household_size,access_electricity,education_level,water_source_improved,employed,internet_access,distance_to_hospital,wealth_index,poverty_class,poverty_label
10001,-0.05811468174328171,0.7372336305918931,-0.38463272023011674,0.0,0.0,-0.834298528608466,-1.212740924079984,0.0209316937334327,1,2
10002,-0.05811468174328171,0.7372336305918931,-0.38463272023011674,0.0,0.0,1.1986117267495475,0.8245784240839611,0.1085711064602493,0,1
10004,-0.05811468174328171,0.7372336305918931,0.6515517564598249,0.0,0.0,1.1986117267495475,-1.212740924079984,0.1231776752480521,0,1
10005,-0.05811468174328171,0.7372336305918931,-0.38463272023011674,0.0,0.0,-0.834298528608466,-1.212740924079984,0.0209316937334327,1,2
10008,-0.05811468174328171,-1.3564221143806794,0.6515517564598249,0.0,0.0,-0.834298528608466,-1.212740924079984,0.0063251249456299,2,0
10009,-0.05811468174328171,-1.3564221143806794,-1.4208171969200585,0.0,0.0,1.1986117267495475,-1.212740924079984,-0.0228880126299756,2,0
10010,-0.05811468174328171,-1.3564221143806794,-0.38463272023011674,0.0,0.0,-0.834298528608466,0.8245784240839611,-0.0082814438421728,2,0
10031,-0.05811468174328171,0.7372336305918931,-0.38463272023011674,0.0,0.0,-0.834298528608466,0.8245784240839611,0.0501448313090382,1,2
10032,-0.05811468174328171,0.7372336305918931,-0.38463272023011674,0.0,0.0,-0.834298528608466,-1.212740924079984,0.0209316937334327,1,2
10033,-0.04347709613472944,0.7372336305918931,-1.4208171969200585,0.0,0.0,1.1986117267495475,0.8245784240839611,0.0501448313090382,1,2
10034,-0.04347709613472944,-1.3564221143806794,-1.4208171969200585,0.0,0.0,-0.834298528608466,0.8245784240839611,-0.0667077189933839,2,0
10035,-0.05811468174328171,0.7372336305918931,0.6515517564598249,0.0,0.0,1.1986117267495475,0.8245784240839611,0.1523908128236577,0,1
10036,-0.05811468174328171,0.7372336305918931,-0.38463272023011674,0.0,0.0,1.1986117267495475,0.8245784240839611,0.1085711064602493,0,1
10037,-0.05811468174328171,-1.3564221143806794,-0.38463272023011674,0.0,0.0,-0.834298528608466,0.8245784240839611,-0.0082814438421728,2,0
10038,-0.05811468174328171,-1.3564221143806794,-0.38463272023011674,0.0,0.0,-0.834298528608466,-1.212740924079984,-0.0374945814177783,2,0
10040,-0.05811468174328171,-1.3564221143806794,1.6877362331497665,0.0,0.0,-0.834298528608466,0.8245784240839611,0.0793579688846438,0,1
10051,-0.04347709613472944,-1.3564221143806794,1.6877362331497665,0.0,0.0,-0.834298528608466,0.8245784240839611,0.064751400096841,1,2
10052,-0.05811468174328171,0.7372336305918931,-0.38463272023011674,0.0,0.0,-0.834298528608466,0.8245784240839611,0.0501448313090382,1,2
10053,-0.05811468174328171,0.7372336305918931,-0.38463272023011674,0.0,0.0,-0.834298528608466,0.8245784240839611,0.0501448313090382,1,2
10054,-0.05811468174328171,-1.3564221143806794,-1.4208171969200585,0.0,0.0,-0.834298528608466,-1.212740924079984,-0.0813142877811867,2,0
10055,-0.05811468174328171,0.7372336305918931,1.6877362331497665,0.0,0.0,-0.834298528608466,0.8245784240839611,0.1377842440358549,0,1
10056,-0.05811468174328171,-1.3564221143806794,-1.4208171969200585,0.0,0.0,-0.834298528608466,0.8245784240839611,-0.0521011502055811,2,0
10057,-0.05811468174328171,-1.3564221143806794,-0.38463272023011674,0.0,0.0,1.1986117267495475,-1.212740924079984,0.0209316937334327,1,2
10058,-0.05811468174328171,0.7372336305918931,-0.38463272023011674,0.0,0.0,-0.834298528608466,-1.212740924079984,0.0209316937334327,1,2
10059,-0.05811468174328171,0.7372336305918931,-0.38463272023011674,0.0,0.0,1.1986117267495475,0.8245784240839611,0.1085711064602493,0,1
10060,-0.05811468174328171,0.7372336305918931,-1.4208171969200585,0.0,0.0,-0.834298528608466,0.8245784240839611,0.0063251249456299,2,0
10061,-0.05811468174328171,-1.3564221143806794,0.6515517564598249,0.0,0.0,-0.834298528608466,0.8245784240839611,0.0355382625212355,1,2
10062,-0.05811468174328171,0.7372336305918931,-1.4208171969200585,0.0,0.0,-0.834298528608466,0.8245784240839611,0.0063251249456299,2,0
10063,0.01507324629947963,0.7372336305918931,0.6515517564598249,0.0,0.0,-0.834298528608466,0.8245784240839611,0.0209316937334327,1,2
10064,-0.05811468174328171,-1.3564221143806794,-1.4208171969200585,0.0,0.0,-0.834298528608466,-1.212740924079984,-0.0813142877811867,2,0
10065,-0.04347709613472944,0.7372336305918931,-1.4208171969200585,0.0,0.0,1.1986117267495475,-1.212740924079984,0.0209316937334327,1,2
10066,-0.04347709613472944,-1.3564221143806794,1.6877362331497665,0.0,0.0,1.1986117267495475,-1.212740924079984,0.0939645376724466,0,1
10067,-0.05811468174328171,-1.3564221143806794,-1.4208171969200585,0.0,0.0,-0.834298528608466,-1.212740924079984,-0.0813142877811867,2,0
10068,-0.028839510526177174,0.7372336305918931,0.6515517564598249,0.0,0.0,-0.834298528608466,-1.212740924079984,0.0355382625212355,1,2
10069,-0.05811468174328171,0.7372336305918931,-0.38463272023011674,0.0,0.0,-0.834298528608466,0.8245784240839611,0.0501448313090382,1,2
10070,-0.04347709613472944,0.7372336305918931,-1.4208171969200585,0.0,0.0,-0.834298528608466,0.8245784240839611,-0.0082814438421728,2,0
10072,-0.05811468174328171,-1.3564221143806794,1.6877362331497665,0.0,0.0,-0.834298528608466,-1.212740924079984,0.0501448313090382,1,2
10073,-0.05811468174328171,-1.3564221143806794,-0.38463272023011674,0.0,0.0,-0.834298528608466,-1.212740924079984,-0.0374945814177783,2,0
10074,-0.04347709613472944,0.7372336305918931,1.6877362331497665,0.0,0.0,-0.834298528608466,-1.212740924079984,0.0939645376724466,0,1
10075,-0.05811468174328171,0.7372336305918931,-1.4208171969200585,0.0,0.0,-0.834298528608466,0.8245784240839611,0.0063251249456299,2,0
10076,-0.04347709613472944,-1.3564221143806794,1.6877362331497665,0.0,0.0,-0.834298528608466,-1.212740924079984,0.0355382625212355,1,2
10077,-0.04347709613472944,0.7372336305918931,-1.4208171969200585,0.0,0.0,-0.834298528608466,-1.212740924079984,-0.0374945814177783,2,0
10078,18.970746609374668,-1.3564221143806794,-0.38463272023011674,0.0,0.0,-0.834298528608466,0.8245784240839611,-18.99682086798578,2,0
10079,-0.05811468174328171,0.7372336305918931,0.6515517564598249,0.0,0.0,1.1986117267495475,0.8245784240839611,0.1523908128236577,0,1
10080,-0.05811468174328171,-1.3564221143806794,1.6877362331497665,0.0,0.0,-0.834298528608466,-1.212740924079984,0.0501448313090382,1,2
10091,-0.04347709613472944,0.7372336305918931,1.6877362331497665,0.0,0.0,1.1986117267495475,0.8245784240839611,0.1816039503992632,0,1
10092,-0.05811468174328171,-1.3564221143806794,0.6515517564598249,0.0,0.0,1.1986117267495475,-1.212740924079984,0.064751400096841,1,2
10094,-0.05811468174328171,0.7372336305918931,1.6877362331497665,0.0,0.0,1.1986117267495475,0.8245784240839611,0.196210519187066,0,1
10096,-0.028839510526177174,0.7372336305918931,-1.4208171969200585,0.0,0.0,1.1986117267495475,0.8245784240839611,0.0355382625212355,1,2
10097,0.01507324629947963,-1.3564221143806794,-0.38463272023011674,0.0,0.0,1.1986117267495475,-1.212740924079984,-0.0521011502055811,2,0
10099,-0.05811468174328171,0.7372336305918931,-0.38463272023011674,0.0,0.0,1.1986117267495475,0.8245784240839611,0.1085711064602493,0,1
10100,-0.05811468174328171,0.7372336305918931,-0.38463272023011674,0.0,0.0,-0.834298528608466,-1.212740924079984,0.0209316937334327,1,2
10102,-0.05811468174328171,0.7372336305918931,-0.38463272023011674,0.0,0.0,-0.834298528608466,-1.212740924079984,0.0209316937334327,1,2
10103,-0.05811468174328171,0.7372336305918931,-0.38463272023011674,0.0,0.0,1.1986117267495475,-1.212740924079984,0.0793579688846438,0,1
10104,-0.05811468174328171,0.7372336305918931,-1.4208171969200585,0.0,0.0,1.1986117267495475,0.8245784240839611,0.064751400096841,1,2
10105,-0.05811468174328171,0.7372336305918931,0.6515517564598249,0.0,0.0,1.1986117267495475,-1.212740924079984,0.1231776752480521,0,1
10106,-0.05811468174328171,-1.3564221143806794,-1.4208171969200585,0.0,0.0,1.1986117267495475,-1.212740924079984,-0.0228880126299756,2,0
10107,-0.05811468174328171,-1.3564221143806794,-0.38463272023011674,0.0,0.0,1.1986117267495475,-1.212740924079984,0.0209316937334327,1,2
10108,-0.028839510526177174,-1.3564221143806794,-0.38463272023011674,0.0,0.0,1.1986117267495475,-1.212740924079984,-0.0082814438421728,2,0
10109,-0.05811468174328171,-1.3564221143806794,0.6515517564598249,0.0,0.0,1.1986117267495475,0.8245784240839611,0.0939645376724466,0,1
10110,-0.05811468174328171,0.7372336305918931,0.6515517564598249,0.0,0.0,-0.834298528608466,-1.212740924079984,0.064751400096841,1,2
19001,-0.05811468174328171,-1.3564221143806794,0.6515517564598249,0.0,0.0,1.1986117267495475,-1.212740924079984,0.064751400096841,1,2
19002,-0.04347709613472944,0.7372336305918931,-1.4208171969200585,0.0,0.0,1.1986117267495475,0.8245784240839611,0.0501448313090382,1,2
19005,-0.05811468174328171,0.7372336305918931,-0.38463272023011674,0.0,0.0,1.1986117267495475,0.8245784240839611,0.1085711064602493,0,1
19006,-0.05811468174328171,-1.3564221143806794,-1.4208171969200585,0.0,0.0,1.1986117267495475,0.8245784240839611,0.0063251249456299,2,0
19007,-0.05811468174328171,0.7372336305918931,-0.38463272023011674,0.0,0.0,-0.834298528608466,0.8245784240839611,0.0501448313090382,1,2
19008,-0.05811468174328171,-1.3564221143806794,-0.38463272023011674,0.0,0.0,-0.834298528608466,-1.212740924079984,-0.0374945814177783,2,0
19010,-0.05811468174328171,0.7372336305918931,-1.4208171969200585,0.0,0.0,1.1986117267495475,0.8245784240839611,0.064751400096841,1,2
19012,-0.05811468174328171,-1.3564221143806794,-0.38463272023011674,0.0,0.0,-0.834298528608466,0.8245784240839611,-0.0082814438421728,2,0
19015,-0.05811468174328171,0.7372336305918931,1.6877362331497665,0.0,0.0,-0.834298528608466,-1.212740924079984,0.1085711064602493,0,1
19017,-0.05811468174328171,0.7372336305918931,1.6877362331497665,0.0,0.0,-0.834298528608466,0.8245784240839611,0.1377842440358549,0,1
19018,-0.05811468174328171,-1.3564221143806794,-0.38463272023011674,0.0,0.0,1.1986117267495475,-1.212740924079984,0.0209316937334327,1,2
19019,-0.05811468174328171,-1.3564221143806794,-1.4208171969200585,0.0,0.0,1.1986117267495475,0.8245784240839611,0.0063251249456299,2,0
19020,-0.05811468174328171,0.7372336305918931,-1.4208171969200585,0.0,0.0,1.1986117267495475,0.8245784240839611,0.064751400096841,1,2
19023,-0.028839510526177174,0.7372336305918931,-0.38463272023011674,0.0,0.0,1.1986117267495475,0.8245784240839611,0.0793579688846438,0,1
19024,-0.05811468174328171,0.7372336305918931,1.6877362331497665,0.0,0.0,-0.834298528608466,0.8245784240839611,0.1377842440358549,0,1
19025,-0.05811468174328171,0.7372336305918931,-1.4208171969200585,0.0,0.0,-0.834298528608466,0.8245784240839611,0.0063251249456299,2,0
19026,-0.05811468174328171,-1.3564221143806794,0.6515517564598249,0.0,0.0,-0.834298528608466,-1.212740924079984,0.0063251249456299,2,0
19029,-0.05811468174328171,0.7372336305918931,-1.4208171969200585,0.0,0.0,1.1986117267495475,0.8245784240839611,0.064751400096841,1,2
19031,-0.05811468174328171,-1.3564221143806794,1.6877362331497665,0.0,0.0,-0.834298528608466,-1.212740924079984,0.0501448313090382,1,2
19032,-0.05811468174328171,0.7372336305918931,-0.38463272023011674,0.0,0.0,1.1986117267495475,-1.212740924079984,0.0793579688846438,0,1
19033,-0.05811468174328171,0.7372336305918931,0.6515517564598249,0.0,0.0,-0.834298528608466,0.8245784240839611,0.0939645376724466,0,1
19035,-0.05811468174328171,-1.3564221143806794,-0.38463272023011674,0.0,0.0,-0.834298528608466,-1.212740924079984,-0.0374945814177783,2,0
19036,-0.05811468174328171,-1.3564221143806794,0.6515517564598249,0.0,0.0,1.1986117267495475,-1.212740924079984,0.064751400096841,1,2
19037,-0.05811468174328171,-1.3564221143806794,-1.4208171969200585,0.0,0.0,-0.834298528608466,0.8245784240839611,-0.0521011502055811,2,0
19038,-0.05811468174328171,-1.3564221143806794,-1.4208171969200585,0.0,0.0,1.1986117267495475,0.8245784240839611,0.0063251249456299,2,0
19039,-0.05811468174328171,0.7372336305918931,1.6877362331497665,0.0,0.0,-0.834298528608466,-1.212740924079984,0.1085711064602493,0,1
19040,-0.05811468174328171,0.7372336305918931,1.6877362331497665,0.0,0.0,-0.834298528608466,-1.212740924079984,0.1085711064602493,0,1
19041,-0.05811468174328171,0.7372336305918931,1.6877362331497665,0.0,0.0,-0.834298528608466,-1.212740924079984,0.1085711064602493,0,1
19043,-0.05811468174328171,0.7372336305918931,0.6515517564598249,0.0,0.0,-0.834298528608466,0.8245784240839611,0.0939645376724466,0,1
19044,-0.05811468174328171,-1.3564221143806794,0.6515517564598249,0.0,0.0,1.1986117267495475,-1.212740924079984,0.064751400096841,1,2
19045,-0.04347709613472944,0.7372336305918931,-1.4208171969200585,0.0,0.0,-0.834298528608466,0.8245784240839611,-0.0082814438421728,2,0
19047,-0.05811468174328171,0.7372336305918931,-0.38463272023011674,0.0,0.0,-0.834298528608466,-1.212740924079984,0.0209316937334327,1,2
19048,-0.05811468174328171,0.7372336305918931,-0.38463272023011674,0.0,0.0,-0.834298528608466,-1.212740924079984,0.0209316937334327,1,2
19049,-0.05811468174328171,0.7372336305918931,0.6515517564598249,0.0,0.0,1.1986117267495475,0.8245784240839611,0.1523908128236577,0,1
19050,-0.05811468174328171,0.7372336305918931,-0.38463272023011674,0.0,0.0,1.1986117267495475,-1.212740924079984,0.0793579688846438,0,1
19051,-0.05811468174328171,0.7372336305918931,-1.4208171969200585,0.0,0.0,-0.834298528608466,0.8245784240839611,0.0063251249456299,2,0
19052,-0.05811468174328171,0.7372336305918931,0.6515517564598249,0.0,0.0,-0.834298528608466,-1.212740924079984,0.064751400096841,1,2
19054,-0.05811468174328171,-1.3564221143806794,0.6515517564598249,0.0,0.0,1.1986117267495475,0.8245784240839611,0.0939645376724466,0,1
19055,-0.05811468174328171,-1.3564221143806794,-0.38463272023011674,0.0,0.0,1.1986117267495475,0.8245784240839611,0.0501448313090382,1,2
19056,-0.05811468174328171,-1.3564221143806794,-1.4208171969200585,0.0,0.0,-0.834298528608466,-1.212740924079984,-0.0813142877811867,2,0
19058,-0.05811468174328171,0.7372336305918931,-1.4208171969200585,0.0,0.0,1.1986117267495475,-1.212740924079984,0.0355382625212355,1,2
19061,-0.05811468174328171,-1.3564221143806794,-0.38463272023011674,0.0,0.0,1.1986117267495475,-1.212740924079984,0.0209316937334327,1,2
19062,-0.028839510526177174,0.7372336305918931,-0.38463272023011674,0.0,0.0,1.1986117267495475,0.8245784240839611,0.0793579688846438,0,1
19063,-0.05811468174328171,0.7372336305918931,0.6515517564598249,0.0,0.0,1.1986117267495475,0.8245784240839611,0.1523908128236577,0,1
19064,-0.05811468174328171,-1.3564221143806794,0.6515517564598249,0.0,0.0,1.1986117267495475,0.8245784240839611,0.0939645376724466,0,1
19066,-0.05811468174328171,0.7372336305918931,0.6515517564598249,0.0,0.0,-0.834298528608466,0.8245784240839611,0.0939645376724466,0,1
19068,-0.05811468174328171,0.7372336305918931,-0.38463272023011674,0.0,0.0,1.1986117267495475,-1.212740924079984,0.0793579688846438,0,1
19069,-0.05811468174328171,-1.3564221143806794,0.6515517564598249,0.0,0.0,-0.834298528608466,-1.212740924079984,0.0063251249456299,2,0
19070,-0.05811468174328171,-1.3564221143806794,-0.38463272023011674,0.0,0.0,1.1986117267495475,-1.212740924079984,0.0209316937334327,1,2
19071,-0.05811468174328171,-1.3564221143806794,-0.38463272023011674,0.0,0.0,-0.834298528608466,-1.212740924079984,-0.0374945814177783,2,0
19072,-0.05811468174328171,-1.3564221143806794,0.6515517564598249,0.0,0.0,-0.834298528608466,-1.212740924079984,0.0063251249456299,2,0
19073,-0.05811468174328171,0.7372336305918931,-1.4208171969200585,0.0,0.0,1.1986117267495475,0.8245784240839611,0.064751400096841,1,2
19075,-0.05811468174328171,0.7372336305918931,-1.4208171969200585,0.0,0.0,1.1986117267495475,0.8245784240839611,0.064751400096841,1,2
19076,-0.04347709613472944,0.7372336305918931,1.6877362331497665,0.0,0.0,-0.834298528608466,0.8245784240839611,0.1231776752480521,0,1
19077,-0.05811468174328171,0.7372336305918931,-0.38463272023011674,0.0,0.0,-0.834298528608466,-1.212740924079984,0.0209316937334327,1,2
19079,-0.05811468174328171,0.7372336305918931,0.6515517564598249,0.0,0.0,-0.834298528608466,0.8245784240839611,0.0939645376724466,0,1
19080,-0.05811468174328171,-1.3564221143806794,-1.4208171969200585,0.0,0.0,1.1986117267495475,0.8245784240839611,0.0063251249456299,2,0
19081,-0.05811468174328171,0.7372336305918931,0.6515517564598249,0.0,0.0,1.1986117267495475,0.8245784240839611,0.1523908128236577,0,1
19082,-0.05811468174328171,0.7372336305918931,-0.38463272023011674,0.0,0.0,-0.834298528608466,-1.212740924079984,0.0209316937334327,1,2
19084,-0.05811468174328171,0.7372336305918931,-1.4208171969200585,0.0,0.0,1.1986117267495475,-1.212740924079984,0.0355382625212355,1,2
19085,-0.05811468174328171,0.7372336305918931,0.6515517564598249,0.0,0.0,1.1986117267495475,-1.212740924079984,0.1231776752480521,0,1
19087,-0.05811468174328171,-1.3564221143806794,-0.38463272023011674,0.0,0.0,-0.834298528608466,-1.212740924079984,-0.0374945814177783,2,0
19088,-0.05811468174328171,-1.3564221143806794,-0.38463272023011674,0.0,0.0,1.1986117267495475,0.8245784240839611,0.0501448313090382,1,2
19089,-0.05811468174328171,-1.3564221143806794,-1.4208171969200585,0.0,0.0,-0.834298528608466,-1.212740924079984,-0.0813142877811867,2,0
19091,-0.05811468174328171,0.7372336305918931,-1.4208171969200585,0.0,0.0,1.1986117267495475,-1.212740924079984,0.0355382625212355,1,2
19092,-0.05811468174328171,0.7372336305918931,-0.38463272023011674,0.0,0.0,-0.834298528608466,0.8245784240839611,0.0501448313090382,1,2
19093,-0.05811468174328171,0.7372336305918931,-1.4208171969200585,0.0,0.0,-0.834298528608466,0.8245784240839611,0.0063251249456299,2,0
19094,-0.04347709613472944,-1.3564221143806794,1.6877362331497665,0.0,0.0,-0.834298528608466,0.8245784240839611,0.064751400096841,1,2
19095,-0.04347709613472944,0.7372336305918931,-1.4208171969200585,0.0,0.0,-0.834298528608466,0.8245784240839611,-0.0082814438421728,2,0
19096,-0.05811468174328171,0.7372336305918931,-0.38463272023011674,0.0,0.0,1.1986117267495475,-1.212740924079984,0.0793579688846438,0,1
19097,-0.05811468174328171,-1.3564221143806794,-1.4208171969200585,0.0,0.0,-0.834298528608466,-1.212740924079984,-0.0813142877811867,2,0
19098,-0.05811468174328171,-1.3564221143806794,-0.38463272023011674,0.0,0.0,-0.834298528608466,-1.212740924079984,-0.0374945814177783,2,0
19099,-0.04347709613472944,-1.3564221143806794,1.6877362331497665,0.0,0.0,1.1986117267495475,0.8245784240839611,0.1231776752480521,0,1
19100,-0.05811468174328171,0.7372336305918931,-1.4208171969200585,0.0,0.0,-0.834298528608466,0.8245784240839611,0.0063251249456299,2,0
19101,-0.05811468174328171,-1.3564221143806794,1.6877362331497665,0.0,0.0,-0.834298528608466,-1.212740924079984,0.0501448313090382,1,2
19103,-0.05811468174328171,0.7372336305918931,-0.38463272023011674,0.0,0.0,1.1986117267495475,0.8245784240839611,0.1085711064602493,0,1
19104,-0.05811468174328171,0.7372336305918931,0.6515517564598249,0.0,0.0,1.1986117267495475,-1.212740924079984,0.1231776752480521,0,1
19105,-0.05811468174328171,0.7372336305918931,-0.38463272023011674,0.0,0.0,-0.834298528608466,0.8245784240839611,0.0501448313090382,1,2
19106,-0.05811468174328171,0.7372336305918931,1.6877362331497665,0.0,0.0,-0.834298528608466,-1.212740924079984,0.1085711064602493,0,1
19107,-0.05811468174328171,0.7372336305918931,0.6515517564598249,0.0,0.0,1.1986117267495475,-1.212740924079984,0.1231776752480521,0,1
19110,-0.05811468174328171,-1.3564221143806794,-0.38463272023011674,0.0,0.0,-0.834298528608466,0.8245784240839611,-0.0082814438421728,2,0
19111,-0.05811468174328171,0.7372336305918931,-1.4208171969200585,0.0,0.0,-0.834298528608466,0.8245784240839611,0.0063251249456299,2,0
19112,-0.05811468174328171,-1.3564221143806794,-1.4208171969200585,0.0,0.0,-0.834298528608466,0.8245784240839611,-0.0521011502055811,2,0
19113,-0.05811468174328171,-1.3564221143806794,1.6877362331497665,0.0,0.0,-0.834298528608466,-1.212740924079984,0.0501448313090382,1,2
19115,-0.05811468174328171,-1.3564221143806794,-0.38463272023011674,0.0,0.0,1.1986117267495475,-1.212740924079984,0.0209316937334327,1,2
19116,-0.05811468174328171,0.7372336305918931,-0.38463272023011674,0.0,0.0,1.1986117267495475,-1.212740924079984,0.0793579688846438,0,1
19117,-0.05811468174328171,0.7372336305918931,0.6515517564598249,0.0,0.0,1.1986117267495475,0.8245784240839611,0.1523908128236577,0,1
19118,-0.05811468174328171,-1.3564221143806794,-0.38463272023011674,0.0,0.0,1.1986117267495475,0.8245784240839611,0.0501448313090382,1,2
19119,-0.05811468174328171,-1.3564221143806794,1.6877362331497665,0.0,0.0,-0.834298528608466,0.8245784240839611,0.0793579688846438,0,1
19120,-0.05811468174328171,0.7372336305918931,0.6515517564598249,0.0,0.0,-0.834298528608466,-1.212740924079984,0.064751400096841,1,2
19121,-0.05811468174328171,-1.3564221143806794,0.6515517564598249,0.0,0.0,1.1986117267495475,0.8245784240839611,0.0939645376724466,0,1
19122,-0.05811468174328171,-1.3564221143806794,1.6877362331497665,0.0,0.0,-0.834298528608466,0.8245784240839611,0.0793579688846438,0,1
19123,-0.04347709613472944,0.7372336305918931,-1.4208171969200585,0.0,0.0,-0.834298528608466,0.8245784240839611,-0.0082814438421728,2,0
19124,-0.04347709613472944,0.7372336305918931,-0.38463272023011674,0.0,0.0,1.1986117267495475,-1.212740924079984,0.064751400096841,1,2
19125,-0.05811468174328171,-1.3564221143806794,-0.38463272023011674,0.0,0.0,-0.834298528608466,0.8245784240839611,-0.0082814438421728,2,0
19126,-0.05811468174328171,0.7372336305918931,-0.38463272023011674,0.0,0.0,-0.834298528608466,0.8245784240839611,0.0501448313090382,1,2
19127,-0.05811468174328171,0.7372336305918931,0.6515517564598249,0.0,0.0,1.1986117267495475,0.8245784240839611,0.1523908128236577,0,1
19129,-0.05811468174328171,-1.3564221143806794,1.6877362331497665,0.0,0.0,1.1986117267495475,0.8245784240839611,0.1377842440358549,0,1
19130,-0.05811468174328171,0.7372336305918931,-0.38463272023011674,0.0,0.0,-0.834298528608466,-1.212740924079984,0.0209316937334327,1,2
19131,-0.05811468174328171,0.7372336305918931,-0.38463272023011674,0.0,0.0,1.1986117267495475,0.8245784240839611,0.1085711064602493,0,1
19133,-0.05811468174328171,0.7372336305918931,1.6877362331497665,0.0,0.0,-0.834298528608466,0.8245784240839611,0.1377842440358549,0,1
19135,-0.05811468174328171,0.7372336305918931,-0.38463272023011674,0.0,0.0,-0.834298528608466,-1.212740924079984,0.0209316937334327,1,2
19136,-0.05811468174328171,0.7372336305918931,-0.38463272023011674,0.0,0.0,1.1986117267495475,-1.212740924079984,0.0793579688846438,0,1
19137,-0.05811468174328171,-1.3564221143806794,-0.38463272023011674,0.0,0.0,1.1986117267495475,-1.212740924079984,0.0209316937334327,1,2
19138,-0.05811468174328171,0.7372336305918931,1.6877362331497665,0.0,0.0,-0.834298528608466,0.8245784240839611,0.1377842440358549,0,1
19139,-0.05811468174328171,-1.3564221143806794,0.6515517564598249,0.0,0.0,-0.834298528608466,-1.212740924079984,0.0063251249456299,2,0
19140,-0.05811468174328171,-1.3564221143806794,0.6515517564598249,0.0,0.0,-0.834298528608466,0.8245784240839611,0.0355382625212355,1,2
19141,-0.05811468174328171,-1.3564221143806794,0.6515517564598249,0.0,0.0,-0.834298528608466,-1.212740924079984,0.0063251249456299,2,0
19143,-0.05811468174328171,0.7372336305918931,-0.38463272023011674,0.0,0.0,-0.834298528608466,0.8245784240839611,0.0501448313090382,1,2
19144,-0.05811468174328171,0.7372336305918931,-0.38463272023011674,0.0,0.0,-0.834298528608466,-1.212740924079984,0.0209316937334327,1,2
19146,-0.05811468174328171,-1.3564221143806794,0.6515517564598249,0.0,0.0,-0.834298528608466,-1.212740924079984,0.0063251249456299,2,0
19147,-0.05811468174328171,0.7372336305918931,-0.38463272023011674,0.0,0.0,-0.834298528608466,0.8245784240839611,0.0501448313090382,1,2
19148,-0.05811468174328171,-1.3564221143806794,0.6515517564598249,0.0,0.0,-0.834298528608466,0.8245784240839611,0.0355382625212355,1,2
19149,-0.05811468174328171,0.7372336305918931,1.6877362331497665,0.0,0.0,1.1986117267495475,-1.212740924079984,0.1669973816114605,0,1
19150,-0.05811468174328171,-1.3564221143806794,0.6515517564598249,0.0,0.0,-0.834298528608466,-1.212740924079984,0.0063251249456299,2,0
19151,-0.05811468174328171,0.7372336305918931,0.6515517564598249,0.0,0.0,-0.834298528608466,-1.212740924079984,0.064751400096841,1,2
19152,-0.05811468174328171,0.7372336305918931,0.6515517564598249,0.0,0.0,1.1986117267495475,0.8245784240839611,0.1523908128236577,0,1
19153,-0.05811468174328171,0.7372336305918931,0.6515517564598249,0.0,0.0,1.1986117267495475,0.8245784240839611,0.1523908128236577,0,1
19158,-0.05811468174328171,-1.3564221143806794,-0.38463272023011674,0.0,0.0,-0.834298528608466,0.8245784240839611,-0.0082814438421728,2,0
19159,-0.04347709613472944,-1.3564221143806794,-1.4208171969200585,0.0,0.0,-0.834298528608466,0.8245784240839611,-0.0667077189933839,2,0
19160,-0.05811468174328171,-1.3564221143806794,-0.38463272023011674,0.0,0.0,1.1986117267495475,0.8245784240839611,0.0501448313090382,1,2
19161,-0.05811468174328171,0.7372336305918931,0.6515517564598249,0.0,0.0,-0.834298528608466,-1.212740924079984,0.064751400096841,1,2
19163,-0.05811468174328171,0.7372336305918931,-0.38463272023011674,0.0,0.0,1.1986117267495475,0.8245784240839611,0.1085711064602493,0,1
19164,-0.05811468174328171,-1.3564221143806794,0.6515517564598249,0.0,0.0,-0.834298528608466,0.8245784240839611,0.0355382625212355,1,2
19165,-0.05811468174328171,0.7372336305918931,-0.38463272023011674,0.0,0.0,-0.834298528608466,-1.212740924079984,0.0209316937334327,1,2
19166,-0.05811468174328171,0.7372336305918931,0.6515517564598249,0.0,0.0,-0.834298528608466,-1.212740924079984,0.064751400096841,1,2
19167,-0.05811468174328171,0.7372336305918931,-1.4208171969200585,0.0,0.0,1.1986117267495475,-1.212740924079984,0.0355382625212355,1,2
19168,-0.05811468174328171,0.7372336305918931,0.6515517564598249,0.0,0.0,1.1986117267495475,-1.212740924079984,0.1231776752480521,0,1
19169,-0.05811468174328171,-1.3564221143806794,-0.38463272023011674,0.0,0.0,-0.834298528608466,0.8245784240839611,-0.0082814438421728,2,0
19170,-0.05811468174328171,-1.3564221143806794,-0.38463272023011674,0.0,0.0,-0.834298528608466,0.8245784240839611,-0.0082814438421728,2,0
19173,-0.05811468174328171,0.7372336305918931,-0.38463272023011674,0.0,0.0,-0.834298528608466,0.8245784240839611,0.0501448313090382,1,2
19174,-0.05811468174328171,0.7372336305918931,0.6515517564598249,0.0,0.0,-0.834298528608466,0.8245784240839611,0.0939645376724466,0,1
19175,-0.05811468174328171,0.7372336305918931,-0.38463272023011674,0.0,0.0,1.1986117267495475,0.8245784240839611,0.1085711064602493,0,1
19177,-0.05811468174328171,-1.3564221143806794,-0.38463272023011674,0.0,0.0,-0.834298528608466,0.8245784240839611,-0.0082814438421728,2,0
19178,-0.05811468174328171,-1.3564221143806794,1.6877362331497665,0.0,0.0,1.1986117267495475,-1.212740924079984,0.1085711064602493,0,1
19179,-0.05811468174328171,0.7372336305918931,0.6515517564598249,0.0,0.0,1.1986117267495475,-1.212740924079984,0.1231776752480521,0,1
19180,-0.05811468174328171,0.7372336305918931,1.6877362331497665,0.0,0.0,1.1986117267495475,0.8245784240839611,0.196210519187066,0,1
19181,-0.05811468174328171,0.7372336305918931,-0.38463272023011674,0.0,0.0,1.1986117267495475,-1.212740924079984,0.0793579688846438,0,1
19182,-0.05811468174328171,0.7372336305918931,-0.38463272023011674,0.0,0.0,-0.834298528608466,-1.212740924079984,0.0209316937334327,1,2
19183,-0.05811468174328171,0.7372336305918931,1.6877362331497665,0.0,0.0,-0.834298528608466,0.8245784240839611,0.1377842440358549,0,1
19184,-0.05811468174328171,-1.3564221143806794,-0.38463272023011674,0.0,0.0,-0.834298528608466,0.8245784240839611,-0.0082814438421728,2,0
19185,-0.05811468174328171,-1.3564221143806794,0.6515517564598249,0.0,0.0,-0.834298528608466,-1.212740924079984,0.0063251249456299,2,0
19186,-0.05811468174328171,0.7372336305918931,-0.38463272023011674,0.0,0.0,-0.834298528608466,0.8245784240839611,0.0501448313090382,1,2
19187,-0.05811468174328171,0.7372336305918931,-0.38463272023011674,0.0,0.0,-0.834298528608466,0.8245784240839611,0.0501448313090382,1,2
19188,-0.05811468174328171,-1.3564221143806794,-1.4208171969200585,0.0,0.0,1.1986117267495475,-1.212740924079984,-0.0228880126299756,2,0
19191,-0.028839510526177174,-1.3564221143806794,-0.38463272023011674,0.0,0.0,-0.834298528608466,-1.212740924079984,-0.0667077189933839,2,0
19192,-0.05811468174328171,0.7372336305918931,-1.4208171969200585,0.0,0.0,1.1986117267495475,0.8245784240839611,0.064751400096841,1,2
19193,-0.05811468174328171,-1.3564221143806794,-1.4208171969200585,0.0,0.0,1.1986117267495475,-1.212740924079984,-0.0228880126299756,2,0
19194,-0.05811468174328171,-1.3564221143806794,1.6877362331497665,0.0,0.0,1.1986117267495475,-1.212740924079984,0.1085711064602493,0,1
19195,-0.05811468174328171,0.7372336305918931,-0.38463272023011674,0.0,0.0,-0.834298528608466,0.8245784240839611,0.0501448313090382,1,2
19196,-0.05811468174328171,0.7372336305918931,0.6515517564598249,0.0,0.0,-0.834298528608466,0.8245784240839611,0.0939645376724466,0,1
19197,-0.05811468174328171,0.7372336305918931,0.6515517564598249,0.0,0.0,-0.834298528608466,-1.212740924079984,0.064751400096841,1,2
19198,-0.05811468174328171,-1.3564221143806794,0.6515517564598249,0.0,0.0,-0.834298528608466,-1.212740924079984,0.0063251249456299,2,0
19199,-0.05811468174328171,0.7372336305918931,-1.4208171969200585,0.0,0.0,-0.834298528608466,-1.212740924079984,-0.0228880126299756,2,0
19201,-0.05811468174328171,-1.3564221143806794,0.6515517564598249,0.0,0.0,1.1986117267495475,0.8245784240839611,0.0939645376724466,0,1
19202,-0.05811468174328171,-1.3564221143806794,0.6515517564598249,0.0,0.0,-0.834298528608466,-1.212740924079984,0.0063251249456299,2,0
19204,-0.05811468174328171,0.7372336305918931,0.6515517564598249,0.0,0.0,-0.834298528608466,0.8245784240839611,0.0939645376724466,0,1
19205,-0.05811468174328171,0.7372336305918931,0.6515517564598249,0.0,0.0,1.1986117267495475,0.8245784240839611,0.1523908128236577,0,1
19206,-0.05811468174328171,0.7372336305918931,1.6877362331497665,0.0,0.0,-0.834298528608466,-1.212740924079984,0.1085711064602493,0,1
19208,-0.05811468174328171,0.7372336305918931,0.6515517564598249,0.0,0.0,-0.834298528608466,0.8245784240839611,0.0939645376724466,0,1
19209,-0.05811468174328171,0.7372336305918931,-0.38463272023011674,0.0,0.0,1.1986117267495475,0.8245784240839611,0.1085711064602493,0,1
19211,-0.05811468174328171,-1.3564221143806794,0.6515517564598249,0.0,0.0,-0.834298528608466,0.8245784240839611,0.0355382625212355,1,2
19214,-0.05811468174328171,0.7372336305918931,-1.4208171969200585,0.0,0.0,1.1986117267495475,-1.212740924079984,0.0355382625212355,1,2
19215,-0.05811468174328171,-1.3564221143806794,1.6877362331497665,0.0,0.0,-0.834298528608466,0.8245784240839611,0.0793579688846438,0,1
19218,-0.05811468174328171,-1.3564221143806794,-1.4208171969200585,0.0,0.0,1.1986117267495475,0.8245784240839611,0.0063251249456299,2,0
19222,-0.05811468174328171,0.7372336305918931,-0.38463272023011674,0.0,0.0,-0.834298528608466,0.8245784240839611,0.0501448313090382,1,2
19224,-0.05811468174328171,0.7372336305918931,0.6515517564598249,0.0,0.0,-0.834298528608466,-1.212740924079984,0.064751400096841,1,2
19225,-0.05811468174328171,0.7372336305918931,0.6515517564598249,0.0,0.0,-0.834298528608466,0.8245784240839611,0.0939645376724466,0,1
19226,-0.05811468174328171,0.7372336305918931,-0.38463272023011674,0.0,0.0,-0.834298528608466,-1.212740924079984,0.0209316937334327,1,2
19227,-0.05811468174328171,0.7372336305918931,-0.38463272023011674,0.0,0.0,-0.834298528608466,-1.212740924079984,0.0209316937334327,1,2
19228,-0.05811468174328171,0.7372336305918931,1.6877362331497665,0.0,0.0,-0.834298528608466,0.8245784240839611,0.1377842440358549,0,1
19230,-0.05811468174328171,0.7372336305918931,-0.38463272023011674,0.0,0.0,-0.834298528608466,0.8245784240839611,0.0501448313090382,1,2
19231,-0.05811468174328171,0.7372336305918931,1.6877362331497665,0.0,0.0,-0.834298528608466,0.8245784240839611,0.1377842440358549,0,1
19232,-0.05811468174328171,-1.3564221143806794,-1.4208171969200585,0.0,0.0,-0.834298528608466,0.8245784240839611,-0.0521011502055811,2,0
19234,-0.05811468174328171,0.7372336305918931,0.6515517564598249,0.0,0.0,-0.834298528608466,0.8245784240839611,0.0939645376724466,0,1
19235,-0.05811468174328171,-1.3564221143806794,0.6515517564598249,0.0,0.0,1.1986117267495475,-1.212740924079984,0.064751400096841,1,2
19236,-0.04347709613472944,-1.3564221143806794,-1.4208171969200585,0.0,0.0,-0.834298528608466,0.8245784240839611,-0.0667077189933839,2,0
19238,-0.05811468174328171,0.7372336305918931,-0.38463272023011674,0.0,0.0,-0.834298528608466,-1.212740924079984,0.0209316937334327,1,2
19239,-0.05811468174328171,-1.3564221143806794,-1.4208171969200585,0.0,0.0,1.1986117267495475,-1.212740924079984,-0.0228880126299756,2,0
19242,-0.05811468174328171,0.7372336305918931,0.6515517564598249,0.0,0.0,1.1986117267495475,0.8245784240839611,0.1523908128236577,0,1
19244,-0.05811468174328171,0.7372336305918931,-0.38463272023011674,0.0,0.0,-0.834298528608466,0.8245784240839611,0.0501448313090382,1,2
19245,-0.05811468174328171,0.7372336305918931,0.6515517564598249,0.0,0.0,-0.834298528608466,0.8245784240839611,0.0939645376724466,0,1
19250,-0.05811468174328171,0.7372336305918931,-1.4208171969200585,0.0,0.0,-0.834298528608466,0.8245784240839611,0.0063251249456299,2,0
19254,-0.05811468174328171,-1.3564221143806794,-0.38463272023011674,0.0,0.0,-0.834298528608466,-1.212740924079984,-0.0374945814177783,2,0
19266,-0.05811468174328171,0.7372336305918931,-1.4208171969200585,0.0,0.0,1.1986117267495475,-1.212740924079984,0.0355382625212355,1,2
19269,-0.05811468174328171,0.7372336305918931,-0.38463272023011674,0.0,0.0,-0.834298528608466,0.8245784240839611,0.0501448313090382,1,2
19277,-0.05811468174328171,0.7372336305918931,0.6515517564598249,0.0,0.0,1.1986117267495475,-1.212740924079984,0.1231776752480521,0,1
19278,-0.05811468174328171,0.7372336305918931,1.6877362331497665,0.0,0.0,-0.834298528608466,-1.212740924079984,0.1085711064602493,0,1
19280,-0.05811468174328171,0.7372336305918931,0.6515517564598249,0.0,0.0,-0.834298528608466,0.8245784240839611,0.0939645376724466,0,1
19284,-0.05811468174328171,-1.3564221143806794,-0.38463272023011674,0.0,0.0,1.1986117267495475,-1.212740924079984,0.0209316937334327,1,2
20001,-0.014201924917624904,0.7372336305918931,1.6877362331497665,0.0,0.0,-0.834298528608466,-1.212740924079984,0.064751400096841,1,2
20002,-0.04347709613472944,0.7372336305918931,0.6515517564598249,0.0,0.0,-0.834298528608466,0.8245784240839611,0.0793579688846438,0,1
20003,-0.04347709613472944,-1.3564221143806794,1.6877362331497665,0.0,0.0,1.1986117267495475,0.8245784240839611,0.1231776752480521,0,1
20005,-0.014201924917624904,-1.3564221143806794,-0.38463272023011674,0.0,0.0,1.1986117267495475,0.8245784240839611,0.0063251249456299,2,0
20006,-0.028839510526177174,0.7372336305918931,-0.38463272023011674,0.0,0.0,1.1986117267495475,0.8245784240839611,0.0793579688846438,0,1
20007,-0.05811468174328171,0.7372336305918931,-1.4208171969200585,0.0,0.0,-0.834298528608466,0.8245784240839611,0.0063251249456299,2,0
20008,-0.05811468174328171,0.7372336305918931,0.6515517564598249,0.0,0.0,-0.834298528608466,0.8245784240839611,0.0939645376724466,0,1
20009,0.10289875995079323,0.7372336305918931,-1.4208171969200585,0.0,0.0,1.1986117267495475,0.8245784240839611,-0.0959208565689894,2,0
20010,-0.028839510526177174,-1.3564221143806794,-0.38463272023011674,0.0,0.0,-0.834298528608466,-1.212740924079984,-0.0667077189933839,2,0
20041,-0.04347709613472944,0.7372336305918931,-0.38463272023011674,0.0,0.0,1.1986117267495475,-1.212740924079984,0.064751400096841,1,2
20042,-0.05811468174328171,0.7372336305918931,0.6515517564598249,0.0,0.0,-0.834298528608466,0.8245784240839611,0.0939645376724466,0,1
20043,-0.05811468174328171,-1.3564221143806794,0.6515517564598249,0.0,0.0,-0.834298528608466,0.8245784240839611,0.0355382625212355,1,2
20044,0.01507324629947963,0.7372336305918931,-1.4208171969200585,0.0,0.0,1.1986117267495475,0.8245784240839611,-0.0082814438421728,2,0
20045,-0.05811468174328171,0.7372336305918931,-0.38463272023011674,0.0,0.0,-0.834298528608466,0.8245784240839611,0.0501448313090382,1,2
20046,-0.05811468174328171,0.7372336305918931,0.6515517564598249,0.0,0.0,-0.834298528608466,0.8245784240839611,0.0939645376724466,0,1
20047,-0.05811468174328171,0.7372336305918931,1.6877362331497665,0.0,0.0,-0.834298528608466,0.8245784240839611,0.1377842440358549,0,1
20048,-0.05811468174328171,0.7372336305918931,0.6515517564598249,0.0,0.0,-0.834298528608466,0.8245784240839611,0.0939645376724466,0,1
20049,-0.04347709613472944,0.7372336305918931,1.6877362331497665,0.0,0.0,-0.834298528608466,-1.212740924079984,0.0939645376724466,0,1
20050,-0.05811468174328171,-1.3564221143806794,0.6515517564598249,0.0,0.0,-0.834298528608466,0.8245784240839611,0.0355382625212355,1,2
20061,-0.05811468174328171,0.7372336305918931,0.6515517564598249,0.0,0.0,-0.834298528608466,-1.212740924079984,0.064751400096841,1,2
20062,-0.05811468174328171,0.7372336305918931,-1.4208171969200585,0.0,0.0,1.1986117267495475,0.8245784240839611,0.064751400096841,1,2
20063,-0.05811468174328171,0.7372336305918931,0.6515517564598249,0.0,0.0,-0.834298528608466,0.8245784240839611,0.0939645376724466,0,1
20064,-0.05811468174328171,0.7372336305918931,0.6515517564598249,0.0,0.0,1.1986117267495475,0.8245784240839611,0.1523908128236577,0,1
20065,-0.05811468174328171,0.7372336305918931,0.6515517564598249,0.0,0.0,-0.834298528608466,0.8245784240839611,0.0939645376724466,0,1
20066,-0.05811468174328171,0.7372336305918931,-0.38463272023011674,0.0,0.0,-0.834298528608466,0.8245784240839611,0.0501448313090382,1,2
20067,-0.05811468174328171,0.7372336305918931,-0.38463272023011674,0.0,0.0,-0.834298528608466,-1.212740924079984,0.0209316937334327,1,2
20068,-0.04347709613472944,0.7372336305918931,-0.38463272023011674,0.0,0.0,1.1986117267495475,-1.212740924079984,0.064751400096841,1,2
20069,-0.05811468174328171,0.7372336305918931,-0.38463272023011674,0.0,0.0,1.1986117267495475,0.8245784240839611,0.1085711064602493,0,1
20070,-0.028839510526177174,0.7372336305918931,-1.4208171969200585,0.0,0.0,1.1986117267495475,0.8245784240839611,0.0355382625212355,1,2
20091,-0.05811468174328171,0.7372336305918931,0.6515517564598249,0.0,0.0,-0.834298528608466,0.8245784240839611,0.0939645376724466,0,1
20092,-0.05811468174328171,-1.3564221143806794,-1.4208171969200585,0.0,0.0,-0.834298528608466,-1.212740924079984,-0.0813142877811867,2,0
20093,-0.04347709613472944,0.7372336305918931,-1.4208171969200585,0.0,0.0,1.1986117267495475,0.8245784240839611,0.0501448313090382,1,2
20094,-0.05811468174328171,-1.3564221143806794,-0.38463272023011674,0.0,0.0,1.1986117267495475,0.8245784240839611,0.0501448313090382,1,2
20095,-0.05811468174328171,0.7372336305918931,0.6515517564598249,0.0,0.0,1.1986117267495475,0.8245784240839611,0.1523908128236577,0,1
20096,-0.05811468174328171,-1.3564221143806794,-0.38463272023011674,0.0,0.0,-0.834298528608466,0.8245784240839611,-0.0082814438421728,2,0
20097,-0.05811468174328171,0.7372336305918931,-0.38463272023011674,0.0,0.0,1.1986117267495475,0.8245784240839611,0.1085711064602493,0,1
20098,-0.05811468174328171,0.7372336305918931,0.6515517564598249,0.0,0.0,-0.834298528608466,0.8245784240839611,0.0939645376724466,0,1
20099,-0.05811468174328171,-1.3564221143806794,-0.38463272023011674,0.0,0.0,-0.834298528608466,0.8245784240839611,-0.0082814438421728,2,0
20100,-0.05811468174328171,0.7372336305918931,1.6877362331497665,0.0,0.0,-0.834298528608466,0.8245784240839611,0.1377842440358549,0,1
20101,-0.05811468174328171,-1.3564221143806794,1.6877362331497665,0.0,0.0,-0.834298528608466,-1.212740924079984,0.0501448313090382,1,2
20102,-0.05811468174328171,-1.3564221143806794,-0.38463272023011674,0.0,0.0,1.1986117267495475,0.8245784240839611,0.0501448313090382,1,2
20103,-0.05811468174328171,0.7372336305918931,-0.38463272023011674,0.0,0.0,1.1986117267495475,-1.212740924079984,0.0793579688846438,0,1
20104,-0.05811468174328171,0.7372336305918931,0.6515517564598249,0.0,0.0,1.1986117267495475,-1.212740924079984,0.1231776752480521,0,1
20106,-0.04347709613472944,-1.3564221143806794,-1.4208171969200585,0.0,0.0,1.1986117267495475,0.8245784240839611,-0.0082814438421728,2,0
20107,-0.05811468174328171,0.7372336305918931,-0.38463272023011674,0.0,0.0,-0.834298528608466,-1.212740924079984,0.0209316937334327,1,2
20108,-0.05811468174328171,0.7372336305918931,-0.38463272023011674,0.0,0.0,1.1986117267495475,0.8245784240839611,0.1085711064602493,0,1
20110,-0.05811468174328171,-1.3564221143806794,1.6877362331497665,0.0,0.0,-0.834298528608466,0.8245784240839611,0.0793579688846438,0,1
29001,-0.05811468174328171,0.7372336305918931,-1.4208171969200585,0.0,0.0,1.1986117267495475,0.8245784240839611,0.064751400096841,1,2
29002,-0.05811468174328171,-1.3564221143806794,0.6515517564598249,0.0,0.0,1.1986117267495475,0.8245784240839611,0.0939645376724466,0,1
29003,-0.05811468174328171,-1.3564221143806794,0.6515517564598249,0.0,0.0,1.1986117267495475,-1.212740924079984,0.064751400096841,1,2
29004,-0.05811468174328171,0.7372336305918931,-0.38463272023011674,0.0,0.0,-0.834298528608466,0.8245784240839611,0.0501448313090382,1,2
29005,-0.05811468174328171,0.7372336305918931,-1.4208171969200585,0.0,0.0,1.1986117267495475,-1.212740924079984,0.0355382625212355,1,2
29006,-0.05811468174328171,0.7372336305918931,1.6877362331497665,0.0,0.0,-0.834298528608466,0.8245784240839611,0.1377842440358549,0,1
29007,-0.05811468174328171,0.7372336305918931,-0.38463272023011674,0.0,0.0,-0.834298528608466,0.8245784240839611,0.0501448313090382,1,2
29008,-0.05811468174328171,0.7372336305918931,0.6515517564598249,0.0,0.0,1.1986117267495475,-1.212740924079984,0.1231776752480521,0,1
29009,-0.05811468174328171,0.7372336305918931,-0.38463272023011674,0.0,0.0,-0.834298528608466,0.8245784240839611,0.0501448313090382,1,2
29010,-0.05811468174328171,-1.3564221143806794,-0.38463272023011674,0.0,0.0,1.1986117267495475,0.8245784240839611,0.0501448313090382,1,2
29013,-0.05811468174328171,0.7372336305918931,-0.38463272023011674,0.0,0.0,-0.834298528608466,0.8245784240839611,0.0501448313090382,1,2
29014,-0.05811468174328171,-1.3564221143806794,-1.4208171969200585,0.0,0.0,-0.834298528608466,0.8245784240839611,-0.0521011502055811,2,0
29017,-0.05811468174328171,0.7372336305918931,-1.4208171969200585,0.0,0.0,1.1986117267495475,-1.212740924079984,0.0355382625212355,1,2
29018,-0.05811468174328171,-1.3564221143806794,0.6515517564598249,0.0,0.0,-0.834298528608466,0.8245784240839611,0.0355382625212355,1,2
29019,-0.05811468174328171,-1.3564221143806794,-0.38463272023011674,0.0,0.0,-0.834298528608466,0.8245784240839611,-0.0082814438421728,2,0
29020,-0.05811468174328171,0.7372336305918931,-1.4208171969200585,0.0,0.0,-0.834298528608466,0.8245784240839611,0.0063251249456299,2,0
29021,-0.05811468174328171,0.7372336305918931,-0.38463272023011674,0.0,0.0,-0.834298528608466,-1.212740924079984,0.0209316937334327,1,2
29022,-0.05811468174328171,0.7372336305918931,0.6515517564598249,0.0,0.0,1.1986117267495475,0.8245784240839611,0.1523908128236577,0,1
29023,-0.05811468174328171,0.7372336305918931,-1.4208171969200585,0.0,0.0,-0.834298528608466,-1.212740924079984,-0.0228880126299756,2,0
29024,-0.05811468174328171,-1.3564221143806794,0.6515517564598249,0.0,0.0,1.1986117267495475,-1.212740924079984,0.064751400096841,1,2
29025,-0.05811468174328171,-1.3564221143806794,-1.4208171969200585,0.0,0.0,1.1986117267495475,0.8245784240839611,0.0063251249456299,2,0
29026,-0.05811468174328171,-1.3564221143806794,-1.4208171969200585,0.0,0.0,-0.834298528608466,0.8245784240839611,-0.0521011502055811,2,0
29028,-0.05811468174328171,0.7372336305918931,-1.4208171969200585,0.0,0.0,1.1986117267495475,0.8245784240839611,0.064751400096841,1,2
29029,-0.05811468174328171,0.7372336305918931,0.6515517564598249,0.0,0.0,1.1986117267495475,0.8245784240839611,0.1523908128236577,0,1
29031,-0.05811468174328171,0.7372336305918931,-1.4208171969200585,0.0,0.0,-0.834298528608466,0.8245784240839611,0.0063251249456299,2,0
29032,-0.05811468174328171,-1.3564221143806794,-1.4208171969200585,0.0,0.0,-0.834298528608466,-1.212740924079984,-0.0813142877811867,2,0
29033,-0.028839510526177174,0.7372336305918931,-0.38463272023011674,0.0,0.0,-0.834298528608466,0.8245784240839611,0.0209316937334327,1,2
29034,-0.05811468174328171,0.7372336305918931,0.6515517564598249,0.0,0.0,1.1986117267495475,-1.212740924079984,0.1231776752480521,0,1
29035,-0.05811468174328171,0.7372336305918931,-0.38463272023011674,0.0,0.0,1.1986117267495475,0.8245784240839611,0.1085711064602493,0,1
29036,-0.05811468174328171,0.7372336305918931,-0.38463272023011674,0.0,0.0,-0.834298528608466,-1.212740924079984,0.0209316937334327,1,2
29037,-0.05811468174328171,0.7372336305918931,-1.4208171969200585,0.0,0.0,1.1986117267495475,-1.212740924079984,0.0355382625212355,1,2
29038,-0.05811468174328171,-1.3564221143806794,-0.38463272023011674,0.0,0.0,1.1986117267495475,0.8245784240839611,0.0501448313090382,1,2
29039,-0.05811468174328171,0.7372336305918931,0.6515517564598249,0.0,0.0,1.1986117267495475,-1.212740924079984,0.1231776752480521,0,1
29041,-0.05811468174328171,0.7372336305918931,0.6515517564598249,0.0,0.0,1.1986117267495475,-1.212740924079984,0.1231776752480521,0,1
29042,-0.05811468174328171,-1.3564221143806794,-0.38463272023011674,0.0,0.0,-0.834298528608466,0.8245784240839611,-0.0082814438421728,2,0
29044,-0.05811468174328171,-1.3564221143806794,-0.38463272023011674,0.0,0.0,1.1986117267495475,-1.212740924079984,0.0209316937334327,1,2
29045,-0.05811468174328171,-1.3564221143806794,-1.4208171969200585,0.0,0.0,1.1986117267495475,-1.212740924079984,-0.0228880126299756,2,0
29046,-0.05811468174328171,-1.3564221143806794,-0.38463272023011674,0.0,0.0,1.1986117267495475,-1.212740924079984,0.0209316937334327,1,2
29047,-0.05811468174328171,0.7372336305918931,-1.4208171969200585,0.0,0.0,-0.834298528608466,0.8245784240839611,0.0063251249456299,2,0
29048,-0.05811468174328171,0.7372336305918931,0.6515517564598249,0.0,0.0,-0.834298528608466,0.8245784240839611,0.0939645376724466,0,1
29050,-0.05811468174328171,0.7372336305918931,1.6877362331497665,0.0,0.0,-0.834298528608466,0.8245784240839611,0.1377842440358549,0,1
29051,-0.05811468174328171,-1.3564221143806794,1.6877362331497665,0.0,0.0,-0.834298528608466,0.8245784240839611,0.0793579688846438,0,1
29052,-0.05811468174328171,0.7372336305918931,1.6877362331497665,0.0,0.0,1.1986117267495475,-1.212740924079984,0.1669973816114605,0,1
29053,-0.05811468174328171,0.7372336305918931,0.6515517564598249,0.0,0.0,-0.834298528608466,0.8245784240839611,0.0939645376724466,0,1
29054,-0.05811468174328171,-1.3564221143806794,0.6515517564598249,0.0,0.0,1.1986117267495475,-1.212740924079984,0.064751400096841,1,2
29055,-0.05811468174328171,0.7372336305918931,-0.38463272023011674,0.0,0.0,1.1986117267495475,0.8245784240839611,0.1085711064602493,0,1
29056,-0.05811468174328171,0.7372336305918931,0.6515517564598249,0.0,0.0,1.1986117267495475,0.8245784240839611,0.1523908128236577,0,1
29057,-0.05811468174328171,0.7372336305918931,-0.38463272023011674,0.0,0.0,-0.834298528608466,0.8245784240839611,0.0501448313090382,1,2
29058,-0.05811468174328171,0.7372336305918931,-0.38463272023011674,0.0,0.0,1.1986117267495475,-1.212740924079984,0.0793579688846438,0,1
29060,-0.05811468174328171,-1.3564221143806794,0.6515517564598249,0.0,0.0,1.1986117267495475,-1.212740924079984,0.064751400096841,1,2
29061,1.4056438791119452,0.7372336305918931,-0.38463272023011674,0.0,0.0,1.1986117267495475,0.8245784240839611,-1.352085772320028,2,0
29062,-0.05811468174328171,0.7372336305918931,-0.38463272023011674,0.0,0.0,-0.834298528608466,-1.212740924079984,0.0209316937334327,1,2
29063,-0.05811468174328171,0.7372336305918931,1.6877362331497665,0.0,0.0,-0.834298528608466,0.8245784240839611,0.1377842440358549,0,1
29064,-0.05811468174328171,0.7372336305918931,-1.4208171969200585,0.0,0.0,-0.834298528608466,0.8245784240839611,0.0063251249456299,2,0
29065,-0.05811468174328171,0.7372336305918931,-0.38463272023011674,0.0,0.0,-0.834298528608466,0.8245784240839611,0.0501448313090382,1,2
29066,-0.05811468174328171,-1.3564221143806794,1.6877362331497665,0.0,0.0,-0.834298528608466,-1.212740924079984,0.0501448313090382,1,2
29068,-0.05811468174328171,-1.3564221143806794,0.6515517564598249,0.0,0.0,-0.834298528608466,0.8245784240839611,0.0355382625212355,1,2
29070,-0.05811468174328171,0.7372336305918931,-0.38463272023011674,0.0,0.0,1.1986117267495475,0.8245784240839611,0.1085711064602493,0,1
29071,-0.05811468174328171,-1.3564221143806794,-0.38463272023011674,0.0,0.0,-0.834298528608466,0.8245784240839611,-0.0082814438421728,2,0
29072,-0.05811468174328171,0.7372336305918931,-0.38463272023011674,0.0,0.0,-0.834298528608466,-1.212740924079984,0.0209316937334327,1,2
29073,-0.05811468174328171,0.7372336305918931,1.6877362331497665,0.0,0.0,1.1986117267495475,-1.212740924079984,0.1669973816114605,0,1
29074,-0.05811468174328171,0.7372336305918931,0.6515517564598249,0.0,0.0,-0.834298528608466,-1.212740924079984,0.064751400096841,1,2
29076,-0.05811468174328171,0.7372336305918931,-0.38463272023011674,0.0,0.0,1.1986117267495475,-1.212740924079984,0.0793579688846438,0,1
29077,-0.05811468174328171,0.7372336305918931,-1.4208171969200585,0.0,0.0,-0.834298528608466,0.8245784240839611,0.0063251249456299,2,0
29078,-0.05811468174328171,0.7372336305918931,-1.4208171969200585,0.0,0.0,-0.834298528608466,0.8245784240839611,0.0063251249456299,2,0
29079,-0.05811468174328171,0.7372336305918931,1.6877362331497665,0.0,0.0,-0.834298528608466,-1.212740924079984,0.1085711064602493,0,1
29080,-0.05811468174328171,0.7372336305918931,-0.38463272023011674,0.0,0.0,1.1986117267495475,0.8245784240839611,0.1085711064602493,0,1
29082,-0.05811468174328171,0.7372336305918931,0.6515517564598249,0.0,0.0,-0.834298528608466,-1.212740924079984,0.064751400096841,1,2
29083,-0.05811468174328171,0.7372336305918931,-1.4208171969200585,0.0,0.0,1.1986117267495475,-1.212740924079984,0.0355382625212355,1,2
29084,-0.05811468174328171,0.7372336305918931,0.6515517564598249,0.0,0.0,-0.834298528608466,-1.212740924079984,0.064751400096841,1,2
29085,-0.05811468174328171,-1.3564221143806794,1.6877362331497665,0.0,0.0,-0.834298528608466,-1.212740924079984,0.0501448313090382,1,2
29086,-0.05811468174328171,-1.3564221143806794,0.6515517564598249,0.0,0.0,1.1986117267495475,0.8245784240839611,0.0939645376724466,0,1
29087,-0.05811468174328171,-1.3564221143806794,-1.4208171969200585,0.0,0.0,-0.834298528608466,-1.212740924079984,-0.0813142877811867,2,0
29089,-0.05811468174328171,-1.3564221143806794,0.6515517564598249,0.0,0.0,1.1986117267495475,0.8245784240839611,0.0939645376724466,0,1
29090,-0.05811468174328171,-1.3564221143806794,0.6515517564598249,0.0,0.0,-0.834298528608466,0.8245784240839611,0.0355382625212355,1,2
29091,-0.05811468174328171,0.7372336305918931,-0.38463272023011674,0.0,0.0,-0.834298528608466,0.8245784240839611,0.0501448313090382,1,2
29092,-0.05811468174328171,-1.3564221143806794,1.6877362331497665,0.0,0.0,1.1986117267495475,-1.212740924079984,0.1085711064602493,0,1
29094,-0.05811468174328171,-1.3564221143806794,0.6515517564598249,0.0,0.0,1.1986117267495475,-1.212740924079984,0.064751400096841,1,2
29095,-0.05811468174328171,0.7372336305918931,1.6877362331497665,0.0,0.0,-0.834298528608466,-1.212740924079984,0.1085711064602493,0,1
29096,-0.05811468174328171,-1.3564221143806794,0.6515517564598249,0.0,0.0,1.1986117267495475,0.8245784240839611,0.0939645376724466,0,1
29097,-0.05811468174328171,0.7372336305918931,-1.4208171969200585,0.0,0.0,-0.834298528608466,-1.212740924079984,-0.0228880126299756,2,0
29099,-0.05811468174328171,-1.3564221143806794,-0.38463272023011674,0.0,0.0,1.1986117267495475,0.8245784240839611,0.0501448313090382,1,2
29100,-0.05811468174328171,-1.3564221143806794,-0.38463272023011674,0.0,0.0,1.1986117267495475,0.8245784240839611,0.0501448313090382,1,2
29101,-0.05811468174328171,0.7372336305918931,1.6877362331497665,0.0,0.0,-0.834298528608466,0.8245784240839611,0.1377842440358549,0,1
29102,-0.05811468174328171,0.7372336305918931,0.6515517564598249,0.0,0.0,-0.834298528608466,0.8245784240839611,0.0939645376724466,0,1
29103,-0.05811468174328171,0.7372336305918931,0.6515517564598249,0.0,0.0,-0.834298528608466,-1.212740924079984,0.064751400096841,1,2
29104,-0.05811468174328171,0.7372336305918931,-0.38463272023011674,0.0,0.0,-0.834298528608466,0.8245784240839611,0.0501448313090382,1,2
29105,-0.05811468174328171,0.7372336305918931,-1.4208171969200585,0.0,0.0,-0.834298528608466,0.8245784240839611,0.0063251249456299,2,0
29107,-0.05811468174328171,-1.3564221143806794,0.6515517564598249,0.0,0.0,1.1986117267495475,0.8245784240839611,0.0939645376724466,0,1
29108,-0.05811468174328171,-1.3564221143806794,-0.38463272023011674,0.0,0.0,1.1986117267495475,0.8245784240839611,0.0501448313090382,1,2
29109,-0.05811468174328171,0.7372336305918931,-0.38463272023011674,0.0,0.0,-0.834298528608466,0.8245784240839611,0.0501448313090382,1,2
29110,-0.05811468174328171,0.7372336305918931,0.6515517564598249,0.0,0.0,-0.834298528608466,-1.212740924079984,0.064751400096841,1,2
29111,-0.05811468174328171,0.7372336305918931,-1.4208171969200585,0.0,0.0,-0.834298528608466,-1.212740924079984,-0.0228880126299756,2,0
29112,-0.05811468174328171,0.7372336305918931,-0.38463272023011674,0.0,0.0,1.1986117267495475,-1.212740924079984,0.0793579688846438,0,1
29113,-0.05811468174328171,0.7372336305918931,-0.38463272023011674,0.0,0.0,-0.834298528608466,-1.212740924079984,0.0209316937334327,1,2
29115,-0.05811468174328171,0.7372336305918931,-1.4208171969200585,0.0,0.0,-0.834298528608466,-1.212740924079984,-0.0228880126299756,2,0
29116,-0.05811468174328171,-1.3564221143806794,1.6877362331497665,0.0,0.0,-0.834298528608466,0.8245784240839611,0.0793579688846438,0,1
29118,-0.05811468174328171,0.7372336305918931,-0.38463272023011674,0.0,0.0,-0.834298528608466,0.8245784240839611,0.0501448313090382,1,2
29119,-0.05811468174328171,0.7372336305918931,-1.4208171969200585,0.0,0.0,-0.834298528608466,0.8245784240839611,0.0063251249456299,2,0
29120,-0.04347709613472944,0.7372336305918931,-0.38463272023011674,0.0,0.0,-0.834298528608466,0.8245784240839611,0.0355382625212355,1,2
29121,-0.05811468174328171,0.7372336305918931,0.6515517564598249,0.0,0.0,-0.834298528608466,0.8245784240839611,0.0939645376724466,0,1
29122,-0.05811468174328171,0.7372336305918931,-0.38463272023011674,0.0,0.0,-0.834298528608466,-1.212740924079984,0.0209316937334327,1,2
29123,-0.05811468174328171,-1.3564221143806794,0.6515517564598249,0.0,0.0,-0.834298528608466,-1.212740924079984,0.0063251249456299,2,0
29124,-0.05811468174328171,0.7372336305918931,-1.4208171969200585,0.0,0.0,-0.834298528608466,0.8245784240839611,0.0063251249456299,2,0
29126,-0.05811468174328171,0.7372336305918931,-1.4208171969200585,0.0,0.0,-0.834298528608466,-1.212740924079984,-0.0228880126299756,2,0
29127,-0.05811468174328171,0.7372336305918931,-0.38463272023011674,0.0,0.0,1.1986117267495475,-1.212740924079984,0.0793579688846438,0,1
29128,-0.05811468174328171,-1.3564221143806794,0.6515517564598249,0.0,0.0,1.1986117267495475,-1.212740924079984,0.064751400096841,1,2
29130,-0.05811468174328171,0.7372336305918931,1.6877362331497665,0.0,0.0,-0.834298528608466,-1.212740924079984,0.1085711064602493,0,1
29131,-0.05811468174328171,0.7372336305918931,-1.4208171969200585,0.0,0.0,-0.834298528608466,0.8245784240839611,0.0063251249456299,2,0
29132,-0.05811468174328171,-1.3564221143806794,-0.38463272023011674,0.0,0.0,1.1986117267495475,0.8245784240839611,0.0501448313090382,1,2
29133,-0.05811468174328171,0.7372336305918931,1.6877362331497665,0.0,0.0,-0.834298528608466,0.8245784240839611,0.1377842440358549,0,1
29134,-0.05811468174328171,-1.3564221143806794,-0.38463272023011674,0.0,0.0,-0.834298528608466,0.8245784240839611,-0.0082814438421728,2,0
29135,-0.05811468174328171,-1.3564221143806794,0.6515517564598249,0.0,0.0,-0.834298528608466,-1.212740924079984,0.0063251249456299,2,0
29136,-0.05811468174328171,0.7372336305918931,-1.4208171969200585,0.0,0.0,1.1986117267495475,-1.212740924079984,0.0355382625212355,1,2
29138,-0.05811468174328171,0.7372336305918931,1.6877362331497665,0.0,0.0,1.1986117267495475,-1.212740924079984,0.1669973816114605,0,1
29139,-0.05811468174328171,0.7372336305918931,0.6515517564598249,0.0,0.0,-0.834298528608466,-1.212740924079984,0.064751400096841,1,2
29140,-0.05811468174328171,0.7372336305918931,1.6877362331497665,0.0,0.0,-0.834298528608466,0.8245784240839611,0.1377842440358549,0,1
29142,-0.05811468174328171,0.7372336305918931,0.6515517564598249,0.0,0.0,1.1986117267495475,0.8245784240839611,0.1523908128236577,0,1
29143,-0.05811468174328171,-1.3564221143806794,-0.38463272023011674,0.0,0.0,1.1986117267495475,0.8245784240839611,0.0501448313090382,1,2
29144,-0.05811468174328171,-1.3564221143806794,1.6877362331497665,0.0,0.0,1.1986117267495475,-1.212740924079984,0.1085711064602493,0,1
29147,-0.05811468174328171,0.7372336305918931,-0.38463272023011674,0.0,0.0,-0.834298528608466,0.8245784240839611,0.0501448313090382,1,2
29148,-0.05811468174328171,0.7372336305918931,-0.38463272023011674,0.0,0.0,-0.834298528608466,0.8245784240839611,0.0501448313090382,1,2
29149,-0.05811468174328171,0.7372336305918931,0.6515517564598249,0.0,0.0,1.1986117267495475,0.8245784240839611,0.1523908128236577,0,1
29150,-0.05811468174328171,0.7372336305918931,0.6515517564598249,0.0,0.0,-0.834298528608466,0.8245784240839611,0.0939645376724466,0,1
29151,-0.05811468174328171,-1.3564221143806794,1.6877362331497665,0.0,0.0,-0.834298528608466,0.8245784240839611,0.0793579688846438,0,1
29152,-0.05811468174328171,0.7372336305918931,-0.38463272023011674,0.0,0.0,-0.834298528608466,0.8245784240839611,0.0501448313090382,1,2
29153,-0.05811468174328171,-1.3564221143806794,0.6515517564598249,0.0,0.0,1.1986117267495475,0.8245784240839611,0.0939645376724466,0,1
29154,-0.05811468174328171,0.7372336305918931,0.6515517564598249,0.0,0.0,1.1986117267495475,-1.212740924079984,0.1231776752480521,0,1
29155,-0.05811468174328171,0.7372336305918931,-1.4208171969200585,0.0,0.0,-0.834298528608466,0.8245784240839611,0.0063251249456299,2,0
29156,-0.05811468174328171,0.7372336305918931,-0.38463272023011674,0.0,0.0,1.1986117267495475,-1.212740924079984,0.0793579688846438,0,1
29158,-0.05811468174328171,0.7372336305918931,-0.38463272023011674,0.0,0.0,-0.834298528608466,-1.212740924079984,0.0209316937334327,1,2
29160,-0.05811468174328171,-1.3564221143806794,-0.38463272023011674,0.0,0.0,1.1986117267495475,0.8245784240839611,0.0501448313090382,1,2
29161,-0.05811468174328171,-1.3564221143806794,1.6877362331497665,0.0,0.0,-0.834298528608466,0.8245784240839611,0.0793579688846438,0,1
29162,-0.05811468174328171,0.7372336305918931,0.6515517564598249,0.0,0.0,-0.834298528608466,-1.212740924079984,0.064751400096841,1,2
29163,-0.05811468174328171,0.7372336305918931,0.6515517564598249,0.0,0.0,-0.834298528608466,0.8245784240839611,0.0939645376724466,0,1
29164,-0.04347709613472944,-1.3564221143806794,1.6877362331497665,0.0,0.0,-0.834298528608466,-1.212740924079984,0.0355382625212355,1,2
29165,-0.04347709613472944,-1.3564221143806794,-0.38463272023011674,0.0,0.0,-0.834298528608466,0.8245784240839611,-0.0228880126299756,2,0
29166,-0.05811468174328171,0.7372336305918931,0.6515517564598249,0.0,0.0,-0.834298528608466,0.8245784240839611,0.0939645376724466,0,1
29167,-0.05811468174328171,-1.3564221143806794,-0.38463272023011674,0.0,0.0,1.1986117267495475,0.8245784240839611,0.0501448313090382,1,2
29168,-0.05811468174328171,0.7372336305918931,1.6877362331497665,0.0,0.0,-0.834298528608466,0.8245784240839611,0.1377842440358549,0,1
29169,-0.05811468174328171,0.7372336305918931,-1.4208171969200585,0.0,0.0,-0.834298528608466,-1.212740924079984,-0.0228880126299756,2,0
29170,-0.05811468174328171,-1.3564221143806794,1.6877362331497665,0.0,0.0,-0.834298528608466,0.8245784240839611,0.0793579688846438,0,1
29171,-0.05811468174328171,-1.3564221143806794,-0.38463272023011674,0.0,0.0,-0.834298528608466,-1.212740924079984,-0.0374945814177783,2,0
29172,-0.05811468174328171,0.7372336305918931,-0.38463272023011674,0.0,0.0,-0.834298528608466,0.8245784240839611,0.0501448313090382,1,2
29173,-0.05811468174328171,0.7372336305918931,0.6515517564598249,0.0,0.0,1.1986117267495475,0.8245784240839611,0.1523908128236577,0,1
29174,-0.05811468174328171,0.7372336305918931,-0.38463272023011674,0.0,0.0,-0.834298528608466,0.8245784240839611,0.0501448313090382,1,2
29175,-0.05811468174328171,0.7372336305918931,0.6515517564598249,0.0,0.0,1.1986117267495475,-1.212740924079984,0.1231776752480521,0,1
29176,-0.05811468174328171,0.7372336305918931,-0.38463272023011674,0.0,0.0,1.1986117267495475,-1.212740924079984,0.0793579688846438,0,1
29178,-0.05811468174328171,0.7372336305918931,0.6515517564598249,0.0,0.0,-0.834298528608466,-1.212740924079984,0.064751400096841,1,2
29179,-0.05811468174328171,0.7372336305918931,-0.38463272023011674,0.0,0.0,-0.834298528608466,0.8245784240839611,0.0501448313090382,1,2
29181,-0.05811468174328171,0.7372336305918931,-1.4208171969200585,0.0,0.0,1.1986117267495475,0.8245784240839611,0.064751400096841,1,2
29182,-0.05811468174328171,-1.3564221143806794,-0.38463272023011674,0.0,0.0,-0.834298528608466,-1.212740924079984,-0.0374945814177783,2,0
29183,-0.05811468174328171,0.7372336305918931,-0.38463272023011674,0.0,0.0,-0.834298528608466,0.8245784240839611,0.0501448313090382,1,2
29185,-0.05811468174328171,0.7372336305918931,-1.4208171969200585,0.0,0.0,1.1986117267495475,0.8245784240839611,0.064751400096841,1,2
29186,-0.05811468174328171,0.7372336305918931,-0.38463272023011674,0.0,0.0,-0.834298528608466,-1.212740924079984,0.0209316937334327,1,2
29187,-0.05811468174328171,0.7372336305918931,-0.38463272023011674,0.0,0.0,-0.834298528608466,0.8245784240839611,0.0501448313090382,1,2
29188,-0.05811468174328171,-1.3564221143806794,-1.4208171969200585,0.0,0.0,1.1986117267495475,0.8245784240839611,0.0063251249456299,2,0
29189,-0.05811468174328171,0.7372336305918931,0.6515517564598249,0.0,0.0,-0.834298528608466,0.8245784240839611,0.0939645376724466,0,1
29191,-0.05811468174328171,-1.3564221143806794,1.6877362331497665,0.0,0.0,-0.834298528608466,-1.212740924079984,0.0501448313090382,1,2
29192,-0.05811468174328171,0.7372336305918931,-1.4208171969200585,0.0,0.0,1.1986117267495475,-1.212740924079984,0.0355382625212355,1,2
29193,-0.05811468174328171,-1.3564221143806794,0.6515517564598249,0.0,0.0,1.1986117267495475,-1.212740924079984,0.064751400096841,1,2
29194,-0.05811468174328171,-1.3564221143806794,0.6515517564598249,0.0,0.0,-0.834298528608466,-1.212740924079984,0.0063251249456299,2,0
29195,-0.05811468174328171,-1.3564221143806794,-0.38463272023011674,0.0,0.0,-0.834298528608466,-1.212740924079984,-0.0374945814177783,2,0
29196,-0.05811468174328171,0.7372336305918931,0.6515517564598249,0.0,0.0,1.1986117267495475,0.8245784240839611,0.1523908128236577,0,1
29198,-0.05811468174328171,0.7372336305918931,-0.38463272023011674,0.0,0.0,1.1986117267495475,0.8245784240839611,0.1085711064602493,0,1
29199,-0.05811468174328171,0.7372336305918931,-0.38463272023011674,0.0,0.0,-0.834298528608466,0.8245784240839611,0.0501448313090382,1,2
29200,-0.05811468174328171,0.7372336305918931,-1.4208171969200585,0.0,0.0,-0.834298528608466,-1.212740924079984,-0.0228880126299756,2,0
29202,-0.05811468174328171,0.7372336305918931,0.6515517564598249,0.0,0.0,-0.834298528608466,0.8245784240839611,0.0939645376724466,0,1
29203,-0.05811468174328171,-1.3564221143806794,0.6515517564598249,0.0,0.0,1.1986117267495475,0.8245784240839611,0.0939645376724466,0,1
29204,-0.05811468174328171,0.7372336305918931,-1.4208171969200585,0.0,0.0,1.1986117267495475,0.8245784240839611,0.064751400096841,1,2
29206,-0.05811468174328171,-1.3564221143806794,-0.38463272023011674,0.0,0.0,1.1986117267495475,0.8245784240839611,0.0501448313090382,1,2
29208,-0.05811468174328171,0.7372336305918931,1.6877362331497665,0.0,0.0,1.1986117267495475,0.8245784240839611,0.196210519187066,0,1
29209,-0.05811468174328171,-1.3564221143806794,-0.38463272023011674,0.0,0.0,-0.834298528608466,0.8245784240839611,-0.0082814438421728,2,0
29210,-0.05811468174328171,0.7372336305918931,-0.38463272023011674,0.0,0.0,-0.834298528608466,-1.212740924079984,0.0209316937334327,1,2
29211,-0.05811468174328171,-1.3564221143806794,1.6877362331497665,0.0,0.0,1.1986117267495475,0.8245784240839611,0.1377842440358549,0,1
29212,-0.05811468174328171,0.7372336305918931,0.6515517564598249,0.0,0.0,1.1986117267495475,-1.212740924079984,0.1231776752480521,0,1
29213,-0.05811468174328171,0.7372336305918931,0.6515517564598249,0.0,0.0,-0.834298528608466,-1.212740924079984,0.064751400096841,1,2
29214,-0.05811468174328171,0.7372336305918931,0.6515517564598249,0.0,0.0,-0.834298528608466,-1.212740924079984,0.064751400096841,1,2
29215,-0.05811468174328171,-1.3564221143806794,1.6877362331497665,0.0,0.0,1.1986117267495475,-1.212740924079984,0.1085711064602493,0,1
29216,-0.05811468174328171,0.7372336305918931,-0.38463272023011674,0.0,0.0,-0.834298528608466,-1.212740924079984,0.0209316937334327,1,2
29217,-0.05811468174328171,0.7372336305918931,-0.38463272023011674,0.0,0.0,-0.834298528608466,-1.212740924079984,0.0209316937334327,1,2
29218,-0.05811468174328171,0.7372336305918931,-0.38463272023011674,0.0,0.0,1.1986117267495475,-1.212740924079984,0.0793579688846438,0,1
29219,-0.05811468174328171,0.7372336305918931,1.6877362331497665,0.0,0.0,1.1986117267495475,0.8245784240839611,0.196210519187066,0,1
29220,-0.05811468174328171,0.7372336305918931,0.6515517564598249,0.0,0.0,-0.834298528608466,-1.212740924079984,0.064751400096841,1,2
29221,-0.05811468174328171,0.7372336305918931,-1.4208171969200585,0.0,0.0,1.1986117267495475,0.8245784240839611,0.064751400096841,1,2
29223,-0.05811468174328171,0.7372336305918931,1.6877362331497665,0.0,0.0,-0.834298528608466,-1.212740924079984,0.1085711064602493,0,1
29224,-0.05811468174328171,0.7372336305918931,-0.38463272023011674,0.0,0.0,-0.834298528608466,0.8245784240839611,0.0501448313090382,1,2
29226,-0.05811468174328171,0.7372336305918931,-1.4208171969200585,0.0,0.0,-0.834298528608466,0.8245784240839611,0.0063251249456299,2,0
29227,-0.05811468174328171,-1.3564221143806794,-0.38463272023011674,0.0,0.0,1.1986117267495475,0.8245784240839611,0.0501448313090382,1,2
29228,-0.04347709613472944,-1.3564221143806794,-0.38463272023011674,0.0,0.0,1.1986117267495475,0.8245784240839611,0.0355382625212355,1,2
30021,-0.05811468174328171,0.7372336305918931,1.6877362331497665,0.0,0.0,1.1986117267495475,-1.212740924079984,0.1669973816114605,0,1
30022,-0.05811468174328171,0.7372336305918931,-0.38463272023011674,0.0,0.0,1.1986117267495475,0.8245784240839611,0.1085711064602493,0,1
30023,-0.05811468174328171,0.7372336305918931,0.6515517564598249,0.0,0.0,-0.834298528608466,0.8245784240839611,0.0939645376724466,0,1
30024,-0.05811468174328171,0.7372336305918931,0.6515517564598249,0.0,0.0,-0.834298528608466,0.8245784240839611,0.0939645376724466,0,1
30025,-0.028839510526177174,-1.3564221143806794,-1.4208171969200585,0.0,0.0,-0.834298528608466,0.8245784240839611,-0.0813142877811867,2,0
30026,-0.05811468174328171,-1.3564221143806794,1.6877362331497665,0.0,0.0,-0.834298528608466,-1.212740924079984,0.0501448313090382,1,2
30027,-0.04347709613472944,0.7372336305918931,-0.38463272023011674,0.0,0.0,1.1986117267495475,0.8245784240839611,0.0939645376724466,0,1
30028,-0.04347709613472944,0.7372336305918931,-0.38463272023011674,0.0,0.0,1.1986117267495475,-1.212740924079984,0.064751400096841,1,2
30029,-0.05811468174328171,0.7372336305918931,-0.38463272023011674,0.0,0.0,1.1986117267495475,0.8245784240839611,0.1085711064602493,0,1
30030,-0.05811468174328171,-1.3564221143806794,1.6877362331497665,0.0,0.0,-0.834298528608466,-1.212740924079984,0.0501448313090382,1,2
30041,-0.05811468174328171,0.7372336305918931,-0.38463272023011674,0.0,0.0,-0.834298528608466,0.8245784240839611,0.0501448313090382,1,2
30042,-0.05811468174328171,0.7372336305918931,-1.4208171969200585,0.0,0.0,-0.834298528608466,-1.212740924079984,-0.0228880126299756,2,0
30043,-0.04347709613472944,0.7372336305918931,-1.4208171969200585,0.0,0.0,-0.834298528608466,-1.212740924079984,-0.0374945814177783,2,0
30044,-0.05811468174328171,0.7372336305918931,-0.38463272023011674,0.0,0.0,-0.834298528608466,0.8245784240839611,0.0501448313090382,1,2
30045,0.08826117434224097,-1.3564221143806794,0.6515517564598249,0.0,0.0,-0.834298528608466,0.8245784240839611,-0.1105274253567922,2,0
30046,-0.05811468174328171,0.7372336305918931,-0.38463272023011674,0.0,0.0,-0.834298528608466,0.8245784240839611,0.0501448313090382,1,2
30047,-0.04347709613472944,0.7372336305918931,-0.38463272023011674,0.0,0.0,-0.834298528608466,-1.212740924079984,0.0063251249456299,2,0
30048,-0.05811468174328171,-1.3564221143806794,-1.4208171969200585,0.0,0.0,-0.834298528608466,-1.212740924079984,-0.0813142877811867,2,0
30049,-0.05811468174328171,0.7372336305918931,-0.38463272023011674,0.0,0.0,-0.834298528608466,0.8245784240839611,0.0501448313090382,1,2
30050,-0.05811468174328171,0.7372336305918931,1.6877362331497665,0.0,0.0,-0.834298528608466,0.8245784240839611,0.1377842440358549,0,1
30081,-0.05811468174328171,0.7372336305918931,-0.38463272023011674,0.0,0.0,-0.834298528608466,0.8245784240839611,0.0501448313090382,1,2
30084,-0.028839510526177174,0.7372336305918931,1.6877362331497665,0.0,0.0,-0.834298528608466,0.8245784240839611,0.1085711064602493,0,1
30085,-0.05811468174328171,0.7372336305918931,-0.38463272023011674,0.0,0.0,-0.834298528608466,0.8245784240839611,0.0501448313090382,1,2
30086,-0.05811468174328171,0.7372336305918931,-1.4208171969200585,0.0,0.0,-0.834298528608466,0.8245784240839611,0.0063251249456299,2,0
30087,-0.04347709613472944,0.7372336305918931,1.6877362331497665,0.0,0.0,-0.834298528608466,0.8245784240839611,0.1231776752480521,0,1
30088,-0.05811468174328171,0.7372336305918931,-0.38463272023011674,0.0,0.0,-0.834298528608466,0.8245784240839611,0.0501448313090382,1,2
30089,-0.028839510526177174,-1.3564221143806794,0.6515517564598249,0.0,0.0,1.1986117267495475,0.8245784240839611,0.064751400096841,1,2
30090,-0.05811468174328171,-1.3564221143806794,1.6877362331497665,0.0,0.0,1.1986117267495475,0.8245784240839611,0.1377842440358549,0,1
30091,-0.05811468174328171,0.7372336305918931,-1.4208171969200585,0.0,0.0,1.1986117267495475,0.8245784240839611,0.064751400096841,1,2
30093,-0.05811468174328171,0.7372336305918931,-1.4208171969200585,0.0,0.0,-0.834298528608466,-1.212740924079984,-0.0228880126299756,2,0
30094,-0.04347709613472944,0.7372336305918931,0.6515517564598249,0.0,0.0,-0.834298528608466,-1.212740924079984,0.0501448313090382,1,2
30096,-0.05811468174328171,-1.3564221143806794,-0.38463272023011674,0.0,0.0,1.1986117267495475,-1.212740924079984,0.0209316937334327,1,2
30097,-0.014201924917624904,0.7372336305918931,-1.4208171969200585,0.0,0.0,-0.834298528608466,0.8245784240839611,-0.0374945814177783,2,0
30098,-0.04347709613472944,0.7372336305918931,-1.4208171969200585,0.0,0.0,1.1986117267495475,-1.212740924079984,0.0209316937334327,1,2
30099,-0.05811468174328171,0.7372336305918931,-1.4208171969200585,0.0,0.0,-0.834298528608466,-1.212740924079984,-0.0228880126299756,2,0
30100,-0.05811468174328171,0.7372336305918931,0.6515517564598249,0.0,0.0,-0.834298528608466,0.8245784240839611,0.0939645376724466,0,1
30101,-0.05811468174328171,0.7372336305918931,-1.4208171969200585,0.0,0.0,1.1986117267495475,0.8245784240839611,0.064751400096841,1,2
30102,-0.04347709613472944,0.7372336305918931,-0.38463272023011674,0.0,0.0,-0.834298528608466,0.8245784240839611,0.0355382625212355,1,2
30103,-0.05811468174328171,0.7372336305918931,0.6515517564598249,0.0,0.0,-0.834298528608466,0.8245784240839611,0.0939645376724466,0,1
30104,-0.04347709613472944,-1.3564221143806794,-0.38463272023011674,0.0,0.0,-0.834298528608466,0.8245784240839611,-0.0228880126299756,2,0
30105,-0.05811468174328171,-1.3564221143806794,-1.4208171969200585,0.0,0.0,-0.834298528608466,0.8245784240839611,-0.0521011502055811,2,0
30106,-0.05811468174328171,0.7372336305918931,0.6515517564598249,0.0,0.0,-0.834298528608466,0.8245784240839611,0.0939645376724466,0,1
30107,-0.05811468174328171,0.7372336305918931,-1.4208171969200585,0.0,0.0,-0.834298528608466,0.8245784240839611,0.0063251249456299,2,0
30108,-0.028839510526177174,0.7372336305918931,0.6515517564598249,0.0,0.0,1.1986117267495475,-1.212740924079984,0.0939645376724466,0,1
30109,-0.05811468174328171,0.7372336305918931,1.6877362331497665,0.0,0.0,1.1986117267495475,0.8245784240839611,0.196210519187066,0,1
30110,-0.05811468174328171,0.7372336305918931,-0.38463272023011674,0.0,0.0,-0.834298528608466,-1.212740924079984,0.0209316937334327,1,2
30121,-0.05811468174328171,0.7372336305918931,-0.38463272023011674,0.0,0.0,1.1986117267495475,-1.212740924079984,0.0793579688846438,0,1
30122,-0.05811468174328171,0.7372336305918931,-0.38463272023011674,0.0,0.0,-0.834298528608466,0.8245784240839611,0.0501448313090382,1,2
30123,-0.04347709613472944,0.7372336305918931,-0.38463272023011674,0.0,0.0,-0.834298528608466,-1.212740924079984,0.0063251249456299,2,0
30124,-0.05811468174328171,-1.3564221143806794,1.6877362331497665,0.0,0.0,1.1986117267495475,0.8245784240839611,0.1377842440358549,0,1
30125,-0.05811468174328171,0.7372336305918931,1.6877362331497665,0.0,0.0,1.1986117267495475,0.8245784240839611,0.196210519187066,0,1
30126,-0.04347709613472944,-1.3564221143806794,-0.38463272023011674,0.0,0.0,1.1986117267495475,0.8245784240839611,0.0355382625212355,1,2
30127,-0.04347709613472944,0.7372336305918931,0.6515517564598249,0.0,0.0,-0.834298528608466,0.8245784240839611,0.0793579688846438,0,1
30128,-0.05811468174328171,0.7372336305918931,1.6877362331497665,0.0,0.0,-0.834298528608466,0.8245784240839611,0.1377842440358549,0,1
30129,-0.04347709613472944,-1.3564221143806794,1.6877362331497665,0.0,0.0,1.1986117267495475,-1.212740924079984,0.0939645376724466,0,1
30130,-0.05811468174328171,0.7372336305918931,-0.38463272023011674,0.0,0.0,-0.834298528608466,0.8245784240839611,0.0501448313090382,1,2
30131,-0.05811468174328171,0.7372336305918931,-0.38463272023011674,0.0,0.0,1.1986117267495475,0.8245784240839611,0.1085711064602493,0,1
30132,-0.05811468174328171,0.7372336305918931,-0.38463272023011674,0.0,0.0,-0.834298528608466,0.8245784240839611,0.0501448313090382,1,2
30133,-0.05811468174328171,-1.3564221143806794,1.6877362331497665,0.0,0.0,1.1986117267495475,0.8245784240839611,0.1377842440358549,0,1
30134,-0.04347709613472944,0.7372336305918931,-1.4208171969200585,0.0,0.0,-0.834298528608466,-1.212740924079984,-0.0374945814177783,2,0
30135,-0.05811468174328171,0.7372336305918931,0.6515517564598249,0.0,0.0,-0.834298528608466,-1.212740924079984,0.064751400096841,1,2
30137,-0.05811468174328171,0.7372336305918931,-0.38463272023011674,0.0,0.0,-0.834298528608466,-1.212740924079984,0.0209316937334327,1,2
30138,-0.05811468174328171,0.7372336305918931,-0.38463272023011674,0.0,0.0,1.1986117267495475,-1.212740924079984,0.0793579688846438,0,1
30139,-0.05811468174328171,0.7372336305918931,-0.38463272023011674,0.0,0.0,1.1986117267495475,0.8245784240839611,0.1085711064602493,0,1
30140,-0.05811468174328171,0.7372336305918931,1.6877362331497665,0.0,0.0,-0.834298528608466,0.8245784240839611,0.1377842440358549,0,1
39001,-0.05811468174328171,0.7372336305918931,-1.4208171969200585,0.0,0.0,1.1986117267495475,-1.212740924079984,0.0355382625212355,1,2
39002,-0.05811468174328171,0.7372336305918931,0.6515517564598249,0.0,0.0,-0.834298528608466,0.8245784240839611,0.0939645376724466,0,1
39003,-0.05811468174328171,0.7372336305918931,-1.4208171969200585,0.0,0.0,-0.834298528608466,0.8245784240839611,0.0063251249456299,2,0
39004,-0.05811468174328171,-1.3564221143806794,-1.4208171969200585,0.0,0.0,-0.834298528608466,-1.212740924079984,-0.0813142877811867,2,0
39005,-0.05811468174328171,-1.3564221143806794,-0.38463272023011674,0.0,0.0,-0.834298528608466,-1.212740924079984,-0.0374945814177783,2,0
39006,-0.05811468174328171,0.7372336305918931,-0.38463272023011674,0.0,0.0,-0.834298528608466,0.8245784240839611,0.0501448313090382,1,2
39007,-0.05811468174328171,0.7372336305918931,-0.38463272023011674,0.0,0.0,-0.834298528608466,0.8245784240839611,0.0501448313090382,1,2
39008,-0.05811468174328171,0.7372336305918931,-0.38463272023011674,0.0,0.0,1.1986117267495475,0.8245784240839611,0.1085711064602493,0,1
39009,-0.05811468174328171,-1.3564221143806794,-1.4208171969200585,0.0,0.0,1.1986117267495475,-1.212740924079984,-0.0228880126299756,2,0
39010,-0.05811468174328171,-1.3564221143806794,-0.38463272023011674,0.0,0.0,1.1986117267495475,0.8245784240839611,0.0501448313090382,1,2
39012,-0.05811468174328171,-1.3564221143806794,1.6877362331497665,0.0,0.0,-0.834298528608466,-1.212740924079984,0.0501448313090382,1,2
39013,-0.05811468174328171,0.7372336305918931,1.6877362331497665,0.0,0.0,1.1986117267495475,-1.212740924079984,0.1669973816114605,0,1
39014,-0.04347709613472944,0.7372336305918931,-0.38463272023011674,0.0,0.0,1.1986117267495475,0.8245784240839611,0.0939645376724466,0,1
39017,-0.05811468174328171,0.7372336305918931,0.6515517564598249,0.0,0.0,-0.834298528608466,-1.212740924079984,0.064751400096841,1,2
39018,-0.05811468174328171,0.7372336305918931,1.6877362331497665,0.0,0.0,1.1986117267495475,-1.212740924079984,0.1669973816114605,0,1
39021,-0.05811468174328171,0.7372336305918931,-1.4208171969200585,0.0,0.0,-0.834298528608466,-1.212740924079984,-0.0228880126299756,2,0
39022,-0.05811468174328171,-1.3564221143806794,0.6515517564598249,0.0,0.0,-0.834298528608466,-1.212740924079984,0.0063251249456299,2,0
39023,-0.05811468174328171,0.7372336305918931,1.6877362331497665,0.0,0.0,-0.834298528608466,0.8245784240839611,0.1377842440358549,0,1
39024,-0.05811468174328171,0.7372336305918931,-1.4208171969200585,0.0,0.0,-0.834298528608466,0.8245784240839611,0.0063251249456299,2,0
39025,-0.05811468174328171,0.7372336305918931,-1.4208171969200585,0.0,0.0,1.1986117267495475,-1.212740924079984,0.0355382625212355,1,2
39026,-0.05811468174328171,0.7372336305918931,1.6877362331497665,0.0,0.0,-0.834298528608466,-1.212740924079984,0.1085711064602493,0,1
39030,-0.05811468174328171,0.7372336305918931,-0.38463272023011674,0.0,0.0,-0.834298528608466,-1.212740924079984,0.0209316937334327,1,2
39031,-0.05811468174328171,0.7372336305918931,-1.4208171969200585,0.0,0.0,1.1986117267495475,0.8245784240839611,0.064751400096841,1,2
39032,-0.04347709613472944,-1.3564221143806794,-0.38463272023011674,0.0,0.0,1.1986117267495475,-1.212740924079984,0.0063251249456299,2,0
39033,-0.05811468174328171,0.7372336305918931,-0.38463272023011674,0.0,0.0,1.1986117267495475,0.8245784240839611,0.1085711064602493,0,1
39036,-0.05811468174328171,0.7372336305918931,0.6515517564598249,0.0,0.0,-0.834298528608466,-1.212740924079984,0.064751400096841,1,2
39037,-0.05811468174328171,-1.3564221143806794,0.6515517564598249,0.0,0.0,-0.834298528608466,-1.212740924079984,0.0063251249456299,2,0
39039,-0.05811468174328171,0.7372336305918931,1.6877362331497665,0.0,0.0,1.1986117267495475,0.8245784240839611,0.196210519187066,0,1
39040,-0.05811468174328171,0.7372336305918931,-0.38463272023011674,0.0,0.0,-0.834298528608466,0.8245784240839611,0.0501448313090382,1,2
39041,-0.05811468174328171,0.7372336305918931,-0.38463272023011674,0.0,0.0,-0.834298528608466,-1.212740924079984,0.0209316937334327,1,2
39042,-0.05811468174328171,-1.3564221143806794,-0.38463272023011674,0.0,0.0,-0.834298528608466,0.8245784240839611,-0.0082814438421728,2,0
39043,-0.05811468174328171,0.7372336305918931,-0.38463272023011674,0.0,0.0,-0.834298528608466,0.8245784240839611,0.0501448313090382,1,2
39044,-0.05811468174328171,-1.3564221143806794,-1.4208171969200585,0.0,0.0,-0.834298528608466,0.8245784240839611,-0.0521011502055811,2,0
39045,-0.05811468174328171,-1.3564221143806794,1.6877362331497665,0.0,0.0,-0.834298528608466,0.8245784240839611,0.0793579688846438,0,1
39048,-0.05811468174328171,-1.3564221143806794,1.6877362331497665,0.0,0.0,-0.834298528608466,0.8245784240839611,0.0793579688846438,0,1
39051,-0.05811468174328171,-1.3564221143806794,-0.38463272023011674,0.0,0.0,-0.834298528608466,0.8245784240839611,-0.0082814438421728,2,0
39052,-0.05811468174328171,-1.3564221143806794,0.6515517564598249,0.0,0.0,-0.834298528608466,-1.212740924079984,0.0063251249456299,2,0
39053,-0.05811468174328171,-1.3564221143806794,-0.38463272023011674,0.0,0.0,-0.834298528608466,0.8245784240839611,-0.0082814438421728,2,0
39056,-0.05811468174328171,0.7372336305918931,-0.38463272023011674,0.0,0.0,1.1986117267495475,0.8245784240839611,0.1085711064602493,0,1
39057,-0.05811468174328171,-1.3564221143806794,0.6515517564598249,0.0,0.0,1.1986117267495475,-1.212740924079984,0.064751400096841,1,2
39058,-0.05811468174328171,-1.3564221143806794,-0.38463272023011674,0.0,0.0,-0.834298528608466,-1.212740924079984,-0.0374945814177783,2,0
39059,-0.05811468174328171,0.7372336305918931,1.6877362331497665,0.0,0.0,-0.834298528608466,-1.212740924079984,0.1085711064602493,0,1
39061,-0.05811468174328171,0.7372336305918931,0.6515517564598249,0.0,0.0,-0.834298528608466,0.8245784240839611,0.0939645376724466,0,1
39062,-0.05811468174328171,0.7372336305918931,-0.38463272023011674,0.0,0.0,-0.834298528608466,0.8245784240839611,0.0501448313090382,1,2
39064,-0.05811468174328171,-1.3564221143806794,0.6515517564598249,0.0,0.0,-0.834298528608466,0.8245784240839611,0.0355382625212355,1,2
39066,-0.05811468174328171,-1.3564221143806794,-1.4208171969200585,0.0,0.0,-0.834298528608466,-1.212740924079984,-0.0813142877811867,2,0
39068,-0.05811468174328171,-1.3564221143806794,-0.38463272023011674,0.0,0.0,1.1986117267495475,0.8245784240839611,0.0501448313090382,1,2
39069,-0.05811468174328171,-1.3564221143806794,-0.38463272023011674,0.0,0.0,1.1986117267495475,0.8245784240839611,0.0501448313090382,1,2
39070,-0.05811468174328171,-1.3564221143806794,-0.38463272023011674,0.0,0.0,-0.834298528608466,-1.212740924079984,-0.0374945814177783,2,0
39071,-0.05811468174328171,-1.3564221143806794,0.6515517564598249,0.0,0.0,-0.834298528608466,0.8245784240839611,0.0355382625212355,1,2
39072,-0.05811468174328171,-1.3564221143806794,-0.38463272023011674,0.0,0.0,1.1986117267495475,0.8245784240839611,0.0501448313090382,1,2
39074,-0.05811468174328171,-1.3564221143806794,0.6515517564598249,0.0,0.0,-0.834298528608466,0.8245784240839611,0.0355382625212355,1,2
39077,-0.05811468174328171,0.7372336305918931,0.6515517564598249,0.0,0.0,1.1986117267495475,0.8245784240839611,0.1523908128236577,0,1
39079,-0.05811468174328171,-1.3564221143806794,-0.38463272023011674,0.0,0.0,-0.834298528608466,0.8245784240839611,-0.0082814438421728,2,0
39080,-0.05811468174328171,0.7372336305918931,0.6515517564598249,0.0,0.0,1.1986117267495475,-1.212740924079984,0.1231776752480521,0,1
39081,-0.05811468174328171,0.7372336305918931,-0.38463272023011674,0.0,0.0,1.1986117267495475,0.8245784240839611,0.1085711064602493,0,1
39082,-0.05811468174328171,0.7372336305918931,-0.38463272023011674,0.0,0.0,1.1986117267495475,-1.212740924079984,0.0793579688846438,0,1
39083,-0.05811468174328171,-1.3564221143806794,-0.38463272023011674,0.0,0.0,-0.834298528608466,-1.212740924079984,-0.0374945814177783,2,0
39084,-0.05811468174328171,0.7372336305918931,-0.38463272023011674,0.0,0.0,-0.834298528608466,-1.212740924079984,0.0209316937334327,1,2
39087,-0.05811468174328171,0.7372336305918931,-1.4208171969200585,0.0,0.0,-0.834298528608466,0.8245784240839611,0.0063251249456299,2,0
39088,-0.05811468174328171,-1.3564221143806794,0.6515517564598249,0.0,0.0,1.1986117267495475,0.8245784240839611,0.0939645376724466,0,1
39089,-0.04347709613472944,0.7372336305918931,-0.38463272023011674,0.0,0.0,-0.834298528608466,-1.212740924079984,0.0063251249456299,2,0
39090,-0.05811468174328171,0.7372336305918931,-0.38463272023011674,0.0,0.0,-0.834298528608466,-1.212740924079984,0.0209316937334327,1,2
39091,-0.05811468174328171,-1.3564221143806794,1.6877362331497665,0.0,0.0,-0.834298528608466,0.8245784240839611,0.0793579688846438,0,1
39092,-0.05811468174328171,-1.3564221143806794,0.6515517564598249,0.0,0.0,-0.834298528608466,0.8245784240839611,0.0355382625212355,1,2
39093,-0.05811468174328171,0.7372336305918931,1.6877362331497665,0.0,0.0,-0.834298528608466,0.8245784240839611,0.1377842440358549,0,1
39094,-0.05811468174328171,0.7372336305918931,-1.4208171969200585,0.0,0.0,-0.834298528608466,0.8245784240839611,0.0063251249456299,2,0
39096,-0.05811468174328171,-1.3564221143806794,0.6515517564598249,0.0,0.0,-0.834298528608466,0.8245784240839611,0.0355382625212355,1,2
39100,-0.05811468174328171,-1.3564221143806794,1.6877362331497665,0.0,0.0,-0.834298528608466,-1.212740924079984,0.0501448313090382,1,2
39101,-0.05811468174328171,0.7372336305918931,0.6515517564598249,0.0,0.0,1.1986117267495475,0.8245784240839611,0.1523908128236577,0,1
39102,-0.05811468174328171,0.7372336305918931,0.6515517564598249,0.0,0.0,1.1986117267495475,-1.212740924079984,0.1231776752480521,0,1
39103,-0.05811468174328171,0.7372336305918931,-0.38463272023011674,0.0,0.0,1.1986117267495475,0.8245784240839611,0.1085711064602493,0,1
39104,-0.05811468174328171,0.7372336305918931,-1.4208171969200585,0.0,0.0,-0.834298528608466,-1.212740924079984,-0.0228880126299756,2,0
39105,-0.05811468174328171,0.7372336305918931,-0.38463272023011674,0.0,0.0,1.1986117267495475,0.8245784240839611,0.1085711064602493,0,1
39106,-0.05811468174328171,0.7372336305918931,-0.38463272023011674,0.0,0.0,-0.834298528608466,0.8245784240839611,0.0501448313090382,1,2
39107,-0.04347709613472944,-1.3564221143806794,1.6877362331497665,0.0,0.0,-0.834298528608466,0.8245784240839611,0.064751400096841,1,2
39108,-0.04347709613472944,-1.3564221143806794,-0.38463272023011674,0.0,0.0,-0.834298528608466,-1.212740924079984,-0.0521011502055811,2,0
39110,-0.05811468174328171,0.7372336305918931,1.6877362331497665,0.0,0.0,-0.834298528608466,0.8245784240839611,0.1377842440358549,0,1
39111,-0.05811468174328171,0.7372336305918931,1.6877362331497665,0.0,0.0,-0.834298528608466,-1.212740924079984,0.1085711064602493,0,1
39112,-0.05811468174328171,0.7372336305918931,-0.38463272023011674,0.0,0.0,1.1986117267495475,-1.212740924079984,0.0793579688846438,0,1
39114,-0.05811468174328171,0.7372336305918931,-0.38463272023011674,0.0,0.0,-0.834298528608466,-1.212740924079984,0.0209316937334327,1,2
39115,-0.05811468174328171,-1.3564221143806794,1.6877362331497665,0.0,0.0,-0.834298528608466,0.8245784240839611,0.0793579688846438,0,1
39116,-0.05811468174328171,0.7372336305918931,1.6877362331497665,0.0,0.0,-0.834298528608466,0.8245784240839611,0.1377842440358549,0,1
39118,-0.05811468174328171,0.7372336305918931,-0.38463272023011674,0.0,0.0,-0.834298528608466,0.8245784240839611,0.0501448313090382,1,2
39119,-0.05811468174328171,-1.3564221143806794,-0.38463272023011674,0.0,0.0,-0.834298528608466,0.8245784240839611,-0.0082814438421728,2,0
39120,-0.04347709613472944,-1.3564221143806794,-0.38463272023011674,0.0,0.0,-0.834298528608466,0.8245784240839611,-0.0228880126299756,2,0
39121,-0.05811468174328171,0.7372336305918931,0.6515517564598249,0.0,0.0,1.1986117267495475,0.8245784240839611,0.1523908128236577,0,1
39123,-0.05811468174328171,-1.3564221143806794,-0.38463272023011674,0.0,0.0,-0.834298528608466,-1.212740924079984,-0.0374945814177783,2,0
39125,-0.05811468174328171,-1.3564221143806794,0.6515517564598249,0.0,0.0,-0.834298528608466,-1.212740924079984,0.0063251249456299,2,0
39126,-0.04347709613472944,-1.3564221143806794,-1.4208171969200585,0.0,0.0,1.1986117267495475,0.8245784240839611,-0.0082814438421728,2,0
39127,-0.05811468174328171,-1.3564221143806794,-1.4208171969200585,0.0,0.0,1.1986117267495475,0.8245784240839611,0.0063251249456299,2,0
39128,-0.05811468174328171,-1.3564221143806794,-0.38463272023011674,0.0,0.0,1.1986117267495475,0.8245784240839611,0.0501448313090382,1,2
39130,-0.05811468174328171,0.7372336305918931,-0.38463272023011674,0.0,0.0,1.1986117267495475,0.8245784240839611,0.1085711064602493,0,1
39132,-0.05811468174328171,0.7372336305918931,-0.38463272023011674,0.0,0.0,-0.834298528608466,-1.212740924079984,0.0209316937334327,1,2
39133,-0.05811468174328171,0.7372336305918931,-0.38463272023011674,0.0,0.0,-0.834298528608466,-1.212740924079984,0.0209316937334327,1,2
39135,-0.05811468174328171,0.7372336305918931,-0.38463272023011674,0.0,0.0,1.1986117267495475,0.8245784240839611,0.1085711064602493,0,1
39136,-0.05811468174328171,0.7372336305918931,-1.4208171969200585,0.0,0.0,1.1986117267495475,-1.212740924079984,0.0355382625212355,1,2
39137,-0.05811468174328171,-1.3564221143806794,-0.38463272023011674,0.0,0.0,-0.834298528608466,-1.212740924079984,-0.0374945814177783,2,0
39138,-0.05811468174328171,0.7372336305918931,1.6877362331497665,0.0,0.0,-0.834298528608466,0.8245784240839611,0.1377842440358549,0,1
39139,-0.05811468174328171,0.7372336305918931,-0.38463272023011674,0.0,0.0,1.1986117267495475,-1.212740924079984,0.0793579688846438,0,1
39140,-0.05811468174328171,0.7372336305918931,-0.38463272023011674,0.0,0.0,-0.834298528608466,0.8245784240839611,0.0501448313090382,1,2
39141,-0.05811468174328171,0.7372336305918931,0.6515517564598249,0.0,0.0,-0.834298528608466,0.8245784240839611,0.0939645376724466,0,1
39142,-0.05811468174328171,-1.3564221143806794,1.6877362331497665,0.0,0.0,-0.834298528608466,0.8245784240839611,0.0793579688846438,0,1
39143,-0.05811468174328171,-1.3564221143806794,-0.38463272023011674,0.0,0.0,1.1986117267495475,-1.212740924079984,0.0209316937334327,1,2
39144,-0.05811468174328171,0.7372336305918931,0.6515517564598249,0.0,0.0,1.1986117267495475,-1.212740924079984,0.1231776752480521,0,1
39146,-0.05811468174328171,0.7372336305918931,0.6515517564598249,0.0,0.0,-0.834298528608466,0.8245784240839611,0.0939645376724466,0,1
39147,-0.05811468174328171,0.7372336305918931,0.6515517564598249,0.0,0.0,-0.834298528608466,-1.212740924079984,0.064751400096841,1,2
39149,-0.05811468174328171,0.7372336305918931,-1.4208171969200585,0.0,0.0,-0.834298528608466,-1.212740924079984,-0.0228880126299756,2,0
39150,-0.04347709613472944,0.7372336305918931,0.6515517564598249,0.0,0.0,-0.834298528608466,-1.212740924079984,0.0501448313090382,1,2
39151,-0.05811468174328171,0.7372336305918931,-1.4208171969200585,0.0,0.0,-0.834298528608466,-1.212740924079984,-0.0228880126299756,2,0
39152,-0.05811468174328171,-1.3564221143806794,0.6515517564598249,0.0,0.0,-0.834298528608466,-1.212740924079984,0.0063251249456299,2,0
39153,-0.04347709613472944,-1.3564221143806794,0.6515517564598249,0.0,0.0,-0.834298528608466,0.8245784240839611,0.0209316937334327,1,2
39154,-0.028839510526177174,-1.3564221143806794,-0.38463272023011674,0.0,0.0,1.1986117267495475,-1.212740924079984,-0.0082814438421728,2,0
39155,-0.05811468174328171,-1.3564221143806794,0.6515517564598249,0.0,0.0,1.1986117267495475,-1.212740924079984,0.064751400096841,1,2
39156,-0.05811468174328171,-1.3564221143806794,-1.4208171969200585,0.0,0.0,-0.834298528608466,0.8245784240839611,-0.0521011502055811,2,0
39157,-0.05811468174328171,-1.3564221143806794,0.6515517564598249,0.0,0.0,-0.834298528608466,0.8245784240839611,0.0355382625212355,1,2
39158,-0.05811468174328171,-1.3564221143806794,-0.38463272023011674,0.0,0.0,1.1986117267495475,-1.212740924079984,0.0209316937334327,1,2
39159,-0.05811468174328171,-1.3564221143806794,-0.38463272023011674,0.0,0.0,-0.834298528608466,-1.212740924079984,-0.0374945814177783,2,0
39160,-0.05811468174328171,0.7372336305918931,-1.4208171969200585,0.0,0.0,1.1986117267495475,0.8245784240839611,0.064751400096841,1,2
39162,-0.05811468174328171,-1.3564221143806794,1.6877362331497665,0.0,0.0,-0.834298528608466,0.8245784240839611,0.0793579688846438,0,1
39165,-0.05811468174328171,0.7372336305918931,-1.4208171969200585,0.0,0.0,1.1986117267495475,0.8245784240839611,0.064751400096841,1,2
39166,-0.05811468174328171,0.7372336305918931,-1.4208171969200585,0.0,0.0,1.1986117267495475,0.8245784240839611,0.064751400096841,1,2
39167,-0.05811468174328171,0.7372336305918931,-0.38463272023011674,0.0,0.0,1.1986117267495475,-1.212740924079984,0.0793579688846438,0,1
39168,-0.05811468174328171,-1.3564221143806794,0.6515517564598249,0.0,0.0,1.1986117267495475,0.8245784240839611,0.0939645376724466,0,1
39169,-0.05811468174328171,0.7372336305918931,-0.38463272023011674,0.0,0.0,1.1986117267495475,-1.212740924079984,0.0793579688846438,0,1
39170,-0.05811468174328171,0.7372336305918931,-1.4208171969200585,0.0,0.0,-0.834298528608466,0.8245784240839611,0.0063251249456299,2,0
39171,-0.05811468174328171,0.7372336305918931,-0.38463272023011674,0.0,0.0,-0.834298528608466,0.8245784240839611,0.0501448313090382,1,2
39174,-0.05811468174328171,0.7372336305918931,-0.38463272023011674,0.0,0.0,-0.834298528608466,0.8245784240839611,0.0501448313090382,1,2
39175,-0.05811468174328171,-1.3564221143806794,-0.38463272023011674,0.0,0.0,1.1986117267495475,-1.212740924079984,0.0209316937334327,1,2
39176,-0.05811468174328171,-1.3564221143806794,-0.38463272023011674,0.0,0.0,1.1986117267495475,-1.212740924079984,0.0209316937334327,1,2
39177,-0.05811468174328171,0.7372336305918931,0.6515517564598249,0.0,0.0,-0.834298528608466,0.8245784240839611,0.0939645376724466,0,1
39186,-0.05811468174328171,0.7372336305918931,-0.38463272023011674,0.0,0.0,-0.834298528608466,0.8245784240839611,0.0501448313090382,1,2
39187,-0.04347709613472944,0.7372336305918931,-0.38463272023011674,0.0,0.0,1.1986117267495475,0.8245784240839611,0.0939645376724466,0,1
39188,-0.05811468174328171,0.7372336305918931,-0.38463272023011674,0.0,0.0,-0.834298528608466,-1.212740924079984,0.0209316937334327,1,2
39190,-0.05811468174328171,-1.3564221143806794,1.6877362331497665,0.0,0.0,-0.834298528608466,-1.212740924079984,0.0501448313090382,1,2
39193,-0.05811468174328171,0.7372336305918931,1.6877362331497665,0.0,0.0,1.1986117267495475,0.8245784240839611,0.196210519187066,0,1
39198,-0.05811468174328171,-1.3564221143806794,0.6515517564598249,0.0,0.0,-0.834298528608466,-1.212740924079984,0.0063251249456299,2,0
40011,-0.04347709613472944,-1.3564221143806794,-0.38463272023011674,0.0,0.0,-0.834298528608466,0.8245784240839611,-0.0228880126299756,2,0
40012,-0.04347709613472944,0.7372336305918931,-1.4208171969200585,0.0,0.0,-0.834298528608466,0.8245784240839611,-0.0082814438421728,2,0
40013,-0.028839510526177174,0.7372336305918931,-0.38463272023011674,0.0,0.0,-0.834298528608466,0.8245784240839611,0.0209316937334327,1,2
40015,-0.05811468174328171,-1.3564221143806794,-0.38463272023011674,0.0,0.0,-0.834298528608466,0.8245784240839611,-0.0082814438421728,2,0
40016,-0.05811468174328171,-1.3564221143806794,-0.38463272023011674,0.0,0.0,-0.834298528608466,0.8245784240839611,-0.0082814438421728,2,0
40017,-0.05811468174328171,0.7372336305918931,0.6515517564598249,0.0,0.0,-0.834298528608466,-1.212740924079984,0.064751400096841,1,2
40018,-0.05811468174328171,-1.3564221143806794,1.6877362331497665,0.0,0.0,-0.834298528608466,0.8245784240839611,0.0793579688846438,0,1
40019,0.00043566069092736256,0.7372336305918931,0.6515517564598249,0.0,0.0,-0.834298528608466,-1.212740924079984,0.0063251249456299,2,0
40020,-0.05811468174328171,-1.3564221143806794,-0.38463272023011674,0.0,0.0,-0.834298528608466,0.8245784240839611,-0.0082814438421728,2,0
40171,-0.05811468174328171,0.7372336305918931,0.6515517564598249,0.0,0.0,1.1986117267495475,-1.212740924079984,0.1231776752480521,0,1
40172,-0.05811468174328171,0.7372336305918931,-0.38463272023011674,0.0,0.0,-0.834298528608466,0.8245784240839611,0.0501448313090382,1,2
40173,-0.05811468174328171,-1.3564221143806794,-1.4208171969200585,0.0,0.0,1.1986117267495475,-1.212740924079984,-0.0228880126299756,2,0
40174,-0.05811468174328171,-1.3564221143806794,0.6515517564598249,0.0,0.0,1.1986117267495475,-1.212740924079984,0.064751400096841,1,2
40176,-0.05811468174328171,-1.3564221143806794,-1.4208171969200585,0.0,0.0,-0.834298528608466,0.8245784240839611,-0.0521011502055811,2,0
40177,-0.028839510526177174,-1.3564221143806794,-0.38463272023011674,0.0,0.0,1.1986117267495475,-1.212740924079984,-0.0082814438421728,2,0
40178,-0.05811468174328171,0.7372336305918931,-0.38463272023011674,0.0,0.0,-0.834298528608466,0.8245784240839611,0.0501448313090382,1,2
40180,-0.05811468174328171,-1.3564221143806794,0.6515517564598249,0.0,0.0,1.1986117267495475,0.8245784240839611,0.0939645376724466,0,1
40202,-0.04347709613472944,0.7372336305918931,0.6515517564598249,0.0,0.0,-0.834298528608466,-1.212740924079984,0.0501448313090382,1,2
40203,-0.05811468174328171,-1.3564221143806794,-0.38463272023011674,0.0,0.0,1.1986117267495475,0.8245784240839611,0.0501448313090382,1,2
40206,-0.05811468174328171,0.7372336305918931,0.6515517564598249,0.0,0.0,-0.834298528608466,-1.212740924079984,0.064751400096841,1,2
40207,-0.05811468174328171,0.7372336305918931,-0.38463272023011674,0.0,0.0,1.1986117267495475,-1.212740924079984,0.0793579688846438,0,1
40208,-0.05811468174328171,0.7372336305918931,-0.38463272023011674,0.0,0.0,-0.834298528608466,0.8245784240839611,0.0501448313090382,1,2
40209,-0.04347709613472944,0.7372336305918931,0.6515517564598249,0.0,0.0,1.1986117267495475,0.8245784240839611,0.1377842440358549,0,1
40210,-0.04347709613472944,0.7372336305918931,0.6515517564598249,0.0,0.0,-0.834298528608466,-1.212740924079984,0.0501448313090382,1,2
49001,-0.05811468174328171,-1.3564221143806794,1.6877362331497665,0.0,0.0,1.1986117267495475,0.8245784240839611,0.1377842440358549,0,1
49003,18.970746609374668,0.7372336305918931,-0.38463272023011674,0.0,0.0,-0.834298528608466,0.8245784240839611,-18.93839459283457,2,0
49004,-0.05811468174328171,0.7372336305918931,0.6515517564598249,0.0,0.0,-0.834298528608466,0.8245784240839611,0.0939645376724466,0,1
49005,-0.05811468174328171,0.7372336305918931,0.6515517564598249,0.0,0.0,1.1986117267495475,-1.212740924079984,0.1231776752480521,0,1
49006,-0.05811468174328171,-1.3564221143806794,1.6877362331497665,0.0,0.0,1.1986117267495475,0.8245784240839611,0.1377842440358549,0,1
49007,-0.05811468174328171,0.7372336305918931,-1.4208171969200585,0.0,0.0,-0.834298528608466,0.8245784240839611,0.0063251249456299,2,0
49008,-0.05811468174328171,0.7372336305918931,0.6515517564598249,0.0,0.0,1.1986117267495475,0.8245784240839611,0.1523908128236577,0,1
49010,-0.05811468174328171,-1.3564221143806794,0.6515517564598249,0.0,0.0,1.1986117267495475,0.8245784240839611,0.0939645376724466,0,1
49011,-0.05811468174328171,-1.3564221143806794,-0.38463272023011674,0.0,0.0,1.1986117267495475,0.8245784240839611,0.0501448313090382,1,2
49013,-0.05811468174328171,0.7372336305918931,-0.38463272023011674,0.0,0.0,-0.834298528608466,-1.212740924079984,0.0209316937334327,1,2
49015,-0.05811468174328171,0.7372336305918931,-0.38463272023011674,0.0,0.0,-0.834298528608466,0.8245784240839611,0.0501448313090382,1,2
49017,-0.05811468174328171,0.7372336305918931,0.6515517564598249,0.0,0.0,1.1986117267495475,-1.212740924079984,0.1231776752480521,0,1
49018,-0.05811468174328171,-1.3564221143806794,1.6877362331497665,0.0,0.0,-0.834298528608466,-1.212740924079984,0.0501448313090382,1,2
49019,-0.05811468174328171,0.7372336305918931,0.6515517564598249,0.0,0.0,-0.834298528608466,0.8245784240839611,0.0939645376724466,0,1
49020,-0.05811468174328171,-1.3564221143806794,0.6515517564598249,0.0,0.0,-0.834298528608466,-1.212740924079984,0.0063251249456299,2,0
49023,-0.05811468174328171,-1.3564221143806794,-0.38463272023011674,0.0,0.0,-0.834298528608466,0.8245784240839611,-0.0082814438421728,2,0
49024,-0.05811468174328171,-1.3564221143806794,-1.4208171969200585,0.0,0.0,1.1986117267495475,0.8245784240839611,0.0063251249456299,2,0
49025,-0.05811468174328171,0.7372336305918931,-0.38463272023011674,0.0,0.0,1.1986117267495475,-1.212740924079984,0.0793579688846438,0,1
49026,-0.05811468174328171,0.7372336305918931,-0.38463272023011674,0.0,0.0,-0.834298528608466,0.8245784240839611,0.0501448313090382,1,2
49027,-0.05811468174328171,0.7372336305918931,-0.38463272023011674,0.0,0.0,-0.834298528608466,0.8245784240839611,0.0501448313090382,1,2
49030,-0.05811468174328171,0.7372336305918931,-1.4208171969200585,0.0,0.0,-0.834298528608466,0.8245784240839611,0.0063251249456299,2,0
49034,-0.05811468174328171,0.7372336305918931,-0.38463272023011674,0.0,0.0,-0.834298528608466,0.8245784240839611,0.0501448313090382,1,2
49035,-0.05811468174328171,0.7372336305918931,-0.38463272023011674,0.0,0.0,-0.834298528608466,-1.212740924079984,0.0209316937334327,1,2
49036,-0.05811468174328171,0.7372336305918931,-0.38463272023011674,0.0,0.0,1.1986117267495475,0.8245784240839611,0.1085711064602493,0,1
49037,-0.05811468174328171,0.7372336305918931,-0.38463272023011674,0.0,0.0,1.1986117267495475,0.8245784240839611,0.1085711064602493,0,1
49038,-0.05811468174328171,0.7372336305918931,-1.4208171969200585,0.0,0.0,-0.834298528608466,-1.212740924079984,-0.0228880126299756,2,0
49039,-0.05811468174328171,0.7372336305918931,1.6877362331497665,0.0,0.0,1.1986117267495475,0.8245784240839611,0.196210519187066,0,1
49040,-0.04347709613472944,-1.3564221143806794,1.6877362331497665,0.0,0.0,-0.834298528608466,0.8245784240839611,0.064751400096841,1,2
49042,-0.05811468174328171,0.7372336305918931,0.6515517564598249,0.0,0.0,1.1986117267495475,-1.212740924079984,0.1231776752480521,0,1
49043,-0.05811468174328171,0.7372336305918931,-1.4208171969200585,0.0,0.0,-0.834298528608466,-1.212740924079984,-0.0228880126299756,2,0
49044,0.029710831908031896,-1.3564221143806794,0.6515517564598249,0.0,0.0,1.1986117267495475,0.8245784240839611,0.0063251249456299,2,0
49045,-0.05811468174328171,0.7372336305918931,0.6515517564598249,0.0,0.0,-0.834298528608466,-1.212740924079984,0.064751400096841,1,2
49046,-0.05811468174328171,0.7372336305918931,0.6515517564598249,0.0,0.0,-0.834298528608466,0.8245784240839611,0.0939645376724466,0,1
49049,-0.05811468174328171,0.7372336305918931,-1.4208171969200585,0.0,0.0,-0.834298528608466,-1.212740924079984,-0.0228880126299756,2,0
49051,-0.05811468174328171,0.7372336305918931,0.6515517564598249,0.0,0.0,-0.834298528608466,0.8245784240839611,0.0939645376724466,0,1
49052,-0.05811468174328171,0.7372336305918931,0.6515517564598249,0.0,0.0,-0.834298528608466,-1.212740924079984,0.064751400096841,1,2
49054,-0.05811468174328171,-1.3564221143806794,0.6515517564598249,0.0,0.0,-0.834298528608466,-1.212740924079984,0.0063251249456299,2,0
49055,-0.04347709613472944,0.7372336305918931,0.6515517564598249,0.0,0.0,-0.834298528608466,0.8245784240839611,0.0793579688846438,0,1
49057,-0.05811468174328171,0.7372336305918931,-0.38463272023011674,0.0,0.0,1.1986117267495475,0.8245784240839611,0.1085711064602493,0,1
49058,-0.05811468174328171,-1.3564221143806794,-0.38463272023011674,0.0,0.0,-0.834298528608466,0.8245784240839611,-0.0082814438421728,2,0
49060,-0.05811468174328171,-1.3564221143806794,-1.4208171969200585,0.0,0.0,1.1986117267495475,0.8245784240839611,0.0063251249456299,2,0
49063,-0.05811468174328171,0.7372336305918931,0.6515517564598249,0.0,0.0,-0.834298528608466,-1.212740924079984,0.064751400096841,1,2
49064,-0.05811468174328171,0.7372336305918931,-1.4208171969200585,0.0,0.0,1.1986117267495475,-1.212740924079984,0.0355382625212355,1,2
49065,-0.05811468174328171,0.7372336305918931,-0.38463272023011674,0.0,0.0,1.1986117267495475,0.8245784240839611,0.1085711064602493,0,1
49066,-0.05811468174328171,0.7372336305918931,-0.38463272023011674,0.0,0.0,-0.834298528608466,0.8245784240839611,0.0501448313090382,1,2
49068,-0.05811468174328171,0.7372336305918931,-0.38463272023011674,0.0,0.0,1.1986117267495475,0.8245784240839611,0.1085711064602493,0,1
49069,-0.05811468174328171,-1.3564221143806794,-1.4208171969200585,0.0,0.0,-0.834298528608466,-1.212740924079984,-0.0813142877811867,2,0
49070,-0.05811468174328171,-1.3564221143806794,0.6515517564598249,0.0,0.0,1.1986117267495475,0.8245784240839611,0.0939645376724466,0,1
49071,-0.05811468174328171,-1.3564221143806794,0.6515517564598249,0.0,0.0,-0.834298528608466,-1.212740924079984,0.0063251249456299,2,0
49073,-0.05811468174328171,0.7372336305918931,-1.4208171969200585,0.0,0.0,-0.834298528608466,0.8245784240839611,0.0063251249456299,2,0
49076,-0.05811468174328171,-1.3564221143806794,-1.4208171969200585,0.0,0.0,-0.834298528608466,0.8245784240839611,-0.0521011502055811,2,0
49077,-0.05811468174328171,0.7372336305918931,-1.4208171969200585,0.0,0.0,-0.834298528608466,-1.212740924079984,-0.0228880126299756,2,0
49079,-0.05811468174328171,0.7372336305918931,1.6877362331497665,0.0,0.0,-0.834298528608466,0.8245784240839611,0.1377842440358549,0,1
49080,-0.05811468174328171,0.7372336305918931,-0.38463272023011674,0.0,0.0,1.1986117267495475,-1.212740924079984,0.0793579688846438,0,1
49081,-0.04347709613472944,-1.3564221143806794,-0.38463272023011674,0.0,0.0,-0.834298528608466,0.8245784240839611,-0.0228880126299756,2,0
49082,-0.05811468174328171,0.7372336305918931,-1.4208171969200585,0.0,0.0,-0.834298528608466,-1.212740924079984,-0.0228880126299756,2,0
49083,-0.05811468174328171,-1.3564221143806794,0.6515517564598249,0.0,0.0,-0.834298528608466,0.8245784240839611,0.0355382625212355,1,2
49085,-0.04347709613472944,0.7372336305918931,1.6877362331497665,0.0,0.0,-0.834298528608466,-1.212740924079984,0.0939645376724466,0,1
49086,-0.05811468174328171,-1.3564221143806794,0.6515517564598249,0.0,0.0,-0.834298528608466,0.8245784240839611,0.0355382625212355,1,2
49088,-0.05811468174328171,0.7372336305918931,0.6515517564598249,0.0,0.0,1.1986117267495475,0.8245784240839611,0.1523908128236577,0,1
49089,-0.05811468174328171,0.7372336305918931,-1.4208171969200585,0.0,0.0,-0.834298528608466,0.8245784240839611,0.0063251249456299,2,0
49090,-0.05811468174328171,-1.3564221143806794,-1.4208171969200585,0.0,0.0,-0.834298528608466,-1.212740924079984,-0.0813142877811867,2,0
49091,-0.05811468174328171,-1.3564221143806794,-1.4208171969200585,0.0,0.0,-0.834298528608466,0.8245784240839611,-0.0521011502055811,2,0
49093,-0.05811468174328171,0.7372336305918931,-0.38463272023011674,0.0,0.0,-0.834298528608466,-1.212740924079984,0.0209316937334327,1,2
49094,-0.05811468174328171,0.7372336305918931,-1.4208171969200585,0.0,0.0,1.1986117267495475,0.8245784240839611,0.064751400096841,1,2
49095,-0.05811468174328171,0.7372336305918931,-0.38463272023011674,0.0,0.0,-0.834298528608466,-1.212740924079984,0.0209316937334327,1,2
49097,-0.05811468174328171,0.7372336305918931,-0.38463272023011674,0.0,0.0,-0.834298528608466,0.8245784240839611,0.0501448313090382,1,2
49098,-0.05811468174328171,0.7372336305918931,1.6877362331497665,0.0,0.0,-0.834298528608466,-1.212740924079984,0.1085711064602493,0,1
49100,-0.05811468174328171,-1.3564221143806794,0.6515517564598249,0.0,0.0,-0.834298528608466,-1.212740924079984,0.0063251249456299,2,0
49101,-0.05811468174328171,-1.3564221143806794,0.6515517564598249,0.0,0.0,-0.834298528608466,-1.212740924079984,0.0063251249456299,2,0
49102,-0.05811468174328171,-1.3564221143806794,0.6515517564598249,0.0,0.0,-0.834298528608466,0.8245784240839611,0.0355382625212355,1,2
49103,-0.05811468174328171,0.7372336305918931,-1.4208171969200585,0.0,0.0,1.1986117267495475,-1.212740924079984,0.0355382625212355,1,2
49104,-0.05811468174328171,0.7372336305918931,0.6515517564598249,0.0,0.0,-0.834298528608466,0.8245784240839611,0.0939645376724466,0,1
49105,-0.05811468174328171,0.7372336305918931,-0.38463272023011674,0.0,0.0,-0.834298528608466,0.8245784240839611,0.0501448313090382,1,2
49106,-0.05811468174328171,0.7372336305918931,0.6515517564598249,0.0,0.0,-0.834298528608466,0.8245784240839611,0.0939645376724466,0,1
49108,-0.05811468174328171,0.7372336305918931,-0.38463272023011674,0.0,0.0,-0.834298528608466,0.8245784240839611,0.0501448313090382,1,2
49111,-0.05811468174328171,-1.3564221143806794,1.6877362331497665,0.0,0.0,-0.834298528608466,-1.212740924079984,0.0501448313090382,1,2
49112,-0.05811468174328171,0.7372336305918931,-0.38463272023011674,0.0,0.0,1.1986117267495475,0.8245784240839611,0.1085711064602493,0,1
49113,-0.05811468174328171,0.7372336305918931,-0.38463272023011674,0.0,0.0,1.1986117267495475,-1.212740924079984,0.0793579688846438,0,1
49114,-0.05811468174328171,0.7372336305918931,1.6877362331497665,0.0,0.0,-0.834298528608466,0.8245784240839611,0.1377842440358549,0,1
49117,-0.05811468174328171,-1.3564221143806794,-1.4208171969200585,0.0,0.0,-0.834298528608466,-1.212740924079984,-0.0813142877811867,2,0
49122,-0.05811468174328171,0.7372336305918931,0.6515517564598249,0.0,0.0,-0.834298528608466,0.8245784240839611,0.0939645376724466,0,1
49124,-0.05811468174328171,0.7372336305918931,0.6515517564598249,0.0,0.0,-0.834298528608466,-1.212740924079984,0.064751400096841,1,2
49126,-0.05811468174328171,0.7372336305918931,0.6515517564598249,0.0,0.0,1.1986117267495475,0.8245784240839611,0.1523908128236577,0,1
49129,-0.05811468174328171,0.7372336305918931,1.6877362331497665,0.0,0.0,1.1986117267495475,-1.212740924079984,0.1669973816114605,0,1
49130,-0.05811468174328171,0.7372336305918931,1.6877362331497665,0.0,0.0,1.1986117267495475,0.8245784240839611,0.196210519187066,0,1
49131,-0.05811468174328171,0.7372336305918931,-1.4208171969200585,0.0,0.0,-0.834298528608466,-1.212740924079984,-0.0228880126299756,2,0
49132,-0.05811468174328171,-1.3564221143806794,0.6515517564598249,0.0,0.0,-0.834298528608466,0.8245784240839611,0.0355382625212355,1,2
49133,-0.05811468174328171,0.7372336305918931,0.6515517564598249,0.0,0.0,1.1986117267495475,0.8245784240839611,0.1523908128236577,0,1
49134,-0.05811468174328171,0.7372336305918931,0.6515517564598249,0.0,0.0,1.1986117267495475,0.8245784240839611,0.1523908128236577,0,1
49135,-0.05811468174328171,0.7372336305918931,-1.4208171969200585,0.0,0.0,1.1986117267495475,0.8245784240839611,0.064751400096841,1,2
49136,-0.05811468174328171,0.7372336305918931,0.6515517564598249,0.0,0.0,-0.834298528608466,0.8245784240839611,0.0939645376724466,0,1
49137,-0.05811468174328171,0.7372336305918931,1.6877362331497665,0.0,0.0,-0.834298528608466,0.8245784240839611,0.1377842440358549,0,1
50001,-0.05811468174328171,0.7372336305918931,1.6877362331497665,0.0,0.0,-0.834298528608466,0.8245784240839611,0.1377842440358549,0,1
50002,-0.05811468174328171,0.7372336305918931,-0.38463272023011674,0.0,0.0,-0.834298528608466,0.8245784240839611,0.0501448313090382,1,2
50003,-0.05811468174328171,-1.3564221143806794,-1.4208171969200585,0.0,0.0,-0.834298528608466,0.8245784240839611,-0.0521011502055811,2,0
50004,-0.05811468174328171,0.7372336305918931,-0.38463272023011674,0.0,0.0,1.1986117267495475,-1.212740924079984,0.0793579688846438,0,1
50005,-0.05811468174328171,0.7372336305918931,0.6515517564598249,0.0,0.0,-0.834298528608466,0.8245784240839611,0.0939645376724466,0,1
50006,-0.05811468174328171,-1.3564221143806794,0.6515517564598249,0.0,0.0,-0.834298528608466,0.8245784240839611,0.0355382625212355,1,2
50007,-0.05811468174328171,0.7372336305918931,-0.38463272023011674,0.0,0.0,1.1986117267495475,-1.212740924079984,0.0793579688846438,0,1
50008,-0.05811468174328171,0.7372336305918931,-1.4208171969200585,0.0,0.0,-0.834298528608466,0.8245784240839611,0.0063251249456299,2,0
50009,-0.05811468174328171,0.7372336305918931,-0.38463272023011674,0.0,0.0,1.1986117267495475,-1.212740924079984,0.0793579688846438,0,1
50031,-0.05811468174328171,0.7372336305918931,-0.38463272023011674,0.0,0.0,-0.834298528608466,-1.212740924079984,0.0209316937334327,1,2
50032,-0.028839510526177174,0.7372336305918931,1.6877362331497665,0.0,0.0,-0.834298528608466,0.8245784240839611,0.1085711064602493,0,1
50033,-0.05811468174328171,-1.3564221143806794,0.6515517564598249,0.0,0.0,1.1986117267495475,0.8245784240839611,0.0939645376724466,0,1
50034,-0.05811468174328171,-1.3564221143806794,-0.38463272023011674,0.0,0.0,1.1986117267495475,0.8245784240839611,0.0501448313090382,1,2
50035,-0.05811468174328171,0.7372336305918931,-0.38463272023011674,0.0,0.0,-0.834298528608466,0.8245784240839611,0.0501448313090382,1,2
50036,-0.05811468174328171,-1.3564221143806794,-1.4208171969200585,0.0,0.0,1.1986117267495475,0.8245784240839611,0.0063251249456299,2,0
50037,-0.04347709613472944,-1.3564221143806794,1.6877362331497665,0.0,0.0,-0.834298528608466,-1.212740924079984,0.0355382625212355,1,2
50038,-0.05811468174328171,0.7372336305918931,-0.38463272023011674,0.0,0.0,-0.834298528608466,-1.212740924079984,0.0209316937334327,1,2
50039,-0.05811468174328171,0.7372336305918931,-0.38463272023011674,0.0,0.0,-0.834298528608466,0.8245784240839611,0.0501448313090382,1,2
50040,-0.05811468174328171,0.7372336305918931,-0.38463272023011674,0.0,0.0,-0.834298528608466,-1.212740924079984,0.0209316937334327,1,2
50051,-0.05811468174328171,-1.3564221143806794,0.6515517564598249,0.0,0.0,1.1986117267495475,0.8245784240839611,0.0939645376724466,0,1
50052,-0.05811468174328171,-1.3564221143806794,0.6515517564598249,0.0,0.0,1.1986117267495475,0.8245784240839611,0.0939645376724466,0,1
50053,-0.05811468174328171,0.7372336305918931,0.6515517564598249,0.0,0.0,1.1986117267495475,-1.212740924079984,0.1231776752480521,0,1
50054,-0.05811468174328171,0.7372336305918931,-0.38463272023011674,0.0,0.0,1.1986117267495475,0.8245784240839611,0.1085711064602493,0,1
50055,-0.04347709613472944,-1.3564221143806794,-0.38463272023011674,0.0,0.0,-0.834298528608466,0.8245784240839611,-0.0228880126299756,2,0
50056,-0.05811468174328171,0.7372336305918931,-1.4208171969200585,0.0,0.0,1.1986117267495475,0.8245784240839611,0.064751400096841,1,2
50057,-0.05811468174328171,-1.3564221143806794,0.6515517564598249,0.0,0.0,1.1986117267495475,0.8245784240839611,0.0939645376724466,0,1
50058,-0.05811468174328171,-1.3564221143806794,-1.4208171969200585,0.0,0.0,1.1986117267495475,0.8245784240839611,0.0063251249456299,2,0
50059,-0.05811468174328171,0.7372336305918931,0.6515517564598249,0.0,0.0,1.1986117267495475,-1.212740924079984,0.1231776752480521,0,1
50060,-0.028839510526177174,0.7372336305918931,1.6877362331497665,0.0,0.0,1.1986117267495475,0.8245784240839611,0.1669973816114605,0,1
50091,-0.05811468174328171,0.7372336305918931,1.6877362331497665,0.0,0.0,-0.834298528608466,0.8245784240839611,0.1377842440358549,0,1
50092,-0.05811468174328171,0.7372336305918931,-0.38463272023011674,0.0,0.0,1.1986117267495475,0.8245784240839611,0.1085711064602493,0,1
50093,-0.05811468174328171,0.7372336305918931,-0.38463272023011674,0.0,0.0,1.1986117267495475,0.8245784240839611,0.1085711064602493,0,1
50094,-0.05811468174328171,0.7372336305918931,-1.4208171969200585,0.0,0.0,1.1986117267495475,0.8245784240839611,0.064751400096841,1,2
50095,-0.05811468174328171,-1.3564221143806794,0.6515517564598249,0.0,0.0,-0.834298528608466,-1.212740924079984,0.0063251249456299,2,0
50096,-0.04347709613472944,0.7372336305918931,0.6515517564598249,0.0,0.0,-0.834298528608466,0.8245784240839611,0.0793579688846438,0,1
50097,0.00043566069092736256,-1.3564221143806794,-0.38463272023011674,0.0,0.0,1.1986117267495475,0.8245784240839611,-0.0082814438421728,2,0
50098,-0.028839510526177174,0.7372336305918931,-0.38463272023011674,0.0,0.0,-0.834298528608466,-1.212740924079984,-0.0082814438421728,2,0
50099,-0.05811468174328171,-1.3564221143806794,0.6515517564598249,0.0,0.0,1.1986117267495475,-1.212740924079984,0.064751400096841,1,2
50100,-0.05811468174328171,0.7372336305918931,1.6877362331497665,0.0,0.0,-0.834298528608466,0.8245784240839611,0.1377842440358549,0,1
50131,-0.05811468174328171,-1.3564221143806794,-0.38463272023011674,0.0,0.0,-0.834298528608466,0.8245784240839611,-0.0082814438421728,2,0
50132,-0.05811468174328171,0.7372336305918931,0.6515517564598249,0.0,0.0,-0.834298528608466,0.8245784240839611,0.0939645376724466,0,1
50133,-0.05811468174328171,0.7372336305918931,-1.4208171969200585,0.0,0.0,-0.834298528608466,0.8245784240839611,0.0063251249456299,2,0
50134,-0.05811468174328171,0.7372336305918931,-1.4208171969200585,0.0,0.0,-0.834298528608466,0.8245784240839611,0.0063251249456299,2,0
50135,-0.05811468174328171,-1.3564221143806794,1.6877362331497665,0.0,0.0,-0.834298528608466,0.8245784240839611,0.0793579688846438,0,1
50136,-0.05811468174328171,0.7372336305918931,0.6515517564598249,0.0,0.0,-0.834298528608466,0.8245784240839611,0.0939645376724466,0,1
50137,-0.04347709613472944,-1.3564221143806794,0.6515517564598249,0.0,0.0,-0.834298528608466,-1.212740924079984,-0.0082814438421728,2,0
50138,-0.05811468174328171,0.7372336305918931,-1.4208171969200585,0.0,0.0,-0.834298528608466,0.8245784240839611,0.0063251249456299,2,0
50139,-0.05811468174328171,-1.3564221143806794,0.6515517564598249,0.0,0.0,-0.834298528608466,0.8245784240839611,0.0355382625212355,1,2
50140,-0.05811468174328171,-1.3564221143806794,-0.38463272023011674,0.0,0.0,-0.834298528608466,0.8245784240839611,-0.0082814438421728,2,0
50151,-0.028839510526177174,-1.3564221143806794,-0.38463272023011674,0.0,0.0,1.1986117267495475,0.8245784240839611,0.0209316937334327,1,2
50152,-0.05811468174328171,0.7372336305918931,-0.38463272023011674,0.0,0.0,-0.834298528608466,0.8245784240839611,0.0501448313090382,1,2
50153,-0.05811468174328171,0.7372336305918931,-1.4208171969200585,0.0,0.0,-0.834298528608466,-1.212740924079984,-0.0228880126299756,2,0
50154,-0.05811468174328171,-1.3564221143806794,0.6515517564598249,0.0,0.0,1.1986117267495475,-1.212740924079984,0.064751400096841,1,2
50155,-0.05811468174328171,0.7372336305918931,0.6515517564598249,0.0,0.0,-0.834298528608466,-1.212740924079984,0.064751400096841,1,2
50156,-0.05811468174328171,0.7372336305918931,-1.4208171969200585,0.0,0.0,1.1986117267495475,-1.212740924079984,0.0355382625212355,1,2
50157,-0.05811468174328171,0.7372336305918931,-1.4208171969200585,0.0,0.0,1.1986117267495475,0.8245784240839611,0.064751400096841,1,2
50158,-0.05811468174328171,0.7372336305918931,-1.4208171969200585,0.0,0.0,-0.834298528608466,-1.212740924079984,-0.0228880126299756,2,0
50159,-0.05811468174328171,0.7372336305918931,-1.4208171969200585,0.0,0.0,-0.834298528608466,-1.212740924079984,-0.0228880126299756,2,0
50160,-0.05811468174328171,0.7372336305918931,0.6515517564598249,0.0,0.0,-0.834298528608466,0.8245784240839611,0.0939645376724466,0,1
50161,-0.05811468174328171,-1.3564221143806794,0.6515517564598249,0.0,0.0,-0.834298528608466,0.8245784240839611,0.0355382625212355,1,2
50162,-0.05811468174328171,-1.3564221143806794,-1.4208171969200585,0.0,0.0,-0.834298528608466,-1.212740924079984,-0.0813142877811867,2,0
50163,-0.05811468174328171,0.7372336305918931,-1.4208171969200585,0.0,0.0,-0.834298528608466,0.8245784240839611,0.0063251249456299,2,0
50164,-0.05811468174328171,0.7372336305918931,0.6515517564598249,0.0,0.0,1.1986117267495475,0.8245784240839611,0.1523908128236577,0,1
50165,-0.04347709613472944,0.7372336305918931,0.6515517564598249,0.0,0.0,-0.834298528608466,-1.212740924079984,0.0501448313090382,1,2
50166,-0.05811468174328171,-1.3564221143806794,-0.38463272023011674,0.0,0.0,-0.834298528608466,-1.212740924079984,-0.0374945814177783,2,0
50167,-0.05811468174328171,0.7372336305918931,-0.38463272023011674,0.0,0.0,1.1986117267495475,0.8245784240839611,0.1085711064602493,0,1
50168,-0.05811468174328171,0.7372336305918931,0.6515517564598249,0.0,0.0,-0.834298528608466,0.8245784240839611,0.0939645376724466,0,1
50169,-0.05811468174328171,-1.3564221143806794,-0.38463272023011674,0.0,0.0,-0.834298528608466,0.8245784240839611,-0.0082814438421728,2,0
50170,-0.05811468174328171,-1.3564221143806794,-1.4208171969200585,0.0,0.0,-0.834298528608466,-1.212740924079984,-0.0813142877811867,2,0
59002,-0.05811468174328171,0.7372336305918931,0.6515517564598249,0.0,0.0,-0.834298528608466,0.8245784240839611,0.0939645376724466,0,1
59003,2.884040025575724,0.7372336305918931,0.6515517564598249,0.0,0.0,1.1986117267495475,0.8245784240839611,-2.7835295135247,2,0
59004,-0.05811468174328171,-1.3564221143806794,0.6515517564598249,0.0,0.0,-0.834298528608466,-1.212740924079984,0.0063251249456299,2,0
59005,-0.028839510526177174,-1.3564221143806794,0.6515517564598249,0.0,0.0,-0.834298528608466,0.8245784240839611,0.0063251249456299,2,0
59006,-0.05811468174328171,-1.3564221143806794,0.6515517564598249,0.0,0.0,-0.834298528608466,0.8245784240839611,0.0355382625212355,1,2
59007,-0.05811468174328171,0.7372336305918931,-0.38463272023011674,0.0,0.0,-0.834298528608466,-1.212740924079984,0.0209316937334327,1,2
59009,-0.05811468174328171,-1.3564221143806794,-0.38463272023011674,0.0,0.0,-0.834298528608466,0.8245784240839611,-0.0082814438421728,2,0
59010,-0.05811468174328171,-1.3564221143806794,-1.4208171969200585,0.0,0.0,1.1986117267495475,0.8245784240839611,0.0063251249456299,2,0
59011,-0.05811468174328171,0.7372336305918931,-1.4208171969200585,0.0,0.0,1.1986117267495475,-1.212740924079984,0.0355382625212355,1,2
59012,-0.05811468174328171,-1.3564221143806794,0.6515517564598249,0.0,0.0,-0.834298528608466,0.8245784240839611,0.0355382625212355,1,2
59013,-0.05811468174328171,0.7372336305918931,1.6877362331497665,0.0,0.0,-0.834298528608466,-1.212740924079984,0.1085711064602493,0,1
59014,-0.05811468174328171,-1.3564221143806794,1.6877362331497665,0.0,0.0,1.1986117267495475,0.8245784240839611,0.1377842440358549,0,1
59015,-0.05811468174328171,-1.3564221143806794,0.6515517564598249,0.0,0.0,-0.834298528608466,-1.212740924079984,0.0063251249456299,2,0
59016,-0.05811468174328171,-1.3564221143806794,-1.4208171969200585,0.0,0.0,-0.834298528608466,-1.212740924079984,-0.0813142877811867,2,0
59017,-0.04347709613472944,0.7372336305918931,-1.4208171969200585,0.0,0.0,-0.834298528608466,0.8245784240839611,-0.0082814438421728,2,0
59018,-0.05811468174328171,0.7372336305918931,0.6515517564598249,0.0,0.0,-0.834298528608466,0.8245784240839611,0.0939645376724466,0,1
59021,-0.05811468174328171,0.7372336305918931,0.6515517564598249,0.0,0.0,-0.834298528608466,0.8245784240839611,0.0939645376724466,0,1
59022,-0.05811468174328171,0.7372336305918931,0.6515517564598249,0.0,0.0,1.1986117267495475,-1.212740924079984,0.1231776752480521,0,1
59023,-0.05811468174328171,0.7372336305918931,0.6515517564598249,0.0,0.0,1.1986117267495475,-1.212740924079984,0.1231776752480521,0,1
59024,-0.04347709613472944,-1.3564221143806794,0.6515517564598249,0.0,0.0,-0.834298528608466,0.8245784240839611,0.0209316937334327,1,2
59025,-0.05811468174328171,-1.3564221143806794,0.6515517564598249,0.0,0.0,-0.834298528608466,0.8245784240839611,0.0355382625212355,1,2
59026,-0.05811468174328171,0.7372336305918931,-1.4208171969200585,0.0,0.0,1.1986117267495475,-1.212740924079984,0.0355382625212355,1,2
59027,-0.05811468174328171,-1.3564221143806794,0.6515517564598249,0.0,0.0,-0.834298528608466,0.8245784240839611,0.0355382625212355,1,2
59028,-0.05811468174328171,-1.3564221143806794,1.6877362331497665,0.0,0.0,1.1986117267495475,0.8245784240839611,0.1377842440358549,0,1
59030,-0.05811468174328171,-1.3564221143806794,-0.38463272023011674,0.0,0.0,-0.834298528608466,0.8245784240839611,-0.0082814438421728,2,0
59031,-0.05811468174328171,-1.3564221143806794,0.6515517564598249,0.0,0.0,-0.834298528608466,0.8245784240839611,0.0355382625212355,1,2
59032,-0.05811468174328171,-1.3564221143806794,-0.38463272023011674,0.0,0.0,-0.834298528608466,-1.212740924079984,-0.0374945814177783,2,0
59034,-0.05811468174328171,0.7372336305918931,1.6877362331497665,0.0,0.0,1.1986117267495475,0.8245784240839611,0.196210519187066,0,1
59035,-0.05811468174328171,0.7372336305918931,-1.4208171969200585,0.0,0.0,-0.834298528608466,-1.212740924079984,-0.0228880126299756,2,0
59036,-0.05811468174328171,0.7372336305918931,0.6515517564598249,0.0,0.0,-0.834298528608466,0.8245784240839611,0.0939645376724466,0,1
59037,-0.05811468174328171,0.7372336305918931,-1.4208171969200585,0.0,0.0,-0.834298528608466,0.8245784240839611,0.0063251249456299,2,0
59039,-0.05811468174328171,-1.3564221143806794,0.6515517564598249,0.0,0.0,1.1986117267495475,0.8245784240839611,0.0939645376724466,0,1
59040,-0.05811468174328171,-1.3564221143806794,-1.4208171969200585,0.0,0.0,1.1986117267495475,0.8245784240839611,0.0063251249456299,2,0
59041,-0.05811468174328171,0.7372336305918931,-0.38463272023011674,0.0,0.0,1.1986117267495475,0.8245784240839611,0.1085711064602493,0,1
59042,-0.05811468174328171,0.7372336305918931,-0.38463272023011674,0.0,0.0,1.1986117267495475,0.8245784240839611,0.1085711064602493,0,1
59043,-0.05811468174328171,-1.3564221143806794,1.6877362331497665,0.0,0.0,-0.834298528608466,0.8245784240839611,0.0793579688846438,0,1
59044,-0.05811468174328171,0.7372336305918931,-0.38463272023011674,0.0,0.0,-0.834298528608466,0.8245784240839611,0.0501448313090382,1,2
59046,-0.05811468174328171,0.7372336305918931,-1.4208171969200585,0.0,0.0,-0.834298528608466,0.8245784240839611,0.0063251249456299,2,0
59047,-0.05811468174328171,0.7372336305918931,0.6515517564598249,0.0,0.0,-0.834298528608466,-1.212740924079984,0.064751400096841,1,2
59048,-0.05811468174328171,0.7372336305918931,-0.38463272023011674,0.0,0.0,1.1986117267495475,-1.212740924079984,0.0793579688846438,0,1
59049,-0.05811468174328171,-1.3564221143806794,1.6877362331497665,0.0,0.0,1.1986117267495475,-1.212740924079984,0.1085711064602493,0,1
59050,-0.05811468174328171,0.7372336305918931,-1.4208171969200585,0.0,0.0,-0.834298528608466,0.8245784240839611,0.0063251249456299,2,0
59052,-0.05811468174328171,0.7372336305918931,0.6515517564598249,0.0,0.0,1.1986117267495475,0.8245784240839611,0.1523908128236577,0,1
59053,-0.04347709613472944,-1.3564221143806794,-0.38463272023011674,0.0,0.0,1.1986117267495475,0.8245784240839611,0.0355382625212355,1,2
59054,-0.05811468174328171,0.7372336305918931,-1.4208171969200585,0.0,0.0,-0.834298528608466,0.8245784240839611,0.0063251249456299,2,0
59056,-0.05811468174328171,0.7372336305918931,0.6515517564598249,0.0,0.0,-0.834298528608466,0.8245784240839611,0.0939645376724466,0,1
59057,-0.05811468174328171,0.7372336305918931,0.6515517564598249,0.0,0.0,-0.834298528608466,-1.212740924079984,0.064751400096841,1,2
59058,-0.05811468174328171,0.7372336305918931,0.6515517564598249,0.0,0.0,-0.834298528608466,-1.212740924079984,0.064751400096841,1,2
59059,-0.05811468174328171,0.7372336305918931,-0.38463272023011674,0.0,0.0,-0.834298528608466,0.8245784240839611,0.0501448313090382,1,2
59060,-0.05811468174328171,-1.3564221143806794,-0.38463272023011674,0.0,0.0,-0.834298528608466,-1.212740924079984,-0.0374945814177783,2,0
59062,-0.05811468174328171,-1.3564221143806794,-0.38463272023011674,0.0,0.0,-0.834298528608466,0.8245784240839611,-0.0082814438421728,2,0
59063,-0.05811468174328171,0.7372336305918931,1.6877362331497665,0.0,0.0,1.1986117267495475,0.8245784240839611,0.196210519187066,0,1
59064,-0.04347709613472944,0.7372336305918931,-0.38463272023011674,0.0,0.0,-0.834298528608466,0.8245784240839611,0.0355382625212355,1,2
59066,-0.05811468174328171,-1.3564221143806794,-0.38463272023011674,0.0,0.0,-0.834298528608466,0.8245784240839611,-0.0082814438421728,2,0
59067,-0.05811468174328171,-1.3564221143806794,-0.38463272023011674,0.0,0.0,1.1986117267495475,0.8245784240839611,0.0501448313090382,1,2
59068,-0.05811468174328171,0.7372336305918931,0.6515517564598249,0.0,0.0,-0.834298528608466,-1.212740924079984,0.064751400096841,1,2
59069,-0.05811468174328171,0.7372336305918931,-0.38463272023011674,0.0,0.0,-0.834298528608466,0.8245784240839611,0.0501448313090382,1,2
59070,-0.05811468174328171,0.7372336305918931,1.6877362331497665,0.0,0.0,1.1986117267495475,0.8245784240839611,0.196210519187066,0,1
59071,-0.05811468174328171,-1.3564221143806794,-0.38463272023011674,0.0,0.0,-0.834298528608466,-1.212740924079984,-0.0374945814177783,2,0
59072,-0.05811468174328171,-1.3564221143806794,1.6877362331497665,0.0,0.0,1.1986117267495475,-1.212740924079984,0.1085711064602493,0,1
59073,-0.05811468174328171,-1.3564221143806794,-1.4208171969200585,0.0,0.0,-0.834298528608466,0.8245784240839611,-0.0521011502055811,2,0
59075,-0.05811468174328171,0.7372336305918931,0.6515517564598249,0.0,0.0,-0.834298528608466,-1.212740924079984,0.064751400096841,1,2
59076,-0.05811468174328171,-1.3564221143806794,1.6877362331497665,0.0,0.0,-0.834298528608466,-1.212740924079984,0.0501448313090382,1,2
59077,-0.05811468174328171,0.7372336305918931,-1.4208171969200585,0.0,0.0,-0.834298528608466,0.8245784240839611,0.0063251249456299,2,0
59078,-0.05811468174328171,-1.3564221143806794,1.6877362331497665,0.0,0.0,1.1986117267495475,0.8245784240839611,0.1377842440358549,0,1
59079,-0.05811468174328171,0.7372336305918931,-0.38463272023011674,0.0,0.0,1.1986117267495475,-1.212740924079984,0.0793579688846438,0,1
59080,-0.05811468174328171,0.7372336305918931,1.6877362331497665,0.0,0.0,1.1986117267495475,-1.212740924079984,0.1669973816114605,0,1
59081,-0.05811468174328171,0.7372336305918931,0.6515517564598249,0.0,0.0,1.1986117267495475,0.8245784240839611,0.1523908128236577,0,1
59083,-0.028839510526177174,-1.3564221143806794,-0.38463272023011674,0.0,0.0,-0.834298528608466,-1.212740924079984,-0.0667077189933839,2,0
59084,-0.05811468174328171,-1.3564221143806794,-1.4208171969200585,0.0,0.0,1.1986117267495475,0.8245784240839611,0.0063251249456299,2,0
59085,-0.05811468174328171,-1.3564221143806794,-0.38463272023011674,0.0,0.0,1.1986117267495475,0.8245784240839611,0.0501448313090382,1,2
59086,-0.05811468174328171,0.7372336305918931,-1.4208171969200585,0.0,0.0,1.1986117267495475,-1.212740924079984,0.0355382625212355,1,2
59087,-0.05811468174328171,0.7372336305918931,-1.4208171969200585,0.0,0.0,1.1986117267495475,-1.212740924079984,0.0355382625212355,1,2
59088,-0.05811468174328171,0.7372336305918931,-1.4208171969200585,0.0,0.0,-0.834298528608466,-1.212740924079984,-0.0228880126299756,2,0
59089,-0.05811468174328171,0.7372336305918931,-0.38463272023011674,0.0,0.0,-0.834298528608466,-1.212740924079984,0.0209316937334327,1,2
59090,-0.05811468174328171,0.7372336305918931,0.6515517564598249,0.0,0.0,1.1986117267495475,-1.212740924079984,0.1231776752480521,0,1
59092,-0.05811468174328171,-1.3564221143806794,-1.4208171969200585,0.0,0.0,-0.834298528608466,0.8245784240839611,-0.0521011502055811,2,0
59093,-0.05811468174328171,0.7372336305918931,-1.4208171969200585,0.0,0.0,-0.834298528608466,-1.212740924079984,-0.0228880126299756,2,0
59094,-0.04347709613472944,0.7372336305918931,0.6515517564598249,0.0,0.0,1.1986117267495475,0.8245784240839611,0.1377842440358549,0,1
59095,-0.05811468174328171,0.7372336305918931,-1.4208171969200585,0.0,0.0,-0.834298528608466,0.8245784240839611,0.0063251249456299,2,0
59097,-0.05811468174328171,0.7372336305918931,-1.4208171969200585,0.0,0.0,-0.834298528608466,-1.212740924079984,-0.0228880126299756,2,0
59098,-0.05811468174328171,-1.3564221143806794,-1.4208171969200585,0.0,0.0,-0.834298528608466,-1.212740924079984,-0.0813142877811867,2,0
59099,-0.05811468174328171,-1.3564221143806794,1.6877362331497665,0.0,0.0,1.1986117267495475,-1.212740924079984,0.1085711064602493,0,1
59101,-0.05811468174328171,0.7372336305918931,0.6515517564598249,0.0,0.0,-0.834298528608466,-1.212740924079984,0.064751400096841,1,2
59102,-0.05811468174328171,-1.3564221143806794,-0.38463272023011674,0.0,0.0,1.1986117267495475,0.8245784240839611,0.0501448313090382,1,2
59103,-0.05811468174328171,0.7372336305918931,0.6515517564598249,0.0,0.0,-0.834298528608466,-1.212740924079984,0.064751400096841,1,2
59104,-0.05811468174328171,-1.3564221143806794,-0.38463272023011674,0.0,0.0,-0.834298528608466,0.8245784240839611,-0.0082814438421728,2,0
59105,-0.05811468174328171,0.7372336305918931,0.6515517564598249,0.0,0.0,-0.834298528608466,0.8245784240839611,0.0939645376724466,0,1
59106,-0.05811468174328171,-1.3564221143806794,0.6515517564598249,0.0,0.0,1.1986117267495475,0.8245784240839611,0.0939645376724466,0,1
59108,-0.05811468174328171,0.7372336305918931,0.6515517564598249,0.0,0.0,-0.834298528608466,0.8245784240839611,0.0939645376724466,0,1
59110,-0.05811468174328171,0.7372336305918931,-0.38463272023011674,0.0,0.0,1.1986117267495475,0.8245784240839611,0.1085711064602493,0,1
59111,-0.05811468174328171,-1.3564221143806794,-1.4208171969200585,0.0,0.0,1.1986117267495475,-1.212740924079984,-0.0228880126299756,2,0
59112,-0.05811468174328171,0.7372336305918931,-0.38463272023011674,0.0,0.0,1.1986117267495475,-1.212740924079984,0.0793579688846438,0,1
59113,-0.05811468174328171,0.7372336305918931,1.6877362331497665,0.0,0.0,1.1986117267495475,0.8245784240839611,0.196210519187066,0,1
59115,-0.05811468174328171,0.7372336305918931,0.6515517564598249,0.0,0.0,-0.834298528608466,-1.212740924079984,0.064751400096841,1,2
59116,-0.05811468174328171,0.7372336305918931,0.6515517564598249,0.0,0.0,-0.834298528608466,0.8245784240839611,0.0939645376724466,0,1
59117,-0.05811468174328171,0.7372336305918931,1.6877362331497665,0.0,0.0,1.1986117267495475,0.8245784240839611,0.196210519187066,0,1
59118,-0.05811468174328171,-1.3564221143806794,-1.4208171969200585,0.0,0.0,1.1986117267495475,0.8245784240839611,0.0063251249456299,2,0
59119,-0.05811468174328171,-1.3564221143806794,0.6515517564598249,0.0,0.0,1.1986117267495475,0.8245784240839611,0.0939645376724466,0,1
59120,-0.05811468174328171,-1.3564221143806794,0.6515517564598249,0.0,0.0,1.1986117267495475,0.8245784240839611,0.0939645376724466,0,1
59121,-0.05811468174328171,0.7372336305918931,1.6877362331497665,0.0,0.0,1.1986117267495475,0.8245784240839611,0.196210519187066,0,1
59122,-0.05811468174328171,-1.3564221143806794,1.6877362331497665,0.0,0.0,-0.834298528608466,0.8245784240839611,0.0793579688846438,0,1
59124,-0.05811468174328171,0.7372336305918931,0.6515517564598249,0.0,0.0,1.1986117267495475,0.8245784240839611,0.1523908128236577,0,1
59125,-0.05811468174328171,0.7372336305918931,-0.38463272023011674,0.0,0.0,1.1986117267495475,0.8245784240839611,0.1085711064602493,0,1
59127,-0.05811468174328171,-1.3564221143806794,0.6515517564598249,0.0,0.0,1.1986117267495475,0.8245784240839611,0.0939645376724466,0,1
59128,-0.05811468174328171,0.7372336305918931,-1.4208171969200585,0.0,0.0,-0.834298528608466,0.8245784240839611,0.0063251249456299,2,0
59129,-0.05811468174328171,-1.3564221143806794,0.6515517564598249,0.0,0.0,1.1986117267495475,0.8245784240839611,0.0939645376724466,0,1
59130,-0.05811468174328171,-1.3564221143806794,1.6877362331497665,0.0,0.0,1.1986117267495475,0.8245784240839611,0.1377842440358549,0,1
59132,-0.05811468174328171,0.7372336305918931,-0.38463272023011674,0.0,0.0,-0.834298528608466,0.8245784240839611,0.0501448313090382,1,2
59133,-0.05811468174328171,0.7372336305918931,0.6515517564598249,0.0,0.0,1.1986117267495475,-1.212740924079984,0.1231776752480521,0,1
59135,-0.05811468174328171,0.7372336305918931,-0.38463272023011674,0.0,0.0,-0.834298528608466,0.8245784240839611,0.0501448313090382,1,2
59136,-0.05811468174328171,0.7372336305918931,-0.38463272023011674,0.0,0.0,1.1986117267495475,-1.212740924079984,0.0793579688846438,0,1
59137,-0.05811468174328171,-1.3564221143806794,-0.38463272023011674,0.0,0.0,-0.834298528608466,0.8245784240839611,-0.0082814438421728,2,0
59138,-0.05811468174328171,0.7372336305918931,0.6515517564598249,0.0,0.0,-0.834298528608466,0.8245784240839611,0.0939645376724466,0,1
59140,-0.05811468174328171,0.7372336305918931,1.6877362331497665,0.0,0.0,-0.834298528608466,0.8245784240839611,0.1377842440358549,0,1
59142,-0.05811468174328171,0.7372336305918931,1.6877362331497665,0.0,0.0,1.1986117267495475,-1.212740924079984,0.1669973816114605,0,1
59143,-0.05811468174328171,-1.3564221143806794,-1.4208171969200585,0.0,0.0,-0.834298528608466,0.8245784240839611,-0.0521011502055811,2,0
59144,-0.05811468174328171,0.7372336305918931,1.6877362331497665,0.0,0.0,1.1986117267495475,0.8245784240839611,0.196210519187066,0,1
59145,-0.05811468174328171,0.7372336305918931,0.6515517564598249,0.0,0.0,1.1986117267495475,-1.212740924079984,0.1231776752480521,0,1
59147,-0.05811468174328171,-1.3564221143806794,-0.38463272023011674,0.0,0.0,1.1986117267495475,-1.212740924079984,0.0209316937334327,1,2
59148,-0.05811468174328171,0.7372336305918931,-1.4208171969200585,0.0,0.0,-0.834298528608466,0.8245784240839611,0.0063251249456299,2,0
59149,-0.05811468174328171,-1.3564221143806794,-0.38463272023011674,0.0,0.0,1.1986117267495475,0.8245784240839611,0.0501448313090382,1,2
59150,-0.05811468174328171,0.7372336305918931,1.6877362331497665,0.0,0.0,1.1986117267495475,-1.212740924079984,0.1669973816114605,0,1
59151,-0.05811468174328171,0.7372336305918931,0.6515517564598249,0.0,0.0,-0.834298528608466,0.8245784240839611,0.0939645376724466,0,1
59153,-0.05811468174328171,-1.3564221143806794,0.6515517564598249,0.0,0.0,-0.834298528608466,0.8245784240839611,0.0355382625212355,1,2
59154,-0.05811468174328171,0.7372336305918931,-0.38463272023011674,0.0,0.0,-0.834298528608466,0.8245784240839611,0.0501448313090382,1,2
59155,-0.05811468174328171,0.7372336305918931,0.6515517564598249,0.0,0.0,1.1986117267495475,0.8245784240839611,0.1523908128236577,0,1
59156,-0.05811468174328171,0.7372336305918931,-1.4208171969200585,0.0,0.0,-0.834298528608466,0.8245784240839611,0.0063251249456299,2,0
59157,-0.05811468174328171,0.7372336305918931,-0.38463272023011674,0.0,0.0,-0.834298528608466,0.8245784240839611,0.0501448313090382,1,2
59158,-0.05811468174328171,0.7372336305918931,0.6515517564598249,0.0,0.0,1.1986117267495475,0.8245784240839611,0.1523908128236577,0,1
59159,-0.05811468174328171,0.7372336305918931,-1.4208171969200585,0.0,0.0,-0.834298528608466,-1.212740924079984,-0.0228880126299756,2,0
59160,-0.05811468174328171,0.7372336305918931,0.6515517564598249,0.0,0.0,1.1986117267495475,-1.212740924079984,0.1231776752480521,0,1
59161,-0.05811468174328171,-1.3564221143806794,-0.38463272023011674,0.0,0.0,1.1986117267495475,0.8245784240839611,0.0501448313090382,1,2
59162,-0.05811468174328171,0.7372336305918931,0.6515517564598249,0.0,0.0,-0.834298528608466,0.8245784240839611,0.0939645376724466,0,1
59163,-0.05811468174328171,-1.3564221143806794,-0.38463272023011674,0.0,0.0,1.1986117267495475,0.8245784240839611,0.0501448313090382,1,2
59164,-0.05811468174328171,0.7372336305918931,0.6515517564598249,0.0,0.0,-0.834298528608466,0.8245784240839611,0.0939645376724466,0,1
59165,-0.05811468174328171,0.7372336305918931,-1.4208171969200585,0.0,0.0,-0.834298528608466,0.8245784240839611,0.0063251249456299,2,0
59168,-0.05811468174328171,-1.3564221143806794,-1.4208171969200585,0.0,0.0,1.1986117267495475,0.8245784240839611,0.0063251249456299,2,0
59169,-0.05811468174328171,0.7372336305918931,1.6877362331497665,0.0,0.0,-0.834298528608466,-1.212740924079984,0.1085711064602493,0,1
59170,-0.05811468174328171,0.7372336305918931,-0.38463272023011674,0.0,0.0,1.1986117267495475,0.8245784240839611,0.1085711064602493,0,1
59171,-0.05811468174328171,-1.3564221143806794,0.6515517564598249,0.0,0.0,-0.834298528608466,-1.212740924079984,0.0063251249456299,2,0
59172,-0.05811468174328171,0.7372336305918931,1.6877362331497665,0.0,0.0,-0.834298528608466,0.8245784240839611,0.1377842440358549,0,1
59173,-0.05811468174328171,0.7372336305918931,-0.38463272023011674,0.0,0.0,1.1986117267495475,-1.212740924079984,0.0793579688846438,0,1
59174,-0.05811468174328171,-1.3564221143806794,-0.38463272023011674,0.0,0.0,-0.834298528608466,0.8245784240839611,-0.0082814438421728,2,0
59175,-0.05811468174328171,0.7372336305918931,0.6515517564598249,0.0,0.0,1.1986117267495475,-1.212740924079984,0.1231776752480521,0,1
59176,-0.05811468174328171,-1.3564221143806794,1.6877362331497665,0.0,0.0,-0.834298528608466,-1.212740924079984,0.0501448313090382,1,2
59179,-0.05811468174328171,0.7372336305918931,1.6877362331497665,0.0,0.0,1.1986117267495475,-1.212740924079984,0.1669973816114605,0,1
59180,-0.05811468174328171,0.7372336305918931,-0.38463272023011674,0.0,0.0,-0.834298528608466,0.8245784240839611,0.0501448313090382,1,2
59182,-0.05811468174328171,0.7372336305918931,0.6515517564598249,0.0,0.0,-0.834298528608466,0.8245784240839611,0.0939645376724466,0,1
59184,-0.05811468174328171,0.7372336305918931,-1.4208171969200585,0.0,0.0,-0.834298528608466,0.8245784240839611,0.0063251249456299,2,0
59185,-0.05811468174328171,0.7372336305918931,1.6877362331497665,0.0,0.0,-0.834298528608466,0.8245784240839611,0.1377842440358549,0,1
59186,-0.05811468174328171,0.7372336305918931,1.6877362331497665,0.0,0.0,1.1986117267495475,0.8245784240839611,0.196210519187066,0,1
59187,-0.05811468174328171,-1.3564221143806794,-1.4208171969200585,0.0,0.0,-0.834298528608466,0.8245784240839611,-0.0521011502055811,2,0
59188,-0.05811468174328171,0.7372336305918931,-0.38463272023011674,0.0,0.0,-0.834298528608466,0.8245784240839611,0.0501448313090382,1,2
59189,-0.05811468174328171,-1.3564221143806794,-1.4208171969200585,0.0,0.0,-0.834298528608466,-1.212740924079984,-0.0813142877811867,2,0
59190,-0.05811468174328171,0.7372336305918931,-0.38463272023011674,0.0,0.0,1.1986117267495475,-1.212740924079984,0.0793579688846438,0,1
59191,-0.05811468174328171,-1.3564221143806794,0.6515517564598249,0.0,0.0,1.1986117267495475,0.8245784240839611,0.0939645376724466,0,1
59192,-0.04347709613472944,-1.3564221143806794,-0.38463272023011674,0.0,0.0,-0.834298528608466,0.8245784240839611,-0.0228880126299756,2,0
59212,-0.05811468174328171,-1.3564221143806794,-1.4208171969200585,0.0,0.0,-0.834298528608466,0.8245784240839611,-0.0521011502055811,2,0
59214,-0.05811468174328171,0.7372336305918931,-0.38463272023011674,0.0,0.0,-0.834298528608466,0.8245784240839611,0.0501448313090382,1,2
60001,-0.05811468174328171,-1.3564221143806794,1.6877362331497665,0.0,0.0,1.1986117267495475,-1.212740924079984,0.1085711064602493,0,1
60002,-0.05811468174328171,0.7372336305918931,0.6515517564598249,0.0,0.0,-0.834298528608466,0.8245784240839611,0.0939645376724466,0,1
60004,-0.05811468174328171,-1.3564221143806794,-0.38463272023011674,0.0,0.0,-0.834298528608466,0.8245784240839611,-0.0082814438421728,2,0
60005,-0.05811468174328171,-1.3564221143806794,-1.4208171969200585,0.0,0.0,1.1986117267495475,0.8245784240839611,0.0063251249456299,2,0
60006,-0.04347709613472944,0.7372336305918931,1.6877362331497665,0.0,0.0,1.1986117267495475,0.8245784240839611,0.1816039503992632,0,1
60008,-0.04347709613472944,0.7372336305918931,0.6515517564598249,0.0,0.0,-0.834298528608466,0.8245784240839611,0.0793579688846438,0,1
60009,-0.05811468174328171,-1.3564221143806794,-0.38463272023011674,0.0,0.0,1.1986117267495475,0.8245784240839611,0.0501448313090382,1,2
60010,-0.05811468174328171,0.7372336305918931,-1.4208171969200585,0.0,0.0,-0.834298528608466,-1.212740924079984,-0.0228880126299756,2,0
60031,-0.04347709613472944,0.7372336305918931,-1.4208171969200585,0.0,0.0,1.1986117267495475,-1.212740924079984,0.0209316937334327,1,2
60032,-0.05811468174328171,0.7372336305918931,-1.4208171969200585,0.0,0.0,-0.834298528608466,0.8245784240839611,0.0063251249456299,2,0
60033,-0.05811468174328171,-1.3564221143806794,0.6515517564598249,0.0,0.0,-0.834298528608466,0.8245784240839611,0.0355382625212355,1,2
60034,-0.05811468174328171,-1.3564221143806794,1.6877362331497665,0.0,0.0,1.1986117267495475,-1.212740924079984,0.1085711064602493,0,1
60035,-0.05811468174328171,0.7372336305918931,-0.38463272023011674,0.0,0.0,-0.834298528608466,0.8245784240839611,0.0501448313090382,1,2
60037,-0.05811468174328171,-1.3564221143806794,0.6515517564598249,0.0,0.0,-0.834298528608466,0.8245784240839611,0.0355382625212355,1,2
60038,-0.05811468174328171,0.7372336305918931,-0.38463272023011674,0.0,0.0,-0.834298528608466,0.8245784240839611,0.0501448313090382,1,2
60039,-0.05811468174328171,0.7372336305918931,0.6515517564598249,0.0,0.0,1.1986117267495475,-1.212740924079984,0.1231776752480521,0,1
60040,-0.05811468174328171,0.7372336305918931,0.6515517564598249,0.0,0.0,-0.834298528608466,0.8245784240839611,0.0939645376724466,0,1
60041,-0.05811468174328171,0.7372336305918931,-1.4208171969200585,0.0,0.0,1.1986117267495475,0.8245784240839611,0.064751400096841,1,2
60042,-0.05811468174328171,0.7372336305918931,-0.38463272023011674,0.0,0.0,-0.834298528608466,0.8245784240839611,0.0501448313090382,1,2
60043,-0.05811468174328171,0.7372336305918931,0.6515517564598249,0.0,0.0,-0.834298528608466,0.8245784240839611,0.0939645376724466,0,1
60044,-0.05811468174328171,0.7372336305918931,-1.4208171969200585,0.0,0.0,-0.834298528608466,-1.212740924079984,-0.0228880126299756,2,0
60045,-0.05811468174328171,0.7372336305918931,-0.38463272023011674,0.0,0.0,-0.834298528608466,0.8245784240839611,0.0501448313090382,1,2
60047,-0.04347709613472944,0.7372336305918931,-0.38463272023011674,0.0,0.0,1.1986117267495475,-1.212740924079984,0.064751400096841,1,2
60048,-0.04347709613472944,0.7372336305918931,1.6877362331497665,0.0,0.0,1.1986117267495475,-1.212740924079984,0.1523908128236577,0,1
60049,-0.05811468174328171,0.7372336305918931,-0.38463272023011674,0.0,0.0,-0.834298528608466,0.8245784240839611,0.0501448313090382,1,2
60050,-0.05811468174328171,0.7372336305918931,0.6515517564598249,0.0,0.0,-0.834298528608466,0.8245784240839611,0.0939645376724466,0,1
60051,-0.05811468174328171,0.7372336305918931,-0.38463272023011674,0.0,0.0,1.1986117267495475,0.8245784240839611,0.1085711064602493,0,1
60052,-0.04347709613472944,0.7372336305918931,0.6515517564598249,0.0,0.0,1.1986117267495475,-1.212740924079984,0.1085711064602493,0,1
60053,-0.05811468174328171,0.7372336305918931,0.6515517564598249,0.0,0.0,1.1986117267495475,0.8245784240839611,0.1523908128236577,0,1
60054,0.044348417516584165,0.7372336305918931,1.6877362331497665,0.0,0.0,1.1986117267495475,0.8245784240839611,0.0939645376724466,0,1
60055,-0.05811468174328171,-1.3564221143806794,-0.38463272023011674,0.0,0.0,-0.834298528608466,0.8245784240839611,-0.0082814438421728,2,0
60056,-0.05811468174328171,-1.3564221143806794,0.6515517564598249,0.0,0.0,1.1986117267495475,0.8245784240839611,0.0939645376724466,0,1
60057,-0.05811468174328171,0.7372336305918931,0.6515517564598249,0.0,0.0,-0.834298528608466,0.8245784240839611,0.0939645376724466,0,1
60058,-0.05811468174328171,-1.3564221143806794,-0.38463272023011674,0.0,0.0,-0.834298528608466,0.8245784240839611,-0.0082814438421728,2,0
60059,-0.05811468174328171,-1.3564221143806794,-1.4208171969200585,0.0,0.0,1.1986117267495475,-1.212740924079984,-0.0228880126299756,2,0
60060,-0.04347709613472944,-1.3564221143806794,-1.4208171969200585,0.0,0.0,1.1986117267495475,-1.212740924079984,-0.0374945814177783,2,0
69001,-0.05811468174328171,-1.3564221143806794,-1.4208171969200585,0.0,0.0,1.1986117267495475,-1.212740924079984,-0.0228880126299756,2,0
69004,-0.05811468174328171,-1.3564221143806794,1.6877362331497665,0.0,0.0,-0.834298528608466,0.8245784240839611,0.0793579688846438,0,1
69005,-0.05811468174328171,0.7372336305918931,-0.38463272023011674,0.0,0.0,-0.834298528608466,0.8245784240839611,0.0501448313090382,1,2
69006,-0.05811468174328171,0.7372336305918931,-0.38463272023011674,0.0,0.0,-0.834298528608466,0.8245784240839611,0.0501448313090382,1,2
69007,-0.04347709613472944,0.7372336305918931,0.6515517564598249,0.0,0.0,1.1986117267495475,-1.212740924079984,0.1085711064602493,0,1
69009,-0.05811468174328171,0.7372336305918931,-0.38463272023011674,0.0,0.0,-0.834298528608466,-1.212740924079984,0.0209316937334327,1,2
69010,-0.05811468174328171,-1.3564221143806794,-0.38463272023011674,0.0,0.0,1.1986117267495475,-1.212740924079984,0.0209316937334327,1,2
69012,-0.05811468174328171,0.7372336305918931,-1.4208171969200585,0.0,0.0,-0.834298528608466,-1.212740924079984,-0.0228880126299756,2,0
69013,-0.05811468174328171,0.7372336305918931,1.6877362331497665,0.0,0.0,1.1986117267495475,0.8245784240839611,0.196210519187066,0,1
69014,-0.05811468174328171,-1.3564221143806794,1.6877362331497665,0.0,0.0,1.1986117267495475,0.8245784240839611,0.1377842440358549,0,1
69016,-0.014201924917624904,0.7372336305918931,1.6877362331497665,0.0,0.0,-0.834298528608466,0.8245784240839611,0.0939645376724466,0,1
69017,-0.05811468174328171,0.7372336305918931,-0.38463272023011674,0.0,0.0,-0.834298528608466,0.8245784240839611,0.0501448313090382,1,2
69020,-0.05811468174328171,0.7372336305918931,0.6515517564598249,0.0,0.0,1.1986117267495475,0.8245784240839611,0.1523908128236577,0,1
69021,-0.05811468174328171,0.7372336305918931,-1.4208171969200585,0.0,0.0,-0.834298528608466,0.8245784240839611,0.0063251249456299,2,0
69022,-0.05811468174328171,0.7372336305918931,-1.4208171969200585,0.0,0.0,1.1986117267495475,-1.212740924079984,0.0355382625212355,1,2
69023,-0.05811468174328171,-1.3564221143806794,-1.4208171969200585,0.0,0.0,1.1986117267495475,0.8245784240839611,0.0063251249456299,2,0
69025,-0.05811468174328171,0.7372336305918931,0.6515517564598249,0.0,0.0,-0.834298528608466,0.8245784240839611,0.0939645376724466,0,1
69026,-0.05811468174328171,-1.3564221143806794,-0.38463272023011674,0.0,0.0,1.1986117267495475,0.8245784240839611,0.0501448313090382,1,2
69027,-0.05811468174328171,0.7372336305918931,-0.38463272023011674,0.0,0.0,-0.834298528608466,-1.212740924079984,0.0209316937334327,1,2
69028,-0.05811468174328171,0.7372336305918931,-1.4208171969200585,0.0,0.0,1.1986117267495475,-1.212740924079984,0.0355382625212355,1,2
69029,-0.05811468174328171,0.7372336305918931,-0.38463272023011674,0.0,0.0,-0.834298528608466,-1.212740924079984,0.0209316937334327,1,2
69030,-0.05811468174328171,0.7372336305918931,0.6515517564598249,0.0,0.0,1.1986117267495475,0.8245784240839611,0.1523908128236577,0,1
69031,-0.05811468174328171,-1.3564221143806794,-0.38463272023011674,0.0,0.0,-0.834298528608466,0.8245784240839611,-0.0082814438421728,2,0
69033,-0.05811468174328171,-1.3564221143806794,0.6515517564598249,0.0,0.0,-0.834298528608466,0.8245784240839611,0.0355382625212355,1,2
69034,-0.05811468174328171,-1.3564221143806794,-0.38463272023011674,0.0,0.0,-0.834298528608466,0.8245784240839611,-0.0082814438421728,2,0
69036,-0.05811468174328171,-1.3564221143806794,0.6515517564598249,0.0,0.0,1.1986117267495475,-1.212740924079984,0.064751400096841,1,2
69037,-0.05811468174328171,0.7372336305918931,0.6515517564598249,0.0,0.0,-0.834298528608466,0.8245784240839611,0.0939645376724466,0,1
69038,-0.05811468174328171,0.7372336305918931,-0.38463272023011674,0.0,0.0,1.1986117267495475,0.8245784240839611,0.1085711064602493,0,1
69040,-0.05811468174328171,-1.3564221143806794,-0.38463272023011674,0.0,0.0,-0.834298528608466,0.8245784240839611,-0.0082814438421728,2,0
69041,-0.05811468174328171,0.7372336305918931,0.6515517564598249,0.0,0.0,1.1986117267495475,0.8245784240839611,0.1523908128236577,0,1
69042,-0.05811468174328171,0.7372336305918931,0.6515517564598249,0.0,0.0,1.1986117267495475,-1.212740924079984,0.1231776752480521,0,1
69043,-0.05811468174328171,0.7372336305918931,-0.38463272023011674,0.0,0.0,-0.834298528608466,-1.212740924079984,0.0209316937334327,1,2
69045,-0.05811468174328171,0.7372336305918931,-0.38463272023011674,0.0,0.0,-0.834298528608466,0.8245784240839611,0.0501448313090382,1,2
69046,-0.05811468174328171,-1.3564221143806794,1.6877362331497665,0.0,0.0,-0.834298528608466,0.8245784240839611,0.0793579688846438,0,1
69047,-0.05811468174328171,0.7372336305918931,0.6515517564598249,0.0,0.0,-0.834298528608466,0.8245784240839611,0.0939645376724466,0,1
69048,0.00043566069092736256,0.7372336305918931,-0.38463272023011674,0.0,0.0,-0.834298528608466,0.8245784240839611,-0.0082814438421728,2,0
69049,-0.05811468174328171,0.7372336305918931,-0.38463272023011674,0.0,0.0,1.1986117267495475,0.8245784240839611,0.1085711064602493,0,1
69050,-0.05811468174328171,-1.3564221143806794,-0.38463272023011674,0.0,0.0,-0.834298528608466,0.8245784240839611,-0.0082814438421728,2,0
69051,-0.05811468174328171,0.7372336305918931,0.6515517564598249,0.0,0.0,1.1986117267495475,0.8245784240839611,0.1523908128236577,0,1
69052,-0.05811468174328171,-1.3564221143806794,-0.38463272023011674,0.0,0.0,1.1986117267495475,0.8245784240839611,0.0501448313090382,1,2
70011,-0.05811468174328171,-1.3564221143806794,1.6877362331497665,0.0,0.0,-0.834298528608466,-1.212740924079984,0.0501448313090382,1,2
70012,-0.05811468174328171,0.7372336305918931,-0.38463272023011674,0.0,0.0,1.1986117267495475,0.8245784240839611,0.1085711064602493,0,1
70013,-0.05811468174328171,0.7372336305918931,-0.38463272023011674,0.0,0.0,-0.834298528608466,0.8245784240839611,0.0501448313090382,1,2
70015,-0.05811468174328171,0.7372336305918931,0.6515517564598249,0.0,0.0,1.1986117267495475,0.8245784240839611,0.1523908128236577,0,1
70016,-0.04347709613472944,-1.3564221143806794,1.6877362331497665,0.0,0.0,-0.834298528608466,0.8245784240839611,0.064751400096841,1,2
70017,-0.05811468174328171,0.7372336305918931,0.6515517564598249,0.0,0.0,1.1986117267495475,0.8245784240839611,0.1523908128236577,0,1
70018,-0.05811468174328171,-1.3564221143806794,-0.38463272023011674,0.0,0.0,1.1986117267495475,0.8245784240839611,0.0501448313090382,1,2
70019,-0.05811468174328171,-1.3564221143806794,0.6515517564598249,0.0,0.0,-0.834298528608466,-1.212740924079984,0.0063251249456299,2,0
70020,-0.05811468174328171,0.7372336305918931,0.6515517564598249,0.0,0.0,1.1986117267495475,0.8245784240839611,0.1523908128236577,0,1
70062,-0.04347709613472944,0.7372336305918931,-0.38463272023011674,0.0,0.0,-0.834298528608466,0.8245784240839611,0.0355382625212355,1,2
70063,-0.04347709613472944,0.7372336305918931,-1.4208171969200585,0.0,0.0,-0.834298528608466,0.8245784240839611,-0.0082814438421728,2,0
70064,-0.05811468174328171,0.7372336305918931,-0.38463272023011674,0.0,0.0,1.1986117267495475,-1.212740924079984,0.0793579688846438,0,1
70066,-0.05811468174328171,0.7372336305918931,-0.38463272023011674,0.0,0.0,-0.834298528608466,-1.212740924079984,0.0209316937334327,1,2
70067,-0.05811468174328171,0.7372336305918931,1.6877362331497665,0.0,0.0,1.1986117267495475,-1.212740924079984,0.1669973816114605,0,1
70068,-0.05811468174328171,-1.3564221143806794,-0.38463272023011674,0.0,0.0,-0.834298528608466,0.8245784240839611,-0.0082814438421728,2,0
70069,-0.05811468174328171,0.7372336305918931,1.6877362331497665,0.0,0.0,1.1986117267495475,-1.212740924079984,0.1669973816114605,0,1
70070,-0.05811468174328171,0.7372336305918931,-0.38463272023011674,0.0,0.0,-0.834298528608466,0.8245784240839611,0.0501448313090382,1,2
70071,-0.05811468174328171,-1.3564221143806794,0.6515517564598249,0.0,0.0,-0.834298528608466,-1.212740924079984,0.0063251249456299,2,0
70072,-0.05811468174328171,0.7372336305918931,-0.38463272023011674,0.0,0.0,-0.834298528608466,-1.212740924079984,0.0209316937334327,1,2
70073,-0.05811468174328171,0.7372336305918931,-1.4208171969200585,0.0,0.0,-0.834298528608466,-1.212740924079984,-0.0228880126299756,2,0
70074,-0.04347709613472944,-1.3564221143806794,-0.38463272023011674,0.0,0.0,-0.834298528608466,-1.212740924079984,-0.0521011502055811,2,0
70075,-0.04347709613472944,-1.3564221143806794,-1.4208171969200585,0.0,0.0,-0.834298528608466,0.8245784240839611,-0.0667077189933839,2,0
70076,-0.04347709613472944,0.7372336305918931,0.6515517564598249,0.0,0.0,-0.834298528608466,0.8245784240839611,0.0793579688846438,0,1
70077,-0.05811468174328171,-1.3564221143806794,-0.38463272023011674,0.0,0.0,-0.834298528608466,0.8245784240839611,-0.0082814438421728,2,0
70078,-0.05811468174328171,0.7372336305918931,0.6515517564598249,0.0,0.0,-0.834298528608466,-1.212740924079984,0.064751400096841,1,2
70079,-0.05811468174328171,0.7372336305918931,-0.38463272023011674,0.0,0.0,-0.834298528608466,-1.212740924079984,0.0209316937334327,1,2
70080,-0.04347709613472944,0.7372336305918931,-1.4208171969200585,0.0,0.0,-0.834298528608466,0.8245784240839611,-0.0082814438421728,2,0
70121,-0.05811468174328171,0.7372336305918931,-0.38463272023011674,0.0,0.0,1.1986117267495475,0.8245784240839611,0.1085711064602493,0,1
70122,-0.04347709613472944,0.7372336305918931,1.6877362331497665,0.0,0.0,-0.834298528608466,-1.212740924079984,0.0939645376724466,0,1
70123,-0.028839510526177174,-1.3564221143806794,0.6515517564598249,0.0,0.0,-0.834298528608466,0.8245784240839611,0.0063251249456299,2,0
70124,-0.05811468174328171,0.7372336305918931,-0.38463272023011674,0.0,0.0,-0.834298528608466,0.8245784240839611,0.0501448313090382,1,2
70125,-0.05811468174328171,0.7372336305918931,-0.38463272023011674,0.0,0.0,1.1986117267495475,-1.212740924079984,0.0793579688846438,0,1
70126,-0.04347709613472944,-1.3564221143806794,-1.4208171969200585,0.0,0.0,-0.834298528608466,0.8245784240839611,-0.0667077189933839,2,0
70127,-0.04347709613472944,0.7372336305918931,1.6877362331497665,0.0,0.0,1.1986117267495475,-1.212740924079984,0.1523908128236577,0,1
70128,-0.05811468174328171,0.7372336305918931,0.6515517564598249,0.0,0.0,-0.834298528608466,0.8245784240839611,0.0939645376724466,0,1
70129,-0.028839510526177174,0.7372336305918931,-0.38463272023011674,0.0,0.0,-0.834298528608466,-1.212740924079984,-0.0082814438421728,2,0
70130,0.044348417516584165,0.7372336305918931,0.6515517564598249,0.0,0.0,1.1986117267495475,0.8245784240839611,0.0501448313090382,1,2
70131,-0.05811468174328171,0.7372336305918931,-1.4208171969200585,0.0,0.0,-0.834298528608466,-1.212740924079984,-0.0228880126299756,2,0
70132,-0.04347709613472944,0.7372336305918931,1.6877362331497665,0.0,0.0,-0.834298528608466,0.8245784240839611,0.1231776752480521,0,1
70133,-0.05811468174328171,0.7372336305918931,-1.4208171969200585,0.0,0.0,1.1986117267495475,-1.212740924079984,0.0355382625212355,1,2
70134,-0.05811468174328171,0.7372336305918931,0.6515517564598249,0.0,0.0,1.1986117267495475,0.8245784240839611,0.1523908128236577,0,1
70135,-0.05811468174328171,0.7372336305918931,-0.38463272023011674,0.0,0.0,1.1986117267495475,0.8245784240839611,0.1085711064602493,0,1
70136,-0.05811468174328171,0.7372336305918931,0.6515517564598249,0.0,0.0,1.1986117267495475,0.8245784240839611,0.1523908128236577,0,1
70137,-0.05811468174328171,0.7372336305918931,0.6515517564598249,0.0,0.0,1.1986117267495475,0.8245784240839611,0.1523908128236577,0,1
70139,-0.05811468174328171,-1.3564221143806794,0.6515517564598249,0.0,0.0,1.1986117267495475,0.8245784240839611,0.0939645376724466,0,1
70140,-0.05811468174328171,0.7372336305918931,0.6515517564598249,0.0,0.0,-0.834298528608466,-1.212740924079984,0.064751400096841,1,2
70151,-0.05811468174328171,0.7372336305918931,1.6877362331497665,0.0,0.0,1.1986117267495475,-1.212740924079984,0.1669973816114605,0,1
70152,-0.05811468174328171,-1.3564221143806794,-1.4208171969200585,0.0,0.0,1.1986117267495475,0.8245784240839611,0.0063251249456299,2,0
70153,-0.05811468174328171,0.7372336305918931,-0.38463272023011674,0.0,0.0,-0.834298528608466,-1.212740924079984,0.0209316937334327,1,2
70154,-0.05811468174328171,-1.3564221143806794,-0.38463272023011674,0.0,0.0,-0.834298528608466,0.8245784240839611,-0.0082814438421728,2,0
70155,-0.05811468174328171,-1.3564221143806794,1.6877362331497665,0.0,0.0,-0.834298528608466,-1.212740924079984,0.0501448313090382,1,2
70156,-0.05811468174328171,0.7372336305918931,-0.38463272023011674,0.0,0.0,1.1986117267495475,0.8245784240839611,0.1085711064602493,0,1
70157,-0.05811468174328171,-1.3564221143806794,0.6515517564598249,0.0,0.0,-0.834298528608466,0.8245784240839611,0.0355382625212355,1,2
70158,-0.04347709613472944,0.7372336305918931,0.6515517564598249,0.0,0.0,1.1986117267495475,0.8245784240839611,0.1377842440358549,0,1
70159,-0.014201924917624904,0.7372336305918931,-0.38463272023011674,0.0,0.0,-0.834298528608466,0.8245784240839611,0.0063251249456299,2,0
70160,-0.04347709613472944,0.7372336305918931,-0.38463272023011674,0.0,0.0,1.1986117267495475,-1.212740924079984,0.064751400096841,1,2
79002,-0.05811468174328171,-1.3564221143806794,-0.38463272023011674,0.0,0.0,-0.834298528608466,0.8245784240839611,-0.0082814438421728,2,0
79004,-0.05811468174328171,-1.3564221143806794,-0.38463272023011674,0.0,0.0,1.1986117267495475,-1.212740924079984,0.0209316937334327,1,2
79005,-0.05811468174328171,0.7372336305918931,-0.38463272023011674,0.0,0.0,1.1986117267495475,0.8245784240839611,0.1085711064602493,0,1
79006,-0.05811468174328171,0.7372336305918931,-1.4208171969200585,0.0,0.0,1.1986117267495475,0.8245784240839611,0.064751400096841,1,2
79007,-0.05811468174328171,0.7372336305918931,1.6877362331497665,0.0,0.0,1.1986117267495475,0.8245784240839611,0.196210519187066,0,1
79009,-0.05811468174328171,-1.3564221143806794,1.6877362331497665,0.0,0.0,1.1986117267495475,-1.212740924079984,0.1085711064602493,0,1
79010,-0.05811468174328171,0.7372336305918931,-0.38463272023011674,0.0,0.0,-0.834298528608466,-1.212740924079984,0.0209316937334327,1,2
79011,-0.05811468174328171,0.7372336305918931,-0.38463272023011674,0.0,0.0,-0.834298528608466,-1.212740924079984,0.0209316937334327,1,2
79012,-0.05811468174328171,0.7372336305918931,-1.4208171969200585,0.0,0.0,1.1986117267495475,-1.212740924079984,0.0355382625212355,1,2
79014,-0.05811468174328171,-1.3564221143806794,0.6515517564598249,0.0,0.0,-0.834298528608466,-1.212740924079984,0.0063251249456299,2,0
79015,-0.05811468174328171,0.7372336305918931,0.6515517564598249,0.0,0.0,-0.834298528608466,0.8245784240839611,0.0939645376724466,0,1
79016,-0.05811468174328171,0.7372336305918931,-1.4208171969200585,0.0,0.0,-0.834298528608466,-1.212740924079984,-0.0228880126299756,2,0
79017,-0.05811468174328171,0.7372336305918931,-1.4208171969200585,0.0,0.0,-0.834298528608466,0.8245784240839611,0.0063251249456299,2,0
79018,-0.05811468174328171,-1.3564221143806794,0.6515517564598249,0.0,0.0,-0.834298528608466,0.8245784240839611,0.0355382625212355,1,2
79019,-0.05811468174328171,0.7372336305918931,0.6515517564598249,0.0,0.0,1.1986117267495475,0.8245784240839611,0.1523908128236577,0,1
79020,-0.05811468174328171,0.7372336305918931,-1.4208171969200585,0.0,0.0,-0.834298528608466,-1.212740924079984,-0.0228880126299756,2,0
79021,-0.05811468174328171,-1.3564221143806794,0.6515517564598249,0.0,0.0,-0.834298528608466,-1.212740924079984,0.0063251249456299,2,0
79023,-0.05811468174328171,0.7372336305918931,-0.38463272023011674,0.0,0.0,-0.834298528608466,0.8245784240839611,0.0501448313090382,1,2
79024,-0.05811468174328171,0.7372336305918931,-0.38463272023011674,0.0,0.0,1.1986117267495475,-1.212740924079984,0.0793579688846438,0,1
79025,-0.05811468174328171,-1.3564221143806794,0.6515517564598249,0.0,0.0,1.1986117267495475,0.8245784240839611,0.0939645376724466,0,1
79026,-0.05811468174328171,-1.3564221143806794,0.6515517564598249,0.0,0.0,1.1986117267495475,-1.212740924079984,0.064751400096841,1,2
79028,-0.05811468174328171,0.7372336305918931,-0.38463272023011674,0.0,0.0,-0.834298528608466,0.8245784240839611,0.0501448313090382,1,2
79029,-0.05811468174328171,-1.3564221143806794,1.6877362331497665,0.0,0.0,1.1986117267495475,0.8245784240839611,0.1377842440358549,0,1
79030,-0.05811468174328171,0.7372336305918931,-0.38463272023011674,0.0,0.0,1.1986117267495475,0.8245784240839611,0.1085711064602493,0,1
79032,-0.05811468174328171,-1.3564221143806794,0.6515517564598249,0.0,0.0,1.1986117267495475,-1.212740924079984,0.064751400096841,1,2
79033,-0.05811468174328171,0.7372336305918931,-0.38463272023011674,0.0,0.0,1.1986117267495475,-1.212740924079984,0.0793579688846438,0,1
79034,-0.05811468174328171,-1.3564221143806794,1.6877362331497665,0.0,0.0,-0.834298528608466,0.8245784240839611,0.0793579688846438,0,1
79035,-0.05811468174328171,0.7372336305918931,1.6877362331497665,0.0,0.0,-0.834298528608466,0.8245784240839611,0.1377842440358549,0,1
79036,-0.05811468174328171,0.7372336305918931,-1.4208171969200585,0.0,0.0,-0.834298528608466,-1.212740924079984,-0.0228880126299756,2,0
79038,-0.05811468174328171,0.7372336305918931,1.6877362331497665,0.0,0.0,-0.834298528608466,-1.212740924079984,0.1085711064602493,0,1
79039,-0.05811468174328171,0.7372336305918931,0.6515517564598249,0.0,0.0,1.1986117267495475,-1.212740924079984,0.1231776752480521,0,1
79040,-0.05811468174328171,-1.3564221143806794,0.6515517564598249,0.0,0.0,1.1986117267495475,0.8245784240839611,0.0939645376724466,0,1
79041,-0.05811468174328171,0.7372336305918931,-0.38463272023011674,0.0,0.0,1.1986117267495475,-1.212740924079984,0.0793579688846438,0,1
79042,-0.05811468174328171,-1.3564221143806794,0.6515517564598249,0.0,0.0,-0.834298528608466,0.8245784240839611,0.0355382625212355,1,2
79043,-0.05811468174328171,-1.3564221143806794,1.6877362331497665,0.0,0.0,-0.834298528608466,0.8245784240839611,0.0793579688846438,0,1
79045,-0.05811468174328171,-1.3564221143806794,-0.38463272023011674,0.0,0.0,-0.834298528608466,0.8245784240839611,-0.0082814438421728,2,0
79046,-0.05811468174328171,0.7372336305918931,1.6877362331497665,0.0,0.0,-0.834298528608466,0.8245784240839611,0.1377842440358549,0,1
79047,-0.05811468174328171,0.7372336305918931,-1.4208171969200585,0.0,0.0,-0.834298528608466,0.8245784240839611,0.0063251249456299,2,0
79051,-0.05811468174328171,0.7372336305918931,-1.4208171969200585,0.0,0.0,1.1986117267495475,0.8245784240839611,0.064751400096841,1,2
79052,-0.05811468174328171,0.7372336305918931,-0.38463272023011674,0.0,0.0,-0.834298528608466,-1.212740924079984,0.0209316937334327,1,2
79053,-0.05811468174328171,-1.3564221143806794,0.6515517564598249,0.0,0.0,1.1986117267495475,0.8245784240839611,0.0939645376724466,0,1
79054,-0.05811468174328171,0.7372336305918931,0.6515517564598249,0.0,0.0,-0.834298528608466,0.8245784240839611,0.0939645376724466,0,1
79055,-0.04347709613472944,0.7372336305918931,-1.4208171969200585,0.0,0.0,1.1986117267495475,0.8245784240839611,0.0501448313090382,1,2
79056,-0.05811468174328171,0.7372336305918931,1.6877362331497665,0.0,0.0,-0.834298528608466,0.8245784240839611,0.1377842440358549,0,1
79057,-0.05811468174328171,-1.3564221143806794,-1.4208171969200585,0.0,0.0,-0.834298528608466,-1.212740924079984,-0.0813142877811867,2,0
79058,-0.05811468174328171,0.7372336305918931,-1.4208171969200585,0.0,0.0,1.1986117267495475,0.8245784240839611,0.064751400096841,1,2
79059,-0.05811468174328171,0.7372336305918931,-1.4208171969200585,0.0,0.0,1.1986117267495475,-1.212740924079984,0.0355382625212355,1,2
79060,-0.05811468174328171,-1.3564221143806794,0.6515517564598249,0.0,0.0,-0.834298528608466,0.8245784240839611,0.0355382625212355,1,2
79061,-0.05811468174328171,-1.3564221143806794,1.6877362331497665,0.0,0.0,-0.834298528608466,-1.212740924079984,0.0501448313090382,1,2
79062,-0.05811468174328171,0.7372336305918931,0.6515517564598249,0.0,0.0,-0.834298528608466,0.8245784240839611,0.0939645376724466,0,1
79064,-0.05811468174328171,0.7372336305918931,0.6515517564598249,0.0,0.0,1.1986117267495475,-1.212740924079984,0.1231776752480521,0,1
79065,-0.05811468174328171,-1.3564221143806794,-1.4208171969200585,0.0,0.0,1.1986117267495475,0.8245784240839611,0.0063251249456299,2,0
79067,-0.05811468174328171,0.7372336305918931,-0.38463272023011674,0.0,0.0,-0.834298528608466,0.8245784240839611,0.0501448313090382,1,2
79068,-0.05811468174328171,-1.3564221143806794,-0.38463272023011674,0.0,0.0,-0.834298528608466,-1.212740924079984,-0.0374945814177783,2,0
79069,-0.05811468174328171,0.7372336305918931,-0.38463272023011674,0.0,0.0,1.1986117267495475,0.8245784240839611,0.1085711064602493,0,1
79070,-0.05811468174328171,0.7372336305918931,-1.4208171969200585,0.0,0.0,-0.834298528608466,0.8245784240839611,0.0063251249456299,2,0
79072,-0.05811468174328171,0.7372336305918931,0.6515517564598249,0.0,0.0,1.1986117267495475,0.8245784240839611,0.1523908128236577,0,1
79073,-0.05811468174328171,0.7372336305918931,-0.38463272023011674,0.0,0.0,-0.834298528608466,-1.212740924079984,0.0209316937334327,1,2
79074,-0.05811468174328171,0.7372336305918931,0.6515517564598249,0.0,0.0,-0.834298528608466,0.8245784240839611,0.0939645376724466,0,1
79075,-0.05811468174328171,-1.3564221143806794,-0.38463272023011674,0.0,0.0,-0.834298528608466,0.8245784240839611,-0.0082814438421728,2,0
79077,-0.05811468174328171,0.7372336305918931,-1.4208171969200585,0.0,0.0,-0.834298528608466,0.8245784240839611,0.0063251249456299,2,0
79078,-0.05811468174328171,0.7372336305918931,0.6515517564598249,0.0,0.0,-0.834298528608466,0.8245784240839611,0.0939645376724466,0,1
79080,-0.05811468174328171,0.7372336305918931,-1.4208171969200585,0.0,0.0,1.1986117267495475,0.8245784240839611,0.064751400096841,1,2
79081,-0.05811468174328171,-1.3564221143806794,1.6877362331497665,0.0,0.0,1.1986117267495475,-1.212740924079984,0.1085711064602493,0,1
79082,-0.05811468174328171,-1.3564221143806794,0.6515517564598249,0.0,0.0,1.1986117267495475,-1.212740924079984,0.064751400096841,1,2
79083,-0.05811468174328171,-1.3564221143806794,-1.4208171969200585,0.0,0.0,1.1986117267495475,-1.212740924079984,-0.0228880126299756,2,0
79084,-0.05811468174328171,0.7372336305918931,1.6877362331497665,0.0,0.0,-0.834298528608466,-1.212740924079984,0.1085711064602493,0,1
79085,-0.05811468174328171,0.7372336305918931,-0.38463272023011674,0.0,0.0,-0.834298528608466,0.8245784240839611,0.0501448313090382,1,2
79087,-0.05811468174328171,0.7372336305918931,-1.4208171969200585,0.0,0.0,1.1986117267495475,0.8245784240839611,0.064751400096841,1,2
79088,-0.05811468174328171,0.7372336305918931,0.6515517564598249,0.0,0.0,-0.834298528608466,-1.212740924079984,0.064751400096841,1,2
79090,-0.05811468174328171,0.7372336305918931,-0.38463272023011674,0.0,0.0,-0.834298528608466,0.8245784240839611,0.0501448313090382,1,2
79091,-0.05811468174328171,-1.3564221143806794,0.6515517564598249,0.0,0.0,-0.834298528608466,0.8245784240839611,0.0355382625212355,1,2
79092,-0.05811468174328171,0.7372336305918931,0.6515517564598249,0.0,0.0,-0.834298528608466,0.8245784240839611,0.0939645376724466,0,1
79093,-0.05811468174328171,0.7372336305918931,1.6877362331497665,0.0,0.0,-0.834298528608466,0.8245784240839611,0.1377842440358549,0,1
79094,-0.05811468174328171,0.7372336305918931,-0.38463272023011674,0.0,0.0,1.1986117267495475,0.8245784240839611,0.1085711064602493,0,1
79095,-0.05811468174328171,0.7372336305918931,-0.38463272023011674,0.0,0.0,1.1986117267495475,-1.212740924079984,0.0793579688846438,0,1
79096,-0.05811468174328171,0.7372336305918931,0.6515517564598249,0.0,0.0,1.1986117267495475,-1.212740924079984,0.1231776752480521,0,1
79097,-0.05811468174328171,0.7372336305918931,-1.4208171969200585,0.0,0.0,1.1986117267495475,-1.212740924079984,0.0355382625212355,1,2
79098,-0.05811468174328171,-1.3564221143806794,-0.38463272023011674,0.0,0.0,1.1986117267495475,0.8245784240839611,0.0501448313090382,1,2
79099,-0.05811468174328171,-1.3564221143806794,-0.38463272023011674,0.0,0.0,-0.834298528608466,-1.212740924079984,-0.0374945814177783,2,0
79101,-0.05811468174328171,0.7372336305918931,-1.4208171969200585,0.0,0.0,-0.834298528608466,0.8245784240839611,0.0063251249456299,2,0
79102,-0.05811468174328171,0.7372336305918931,-0.38463272023011674,0.0,0.0,1.1986117267495475,-1.212740924079984,0.0793579688846438,0,1
79104,-0.05811468174328171,0.7372336305918931,1.6877362331497665,0.0,0.0,-0.834298528608466,0.8245784240839611,0.1377842440358549,0,1
79105,-0.05811468174328171,0.7372336305918931,1.6877362331497665,0.0,0.0,-0.834298528608466,-1.212740924079984,0.1085711064602493,0,1
79106,-0.05811468174328171,-1.3564221143806794,-1.4208171969200585,0.0,0.0,-0.834298528608466,-1.212740924079984,-0.0813142877811867,2,0
79108,-0.028839510526177174,-1.3564221143806794,-1.4208171969200585,0.0,0.0,-0.834298528608466,-1.212740924079984,-0.1105274253567922,2,0
79109,-0.05811468174328171,0.7372336305918931,-0.38463272023011674,0.0,0.0,-0.834298528608466,0.8245784240839611,0.0501448313090382,1,2
79110,-0.05811468174328171,0.7372336305918931,1.6877362331497665,0.0,0.0,-0.834298528608466,-1.212740924079984,0.1085711064602493,0,1
79111,-0.05811468174328171,-1.3564221143806794,-1.4208171969200585,0.0,0.0,-0.834298528608466,0.8245784240839611,-0.0521011502055811,2,0
79112,-0.05811468174328171,0.7372336305918931,0.6515517564598249,0.0,0.0,1.1986117267495475,-1.212740924079984,0.1231776752480521,0,1
79113,-0.04347709613472944,-1.3564221143806794,-1.4208171969200585,0.0,0.0,-0.834298528608466,-1.212740924079984,-0.0959208565689894,2,0
79114,-0.05811468174328171,0.7372336305918931,0.6515517564598249,0.0,0.0,1.1986117267495475,0.8245784240839611,0.1523908128236577,0,1
79116,-0.05811468174328171,-1.3564221143806794,-0.38463272023011674,0.0,0.0,-0.834298528608466,-1.212740924079984,-0.0374945814177783,2,0
79117,-0.05811468174328171,0.7372336305918931,0.6515517564598249,0.0,0.0,-0.834298528608466,0.8245784240839611,0.0939645376724466,0,1
79119,-0.05811468174328171,-1.3564221143806794,-0.38463272023011674,0.0,0.0,-0.834298528608466,0.8245784240839611,-0.0082814438421728,2,0
79120,-0.05811468174328171,0.7372336305918931,0.6515517564598249,0.0,0.0,-0.834298528608466,-1.212740924079984,0.064751400096841,1,2
79121,-0.05811468174328171,-1.3564221143806794,-0.38463272023011674,0.0,0.0,1.1986117267495475,-1.212740924079984,0.0209316937334327,1,2
79122,-0.05811468174328171,-1.3564221143806794,0.6515517564598249,0.0,0.0,1.1986117267495475,-1.212740924079984,0.064751400096841,1,2
79123,-0.05811468174328171,0.7372336305918931,1.6877362331497665,0.0,0.0,1.1986117267495475,0.8245784240839611,0.196210519187066,0,1
79124,-0.05811468174328171,0.7372336305918931,-1.4208171969200585,0.0,0.0,1.1986117267495475,0.8245784240839611,0.064751400096841,1,2
79125,-0.05811468174328171,0.7372336305918931,1.6877362331497665,0.0,0.0,-0.834298528608466,0.8245784240839611,0.1377842440358549,0,1
79127,-0.05811468174328171,-1.3564221143806794,0.6515517564598249,0.0,0.0,-0.834298528608466,0.8245784240839611,0.0355382625212355,1,2
79128,-0.05811468174328171,0.7372336305918931,-1.4208171969200585,0.0,0.0,-0.834298528608466,-1.212740924079984,-0.0228880126299756,2,0
79129,-0.05811468174328171,0.7372336305918931,-0.38463272023011674,0.0,0.0,-0.834298528608466,0.8245784240839611,0.0501448313090382,1,2
79131,-0.05811468174328171,0.7372336305918931,-1.4208171969200585,0.0,0.0,-0.834298528608466,0.8245784240839611,0.0063251249456299,2,0
79132,-0.05811468174328171,-1.3564221143806794,0.6515517564598249,0.0,0.0,-0.834298528608466,0.8245784240839611,0.0355382625212355,1,2
79133,-0.05811468174328171,0.7372336305918931,0.6515517564598249,0.0,0.0,-0.834298528608466,0.8245784240839611,0.0939645376724466,0,1
79134,-0.05811468174328171,-1.3564221143806794,-1.4208171969200585,0.0,0.0,-0.834298528608466,0.8245784240839611,-0.0521011502055811,2,0
79136,-0.05811468174328171,-1.3564221143806794,-0.38463272023011674,0.0,0.0,-0.834298528608466,-1.212740924079984,-0.0374945814177783,2,0
79137,-0.05811468174328171,0.7372336305918931,0.6515517564598249,0.0,0.0,1.1986117267495475,0.8245784240839611,0.1523908128236577,0,1
79138,-0.05811468174328171,-1.3564221143806794,1.6877362331497665,0.0,0.0,1.1986117267495475,0.8245784240839611,0.1377842440358549,0,1
79139,-0.014201924917624904,0.7372336305918931,-0.38463272023011674,0.0,0.0,1.1986117267495475,-1.212740924079984,0.0355382625212355,1,2
79140,-0.05811468174328171,0.7372336305918931,1.6877362331497665,0.0,0.0,1.1986117267495475,0.8245784240839611,0.196210519187066,0,1
79141,-0.05811468174328171,0.7372336305918931,-0.38463272023011674,0.0,0.0,-0.834298528608466,-1.212740924079984,0.0209316937334327,1,2
79142,-0.05811468174328171,0.7372336305918931,-0.38463272023011674,0.0,0.0,-0.834298528608466,0.8245784240839611,0.0501448313090382,1,2
79143,-0.05811468174328171,-1.3564221143806794,0.6515517564598249,0.0,0.0,-0.834298528608466,0.8245784240839611,0.0355382625212355,1,2
80011,-0.05811468174328171,-1.3564221143806794,-0.38463272023011674,0.0,0.0,1.1986117267495475,-1.212740924079984,0.0209316937334327,1,2
80012,-0.05811468174328171,0.7372336305918931,-0.38463272023011674,0.0,0.0,1.1986117267495475,0.8245784240839611,0.1085711064602493,0,1
80013,-0.04347709613472944,-1.3564221143806794,-0.38463272023011674,0.0,0.0,-0.834298528608466,0.8245784240839611,-0.0228880126299756,2,0
80015,-0.05811468174328171,0.7372336305918931,0.6515517564598249,0.0,0.0,-0.834298528608466,0.8245784240839611,0.0939645376724466,0,1
80016,-0.05811468174328171,-1.3564221143806794,0.6515517564598249,0.0,0.0,1.1986117267495475,-1.212740924079984,0.064751400096841,1,2
80017,-0.05811468174328171,-1.3564221143806794,-0.38463272023011674,0.0,0.0,-0.834298528608466,-1.212740924079984,-0.0374945814177783,2,0
80018,-0.05811468174328171,0.7372336305918931,-0.38463272023011674,0.0,0.0,1.1986117267495475,-1.212740924079984,0.0793579688846438,0,1
80019,-0.05811468174328171,-1.3564221143806794,-0.38463272023011674,0.0,0.0,-0.834298528608466,-1.212740924079984,-0.0374945814177783,2,0
80020,-0.05811468174328171,0.7372336305918931,0.6515517564598249,0.0,0.0,-0.834298528608466,0.8245784240839611,0.0939645376724466,0,1
80091,-0.05811468174328171,0.7372336305918931,-0.38463272023011674,0.0,0.0,1.1986117267495475,0.8245784240839611,0.1085711064602493,0,1
80092,-0.05811468174328171,0.7372336305918931,0.6515517564598249,0.0,0.0,1.1986117267495475,0.8245784240839611,0.1523908128236577,0,1
80093,-0.05811468174328171,-1.3564221143806794,-0.38463272023011674,0.0,0.0,1.1986117267495475,0.8245784240839611,0.0501448313090382,1,2
80095,-0.05811468174328171,-1.3564221143806794,-0.38463272023011674,0.0,0.0,-0.834298528608466,0.8245784240839611,-0.0082814438421728,2,0
80097,-0.05811468174328171,-1.3564221143806794,-1.4208171969200585,0.0,0.0,-0.834298528608466,0.8245784240839611,-0.0521011502055811,2,0
80098,-0.05811468174328171,0.7372336305918931,-0.38463272023011674,0.0,0.0,1.1986117267495475,0.8245784240839611,0.1085711064602493,0,1
80099,-0.04347709613472944,0.7372336305918931,1.6877362331497665,0.0,0.0,-0.834298528608466,0.8245784240839611,0.1231776752480521,0,1
80100,-0.05811468174328171,-1.3564221143806794,-0.38463272023011674,0.0,0.0,-0.834298528608466,0.8245784240839611,-0.0082814438421728,2,0
80102,-0.05811468174328171,0.7372336305918931,-1.4208171969200585,0.0,0.0,1.1986117267495475,-1.212740924079984,0.0355382625212355,1,2
80103,-0.05811468174328171,-1.3564221143806794,-0.38463272023011674,0.0,0.0,-0.834298528608466,-1.212740924079984,-0.0374945814177783,2,0
80104,-0.05811468174328171,0.7372336305918931,-0.38463272023011674,0.0,0.0,-0.834298528608466,0.8245784240839611,0.0501448313090382,1,2
80105,-0.05811468174328171,0.7372336305918931,-1.4208171969200585,0.0,0.0,1.1986117267495475,0.8245784240839611,0.064751400096841,1,2
80106,0.00043566069092736256,0.7372336305918931,-0.38463272023011674,0.0,0.0,1.1986117267495475,0.8245784240839611,0.0501448313090382,1,2
80107,-0.05811468174328171,0.7372336305918931,-0.38463272023011674,0.0,0.0,-0.834298528608466,0.8245784240839611,0.0501448313090382,1,2
80108,-0.05811468174328171,0.7372336305918931,0.6515517564598249,0.0,0.0,-0.834298528608466,-1.212740924079984,0.064751400096841,1,2
80109,-0.05811468174328171,-1.3564221143806794,-0.38463272023011674,0.0,0.0,1.1986117267495475,0.8245784240839611,0.0501448313090382,1,2
80110,-0.04347709613472944,0.7372336305918931,-0.38463272023011674,0.0,0.0,1.1986117267495475,-1.212740924079984,0.064751400096841,1,2
89001,-0.05811468174328171,-1.3564221143806794,1.6877362331497665,0.0,0.0,1.1986117267495475,0.8245784240839611,0.1377842440358549,0,1
89002,-0.05811468174328171,0.7372336305918931,-0.38463272023011674,0.0,0.0,-0.834298528608466,0.8245784240839611,0.0501448313090382,1,2
89003,-0.05811468174328171,0.7372336305918931,-0.38463272023011674,0.0,0.0,-0.834298528608466,-1.212740924079984,0.0209316937334327,1,2
89004,-0.05811468174328171,0.7372336305918931,-0.38463272023011674,0.0,0.0,1.1986117267495475,0.8245784240839611,0.1085711064602493,0,1
89005,-0.05811468174328171,0.7372336305918931,-0.38463272023011674,0.0,0.0,1.1986117267495475,0.8245784240839611,0.1085711064602493,0,1
89006,-0.05811468174328171,0.7372336305918931,0.6515517564598249,0.0,0.0,1.1986117267495475,-1.212740924079984,0.1231776752480521,0,1
89007,-0.05811468174328171,0.7372336305918931,-0.38463272023011674,0.0,0.0,-0.834298528608466,0.8245784240839611,0.0501448313090382,1,2
89009,-0.04347709613472944,0.7372336305918931,0.6515517564598249,0.0,0.0,-0.834298528608466,0.8245784240839611,0.0793579688846438,0,1
89010,-0.05811468174328171,-1.3564221143806794,-1.4208171969200585,0.0,0.0,-0.834298528608466,0.8245784240839611,-0.0521011502055811,2,0
89011,-0.05811468174328171,-1.3564221143806794,-0.38463272023011674,0.0,0.0,1.1986117267495475,-1.212740924079984,0.0209316937334327,1,2
89015,-0.05811468174328171,-1.3564221143806794,0.6515517564598249,0.0,0.0,1.1986117267495475,-1.212740924079984,0.064751400096841,1,2
89016,-0.05811468174328171,-1.3564221143806794,-0.38463272023011674,0.0,0.0,-0.834298528608466,0.8245784240839611,-0.0082814438421728,2,0
89017,-0.05811468174328171,0.7372336305918931,0.6515517564598249,0.0,0.0,-0.834298528608466,-1.212740924079984,0.064751400096841,1,2
89019,-0.05811468174328171,-1.3564221143806794,-0.38463272023011674,0.0,0.0,-0.834298528608466,0.8245784240839611,-0.0082814438421728,2,0
89020,-0.04347709613472944,0.7372336305918931,0.6515517564598249,0.0,0.0,-0.834298528608466,-1.212740924079984,0.0501448313090382,1,2
89021,-0.05811468174328171,-1.3564221143806794,-1.4208171969200585,0.0,0.0,1.1986117267495475,0.8245784240839611,0.0063251249456299,2,0
89022,-0.05811468174328171,-1.3564221143806794,1.6877362331497665,0.0,0.0,1.1986117267495475,0.8245784240839611,0.1377842440358549,0,1
89023,-0.05811468174328171,0.7372336305918931,-1.4208171969200585,0.0,0.0,-0.834298528608466,-1.212740924079984,-0.0228880126299756,2,0
89024,-0.05811468174328171,0.7372336305918931,1.6877362331497665,0.0,0.0,-0.834298528608466,-1.212740924079984,0.1085711064602493,0,1
89028,-0.05811468174328171,0.7372336305918931,-0.38463272023011674,0.0,0.0,1.1986117267495475,0.8245784240839611,0.1085711064602493,0,1
90001,-0.05811468174328171,0.7372336305918931,0.6515517564598249,0.0,0.0,-0.834298528608466,0.8245784240839611,0.0939645376724466,0,1
90002,-0.05811468174328171,0.7372336305918931,-0.38463272023011674,0.0,0.0,-0.834298528608466,-1.212740924079984,0.0209316937334327,1,2
90003,-0.028839510526177174,-1.3564221143806794,1.6877362331497665,0.0,0.0,1.1986117267495475,0.8245784240839611,0.1085711064602493,0,1
90004,-0.05811468174328171,0.7372336305918931,-1.4208171969200585,0.0,0.0,1.1986117267495475,-1.212740924079984,0.0355382625212355,1,2
90005,-0.05811468174328171,0.7372336305918931,-1.4208171969200585,0.0,0.0,1.1986117267495475,0.8245784240839611,0.064751400096841,1,2
90006,-0.05811468174328171,0.7372336305918931,-0.38463272023011674,0.0,0.0,-0.834298528608466,0.8245784240839611,0.0501448313090382,1,2
90007,-0.05811468174328171,-1.3564221143806794,-1.4208171969200585,0.0,0.0,-0.834298528608466,-1.212740924079984,-0.0813142877811867,2,0
90009,-0.05811468174328171,0.7372336305918931,-1.4208171969200585,0.0,0.0,-0.834298528608466,0.8245784240839611,0.0063251249456299,2,0
90010,-0.05811468174328171,-1.3564221143806794,1.6877362331497665,0.0,0.0,-0.834298528608466,-1.212740924079984,0.0501448313090382,1,2
90021,-0.014201924917624904,-1.3564221143806794,1.6877362331497665,0.0,0.0,1.1986117267495475,-1.212740924079984,0.064751400096841,1,2
90022,-0.05811468174328171,-1.3564221143806794,-0.38463272023011674,0.0,0.0,-0.834298528608466,-1.212740924079984,-0.0374945814177783,2,0
90025,-0.05811468174328171,0.7372336305918931,1.6877362331497665,0.0,0.0,1.1986117267495475,0.8245784240839611,0.196210519187066,0,1
90027,-0.05811468174328171,0.7372336305918931,-0.38463272023011674,0.0,0.0,-0.834298528608466,0.8245784240839611,0.0501448313090382,1,2
90028,-0.05811468174328171,0.7372336305918931,-0.38463272023011674,0.0,0.0,-0.834298528608466,0.8245784240839611,0.0501448313090382,1,2
90029,-0.05811468174328171,0.7372336305918931,0.6515517564598249,0.0,0.0,1.1986117267495475,-1.212740924079984,0.1231776752480521,0,1
90030,-0.05811468174328171,0.7372336305918931,0.6515517564598249,0.0,0.0,-0.834298528608466,-1.212740924079984,0.064751400096841,1,2
90041,-0.05811468174328171,-1.3564221143806794,1.6877362331497665,0.0,0.0,-0.834298528608466,0.8245784240839611,0.0793579688846438,0,1
90042,-0.04347709613472944,0.7372336305918931,-0.38463272023011674,0.0,0.0,-0.834298528608466,-1.212740924079984,0.0063251249456299,2,0
90043,-0.05811468174328171,0.7372336305918931,0.6515517564598249,0.0,0.0,-0.834298528608466,0.8245784240839611,0.0939645376724466,0,1
90044,-0.05811468174328171,-1.3564221143806794,-1.4208171969200585,0.0,0.0,-0.834298528608466,-1.212740924079984,-0.0813142877811867,2,0
90046,-0.05811468174328171,0.7372336305918931,-1.4208171969200585,0.0,0.0,-0.834298528608466,0.8245784240839611,0.0063251249456299,2,0
90047,-0.05811468174328171,0.7372336305918931,-1.4208171969200585,0.0,0.0,1.1986117267495475,-1.212740924079984,0.0355382625212355,1,2
90048,-0.04347709613472944,0.7372336305918931,1.6877362331497665,0.0,0.0,1.1986117267495475,0.8245784240839611,0.1816039503992632,0,1
90091,0.01507324629947963,0.7372336305918931,0.6515517564598249,0.0,0.0,-0.834298528608466,-1.212740924079984,-0.0082814438421728,2,0
90092,-0.05811468174328171,0.7372336305918931,0.6515517564598249,0.0,0.0,-0.834298528608466,-1.212740924079984,0.064751400096841,1,2
90093,-0.05811468174328171,0.7372336305918931,-0.38463272023011674,0.0,0.0,1.1986117267495475,-1.212740924079984,0.0793579688846438,0,1
90094,-0.04347709613472944,0.7372336305918931,-0.38463272023011674,0.0,0.0,-0.834298528608466,-1.212740924079984,0.0063251249456299,2,0
90095,-0.05811468174328171,0.7372336305918931,-1.4208171969200585,0.0,0.0,1.1986117267495475,-1.212740924079984,0.0355382625212355,1,2
90096,0.00043566069092736256,-1.3564221143806794,-0.38463272023011674,0.0,0.0,1.1986117267495475,0.8245784240839611,-0.0082814438421728,2,0
90097,-0.05811468174328171,0.7372336305918931,-0.38463272023011674,0.0,0.0,-0.834298528608466,0.8245784240839611,0.0501448313090382,1,2
90098,-0.05811468174328171,0.7372336305918931,0.6515517564598249,0.0,0.0,1.1986117267495475,0.8245784240839611,0.1523908128236577,0,1
90099,-0.05811468174328171,-1.3564221143806794,-0.38463272023011674,0.0,0.0,1.1986117267495475,0.8245784240839611,0.0501448313090382,1,2
90100,-0.05811468174328171,0.7372336305918931,-1.4208171969200585,0.0,0.0,1.1986117267495475,0.8245784240839611,0.064751400096841,1,2
99001,-0.05811468174328171,0.7372336305918931,-1.4208171969200585,0.0,0.0,-0.834298528608466,0.8245784240839611,0.0063251249456299,2,0
99002,-0.05811468174328171,0.7372336305918931,-1.4208171969200585,0.0,0.0,-0.834298528608466,0.8245784240839611,0.0063251249456299,2,0
99003,-0.05811468174328171,-1.3564221143806794,-0.38463272023011674,0.0,0.0,1.1986117267495475,0.8245784240839611,0.0501448313090382,1,2
99004,-0.05811468174328171,0.7372336305918931,1.6877362331497665,0.0,0.0,-0.834298528608466,0.8245784240839611,0.1377842440358549,0,1
99005,0.01507324629947963,0.7372336305918931,0.6515517564598249,0.0,0.0,1.1986117267495475,-1.212740924079984,0.0501448313090382,1,2
99006,-0.05811468174328171,-1.3564221143806794,0.6515517564598249,0.0,0.0,-0.834298528608466,-1.212740924079984,0.0063251249456299,2,0
99008,-0.05811468174328171,-1.3564221143806794,-0.38463272023011674,0.0,0.0,-0.834298528608466,0.8245784240839611,-0.0082814438421728,2,0
99010,-0.05811468174328171,0.7372336305918931,-0.38463272023011674,0.0,0.0,1.1986117267495475,-1.212740924079984,0.0793579688846438,0,1
99011,-0.05811468174328171,-1.3564221143806794,-1.4208171969200585,0.0,0.0,1.1986117267495475,0.8245784240839611,0.0063251249456299,2,0
99013,-0.05811468174328171,0.7372336305918931,1.6877362331497665,0.0,0.0,1.1986117267495475,0.8245784240839611,0.196210519187066,0,1
99014,-0.05811468174328171,0.7372336305918931,0.6515517564598249,0.0,0.0,1.1986117267495475,-1.212740924079984,0.1231776752480521,0,1
99015,-0.05811468174328171,-1.3564221143806794,-1.4208171969200585,0.0,0.0,-0.834298528608466,-1.212740924079984,-0.0813142877811867,2,0
99016,-0.05811468174328171,0.7372336305918931,-0.38463272023011674,0.0,0.0,-0.834298528608466,0.8245784240839611,0.0501448313090382,1,2
99017,-0.014201924917624904,0.7372336305918931,-0.38463272023011674,0.0,0.0,1.1986117267495475,0.8245784240839611,0.064751400096841,1,2
99019,-0.05811468174328171,0.7372336305918931,0.6515517564598249,0.0,0.0,-0.834298528608466,-1.212740924079984,0.064751400096841,1,2
99020,-0.05811468174328171,0.7372336305918931,1.6877362331497665,0.0,0.0,1.1986117267495475,0.8245784240839611,0.196210519187066,0,1
99021,-0.05811468174328171,0.7372336305918931,0.6515517564598249,0.0,0.0,-0.834298528608466,0.8245784240839611,0.0939645376724466,0,1
99023,-0.05811468174328171,-1.3564221143806794,-0.38463272023011674,0.0,0.0,-0.834298528608466,-1.212740924079984,-0.0374945814177783,2,0
99026,-0.05811468174328171,0.7372336305918931,-1.4208171969200585,0.0,0.0,-0.834298528608466,-1.212740924079984,-0.0228880126299756,2,0
99027,-0.05811468174328171,0.7372336305918931,-1.4208171969200585,0.0,0.0,-0.834298528608466,0.8245784240839611,0.0063251249456299,2,0
99029,-0.05811468174328171,-1.3564221143806794,-1.4208171969200585,0.0,0.0,1.1986117267495475,-1.212740924079984,-0.0228880126299756,2,0
99030,-0.05811468174328171,0.7372336305918931,-1.4208171969200585,0.0,0.0,1.1986117267495475,0.8245784240839611,0.064751400096841,1,2
99031,-0.05811468174328171,-1.3564221143806794,0.6515517564598249,0.0,0.0,1.1986117267495475,0.8245784240839611,0.0939645376724466,0,1
99032,-0.05811468174328171,0.7372336305918931,0.6515517564598249,0.0,0.0,-0.834298528608466,0.8245784240839611,0.0939645376724466,0,1
99033,-0.05811468174328171,-1.3564221143806794,-1.4208171969200585,0.0,0.0,-0.834298528608466,0.8245784240839611,-0.0521011502055811,2,0
99034,-0.05811468174328171,0.7372336305918931,0.6515517564598249,0.0,0.0,-0.834298528608466,0.8245784240839611,0.0939645376724466,0,1
99035,-0.05811468174328171,0.7372336305918931,-1.4208171969200585,0.0,0.0,-0.834298528608466,-1.212740924079984,-0.0228880126299756,2,0
99036,-0.05811468174328171,-1.3564221143806794,-0.38463272023011674,0.0,0.0,-0.834298528608466,-1.212740924079984,-0.0374945814177783,2,0
99037,-0.05811468174328171,-1.3564221143806794,-0.38463272023011674,0.0,0.0,-0.834298528608466,0.8245784240839611,-0.0082814438421728,2,0
99038,-0.05811468174328171,-1.3564221143806794,-0.38463272023011674,0.0,0.0,-0.834298528608466,0.8245784240839611,-0.0082814438421728,2,0
99040,-0.05811468174328171,0.7372336305918931,-0.38463272023011674,0.0,0.0,-0.834298528608466,-1.212740924079984,0.0209316937334327,1,2
99041,-0.05811468174328171,-1.3564221143806794,-0.38463272023011674,0.0,0.0,-0.834298528608466,0.8245784240839611,-0.0082814438421728,2,0
99043,-0.05811468174328171,0.7372336305918931,-0.38463272023011674,0.0,0.0,-0.834298528608466,-1.212740924079984,0.0209316937334327,1,2
99044,-0.05811468174328171,0.7372336305918931,1.6877362331497665,0.0,0.0,-0.834298528608466,-1.212740924079984,0.1085711064602493,0,1
99045,-0.05811468174328171,-1.3564221143806794,-1.4208171969200585,0.0,0.0,-0.834298528608466,-1.212740924079984,-0.0813142877811867,2,0
99046,-0.05811468174328171,0.7372336305918931,-1.4208171969200585,0.0,0.0,1.1986117267495475,0.8245784240839611,0.064751400096841,1,2
99048,-0.05811468174328171,0.7372336305918931,-1.4208171969200585,0.0,0.0,-0.834298528608466,0.8245784240839611,0.0063251249456299,2,0
99051,-0.05811468174328171,-1.3564221143806794,0.6515517564598249,0.0,0.0,1.1986117267495475,-1.212740924079984,0.064751400096841,1,2
99052,-0.05811468174328171,-1.3564221143806794,-1.4208171969200585,0.0,0.0,-0.834298528608466,-1.212740924079984,-0.0813142877811867,2,0
99053,-0.05811468174328171,-1.3564221143806794,0.6515517564598249,0.0,0.0,1.1986117267495475,-1.212740924079984,0.064751400096841,1,2
99054,-0.05811468174328171,0.7372336305918931,-0.38463272023011674,0.0,0.0,-0.834298528608466,0.8245784240839611,0.0501448313090382,1,2
99055,-0.05811468174328171,0.7372336305918931,-0.38463272023011674,0.0,0.0,1.1986117267495475,-1.212740924079984,0.0793579688846438,0,1
99056,-0.05811468174328171,0.7372336305918931,0.6515517564598249,0.0,0.0,-0.834298528608466,0.8245784240839611,0.0939645376724466,0,1
99058,-0.05811468174328171,0.7372336305918931,-1.4208171969200585,0.0,0.0,1.1986117267495475,-1.212740924079984,0.0355382625212355,1,2
99059,-0.05811468174328171,0.7372336305918931,-1.4208171969200585,0.0,0.0,-0.834298528608466,0.8245784240839611,0.0063251249456299,2,0
99061,-0.05811468174328171,0.7372336305918931,-0.38463272023011674,0.0,0.0,-0.834298528608466,-1.212740924079984,0.0209316937334327,1,2
99062,-0.05811468174328171,0.7372336305918931,0.6515517564598249,0.0,0.0,1.1986117267495475,0.8245784240839611,0.1523908128236577,0,1
99064,-0.05811468174328171,-1.3564221143806794,-0.38463272023011674,0.0,0.0,-0.834298528608466,-1.212740924079984,-0.0374945814177783,2,0
99065,-0.05811468174328171,-1.3564221143806794,-1.4208171969200585,0.0,0.0,1.1986117267495475,-1.212740924079984,-0.0228880126299756,2,0
99066,-0.028839510526177174,-1.3564221143806794,1.6877362331497665,0.0,0.0,-0.834298528608466,0.8245784240839611,0.0501448313090382,1,2
99068,-0.05811468174328171,-1.3564221143806794,-1.4208171969200585,0.0,0.0,-0.834298528608466,0.8245784240839611,-0.0521011502055811,2,0
99070,-0.05811468174328171,0.7372336305918931,0.6515517564598249,0.0,0.0,1.1986117267495475,0.8245784240839611,0.1523908128236577,0,1
99071,-0.05811468174328171,0.7372336305918931,0.6515517564598249,0.0,0.0,-0.834298528608466,0.8245784240839611,0.0939645376724466,0,1
99072,-0.05811468174328171,-1.3564221143806794,-0.38463272023011674,0.0,0.0,-0.834298528608466,0.8245784240839611,-0.0082814438421728,2,0
99074,-0.05811468174328171,-1.3564221143806794,-1.4208171969200585,0.0,0.0,1.1986117267495475,0.8245784240839611,0.0063251249456299,2,0
99075,-0.05811468174328171,0.7372336305918931,-1.4208171969200585,0.0,0.0,1.1986117267495475,-1.212740924079984,0.0355382625212355,1,2
99076,-0.05811468174328171,0.7372336305918931,0.6515517564598249,0.0,0.0,1.1986117267495475,0.8245784240839611,0.1523908128236577,0,1
99077,-0.05811468174328171,-1.3564221143806794,0.6515517564598249,0.0,0.0,-0.834298528608466,0.8245784240839611,0.0355382625212355,1,2
99079,-0.05811468174328171,0.7372336305918931,0.6515517564598249,0.0,0.0,-0.834298528608466,-1.212740924079984,0.064751400096841,1,2
99080,-0.05811468174328171,-1.3564221143806794,1.6877362331497665,0.0,0.0,-0.834298528608466,0.8245784240839611,0.0793579688846438,0,1
99081,-0.04347709613472944,-1.3564221143806794,0.6515517564598249,0.0,0.0,-0.834298528608466,-1.212740924079984,-0.0082814438421728,2,0
99082,-0.05811468174328171,0.7372336305918931,-1.4208171969200585,0.0,0.0,1.1986117267495475,-1.212740924079984,0.0355382625212355,1,2
99083,-0.05811468174328171,0.7372336305918931,-0.38463272023011674,0.0,0.0,-0.834298528608466,0.8245784240839611,0.0501448313090382,1,2
99088,-0.05811468174328171,-1.3564221143806794,0.6515517564598249,0.0,0.0,-0.834298528608466,0.8245784240839611,0.0355382625212355,1,2
99094,-0.05811468174328171,0.7372336305918931,-0.38463272023011674,0.0,0.0,-0.834298528608466,-1.212740924079984,0.0209316937334327,1,2
99096,-0.05811468174328171,0.7372336305918931,-1.4208171969200585,0.0,0.0,1.1986117267495475,-1.212740924079984,0.0355382625212355,1,2
99098,-0.05811468174328171,0.7372336305918931,0.6515517564598249,0.0,0.0,1.1986117267495475,0.8245784240839611,0.1523908128236577,0,1
100031,-0.05811468174328171,0.7372336305918931,-0.38463272023011674,0.0,0.0,1.1986117267495475,-1.212740924079984,0.0793579688846438,0,1
100032,-0.05811468174328171,0.7372336305918931,1.6877362331497665,0.0,0.0,-0.834298528608466,0.8245784240839611,0.1377842440358549,0,1
100034,-0.05811468174328171,0.7372336305918931,0.6515517564598249,0.0,0.0,1.1986117267495475,0.8245784240839611,0.1523908128236577,0,1
100035,-0.05811468174328171,0.7372336305918931,-1.4208171969200585,0.0,0.0,1.1986117267495475,0.8245784240839611,0.064751400096841,1,2
100036,-0.04347709613472944,-1.3564221143806794,1.6877362331497665,0.0,0.0,-0.834298528608466,0.8245784240839611,0.064751400096841,1,2
100037,-0.05811468174328171,-1.3564221143806794,-0.38463272023011674,0.0,0.0,-0.834298528608466,0.8245784240839611,-0.0082814438421728,2,0
100038,-0.05811468174328171,-1.3564221143806794,-0.38463272023011674,0.0,0.0,-0.834298528608466,0.8245784240839611,-0.0082814438421728,2,0
100039,-0.05811468174328171,0.7372336305918931,-0.38463272023011674,0.0,0.0,-0.834298528608466,0.8245784240839611,0.0501448313090382,1,2
100040,-0.05811468174328171,-1.3564221143806794,-1.4208171969200585,0.0,0.0,1.1986117267495475,0.8245784240839611,0.0063251249456299,2,0
100111,-0.05811468174328171,0.7372336305918931,-0.38463272023011674,0.0,0.0,-0.834298528608466,0.8245784240839611,0.0501448313090382,1,2
100113,-0.05811468174328171,0.7372336305918931,-1.4208171969200585,0.0,0.0,-0.834298528608466,0.8245784240839611,0.0063251249456299,2,0
100115,-0.05811468174328171,-1.3564221143806794,-0.38463272023011674,0.0,0.0,1.1986117267495475,-1.212740924079984,0.0209316937334327,1,2
100117,-0.05811468174328171,0.7372336305918931,-0.38463272023011674,0.0,0.0,1.1986117267495475,-1.212740924079984,0.0793579688846438,0,1
100118,-0.05811468174328171,0.7372336305918931,0.6515517564598249,0.0,0.0,1.1986117267495475,-1.212740924079984,0.1231776752480521,0,1
100119,-0.05811468174328171,0.7372336305918931,0.6515517564598249,0.0,0.0,-0.834298528608466,-1.212740924079984,0.064751400096841,1,2
100120,-0.05811468174328171,-1.3564221143806794,-1.4208171969200585,0.0,0.0,-0.834298528608466,-1.212740924079984,-0.0813142877811867,2,0
100131,-0.05811468174328171,0.7372336305918931,-0.38463272023011674,0.0,0.0,-0.834298528608466,0.8245784240839611,0.0501448313090382,1,2
100132,-0.04347709613472944,0.7372336305918931,-0.38463272023011674,0.0,0.0,-0.834298528608466,0.8245784240839611,0.0355382625212355,1,2
100133,-0.04347709613472944,0.7372336305918931,-1.4208171969200585,0.0,0.0,-0.834298528608466,0.8245784240839611,-0.0082814438421728,2,0
100134,-0.05811468174328171,0.7372336305918931,0.6515517564598249,0.0,0.0,-0.834298528608466,0.8245784240839611,0.0939645376724466,0,1
100135,-0.05811468174328171,0.7372336305918931,0.6515517564598249,0.0,0.0,-0.834298528608466,0.8245784240839611,0.0939645376724466,0,1
100136,-0.05811468174328171,0.7372336305918931,-1.4208171969200585,0.0,0.0,-0.834298528608466,0.8245784240839611,0.0063251249456299,2,0
100138,-0.04347709613472944,0.7372336305918931,-0.38463272023011674,0.0,0.0,-0.834298528608466,0.8245784240839611,0.0355382625212355,1,2
109005,-0.04347709613472944,0.7372336305918931,-1.4208171969200585,0.0,0.0,1.1986117267495475,-1.212740924079984,0.0209316937334327,1,2
109006,-0.05811468174328171,-1.3564221143806794,0.6515517564598249,0.0,0.0,1.1986117267495475,0.8245784240839611,0.0939645376724466,0,1
109007,-0.05811468174328171,0.7372336305918931,-1.4208171969200585,0.0,0.0,-0.834298528608466,0.8245784240839611,0.0063251249456299,2,0
109008,-0.05811468174328171,0.7372336305918931,1.6877362331497665,0.0,0.0,-0.834298528608466,-1.212740924079984,0.1085711064602493,0,1
109009,-0.05811468174328171,0.7372336305918931,0.6515517564598249,0.0,0.0,-0.834298528608466,0.8245784240839611,0.0939645376724466,0,1
109011,-0.05811468174328171,-1.3564221143806794,-0.38463272023011674,0.0,0.0,-0.834298528608466,0.8245784240839611,-0.0082814438421728,2,0
109012,-0.05811468174328171,0.7372336305918931,0.6515517564598249,0.0,0.0,-0.834298528608466,-1.212740924079984,0.064751400096841,1,2
109013,-0.05811468174328171,0.7372336305918931,1.6877362331497665,0.0,0.0,1.1986117267495475,0.8245784240839611,0.196210519187066,0,1
109014,-0.05811468174328171,0.7372336305918931,0.6515517564598249,0.0,0.0,1.1986117267495475,-1.212740924079984,0.1231776752480521,0,1
109016,-0.05811468174328171,-1.3564221143806794,-1.4208171969200585,0.0,0.0,1.1986117267495475,-1.212740924079984,-0.0228880126299756,2,0
109017,-0.05811468174328171,0.7372336305918931,-0.38463272023011674,0.0,0.0,1.1986117267495475,0.8245784240839611,0.1085711064602493,0,1
109018,-0.05811468174328171,0.7372336305918931,0.6515517564598249,0.0,0.0,1.1986117267495475,0.8245784240839611,0.1523908128236577,0,1
109019,-0.05811468174328171,-1.3564221143806794,0.6515517564598249,0.0,0.0,-0.834298528608466,0.8245784240839611,0.0355382625212355,1,2
109020,-0.05811468174328171,0.7372336305918931,0.6515517564598249,0.0,0.0,1.1986117267495475,0.8245784240839611,0.1523908128236577,0,1
109021,-0.05811468174328171,0.7372336305918931,1.6877362331497665,0.0,0.0,-0.834298528608466,-1.212740924079984,0.1085711064602493,0,1
109022,-0.05811468174328171,0.7372336305918931,1.6877362331497665,0.0,0.0,1.1986117267495475,0.8245784240839611,0.196210519187066,0,1
109023,-0.05811468174328171,0.7372336305918931,1.6877362331497665,0.0,0.0,-0.834298528608466,0.8245784240839611,0.1377842440358549,0,1
109025,-0.05811468174328171,0.7372336305918931,-1.4208171969200585,0.0,0.0,-0.834298528608466,0.8245784240839611,0.0063251249456299,2,0
109026,-0.05811468174328171,0.7372336305918931,-0.38463272023011674,0.0,0.0,1.1986117267495475,-1.212740924079984,0.0793579688846438,0,1
109028,-0.04347709613472944,0.7372336305918931,0.6515517564598249,0.0,0.0,-0.834298528608466,0.8245784240839611,0.0793579688846438,0,1
109029,-0.05811468174328171,0.7372336305918931,0.6515517564598249,0.0,0.0,-0.834298528608466,0.8245784240839611,0.0939645376724466,0,1
109031,-0.05811468174328171,-1.3564221143806794,0.6515517564598249,0.0,0.0,-0.834298528608466,0.8245784240839611,0.0355382625212355,1,2
109032,-0.05811468174328171,0.7372336305918931,-1.4208171969200585,0.0,0.0,-0.834298528608466,0.8245784240839611,0.0063251249456299,2,0
109033,-0.05811468174328171,0.7372336305918931,0.6515517564598249,0.0,0.0,1.1986117267495475,-1.212740924079984,0.1231776752480521,0,1
109034,-0.05811468174328171,0.7372336305918931,0.6515517564598249,0.0,0.0,1.1986117267495475,0.8245784240839611,0.1523908128236577,0,1
109035,-0.05811468174328171,0.7372336305918931,-1.4208171969200585,0.0,0.0,-0.834298528608466,0.8245784240839611,0.0063251249456299,2,0
109037,-0.04347709613472944,0.7372336305918931,-0.38463272023011674,0.0,0.0,-0.834298528608466,-1.212740924079984,0.0063251249456299,2,0
109038,-0.05811468174328171,0.7372336305918931,-1.4208171969200585,0.0,0.0,1.1986117267495475,0.8245784240839611,0.064751400096841,1,2
109040,-0.05811468174328171,-1.3564221143806794,-0.38463272023011674,0.0,0.0,-0.834298528608466,0.8245784240839611,-0.0082814438421728,2,0
109041,-0.028839510526177174,0.7372336305918931,-1.4208171969200585,0.0,0.0,-0.834298528608466,0.8245784240839611,-0.0228880126299756,2,0
109042,-0.05811468174328171,-1.3564221143806794,-0.38463272023011674,0.0,0.0,-0.834298528608466,0.8245784240839611,-0.0082814438421728,2,0
109043,-0.05811468174328171,-1.3564221143806794,-0.38463272023011674,0.0,0.0,1.1986117267495475,-1.212740924079984,0.0209316937334327,1,2
109046,-0.05811468174328171,0.7372336305918931,0.6515517564598249,0.0,0.0,-0.834298528608466,0.8245784240839611,0.0939645376724466,0,1
109047,-0.05811468174328171,0.7372336305918931,0.6515517564598249,0.0,0.0,-0.834298528608466,0.8245784240839611,0.0939645376724466,0,1
109048,-0.04347709613472944,0.7372336305918931,0.6515517564598249,0.0,0.0,-0.834298528608466,-1.212740924079984,0.0501448313090382,1,2
109049,-0.05811468174328171,0.7372336305918931,-0.38463272023011674,0.0,0.0,-0.834298528608466,-1.212740924079984,0.0209316937334327,1,2
109052,-0.05811468174328171,0.7372336305918931,-1.4208171969200585,0.0,0.0,-0.834298528608466,-1.212740924079984,-0.0228880126299756,2,0
109053,-0.05811468174328171,-1.3564221143806794,1.6877362331497665,0.0,0.0,-0.834298528608466,0.8245784240839611,0.0793579688846438,0,1
109054,-0.05811468174328171,0.7372336305918931,-1.4208171969200585,0.0,0.0,-0.834298528608466,0.8245784240839611,0.0063251249456299,2,0
109055,-0.05811468174328171,-1.3564221143806794,1.6877362331497665,0.0,0.0,-0.834298528608466,0.8245784240839611,0.0793579688846438,0,1
109056,-0.05811468174328171,-1.3564221143806794,0.6515517564598249,0.0,0.0,-0.834298528608466,0.8245784240839611,0.0355382625212355,1,2
109057,-0.05811468174328171,0.7372336305918931,-0.38463272023011674,0.0,0.0,1.1986117267495475,0.8245784240839611,0.1085711064602493,0,1
109058,-0.05811468174328171,0.7372336305918931,1.6877362331497665,0.0,0.0,1.1986117267495475,-1.212740924079984,0.1669973816114605,0,1
109059,-0.028839510526177174,0.7372336305918931,-1.4208171969200585,0.0,0.0,-0.834298528608466,0.8245784240839611,-0.0228880126299756,2,0
109060,-0.05811468174328171,0.7372336305918931,-0.38463272023011674,0.0,0.0,-0.834298528608466,0.8245784240839611,0.0501448313090382,1,2
109061,-0.05811468174328171,0.7372336305918931,0.6515517564598249,0.0,0.0,-0.834298528608466,0.8245784240839611,0.0939645376724466,0,1
109062,-0.05811468174328171,0.7372336305918931,-0.38463272023011674,0.0,0.0,1.1986117267495475,0.8245784240839611,0.1085711064602493,0,1
109064,-0.05811468174328171,0.7372336305918931,1.6877362331497665,0.0,0.0,1.1986117267495475,0.8245784240839611,0.196210519187066,0,1
109065,-0.04347709613472944,0.7372336305918931,-1.4208171969200585,0.0,0.0,-0.834298528608466,0.8245784240839611,-0.0082814438421728,2,0
109066,-0.05811468174328171,-1.3564221143806794,-0.38463272023011674,0.0,0.0,1.1986117267495475,-1.212740924079984,0.0209316937334327,1,2
109067,-0.05811468174328171,-1.3564221143806794,0.6515517564598249,0.0,0.0,1.1986117267495475,0.8245784240839611,0.0939645376724466,0,1
109068,-0.05811468174328171,0.7372336305918931,0.6515517564598249,0.0,0.0,1.1986117267495475,-1.212740924079984,0.1231776752480521,0,1
109069,-0.05811468174328171,0.7372336305918931,-0.38463272023011674,0.0,0.0,-0.834298528608466,-1.212740924079984,0.0209316937334327,1,2
109071,-0.05811468174328171,0.7372336305918931,-0.38463272023011674,0.0,0.0,-0.834298528608466,0.8245784240839611,0.0501448313090382,1,2
109074,-0.05811468174328171,0.7372336305918931,0.6515517564598249,0.0,0.0,-0.834298528608466,-1.212740924079984,0.064751400096841,1,2
109076,-0.05811468174328171,0.7372336305918931,-1.4208171969200585,0.0,0.0,1.1986117267495475,-1.212740924079984,0.0355382625212355,1,2
109077,-0.05811468174328171,0.7372336305918931,0.6515517564598249,0.0,0.0,1.1986117267495475,-1.212740924079984,0.1231776752480521,0,1
109078,-0.05811468174328171,0.7372336305918931,0.6515517564598249,0.0,0.0,-0.834298528608466,0.8245784240839611,0.0939645376724466,0,1
109080,-0.05811468174328171,0.7372336305918931,0.6515517564598249,0.0,0.0,-0.834298528608466,0.8245784240839611,0.0939645376724466,0,1
109081,-0.05811468174328171,0.7372336305918931,0.6515517564598249,0.0,0.0,-0.834298528608466,0.8245784240839611,0.0939645376724466,0,1
109082,-0.05811468174328171,-1.3564221143806794,-0.38463272023011674,0.0,0.0,-0.834298528608466,-1.212740924079984,-0.0374945814177783,2,0
109083,-0.05811468174328171,-1.3564221143806794,0.6515517564598249,0.0,0.0,-0.834298528608466,0.8245784240839611,0.0355382625212355,1,2
109085,-0.05811468174328171,-1.3564221143806794,1.6877362331497665,0.0,0.0,-0.834298528608466,0.8245784240839611,0.0793579688846438,0,1
109087,-0.05811468174328171,0.7372336305918931,-0.38463272023011674,0.0,0.0,-0.834298528608466,-1.212740924079984,0.0209316937334327,1,2
109088,-0.05811468174328171,0.7372336305918931,1.6877362331497665,0.0,0.0,1.1986117267495475,0.8245784240839611,0.196210519187066,0,1
109089,-0.05811468174328171,-1.3564221143806794,-0.38463272023011674,0.0,0.0,-0.834298528608466,0.8245784240839611,-0.0082814438421728,2,0
109091,-0.05811468174328171,0.7372336305918931,-1.4208171969200585,0.0,0.0,-0.834298528608466,-1.212740924079984,-0.0228880126299756,2,0
109092,-0.05811468174328171,-1.3564221143806794,-0.38463272023011674,0.0,0.0,-0.834298528608466,0.8245784240839611,-0.0082814438421728,2,0
109093,-0.05811468174328171,0.7372336305918931,1.6877362331497665,0.0,0.0,1.1986117267495475,0.8245784240839611,0.196210519187066,0,1
109095,-0.05811468174328171,0.7372336305918931,-0.38463272023011674,0.0,0.0,-0.834298528608466,-1.212740924079984,0.0209316937334327,1,2
109099,-0.05811468174328171,-1.3564221143806794,1.6877362331497665,0.0,0.0,1.1986117267495475,-1.212740924079984,0.1085711064602493,0,1
109100,-0.05811468174328171,0.7372336305918931,1.6877362331497665,0.0,0.0,-0.834298528608466,-1.212740924079984,0.1085711064602493,0,1
109101,-0.05811468174328171,-1.3564221143806794,-0.38463272023011674,0.0,0.0,1.1986117267495475,-1.212740924079984,0.0209316937334327,1,2
109103,-0.05811468174328171,-1.3564221143806794,-1.4208171969200585,0.0,0.0,1.1986117267495475,0.8245784240839611,0.0063251249456299,2,0
109104,-0.05811468174328171,-1.3564221143806794,0.6515517564598249,0.0,0.0,-0.834298528608466,0.8245784240839611,0.0355382625212355,1,2
109106,-0.05811468174328171,0.7372336305918931,-0.38463272023011674,0.0,0.0,1.1986117267495475,-1.212740924079984,0.0793579688846438,0,1
109107,-0.05811468174328171,0.7372336305918931,0.6515517564598249,0.0,0.0,-0.834298528608466,0.8245784240839611,0.0939645376724466,0,1
109110,-0.05811468174328171,-1.3564221143806794,-0.38463272023011674,0.0,0.0,-0.834298528608466,-1.212740924079984,-0.0374945814177783,2,0
109112,-0.05811468174328171,0.7372336305918931,-0.38463272023011674,0.0,0.0,-0.834298528608466,-1.212740924079984,0.0209316937334327,1,2
109114,-0.05811468174328171,0.7372336305918931,0.6515517564598249,0.0,0.0,-0.834298528608466,-1.212740924079984,0.064751400096841,1,2
109115,-0.04347709613472944,-1.3564221143806794,-0.38463272023011674,0.0,0.0,1.1986117267495475,0.8245784240839611,0.0355382625212355,1,2
109117,-0.05811468174328171,0.7372336305918931,-0.38463272023011674,0.0,0.0,1.1986117267495475,0.8245784240839611,0.1085711064602493,0,1
109118,-0.05811468174328171,-1.3564221143806794,-0.38463272023011674,0.0,0.0,-0.834298528608466,-1.212740924079984,-0.0374945814177783,2,0
109119,-0.05811468174328171,-1.3564221143806794,-0.38463272023011674,0.0,0.0,-0.834298528608466,-1.212740924079984,-0.0374945814177783,2,0
109121,-0.05811468174328171,0.7372336305918931,-0.38463272023011674,0.0,0.0,-0.834298528608466,0.8245784240839611,0.0501448313090382,1,2
109122,-0.05811468174328171,-1.3564221143806794,0.6515517564598249,0.0,0.0,1.1986117267495475,0.8245784240839611,0.0939645376724466,0,1
109123,-0.05811468174328171,0.7372336305918931,-0.38463272023011674,0.0,0.0,-0.834298528608466,-1.212740924079984,0.0209316937334327,1,2
109124,-0.05811468174328171,0.7372336305918931,-0.38463272023011674,0.0,0.0,1.1986117267495475,-1.212740924079984,0.0793579688846438,0,1
109126,-0.05811468174328171,-1.3564221143806794,0.6515517564598249,0.0,0.0,-0.834298528608466,0.8245784240839611,0.0355382625212355,1,2
109127,-0.05811468174328171,0.7372336305918931,-0.38463272023011674,0.0,0.0,-0.834298528608466,0.8245784240839611,0.0501448313090382,1,2
109128,-0.05811468174328171,-1.3564221143806794,-0.38463272023011674,0.0,0.0,1.1986117267495475,-1.212740924079984,0.0209316937334327,1,2
109129,-0.05811468174328171,0.7372336305918931,1.6877362331497665,0.0,0.0,-0.834298528608466,0.8245784240839611,0.1377842440358549,0,1
109131,-0.05811468174328171,0.7372336305918931,0.6515517564598249,0.0,0.0,-0.834298528608466,0.8245784240839611,0.0939645376724466,0,1
109132,-0.05811468174328171,0.7372336305918931,0.6515517564598249,0.0,0.0,-0.834298528608466,0.8245784240839611,0.0939645376724466,0,1
109133,-0.05811468174328171,0.7372336305918931,0.6515517564598249,0.0,0.0,-0.834298528608466,0.8245784240839611,0.0939645376724466,0,1
109134,-0.04347709613472944,-1.3564221143806794,-1.4208171969200585,0.0,0.0,1.1986117267495475,0.8245784240839611,-0.0082814438421728,2,0
109135,-0.05811468174328171,0.7372336305918931,0.6515517564598249,0.0,0.0,-0.834298528608466,0.8245784240839611,0.0939645376724466,0,1
109136,-0.05811468174328171,0.7372336305918931,-0.38463272023011674,0.0,0.0,-0.834298528608466,-1.212740924079984,0.0209316937334327,1,2
109137,-0.05811468174328171,0.7372336305918931,-0.38463272023011674,0.0,0.0,-0.834298528608466,-1.212740924079984,0.0209316937334327,1,2
109139,-0.05811468174328171,0.7372336305918931,-0.38463272023011674,0.0,0.0,-0.834298528608466,0.8245784240839611,0.0501448313090382,1,2
109141,-0.04347709613472944,0.7372336305918931,-1.4208171969200585,0.0,0.0,1.1986117267495475,-1.212740924079984,0.0209316937334327,1,2
109142,-0.05811468174328171,-1.3564221143806794,-1.4208171969200585,0.0,0.0,1.1986117267495475,0.8245784240839611,0.0063251249456299,2,0
109145,-0.04347709613472944,-1.3564221143806794,1.6877362331497665,0.0,0.0,1.1986117267495475,0.8245784240839611,0.1231776752480521,0,1
109147,-0.05811468174328171,0.7372336305918931,-0.38463272023011674,0.0,0.0,-0.834298528608466,0.8245784240839611,0.0501448313090382,1,2
109148,-0.05811468174328171,0.7372336305918931,-0.38463272023011674,0.0,0.0,-0.834298528608466,0.8245784240839611,0.0501448313090382,1,2
109149,-0.05811468174328171,0.7372336305918931,-1.4208171969200585,0.0,0.0,-0.834298528608466,-1.212740924079984,-0.0228880126299756,2,0
109150,-0.05811468174328171,0.7372336305918931,-1.4208171969200585,0.0,0.0,1.1986117267495475,0.8245784240839611,0.064751400096841,1,2
109151,-0.05811468174328171,0.7372336305918931,0.6515517564598249,0.0,0.0,-0.834298528608466,0.8245784240839611,0.0939645376724466,0,1
109152,-0.05811468174328171,-1.3564221143806794,-0.38463272023011674,0.0,0.0,-0.834298528608466,-1.212740924079984,-0.0374945814177783,2,0
109153,-0.05811468174328171,0.7372336305918931,-0.38463272023011674,0.0,0.0,1.1986117267495475,0.8245784240839611,0.1085711064602493,0,1
109154,-0.05811468174328171,-1.3564221143806794,-0.38463272023011674,0.0,0.0,-0.834298528608466,-1.212740924079984,-0.0374945814177783,2,0
109155,-0.05811468174328171,0.7372336305918931,0.6515517564598249,0.0,0.0,-0.834298528608466,0.8245784240839611,0.0939645376724466,0,1
109156,-0.05811468174328171,0.7372336305918931,-1.4208171969200585,0.0,0.0,-0.834298528608466,0.8245784240839611,0.0063251249456299,2,0
109157,-0.05811468174328171,0.7372336305918931,-1.4208171969200585,0.0,0.0,-0.834298528608466,-1.212740924079984,-0.0228880126299756,2,0
109166,-0.05811468174328171,-1.3564221143806794,-0.38463272023011674,0.0,0.0,-0.834298528608466,0.8245784240839611,-0.0082814438421728,2,0
109169,-0.04347709613472944,0.7372336305918931,-0.38463272023011674,0.0,0.0,-0.834298528608466,0.8245784240839611,0.0355382625212355,1,2
109170,-0.05811468174328171,0.7372336305918931,-0.38463272023011674,0.0,0.0,-0.834298528608466,-1.212740924079984,0.0209316937334327,1,2
109171,-0.05811468174328171,0.7372336305918931,0.6515517564598249,0.0,0.0,-0.834298528608466,-1.212740924079984,0.064751400096841,1,2
109173,-0.05811468174328171,-1.3564221143806794,0.6515517564598249,0.0,0.0,1.1986117267495475,0.8245784240839611,0.0939645376724466,0,1
109176,-0.05811468174328171,0.7372336305918931,0.6515517564598249,0.0,0.0,-0.834298528608466,0.8245784240839611,0.0939645376724466,0,1
110001,-0.05811468174328171,0.7372336305918931,-0.38463272023011674,0.0,0.0,1.1986117267495475,0.8245784240839611,0.1085711064602493,0,1
110002,-0.05811468174328171,-1.3564221143806794,-1.4208171969200585,0.0,0.0,-0.834298528608466,0.8245784240839611,-0.0521011502055811,2,0
110003,-0.04347709613472944,-1.3564221143806794,-0.38463272023011674,0.0,0.0,-0.834298528608466,0.8245784240839611,-0.0228880126299756,2,0
110004,-0.04347709613472944,-1.3564221143806794,1.6877362331497665,0.0,0.0,1.1986117267495475,0.8245784240839611,0.1231776752480521,0,1
110005,-0.04347709613472944,0.7372336305918931,0.6515517564598249,0.0,0.0,-0.834298528608466,0.8245784240839611,0.0793579688846438,0,1
110006,-0.028839510526177174,0.7372336305918931,0.6515517564598249,0.0,0.0,-0.834298528608466,0.8245784240839611,0.064751400096841,1,2
110007,-0.05811468174328171,0.7372336305918931,-1.4208171969200585,0.0,0.0,1.1986117267495475,-1.212740924079984,0.0355382625212355,1,2
110008,-0.04347709613472944,-1.3564221143806794,-0.38463272023011674,0.0,0.0,-0.834298528608466,-1.212740924079984,-0.0521011502055811,2,0
110009,-0.05811468174328171,0.7372336305918931,-1.4208171969200585,0.0,0.0,-0.834298528608466,0.8245784240839611,0.0063251249456299,2,0
110010,-0.05811468174328171,0.7372336305918931,0.6515517564598249,0.0,0.0,-0.834298528608466,-1.212740924079984,0.064751400096841,1,2
110021,-0.05811468174328171,0.7372336305918931,1.6877362331497665,0.0,0.0,1.1986117267495475,0.8245784240839611,0.196210519187066,0,1
110022,-0.05811468174328171,0.7372336305918931,1.6877362331497665,0.0,0.0,1.1986117267495475,0.8245784240839611,0.196210519187066,0,1
110023,-0.04347709613472944,-1.3564221143806794,-0.38463272023011674,0.0,0.0,-0.834298528608466,-1.212740924079984,-0.0521011502055811,2,0
110024,-0.05811468174328171,0.7372336305918931,-0.38463272023011674,0.0,0.0,-0.834298528608466,0.8245784240839611,0.0501448313090382,1,2
110025,-0.05811468174328171,0.7372336305918931,1.6877362331497665,0.0,0.0,-0.834298528608466,0.8245784240839611,0.1377842440358549,0,1
110026,-0.028839510526177174,0.7372336305918931,0.6515517564598249,0.0,0.0,-0.834298528608466,0.8245784240839611,0.064751400096841,1,2
110027,-0.05811468174328171,0.7372336305918931,-1.4208171969200585,0.0,0.0,-0.834298528608466,-1.212740924079984,-0.0228880126299756,2,0
110028,-0.05811468174328171,0.7372336305918931,-0.38463272023011674,0.0,0.0,-0.834298528608466,-1.212740924079984,0.0209316937334327,1,2
110029,-0.05811468174328171,0.7372336305918931,-0.38463272023011674,0.0,0.0,-0.834298528608466,0.8245784240839611,0.0501448313090382,1,2
110030,-0.04347709613472944,-1.3564221143806794,-0.38463272023011674,0.0,0.0,-0.834298528608466,0.8245784240839611,-0.0228880126299756,2,0
110081,-0.05811468174328171,-1.3564221143806794,-0.38463272023011674,0.0,0.0,1.1986117267495475,-1.212740924079984,0.0209316937334327,1,2
110082,-0.05811468174328171,0.7372336305918931,0.6515517564598249,0.0,0.0,-0.834298528608466,-1.212740924079984,0.064751400096841,1,2
110083,-0.04347709613472944,0.7372336305918931,-0.38463272023011674,0.0,0.0,-0.834298528608466,0.8245784240839611,0.0355382625212355,1,2
110084,-0.05811468174328171,-1.3564221143806794,-1.4208171969200585,0.0,0.0,-0.834298528608466,0.8245784240839611,-0.0521011502055811,2,0
110085,-0.05811468174328171,-1.3564221143806794,-0.38463272023011674,0.0,0.0,1.1986117267495475,0.8245784240839611,0.0501448313090382,1,2
110086,-0.05811468174328171,-1.3564221143806794,0.6515517564598249,0.0,0.0,1.1986117267495475,0.8245784240839611,0.0939645376724466,0,1
110087,-0.04347709613472944,0.7372336305918931,0.6515517564598249,0.0,0.0,1.1986117267495475,0.8245784240839611,0.1377842440358549,0,1
110088,-0.04347709613472944,-1.3564221143806794,-0.38463272023011674,0.0,0.0,-0.834298528608466,-1.212740924079984,-0.0521011502055811,2,0
110089,-0.05811468174328171,-1.3564221143806794,1.6877362331497665,0.0,0.0,1.1986117267495475,0.8245784240839611,0.1377842440358549,0,1
110090,-0.05811468174328171,-1.3564221143806794,1.6877362331497665,0.0,0.0,-0.834298528608466,-1.212740924079984,0.0501448313090382,1,2
110111,-0.05811468174328171,0.7372336305918931,-0.38463272023011674,0.0,0.0,-0.834298528608466,0.8245784240839611,0.0501448313090382,1,2
110112,-0.05811468174328171,-1.3564221143806794,-1.4208171969200585,0.0,0.0,-0.834298528608466,0.8245784240839611,-0.0521011502055811,2,0
110113,-0.05811468174328171,0.7372336305918931,0.6515517564598249,0.0,0.0,1.1986117267495475,-1.212740924079984,0.1231776752480521,0,1
110114,-0.05811468174328171,-1.3564221143806794,0.6515517564598249,0.0,0.0,1.1986117267495475,0.8245784240839611,0.0939645376724466,0,1
110115,-0.04347709613472944,0.7372336305918931,1.6877362331497665,0.0,0.0,1.1986117267495475,0.8245784240839611,0.1816039503992632,0,1
110116,-0.04347709613472944,-1.3564221143806794,1.6877362331497665,0.0,0.0,1.1986117267495475,-1.212740924079984,0.0939645376724466,0,1
110117,-0.05811468174328171,0.7372336305918931,0.6515517564598249,0.0,0.0,-0.834298528608466,0.8245784240839611,0.0939645376724466,0,1
110118,-0.05811468174328171,0.7372336305918931,-0.38463272023011674,0.0,0.0,-0.834298528608466,-1.212740924079984,0.0209316937334327,1,2
110119,-0.05811468174328171,0.7372336305918931,-1.4208171969200585,0.0,0.0,-0.834298528608466,0.8245784240839611,0.0063251249456299,2,0
110120,-0.05811468174328171,0.7372336305918931,-0.38463272023011674,0.0,0.0,1.1986117267495475,0.8245784240839611,0.1085711064602493,0,1
110121,-0.04347709613472944,-1.3564221143806794,-0.38463272023011674,0.0,0.0,-0.834298528608466,-1.212740924079984,-0.0521011502055811,2,0
110122,-0.05811468174328171,-1.3564221143806794,0.6515517564598249,0.0,0.0,1.1986117267495475,0.8245784240839611,0.0939645376724466,0,1
110123,-0.05811468174328171,0.7372336305918931,0.6515517564598249,0.0,0.0,-0.834298528608466,-1.212740924079984,0.064751400096841,1,2
110124,-0.05811468174328171,0.7372336305918931,0.6515517564598249,0.0,0.0,-0.834298528608466,0.8245784240839611,0.0939645376724466,0,1
110125,-0.05811468174328171,0.7372336305918931,-0.38463272023011674,0.0,0.0,-0.834298528608466,0.8245784240839611,0.0501448313090382,1,2
110126,-0.05811468174328171,0.7372336305918931,0.6515517564598249,0.0,0.0,-0.834298528608466,-1.212740924079984,0.064751400096841,1,2
110127,-0.05811468174328171,0.7372336305918931,-1.4208171969200585,0.0,0.0,1.1986117267495475,-1.212740924079984,0.0355382625212355,1,2
110128,-0.05811468174328171,0.7372336305918931,-0.38463272023011674,0.0,0.0,-0.834298528608466,0.8245784240839611,0.0501448313090382,1,2
110129,-0.05811468174328171,-1.3564221143806794,0.6515517564598249,0.0,0.0,-0.834298528608466,0.8245784240839611,0.0355382625212355,1,2
110130,-0.05811468174328171,0.7372336305918931,0.6515517564598249,0.0,0.0,-0.834298528608466,-1.212740924079984,0.064751400096841,1,2
110131,-0.05811468174328171,0.7372336305918931,1.6877362331497665,0.0,0.0,-0.834298528608466,0.8245784240839611,0.1377842440358549,0,1
110132,0.044348417516584165,-1.3564221143806794,-0.38463272023011674,0.0,0.0,-0.834298528608466,-1.212740924079984,-0.1397405629323978,2,0
110133,-0.05811468174328171,0.7372336305918931,-0.38463272023011674,0.0,0.0,-0.834298528608466,-1.212740924079984,0.0209316937334327,1,2
110134,-0.05811468174328171,-1.3564221143806794,-0.38463272023011674,0.0,0.0,1.1986117267495475,0.8245784240839611,0.0501448313090382,1,2
110135,-0.05811468174328171,0.7372336305918931,-0.38463272023011674,0.0,0.0,-0.834298528608466,-1.212740924079984,0.0209316937334327,1,2
110136,-0.05811468174328171,-1.3564221143806794,1.6877362331497665,0.0,0.0,-0.834298528608466,0.8245784240839611,0.0793579688846438,0,1
110137,-0.05811468174328171,0.7372336305918931,0.6515517564598249,0.0,0.0,-0.834298528608466,0.8245784240839611,0.0939645376724466,0,1
110138,-0.05811468174328171,0.7372336305918931,1.6877362331497665,0.0,0.0,-0.834298528608466,0.8245784240839611,0.1377842440358549,0,1
110139,-0.05811468174328171,-1.3564221143806794,-0.38463272023011674,0.0,0.0,-0.834298528608466,0.8245784240839611,-0.0082814438421728,2,0
110140,-0.05811468174328171,0.7372336305918931,1.6877362331497665,0.0,0.0,-0.834298528608466,0.8245784240839611,0.1377842440358549,0,1
119001,-0.05811468174328171,0.7372336305918931,-1.4208171969200585,0.0,0.0,-0.834298528608466,0.8245784240839611,0.0063251249456299,2,0
119002,-0.05811468174328171,0.7372336305918931,1.6877362331497665,0.0,0.0,1.1986117267495475,0.8245784240839611,0.196210519187066,0,1
119003,-0.05811468174328171,-1.3564221143806794,-0.38463272023011674,0.0,0.0,-0.834298528608466,0.8245784240839611,-0.0082814438421728,2,0
119005,-0.05811468174328171,0.7372336305918931,-0.38463272023011674,0.0,0.0,1.1986117267495475,0.8245784240839611,0.1085711064602493,0,1
119006,-0.05811468174328171,-1.3564221143806794,-0.38463272023011674,0.0,0.0,1.1986117267495475,-1.212740924079984,0.0209316937334327,1,2
119008,-0.05811468174328171,0.7372336305918931,1.6877362331497665,0.0,0.0,-0.834298528608466,0.8245784240839611,0.1377842440358549,0,1
119010,-0.05811468174328171,0.7372336305918931,-1.4208171969200585,0.0,0.0,-0.834298528608466,0.8245784240839611,0.0063251249456299,2,0
119011,-0.05811468174328171,0.7372336305918931,-0.38463272023011674,0.0,0.0,-0.834298528608466,0.8245784240839611,0.0501448313090382,1,2
119012,-0.05811468174328171,0.7372336305918931,1.6877362331497665,0.0,0.0,-0.834298528608466,0.8245784240839611,0.1377842440358549,0,1
119013,-0.05811468174328171,0.7372336305918931,-0.38463272023011674,0.0,0.0,1.1986117267495475,0.8245784240839611,0.1085711064602493,0,1
119014,-0.05811468174328171,0.7372336305918931,-1.4208171969200585,0.0,0.0,1.1986117267495475,0.8245784240839611,0.064751400096841,1,2
119015,-0.05811468174328171,-1.3564221143806794,-0.38463272023011674,0.0,0.0,-0.834298528608466,-1.212740924079984,-0.0374945814177783,2,0
119016,1.4056438791119452,0.7372336305918931,-0.38463272023011674,0.0,0.0,-0.834298528608466,0.8245784240839611,-1.4105120474712394,2,0
119017,-0.05811468174328171,-1.3564221143806794,1.6877362331497665,0.0,0.0,-0.834298528608466,-1.212740924079984,0.0501448313090382,1,2
119019,-0.05811468174328171,0.7372336305918931,0.6515517564598249,0.0,0.0,-0.834298528608466,0.8245784240839611,0.0939645376724466,0,1
119020,-0.05811468174328171,0.7372336305918931,-0.38463272023011674,0.0,0.0,1.1986117267495475,0.8245784240839611,0.1085711064602493,0,1
119021,-0.05811468174328171,0.7372336305918931,1.6877362331497665,0.0,0.0,-0.834298528608466,-1.212740924079984,0.1085711064602493,0,1
119022,-0.05811468174328171,-1.3564221143806794,-0.38463272023011674,0.0,0.0,-0.834298528608466,-1.212740924079984,-0.0374945814177783,2,0
119023,-0.05811468174328171,-1.3564221143806794,-1.4208171969200585,0.0,0.0,1.1986117267495475,0.8245784240839611,0.0063251249456299,2,0
119025,-0.05811468174328171,-1.3564221143806794,-0.38463272023011674,0.0,0.0,-0.834298528608466,-1.212740924079984,-0.0374945814177783,2,0
119026,-0.05811468174328171,0.7372336305918931,-0.38463272023011674,0.0,0.0,-0.834298528608466,-1.212740924079984,0.0209316937334327,1,2
119027,-0.05811468174328171,-1.3564221143806794,-1.4208171969200585,0.0,0.0,-0.834298528608466,0.8245784240839611,-0.0521011502055811,2,0
119028,-0.05811468174328171,0.7372336305918931,1.6877362331497665,0.0,0.0,-0.834298528608466,-1.212740924079984,0.1085711064602493,0,1
119029,-0.05811468174328171,0.7372336305918931,0.6515517564598249,0.0,0.0,1.1986117267495475,0.8245784240839611,0.1523908128236577,0,1
119030,-0.05811468174328171,-1.3564221143806794,-0.38463272023011674,0.0,0.0,1.1986117267495475,0.8245784240839611,0.0501448313090382,1,2
119031,-0.05811468174328171,0.7372336305918931,0.6515517564598249,0.0,0.0,-0.834298528608466,-1.212740924079984,0.064751400096841,1,2
119032,-0.05811468174328171,0.7372336305918931,0.6515517564598249,0.0,0.0,1.1986117267495475,-1.212740924079984,0.1231776752480521,0,1
119033,-0.05811468174328171,0.7372336305918931,1.6877362331497665,0.0,0.0,-0.834298528608466,0.8245784240839611,0.1377842440358549,0,1
119034,-0.05811468174328171,0.7372336305918931,1.6877362331497665,0.0,0.0,1.1986117267495475,0.8245784240839611,0.196210519187066,0,1
119035,-0.05811468174328171,0.7372336305918931,-0.38463272023011674,0.0,0.0,1.1986117267495475,0.8245784240839611,0.1085711064602493,0,1
119036,-0.05811468174328171,0.7372336305918931,0.6515517564598249,0.0,0.0,-0.834298528608466,0.8245784240839611,0.0939645376724466,0,1
119037,-0.05811468174328171,0.7372336305918931,0.6515517564598249,0.0,0.0,1.1986117267495475,0.8245784240839611,0.1523908128236577,0,1
119038,-0.05811468174328171,0.7372336305918931,0.6515517564598249,0.0,0.0,-0.834298528608466,-1.212740924079984,0.064751400096841,1,2
119040,-0.05811468174328171,-1.3564221143806794,-1.4208171969200585,0.0,0.0,-0.834298528608466,-1.212740924079984,-0.0813142877811867,2,0
119041,-0.05811468174328171,0.7372336305918931,-1.4208171969200585,0.0,0.0,1.1986117267495475,-1.212740924079984,0.0355382625212355,1,2
119043,-0.05811468174328171,-1.3564221143806794,-0.38463272023011674,0.0,0.0,1.1986117267495475,-1.212740924079984,0.0209316937334327,1,2
119044,-0.05811468174328171,0.7372336305918931,-0.38463272023011674,0.0,0.0,1.1986117267495475,0.8245784240839611,0.1085711064602493,0,1
119045,-0.05811468174328171,0.7372336305918931,-1.4208171969200585,0.0,0.0,1.1986117267495475,0.8245784240839611,0.064751400096841,1,2
119046,-0.05811468174328171,0.7372336305918931,0.6515517564598249,0.0,0.0,-0.834298528608466,-1.212740924079984,0.064751400096841,1,2
119047,-0.05811468174328171,0.7372336305918931,-1.4208171969200585,0.0,0.0,-0.834298528608466,0.8245784240839611,0.0063251249456299,2,0
119048,-0.05811468174328171,0.7372336305918931,0.6515517564598249,0.0,0.0,1.1986117267495475,-1.212740924079984,0.1231776752480521,0,1
119049,-0.05811468174328171,0.7372336305918931,-0.38463272023011674,0.0,0.0,-0.834298528608466,0.8245784240839611,0.0501448313090382,1,2
119050,-0.05811468174328171,-1.3564221143806794,1.6877362331497665,0.0,0.0,1.1986117267495475,0.8245784240839611,0.1377842440358549,0,1
119052,-0.05811468174328171,-1.3564221143806794,-0.38463272023011674,0.0,0.0,-0.834298528608466,0.8245784240839611,-0.0082814438421728,2,0
119053,-0.05811468174328171,0.7372336305918931,-1.4208171969200585,0.0,0.0,1.1986117267495475,0.8245784240839611,0.064751400096841,1,2
119054,-0.05811468174328171,-1.3564221143806794,0.6515517564598249,0.0,0.0,-0.834298528608466,-1.212740924079984,0.0063251249456299,2,0
119057,0.044348417516584165,0.7372336305918931,0.6515517564598249,0.0,0.0,1.1986117267495475,0.8245784240839611,0.0501448313090382,1,2
119058,-0.05811468174328171,-1.3564221143806794,1.6877362331497665,0.0,0.0,-0.834298528608466,0.8245784240839611,0.0793579688846438,0,1
120001,-0.05811468174328171,0.7372336305918931,-0.38463272023011674,0.0,0.0,1.1986117267495475,0.8245784240839611,0.1085711064602493,0,1
120002,-0.05811468174328171,0.7372336305918931,-0.38463272023011674,0.0,0.0,-0.834298528608466,0.8245784240839611,0.0501448313090382,1,2
120003,-0.05811468174328171,0.7372336305918931,1.6877362331497665,0.0,0.0,-0.834298528608466,0.8245784240839611,0.1377842440358549,0,1
120004,-0.05811468174328171,-1.3564221143806794,-1.4208171969200585,0.0,0.0,1.1986117267495475,0.8245784240839611,0.0063251249456299,2,0
120005,-0.05811468174328171,0.7372336305918931,0.6515517564598249,0.0,0.0,1.1986117267495475,0.8245784240839611,0.1523908128236577,0,1
120006,-0.05811468174328171,0.7372336305918931,-0.38463272023011674,0.0,0.0,1.1986117267495475,-1.212740924079984,0.0793579688846438,0,1
120007,-0.05811468174328171,0.7372336305918931,-1.4208171969200585,0.0,0.0,-0.834298528608466,0.8245784240839611,0.0063251249456299,2,0
120010,-0.028839510526177174,0.7372336305918931,-0.38463272023011674,0.0,0.0,-0.834298528608466,0.8245784240839611,0.0209316937334327,1,2
120041,-0.04347709613472944,0.7372336305918931,-0.38463272023011674,0.0,0.0,-0.834298528608466,0.8245784240839611,0.0355382625212355,1,2
120042,-0.05811468174328171,-1.3564221143806794,0.6515517564598249,0.0,0.0,-0.834298528608466,-1.212740924079984,0.0063251249456299,2,0
120043,-0.05811468174328171,0.7372336305918931,1.6877362331497665,0.0,0.0,1.1986117267495475,0.8245784240839611,0.196210519187066,0,1
120044,-0.05811468174328171,0.7372336305918931,-0.38463272023011674,0.0,0.0,-0.834298528608466,-1.212740924079984,0.0209316937334327,1,2
120045,-0.05811468174328171,-1.3564221143806794,0.6515517564598249,0.0,0.0,-0.834298528608466,0.8245784240839611,0.0355382625212355,1,2
120046,-0.04347709613472944,0.7372336305918931,-1.4208171969200585,0.0,0.0,-0.834298528608466,0.8245784240839611,-0.0082814438421728,2,0
120047,-0.04347709613472944,-1.3564221143806794,-0.38463272023011674,0.0,0.0,-0.834298528608466,0.8245784240839611,-0.0228880126299756,2,0
120048,-0.05811468174328171,-1.3564221143806794,-1.4208171969200585,0.0,0.0,-0.834298528608466,0.8245784240839611,-0.0521011502055811,2,0
120049,-0.04347709613472944,-1.3564221143806794,1.6877362331497665,0.0,0.0,-0.834298528608466,-1.212740924079984,0.0355382625212355,1,2
120050,-0.05811468174328171,0.7372336305918931,0.6515517564598249,0.0,0.0,-0.834298528608466,-1.212740924079984,0.064751400096841,1,2
120052,-0.05811468174328171,0.7372336305918931,0.6515517564598249,0.0,0.0,-0.834298528608466,0.8245784240839611,0.0939645376724466,0,1
120053,-0.05811468174328171,0.7372336305918931,0.6515517564598249,0.0,0.0,1.1986117267495475,-1.212740924079984,0.1231776752480521,0,1
120054,-0.05811468174328171,0.7372336305918931,0.6515517564598249,0.0,0.0,-0.834298528608466,0.8245784240839611,0.0939645376724466,0,1
120055,0.029710831908031896,-1.3564221143806794,1.6877362331497665,0.0,0.0,-0.834298528608466,-1.212740924079984,-0.0374945814177783,2,0
120056,-0.05811468174328171,0.7372336305918931,0.6515517564598249,0.0,0.0,1.1986117267495475,0.8245784240839611,0.1523908128236577,0,1
120057,-0.05811468174328171,0.7372336305918931,1.6877362331497665,0.0,0.0,1.1986117267495475,0.8245784240839611,0.196210519187066,0,1
120058,-0.05811468174328171,-1.3564221143806794,-0.38463272023011674,0.0,0.0,1.1986117267495475,-1.212740924079984,0.0209316937334327,1,2
120059,-0.05811468174328171,0.7372336305918931,-1.4208171969200585,0.0,0.0,1.1986117267495475,-1.212740924079984,0.0355382625212355,1,2
120060,-0.05811468174328171,-1.3564221143806794,-0.38463272023011674,0.0,0.0,-0.834298528608466,0.8245784240839611,-0.0082814438421728,2,0
120091,-0.05811468174328171,0.7372336305918931,-1.4208171969200585,0.0,0.0,1.1986117267495475,0.8245784240839611,0.064751400096841,1,2
120092,-0.05811468174328171,0.7372336305918931,0.6515517564598249,0.0,0.0,-0.834298528608466,0.8245784240839611,0.0939645376724466,0,1
120093,-0.05811468174328171,-1.3564221143806794,-0.38463272023011674,0.0,0.0,-0.834298528608466,0.8245784240839611,-0.0082814438421728,2,0
120094,-0.05811468174328171,-1.3564221143806794,0.6515517564598249,0.0,0.0,1.1986117267495475,0.8245784240839611,0.0939645376724466,0,1
120096,-0.05811468174328171,0.7372336305918931,-1.4208171969200585,0.0,0.0,-0.834298528608466,-1.212740924079984,-0.0228880126299756,2,0
120099,-0.05811468174328171,0.7372336305918931,-1.4208171969200585,0.0,0.0,1.1986117267495475,0.8245784240839611,0.064751400096841,1,2
120100,-0.05811468174328171,-1.3564221143806794,-0.38463272023011674,0.0,0.0,1.1986117267495475,-1.212740924079984,0.0209316937334327,1,2
129001,-0.05811468174328171,0.7372336305918931,1.6877362331497665,0.0,0.0,-0.834298528608466,-1.212740924079984,0.1085711064602493,0,1
129002,-0.05811468174328171,-1.3564221143806794,-0.38463272023011674,0.0,0.0,1.1986117267495475,0.8245784240839611,0.0501448313090382,1,2
129003,-0.05811468174328171,0.7372336305918931,-0.38463272023011674,0.0,0.0,-0.834298528608466,-1.212740924079984,0.0209316937334327,1,2
129005,-0.05811468174328171,0.7372336305918931,0.6515517564598249,0.0,0.0,-0.834298528608466,-1.212740924079984,0.064751400096841,1,2
129006,-0.05811468174328171,-1.3564221143806794,0.6515517564598249,0.0,0.0,1.1986117267495475,-1.212740924079984,0.064751400096841,1,2
129007,-0.05811468174328171,-1.3564221143806794,-0.38463272023011674,0.0,0.0,-0.834298528608466,0.8245784240839611,-0.0082814438421728,2,0
129009,-0.05811468174328171,-1.3564221143806794,-0.38463272023011674,0.0,0.0,1.1986117267495475,0.8245784240839611,0.0501448313090382,1,2
129010,-0.05811468174328171,-1.3564221143806794,-0.38463272023011674,0.0,0.0,-0.834298528608466,0.8245784240839611,-0.0082814438421728,2,0
129011,-0.05811468174328171,-1.3564221143806794,1.6877362331497665,0.0,0.0,-0.834298528608466,0.8245784240839611,0.0793579688846438,0,1
129012,-0.05811468174328171,0.7372336305918931,-1.4208171969200585,0.0,0.0,1.1986117267495475,0.8245784240839611,0.064751400096841,1,2
129014,-0.05811468174328171,-1.3564221143806794,-0.38463272023011674,0.0,0.0,-0.834298528608466,-1.212740924079984,-0.0374945814177783,2,0
129015,-0.05811468174328171,0.7372336305918931,-1.4208171969200585,0.0,0.0,-0.834298528608466,0.8245784240839611,0.0063251249456299,2,0
129016,0.044348417516584165,0.7372336305918931,-0.38463272023011674,0.0,0.0,-0.834298528608466,-1.212740924079984,-0.0813142877811867,2,0
129017,-0.05811468174328171,0.7372336305918931,0.6515517564598249,0.0,0.0,1.1986117267495475,-1.212740924079984,0.1231776752480521,0,1
129020,-0.05811468174328171,0.7372336305918931,-0.38463272023011674,0.0,0.0,-0.834298528608466,-1.212740924079984,0.0209316937334327,1,2
129021,-0.05811468174328171,-1.3564221143806794,-1.4208171969200585,0.0,0.0,1.1986117267495475,0.8245784240839611,0.0063251249456299,2,0
129022,-0.05811468174328171,0.7372336305918931,-0.38463272023011674,0.0,0.0,-0.834298528608466,-1.212740924079984,0.0209316937334327,1,2
129023,-0.05811468174328171,0.7372336305918931,-1.4208171969200585,0.0,0.0,1.1986117267495475,-1.212740924079984,0.0355382625212355,1,2
129024,-0.05811468174328171,0.7372336305918931,-1.4208171969200585,0.0,0.0,1.1986117267495475,-1.212740924079984,0.0355382625212355,1,2
129025,-0.05811468174328171,-1.3564221143806794,0.6515517564598249,0.0,0.0,-0.834298528608466,-1.212740924079984,0.0063251249456299,2,0
129026,-0.05811468174328171,0.7372336305918931,0.6515517564598249,0.0,0.0,-0.834298528608466,0.8245784240839611,0.0939645376724466,0,1
129027,-0.05811468174328171,0.7372336305918931,1.6877362331497665,0.0,0.0,1.1986117267495475,0.8245784240839611,0.196210519187066,0,1
129028,-0.05811468174328171,-1.3564221143806794,1.6877362331497665,0.0,0.0,1.1986117267495475,0.8245784240839611,0.1377842440358549,0,1
129029,-0.05811468174328171,0.7372336305918931,0.6515517564598249,0.0,0.0,-0.834298528608466,-1.212740924079984,0.064751400096841,1,2
129030,-0.05811468174328171,0.7372336305918931,-1.4208171969200585,0.0,0.0,1.1986117267495475,-1.212740924079984,0.0355382625212355,1,2
129031,-0.05811468174328171,0.7372336305918931,0.6515517564598249,0.0,0.0,1.1986117267495475,0.8245784240839611,0.1523908128236577,0,1
129032,-0.05811468174328171,0.7372336305918931,0.6515517564598249,0.0,0.0,1.1986117267495475,-1.212740924079984,0.1231776752480521,0,1
129033,-0.05811468174328171,0.7372336305918931,0.6515517564598249,0.0,0.0,1.1986117267495475,0.8245784240839611,0.1523908128236577,0,1
129034,-0.05811468174328171,-1.3564221143806794,-0.38463272023011674,0.0,0.0,-0.834298528608466,-1.212740924079984,-0.0374945814177783,2,0
129038,-0.05811468174328171,0.7372336305918931,-0.38463272023011674,0.0,0.0,1.1986117267495475,0.8245784240839611,0.1085711064602493,0,1
129039,-0.05811468174328171,0.7372336305918931,0.6515517564598249,0.0,0.0,-0.834298528608466,-1.212740924079984,0.064751400096841,1,2
129040,-0.05811468174328171,-1.3564221143806794,0.6515517564598249,0.0,0.0,-0.834298528608466,0.8245784240839611,0.0355382625212355,1,2
129041,-0.05811468174328171,-1.3564221143806794,1.6877362331497665,0.0,0.0,-0.834298528608466,0.8245784240839611,0.0793579688846438,0,1
129042,-0.05811468174328171,0.7372336305918931,-1.4208171969200585,0.0,0.0,-0.834298528608466,0.8245784240839611,0.0063251249456299,2,0
129043,-0.05811468174328171,-1.3564221143806794,-0.38463272023011674,0.0,0.0,-0.834298528608466,-1.212740924079984,-0.0374945814177783,2,0
129044,-0.05811468174328171,0.7372336305918931,-0.38463272023011674,0.0,0.0,-0.834298528608466,0.8245784240839611,0.0501448313090382,1,2
129046,-0.05811468174328171,-1.3564221143806794,0.6515517564598249,0.0,0.0,-0.834298528608466,0.8245784240839611,0.0355382625212355,1,2
129047,-0.05811468174328171,-1.3564221143806794,-1.4208171969200585,0.0,0.0,1.1986117267495475,-1.212740924079984,-0.0228880126299756,2,0
129048,-0.05811468174328171,-1.3564221143806794,-1.4208171969200585,0.0,0.0,-0.834298528608466,-1.212740924079984,-0.0813142877811867,2,0
129050,-0.05811468174328171,0.7372336305918931,1.6877362331497665,0.0,0.0,-0.834298528608466,0.8245784240839611,0.1377842440358549,0,1
129051,-0.05811468174328171,0.7372336305918931,-1.4208171969200585,0.0,0.0,-0.834298528608466,-1.212740924079984,-0.0228880126299756,2,0
129052,-0.05811468174328171,0.7372336305918931,0.6515517564598249,0.0,0.0,-0.834298528608466,0.8245784240839611,0.0939645376724466,0,1
129053,-0.05811468174328171,0.7372336305918931,-0.38463272023011674,0.0,0.0,-0.834298528608466,-1.212740924079984,0.0209316937334327,1,2
129054,-0.05811468174328171,-1.3564221143806794,0.6515517564598249,0.0,0.0,-0.834298528608466,0.8245784240839611,0.0355382625212355,1,2
129055,-0.04347709613472944,0.7372336305918931,0.6515517564598249,0.0,0.0,1.1986117267495475,-1.212740924079984,0.1085711064602493,0,1
129056,-0.05811468174328171,0.7372336305918931,1.6877362331497665,0.0,0.0,1.1986117267495475,0.8245784240839611,0.196210519187066,0,1
129057,-0.05811468174328171,0.7372336305918931,1.6877362331497665,0.0,0.0,1.1986117267495475,-1.212740924079984,0.1669973816114605,0,1
129059,-0.05811468174328171,-1.3564221143806794,-1.4208171969200585,0.0,0.0,-0.834298528608466,-1.212740924079984,-0.0813142877811867,2,0
129060,-0.05811468174328171,0.7372336305918931,-1.4208171969200585,0.0,0.0,-0.834298528608466,-1.212740924079984,-0.0228880126299756,2,0
129061,-0.05811468174328171,-1.3564221143806794,-0.38463272023011674,0.0,0.0,-0.834298528608466,0.8245784240839611,-0.0082814438421728,2,0
129062,-0.05811468174328171,-1.3564221143806794,0.6515517564598249,0.0,0.0,1.1986117267495475,-1.212740924079984,0.064751400096841,1,2
129063,-0.05811468174328171,0.7372336305918931,1.6877362331497665,0.0,0.0,-0.834298528608466,0.8245784240839611,0.1377842440358549,0,1
129064,-0.05811468174328171,0.7372336305918931,-0.38463272023011674,0.0,0.0,-0.834298528608466,-1.212740924079984,0.0209316937334327,1,2
129067,-0.05811468174328171,0.7372336305918931,0.6515517564598249,0.0,0.0,-0.834298528608466,-1.212740924079984,0.064751400096841,1,2
129068,-0.05811468174328171,0.7372336305918931,-1.4208171969200585,0.0,0.0,-0.834298528608466,0.8245784240839611,0.0063251249456299,2,0
129069,-0.05811468174328171,0.7372336305918931,0.6515517564598249,0.0,0.0,1.1986117267495475,0.8245784240839611,0.1523908128236577,0,1
129070,-0.04347709613472944,0.7372336305918931,1.6877362331497665,0.0,0.0,1.1986117267495475,0.8245784240839611,0.1816039503992632,0,1
129072,-0.05811468174328171,0.7372336305918931,-0.38463272023011674,0.0,0.0,1.1986117267495475,0.8245784240839611,0.1085711064602493,0,1
129073,-0.05811468174328171,0.7372336305918931,-0.38463272023011674,0.0,0.0,-0.834298528608466,0.8245784240839611,0.0501448313090382,1,2
129074,-0.05811468174328171,0.7372336305918931,-1.4208171969200585,0.0,0.0,1.1986117267495475,0.8245784240839611,0.064751400096841,1,2
129076,-0.05811468174328171,-1.3564221143806794,0.6515517564598249,0.0,0.0,1.1986117267495475,0.8245784240839611,0.0939645376724466,0,1
129077,-0.05811468174328171,0.7372336305918931,-0.38463272023011674,0.0,0.0,1.1986117267495475,-1.212740924079984,0.0793579688846438,0,1
129079,-0.05811468174328171,0.7372336305918931,-1.4208171969200585,0.0,0.0,-0.834298528608466,0.8245784240839611,0.0063251249456299,2,0
129080,-0.04347709613472944,-1.3564221143806794,-0.38463272023011674,0.0,0.0,-0.834298528608466,0.8245784240839611,-0.0228880126299756,2,0
129081,-0.04347709613472944,0.7372336305918931,-0.38463272023011674,0.0,0.0,1.1986117267495475,0.8245784240839611,0.0939645376724466,0,1
129083,-0.05811468174328171,-1.3564221143806794,-0.38463272023011674,0.0,0.0,-0.834298528608466,-1.212740924079984,-0.0374945814177783,2,0
129084,-0.05811468174328171,0.7372336305918931,0.6515517564598249,0.0,0.0,1.1986117267495475,-1.212740924079984,0.1231776752480521,0,1
129086,-0.05811468174328171,0.7372336305918931,-1.4208171969200585,0.0,0.0,1.1986117267495475,0.8245784240839611,0.064751400096841,1,2
129087,-0.05811468174328171,0.7372336305918931,0.6515517564598249,0.0,0.0,-0.834298528608466,-1.212740924079984,0.064751400096841,1,2
129088,-0.05811468174328171,0.7372336305918931,0.6515517564598249,0.0,0.0,-0.834298528608466,0.8245784240839611,0.0939645376724466,0,1
129089,-0.05811468174328171,0.7372336305918931,-0.38463272023011674,0.0,0.0,-0.834298528608466,-1.212740924079984,0.0209316937334327,1,2
129090,-0.05811468174328171,0.7372336305918931,-1.4208171969200585,0.0,0.0,1.1986117267495475,0.8245784240839611,0.064751400096841,1,2
129091,-0.05811468174328171,0.7372336305918931,0.6515517564598249,0.0,0.0,1.1986117267495475,-1.212740924079984,0.1231776752480521,0,1
129092,-0.05811468174328171,-1.3564221143806794,1.6877362331497665,0.0,0.0,-0.834298528608466,0.8245784240839611,0.0793579688846438,0,1
129094,-0.05811468174328171,0.7372336305918931,-0.38463272023011674,0.0,0.0,-0.834298528608466,-1.212740924079984,0.0209316937334327,1,2
129095,-0.05811468174328171,-1.3564221143806794,-0.38463272023011674,0.0,0.0,-0.834298528608466,0.8245784240839611,-0.0082814438421728,2,0
129096,-0.05811468174328171,0.7372336305918931,-1.4208171969200585,0.0,0.0,1.1986117267495475,0.8245784240839611,0.064751400096841,1,2
129098,-0.05811468174328171,0.7372336305918931,0.6515517564598249,0.0,0.0,-0.834298528608466,-1.212740924079984,0.064751400096841,1,2
129099,-0.05811468174328171,0.7372336305918931,-1.4208171969200585,0.0,0.0,-0.834298528608466,0.8245784240839611,0.0063251249456299,2,0
129101,-0.05811468174328171,-1.3564221143806794,-0.38463272023011674,0.0,0.0,1.1986117267495475,-1.212740924079984,0.0209316937334327,1,2
129104,-0.05811468174328171,-1.3564221143806794,0.6515517564598249,0.0,0.0,-0.834298528608466,-1.212740924079984,0.0063251249456299,2,0
129106,-0.05811468174328171,0.7372336305918931,0.6515517564598249,0.0,0.0,-0.834298528608466,0.8245784240839611,0.0939645376724466,0,1
129109,-0.05811468174328171,-1.3564221143806794,-0.38463272023011674,0.0,0.0,-0.834298528608466,0.8245784240839611,-0.0082814438421728,2,0
129110,-0.05811468174328171,-1.3564221143806794,-0.38463272023011674,0.0,0.0,-0.834298528608466,-1.212740924079984,-0.0374945814177783,2,0
129111,-0.05811468174328171,-1.3564221143806794,0.6515517564598249,0.0,0.0,-0.834298528608466,-1.212740924079984,0.0063251249456299,2,0
129112,-0.05811468174328171,0.7372336305918931,-1.4208171969200585,0.0,0.0,1.1986117267495475,-1.212740924079984,0.0355382625212355,1,2
129113,-0.05811468174328171,0.7372336305918931,-1.4208171969200585,0.0,0.0,1.1986117267495475,0.8245784240839611,0.064751400096841,1,2
129114,-0.05811468174328171,0.7372336305918931,1.6877362331497665,0.0,0.0,1.1986117267495475,-1.212740924079984,0.1669973816114605,0,1
129116,-0.05811468174328171,-1.3564221143806794,-1.4208171969200585,0.0,0.0,1.1986117267495475,0.8245784240839611,0.0063251249456299,2,0
129117,-0.05811468174328171,-1.3564221143806794,0.6515517564598249,0.0,0.0,-0.834298528608466,0.8245784240839611,0.0355382625212355,1,2
129122,-0.04347709613472944,0.7372336305918931,1.6877362331497665,0.0,0.0,-0.834298528608466,-1.212740924079984,0.0939645376724466,0,1
129123,-0.04347709613472944,0.7372336305918931,-0.38463272023011674,0.0,0.0,-0.834298528608466,-1.212740924079984,0.0063251249456299,2,0
129124,-0.05811468174328171,-1.3564221143806794,-0.38463272023011674,0.0,0.0,1.1986117267495475,0.8245784240839611,0.0501448313090382,1,2
129127,-0.05811468174328171,-1.3564221143806794,0.6515517564598249,0.0,0.0,1.1986117267495475,-1.212740924079984,0.064751400096841,1,2
129128,-0.05811468174328171,-1.3564221143806794,1.6877362331497665,0.0,0.0,-0.834298528608466,-1.212740924079984,0.0501448313090382,1,2
129129,-0.05811468174328171,0.7372336305918931,1.6877362331497665,0.0,0.0,-0.834298528608466,-1.212740924079984,0.1085711064602493,0,1
129131,-0.05811468174328171,0.7372336305918931,0.6515517564598249,0.0,0.0,-0.834298528608466,0.8245784240839611,0.0939645376724466,0,1
129132,-0.05811468174328171,-1.3564221143806794,-1.4208171969200585,0.0,0.0,-0.834298528608466,0.8245784240839611,-0.0521011502055811,2,0
129134,-0.05811468174328171,-1.3564221143806794,0.6515517564598249,0.0,0.0,1.1986117267495475,-1.212740924079984,0.064751400096841,1,2
129135,-0.05811468174328171,-1.3564221143806794,-0.38463272023011674,0.0,0.0,-0.834298528608466,-1.212740924079984,-0.0374945814177783,2,0
129136,-0.05811468174328171,0.7372336305918931,-0.38463272023011674,0.0,0.0,1.1986117267495475,0.8245784240839611,0.1085711064602493,0,1
129137,-0.05811468174328171,-1.3564221143806794,-1.4208171969200585,0.0,0.0,-0.834298528608466,0.8245784240839611,-0.0521011502055811,2,0
129139,-0.05811468174328171,0.7372336305918931,-1.4208171969200585,0.0,0.0,1.1986117267495475,0.8245784240839611,0.064751400096841,1,2
129141,-0.05811468174328171,0.7372336305918931,0.6515517564598249,0.0,0.0,1.1986117267495475,0.8245784240839611,0.1523908128236577,0,1
129142,-0.05811468174328171,0.7372336305918931,-0.38463272023011674,0.0,0.0,1.1986117267495475,0.8245784240839611,0.1085711064602493,0,1
129143,-0.05811468174328171,-1.3564221143806794,-0.38463272023011674,0.0,0.0,-0.834298528608466,0.8245784240839611,-0.0082814438421728,2,0
129145,-0.05811468174328171,-1.3564221143806794,-0.38463272023011674,0.0,0.0,-0.834298528608466,-1.212740924079984,-0.0374945814177783,2,0
129146,-0.05811468174328171,0.7372336305918931,1.6877362331497665,0.0,0.0,-0.834298528608466,-1.212740924079984,0.1085711064602493,0,1
129147,-0.05811468174328171,0.7372336305918931,0.6515517564598249,0.0,0.0,-0.834298528608466,0.8245784240839611,0.0939645376724466,0,1
129148,-0.05811468174328171,0.7372336305918931,-0.38463272023011674,0.0,0.0,1.1986117267495475,0.8245784240839611,0.1085711064602493,0,1
129152,-0.05811468174328171,0.7372336305918931,-1.4208171969200585,0.0,0.0,1.1986117267495475,0.8245784240839611,0.064751400096841,1,2
129153,-0.05811468174328171,-1.3564221143806794,-0.38463272023011674,0.0,0.0,-0.834298528608466,-1.212740924079984,-0.0374945814177783,2,0
129154,-0.05811468174328171,0.7372336305918931,1.6877362331497665,0.0,0.0,-0.834298528608466,0.8245784240839611,0.1377842440358549,0,1
129156,-0.05811468174328171,0.7372336305918931,0.6515517564598249,0.0,0.0,-0.834298528608466,0.8245784240839611,0.0939645376724466,0,1
129168,-0.05811468174328171,-1.3564221143806794,-0.38463272023011674,0.0,0.0,1.1986117267495475,-1.212740924079984,0.0209316937334327,1,2
129170,-0.04347709613472944,0.7372336305918931,0.6515517564598249,0.0,0.0,1.1986117267495475,0.8245784240839611,0.1377842440358549,0,1
129173,-0.05811468174328171,0.7372336305918931,-0.38463272023011674,0.0,0.0,-0.834298528608466,0.8245784240839611,0.0501448313090382,1,2
129174,-0.05811468174328171,0.7372336305918931,0.6515517564598249,0.0,0.0,-0.834298528608466,0.8245784240839611,0.0939645376724466,0,1
129176,-0.05811468174328171,0.7372336305918931,-0.38463272023011674,0.0,0.0,1.1986117267495475,0.8245784240839611,0.1085711064602493,0,1
129180,-0.05811468174328171,0.7372336305918931,-1.4208171969200585,0.0,0.0,1.1986117267495475,0.8245784240839611,0.064751400096841,1,2
129182,-0.05811468174328171,0.7372336305918931,-1.4208171969200585,0.0,0.0,-0.834298528608466,0.8245784240839611,0.0063251249456299,2,0
130021,-0.05811468174328171,-1.3564221143806794,-0.38463272023011674,0.0,0.0,1.1986117267495475,-1.212740924079984,0.0209316937334327,1,2
130023,-0.05811468174328171,-1.3564221143806794,1.6877362331497665,0.0,0.0,1.1986117267495475,-1.212740924079984,0.1085711064602493,0,1
130024,-0.05811468174328171,0.7372336305918931,-0.38463272023011674,0.0,0.0,-0.834298528608466,0.8245784240839611,0.0501448313090382,1,2
130025,-0.05811468174328171,-1.3564221143806794,1.6877362331497665,0.0,0.0,-0.834298528608466,0.8245784240839611,0.0793579688846438,0,1
130026,-0.05811468174328171,0.7372336305918931,0.6515517564598249,0.0,0.0,-0.834298528608466,0.8245784240839611,0.0939645376724466,0,1
130027,-0.05811468174328171,0.7372336305918931,-0.38463272023011674,0.0,0.0,-0.834298528608466,0.8245784240839611,0.0501448313090382,1,2
130029,-0.05811468174328171,0.7372336305918931,-1.4208171969200585,0.0,0.0,-0.834298528608466,-1.212740924079984,-0.0228880126299756,2,0
130030,-0.05811468174328171,0.7372336305918931,-1.4208171969200585,0.0,0.0,-0.834298528608466,0.8245784240839611,0.0063251249456299,2,0
130032,-0.05811468174328171,0.7372336305918931,0.6515517564598249,0.0,0.0,-0.834298528608466,-1.212740924079984,0.064751400096841,1,2
130033,-0.05811468174328171,-1.3564221143806794,-1.4208171969200585,0.0,0.0,-0.834298528608466,0.8245784240839611,-0.0521011502055811,2,0
130034,-0.05811468174328171,-1.3564221143806794,-0.38463272023011674,0.0,0.0,-0.834298528608466,0.8245784240839611,-0.0082814438421728,2,0
130035,-0.05811468174328171,-1.3564221143806794,-0.38463272023011674,0.0,0.0,-0.834298528608466,0.8245784240839611,-0.0082814438421728,2,0
130036,-0.05811468174328171,0.7372336305918931,0.6515517564598249,0.0,0.0,1.1986117267495475,-1.212740924079984,0.1231776752480521,0,1
130038,-0.05811468174328171,0.7372336305918931,-1.4208171969200585,0.0,0.0,1.1986117267495475,-1.212740924079984,0.0355382625212355,1,2
130039,-0.05811468174328171,-1.3564221143806794,-0.38463272023011674,0.0,0.0,-0.834298528608466,0.8245784240839611,-0.0082814438421728,2,0
130040,-0.028839510526177174,0.7372336305918931,-0.38463272023011674,0.0,0.0,-0.834298528608466,0.8245784240839611,0.0209316937334327,1,2
130051,-0.05811468174328171,0.7372336305918931,-0.38463272023011674,0.0,0.0,1.1986117267495475,0.8245784240839611,0.1085711064602493,0,1
130052,-0.05811468174328171,0.7372336305918931,0.6515517564598249,0.0,0.0,-0.834298528608466,-1.212740924079984,0.064751400096841,1,2
130053,-0.014201924917624904,0.7372336305918931,-1.4208171969200585,0.0,0.0,1.1986117267495475,0.8245784240839611,0.0209316937334327,1,2
130054,-0.05811468174328171,-1.3564221143806794,0.6515517564598249,0.0,0.0,-0.834298528608466,0.8245784240839611,0.0355382625212355,1,2
130055,-0.05811468174328171,0.7372336305918931,0.6515517564598249,0.0,0.0,1.1986117267495475,-1.212740924079984,0.1231776752480521,0,1
130056,-0.05811468174328171,0.7372336305918931,0.6515517564598249,0.0,0.0,-0.834298528608466,0.8245784240839611,0.0939645376724466,0,1
130057,-0.05811468174328171,0.7372336305918931,0.6515517564598249,0.0,0.0,1.1986117267495475,-1.212740924079984,0.1231776752480521,0,1
130059,-0.05811468174328171,0.7372336305918931,-0.38463272023011674,0.0,0.0,1.1986117267495475,0.8245784240839611,0.1085711064602493,0,1
130060,-0.05811468174328171,0.7372336305918931,-1.4208171969200585,0.0,0.0,1.1986117267495475,0.8245784240839611,0.064751400096841,1,2
139002,-0.05811468174328171,0.7372336305918931,0.6515517564598249,0.0,0.0,1.1986117267495475,0.8245784240839611,0.1523908128236577,0,1
139005,-0.05811468174328171,-1.3564221143806794,-0.38463272023011674,0.0,0.0,-0.834298528608466,0.8245784240839611,-0.0082814438421728,2,0
139007,-0.05811468174328171,0.7372336305918931,0.6515517564598249,0.0,0.0,-0.834298528608466,0.8245784240839611,0.0939645376724466,0,1
139008,-0.05811468174328171,0.7372336305918931,-0.38463272023011674,0.0,0.0,-0.834298528608466,-1.212740924079984,0.0209316937334327,1,2
139009,-0.05811468174328171,0.7372336305918931,1.6877362331497665,0.0,0.0,-0.834298528608466,0.8245784240839611,0.1377842440358549,0,1
139010,-0.05811468174328171,-1.3564221143806794,0.6515517564598249,0.0,0.0,-0.834298528608466,0.8245784240839611,0.0355382625212355,1,2
139011,-0.05811468174328171,-1.3564221143806794,-1.4208171969200585,0.0,0.0,1.1986117267495475,-1.212740924079984,-0.0228880126299756,2,0
139012,-0.05811468174328171,-1.3564221143806794,-0.38463272023011674,0.0,0.0,1.1986117267495475,-1.212740924079984,0.0209316937334327,1,2
139013,-0.05811468174328171,0.7372336305918931,0.6515517564598249,0.0,0.0,-0.834298528608466,0.8245784240839611,0.0939645376724466,0,1
139015,-0.05811468174328171,0.7372336305918931,0.6515517564598249,0.0,0.0,-0.834298528608466,-1.212740924079984,0.064751400096841,1,2
139016,-0.05811468174328171,-1.3564221143806794,-0.38463272023011674,0.0,0.0,-0.834298528608466,-1.212740924079984,-0.0374945814177783,2,0
139018,-0.05811468174328171,0.7372336305918931,1.6877362331497665,0.0,0.0,1.1986117267495475,0.8245784240839611,0.196210519187066,0,1
139020,-0.05811468174328171,0.7372336305918931,-0.38463272023011674,0.0,0.0,-0.834298528608466,-1.212740924079984,0.0209316937334327,1,2
139021,-0.05811468174328171,0.7372336305918931,-0.38463272023011674,0.0,0.0,1.1986117267495475,0.8245784240839611,0.1085711064602493,0,1
139022,-0.05811468174328171,0.7372336305918931,1.6877362331497665,0.0,0.0,1.1986117267495475,-1.212740924079984,0.1669973816114605,0,1
139023,-0.05811468174328171,0.7372336305918931,1.6877362331497665,0.0,0.0,1.1986117267495475,0.8245784240839611,0.196210519187066,0,1
139024,-0.05811468174328171,0.7372336305918931,0.6515517564598249,0.0,0.0,-0.834298528608466,0.8245784240839611,0.0939645376724466,0,1
139025,-0.05811468174328171,-1.3564221143806794,1.6877362331497665,0.0,0.0,-0.834298528608466,0.8245784240839611,0.0793579688846438,0,1
139026,-0.05811468174328171,0.7372336305918931,-1.4208171969200585,0.0,0.0,1.1986117267495475,-1.212740924079984,0.0355382625212355,1,2
139027,-0.05811468174328171,0.7372336305918931,1.6877362331497665,0.0,0.0,1.1986117267495475,0.8245784240839611,0.196210519187066,0,1
139029,-0.05811468174328171,0.7372336305918931,-0.38463272023011674,0.0,0.0,1.1986117267495475,0.8245784240839611,0.1085711064602493,0,1
139030,-0.05811468174328171,0.7372336305918931,-1.4208171969200585,0.0,0.0,-0.834298528608466,0.8245784240839611,0.0063251249456299,2,0
139031,-0.05811468174328171,0.7372336305918931,-0.38463272023011674,0.0,0.0,1.1986117267495475,-1.212740924079984,0.0793579688846438,0,1
139032,-0.05811468174328171,-1.3564221143806794,-0.38463272023011674,0.0,0.0,-0.834298528608466,-1.212740924079984,-0.0374945814177783,2,0
139033,-0.05811468174328171,0.7372336305918931,-0.38463272023011674,0.0,0.0,1.1986117267495475,0.8245784240839611,0.1085711064602493,0,1
139034,-0.05811468174328171,-1.3564221143806794,-0.38463272023011674,0.0,0.0,1.1986117267495475,-1.212740924079984,0.0209316937334327,1,2
139035,-0.05811468174328171,-1.3564221143806794,-1.4208171969200585,0.0,0.0,1.1986117267495475,0.8245784240839611,0.0063251249456299,2,0
139036,-0.05811468174328171,0.7372336305918931,-0.38463272023011674,0.0,0.0,1.1986117267495475,-1.212740924079984,0.0793579688846438,0,1
139037,-0.05811468174328171,0.7372336305918931,0.6515517564598249,0.0,0.0,-0.834298528608466,0.8245784240839611,0.0939645376724466,0,1
139038,-0.05811468174328171,-1.3564221143806794,-0.38463272023011674,0.0,0.0,1.1986117267495475,0.8245784240839611,0.0501448313090382,1,2
139039,-0.05811468174328171,0.7372336305918931,-0.38463272023011674,0.0,0.0,1.1986117267495475,0.8245784240839611,0.1085711064602493,0,1
139041,-0.05811468174328171,0.7372336305918931,0.6515517564598249,0.0,0.0,-0.834298528608466,0.8245784240839611,0.0939645376724466,0,1
139042,-0.05811468174328171,-1.3564221143806794,1.6877362331497665,0.0,0.0,1.1986117267495475,0.8245784240839611,0.1377842440358549,0,1
139043,-0.05811468174328171,0.7372336305918931,0.6515517564598249,0.0,0.0,-0.834298528608466,0.8245784240839611,0.0939645376724466,0,1
139044,-0.05811468174328171,0.7372336305918931,-0.38463272023011674,0.0,0.0,1.1986117267495475,0.8245784240839611,0.1085711064602493,0,1
139046,-0.05811468174328171,0.7372336305918931,0.6515517564598249,0.0,0.0,-0.834298528608466,0.8245784240839611,0.0939645376724466,0,1
139047,-0.05811468174328171,-1.3564221143806794,-1.4208171969200585,0.0,0.0,1.1986117267495475,0.8245784240839611,0.0063251249456299,2,0
139048,-0.05811468174328171,0.7372336305918931,-1.4208171969200585,0.0,0.0,-0.834298528608466,-1.212740924079984,-0.0228880126299756,2,0
139049,-0.05811468174328171,0.7372336305918931,-0.38463272023011674,0.0,0.0,-0.834298528608466,0.8245784240839611,0.0501448313090382,1,2
139050,-0.05811468174328171,0.7372336305918931,0.6515517564598249,0.0,0.0,-0.834298528608466,-1.212740924079984,0.064751400096841,1,2
139052,-0.05811468174328171,-1.3564221143806794,-0.38463272023011674,0.0,0.0,-0.834298528608466,0.8245784240839611,-0.0082814438421728,2,0
139053,-0.05811468174328171,0.7372336305918931,-1.4208171969200585,0.0,0.0,1.1986117267495475,0.8245784240839611,0.064751400096841,1,2
139054,-0.05811468174328171,-1.3564221143806794,-1.4208171969200585,0.0,0.0,-0.834298528608466,0.8245784240839611,-0.0521011502055811,2,0
139055,-0.05811468174328171,0.7372336305918931,1.6877362331497665,0.0,0.0,1.1986117267495475,0.8245784240839611,0.196210519187066,0,1
139057,-0.05811468174328171,-1.3564221143806794,0.6515517564598249,0.0,0.0,1.1986117267495475,0.8245784240839611,0.0939645376724466,0,1
139058,-0.05811468174328171,0.7372336305918931,-0.38463272023011674,0.0,0.0,1.1986117267495475,-1.212740924079984,0.0793579688846438,0,1
139059,-0.05811468174328171,0.7372336305918931,0.6515517564598249,0.0,0.0,1.1986117267495475,0.8245784240839611,0.1523908128236577,0,1
139062,-0.05811468174328171,-1.3564221143806794,-0.38463272023011674,0.0,0.0,-0.834298528608466,-1.212740924079984,-0.0374945814177783,2,0
139063,-0.05811468174328171,-1.3564221143806794,0.6515517564598249,0.0,0.0,-0.834298528608466,0.8245784240839611,0.0355382625212355,1,2
139064,-0.05811468174328171,-1.3564221143806794,-0.38463272023011674,0.0,0.0,-0.834298528608466,-1.212740924079984,-0.0374945814177783,2,0
139067,-0.05811468174328171,0.7372336305918931,1.6877362331497665,0.0,0.0,-0.834298528608466,-1.212740924079984,0.1085711064602493,0,1
139068,-0.05811468174328171,0.7372336305918931,-0.38463272023011674,0.0,0.0,1.1986117267495475,0.8245784240839611,0.1085711064602493,0,1
139070,18.970746609374668,0.7372336305918931,0.6515517564598249,0.0,0.0,-0.834298528608466,-1.212740924079984,-18.923788024046765,2,0
139071,-0.05811468174328171,0.7372336305918931,-1.4208171969200585,0.0,0.0,1.1986117267495475,0.8245784240839611,0.064751400096841,1,2
139072,-0.05811468174328171,0.7372336305918931,-0.38463272023011674,0.0,0.0,-0.834298528608466,-1.212740924079984,0.0209316937334327,1,2
139074,-0.05811468174328171,0.7372336305918931,-0.38463272023011674,0.0,0.0,1.1986117267495475,0.8245784240839611,0.1085711064602493,0,1
139075,-0.04347709613472944,0.7372336305918931,-0.38463272023011674,0.0,0.0,-0.834298528608466,0.8245784240839611,0.0355382625212355,1,2
139076,-0.05811468174328171,0.7372336305918931,-1.4208171969200585,0.0,0.0,-0.834298528608466,-1.212740924079984,-0.0228880126299756,2,0
139078,-0.05811468174328171,0.7372336305918931,0.6515517564598249,0.0,0.0,1.1986117267495475,-1.212740924079984,0.1231776752480521,0,1
139079,-0.05811468174328171,0.7372336305918931,-0.38463272023011674,0.0,0.0,-0.834298528608466,0.8245784240839611,0.0501448313090382,1,2
139080,-0.05811468174328171,-1.3564221143806794,0.6515517564598249,0.0,0.0,1.1986117267495475,-1.212740924079984,0.064751400096841,1,2
139082,-0.05811468174328171,0.7372336305918931,0.6515517564598249,0.0,0.0,-0.834298528608466,0.8245784240839611,0.0939645376724466,0,1
139083,-0.05811468174328171,0.7372336305918931,0.6515517564598249,0.0,0.0,-0.834298528608466,-1.212740924079984,0.064751400096841,1,2
139084,-0.05811468174328171,0.7372336305918931,0.6515517564598249,0.0,0.0,1.1986117267495475,-1.212740924079984,0.1231776752480521,0,1
139085,-0.05811468174328171,-1.3564221143806794,0.6515517564598249,0.0,0.0,-0.834298528608466,0.8245784240839611,0.0355382625212355,1,2
139086,-0.05811468174328171,0.7372336305918931,-0.38463272023011674,0.0,0.0,1.1986117267495475,-1.212740924079984,0.0793579688846438,0,1
139087,-0.05811468174328171,0.7372336305918931,0.6515517564598249,0.0,0.0,-0.834298528608466,0.8245784240839611,0.0939645376724466,0,1
139089,-0.05811468174328171,0.7372336305918931,-0.38463272023011674,0.0,0.0,1.1986117267495475,-1.212740924079984,0.0793579688846438,0,1
139090,-0.05811468174328171,-1.3564221143806794,0.6515517564598249,0.0,0.0,-0.834298528608466,-1.212740924079984,0.0063251249456299,2,0
139092,-0.028839510526177174,0.7372336305918931,0.6515517564598249,0.0,0.0,-0.834298528608466,0.8245784240839611,0.064751400096841,1,2
139094,-0.05811468174328171,0.7372336305918931,-0.38463272023011674,0.0,0.0,-0.834298528608466,0.8245784240839611,0.0501448313090382,1,2
139095,-0.05811468174328171,0.7372336305918931,-0.38463272023011674,0.0,0.0,-0.834298528608466,0.8245784240839611,0.0501448313090382,1,2
139096,-0.05811468174328171,0.7372336305918931,-0.38463272023011674,0.0,0.0,-0.834298528608466,-1.212740924079984,0.0209316937334327,1,2
139098,-0.05811468174328171,0.7372336305918931,0.6515517564598249,0.0,0.0,1.1986117267495475,0.8245784240839611,0.1523908128236577,0,1
139099,-0.05811468174328171,0.7372336305918931,1.6877362331497665,0.0,0.0,1.1986117267495475,0.8245784240839611,0.196210519187066,0,1
139102,-0.05811468174328171,-1.3564221143806794,-0.38463272023011674,0.0,0.0,-0.834298528608466,-1.212740924079984,-0.0374945814177783,2,0
139103,-0.05811468174328171,0.7372336305918931,0.6515517564598249,0.0,0.0,-0.834298528608466,0.8245784240839611,0.0939645376724466,0,1
139104,-0.05811468174328171,0.7372336305918931,1.6877362331497665,0.0,0.0,-0.834298528608466,0.8245784240839611,0.1377842440358549,0,1
139105,-0.05811468174328171,-1.3564221143806794,-1.4208171969200585,0.0,0.0,-0.834298528608466,-1.212740924079984,-0.0813142877811867,2,0
139106,-0.05811468174328171,-1.3564221143806794,-0.38463272023011674,0.0,0.0,-0.834298528608466,0.8245784240839611,-0.0082814438421728,2,0
139107,-0.05811468174328171,-1.3564221143806794,0.6515517564598249,0.0,0.0,-0.834298528608466,0.8245784240839611,0.0355382625212355,1,2
139108,-0.05811468174328171,0.7372336305918931,0.6515517564598249,0.0,0.0,1.1986117267495475,-1.212740924079984,0.1231776752480521,0,1
139109,-0.05811468174328171,0.7372336305918931,1.6877362331497665,0.0,0.0,1.1986117267495475,0.8245784240839611,0.196210519187066,0,1
139111,-0.05811468174328171,0.7372336305918931,-0.38463272023011674,0.0,0.0,-0.834298528608466,-1.212740924079984,0.0209316937334327,1,2
139112,-0.05811468174328171,0.7372336305918931,-1.4208171969200585,0.0,0.0,-0.834298528608466,0.8245784240839611,0.0063251249456299,2,0
139113,-0.04347709613472944,0.7372336305918931,-0.38463272023011674,0.0,0.0,1.1986117267495475,0.8245784240839611,0.0939645376724466,0,1
139114,-0.05811468174328171,-1.3564221143806794,-0.38463272023011674,0.0,0.0,-0.834298528608466,0.8245784240839611,-0.0082814438421728,2,0
139115,-0.05811468174328171,-1.3564221143806794,-0.38463272023011674,0.0,0.0,1.1986117267495475,0.8245784240839611,0.0501448313090382,1,2
139116,-0.05811468174328171,0.7372336305918931,0.6515517564598249,0.0,0.0,1.1986117267495475,-1.212740924079984,0.1231776752480521,0,1
139119,-0.05811468174328171,-1.3564221143806794,-1.4208171969200585,0.0,0.0,-0.834298528608466,0.8245784240839611,-0.0521011502055811,2,0
139120,-0.05811468174328171,-1.3564221143806794,0.6515517564598249,0.0,0.0,-0.834298528608466,0.8245784240839611,0.0355382625212355,1,2
139121,-0.05811468174328171,0.7372336305918931,-0.38463272023011674,0.0,0.0,1.1986117267495475,0.8245784240839611,0.1085711064602493,0,1
139123,-0.05811468174328171,0.7372336305918931,0.6515517564598249,0.0,0.0,1.1986117267495475,0.8245784240839611,0.1523908128236577,0,1
139124,-0.05811468174328171,0.7372336305918931,-1.4208171969200585,0.0,0.0,-0.834298528608466,-1.212740924079984,-0.0228880126299756,2,0
139125,-0.05811468174328171,0.7372336305918931,-0.38463272023011674,0.0,0.0,1.1986117267495475,-1.212740924079984,0.0793579688846438,0,1
139130,4.333161000822399,0.7372336305918931,-1.4208171969200585,0.0,0.0,-0.834298528608466,-1.212740924079984,-4.404858648970809,2,0
139134,-0.05811468174328171,0.7372336305918931,1.6877362331497665,0.0,0.0,-0.834298528608466,0.8245784240839611,0.1377842440358549,0,1
139144,-0.05811468174328171,0.7372336305918931,0.6515517564598249,0.0,0.0,1.1986117267495475,-1.212740924079984,0.1231776752480521,0,1
139145,-0.05811468174328171,0.7372336305918931,-0.38463272023011674,0.0,0.0,1.1986117267495475,0.8245784240839611,0.1085711064602493,0,1
139146,-0.04347709613472944,-1.3564221143806794,-0.38463272023011674,0.0,0.0,1.1986117267495475,0.8245784240839611,0.0355382625212355,1,2
139148,-0.05811468174328171,0.7372336305918931,1.6877362331497665,0.0,0.0,1.1986117267495475,-1.212740924079984,0.1669973816114605,0,1
139149,-0.05811468174328171,0.7372336305918931,-0.38463272023011674,0.0,0.0,-0.834298528608466,0.8245784240839611,0.0501448313090382,1,2
139150,-0.05811468174328171,0.7372336305918931,-1.4208171969200585,0.0,0.0,-0.834298528608466,0.8245784240839611,0.0063251249456299,2,0
139151,-0.05811468174328171,0.7372336305918931,0.6515517564598249,0.0,0.0,-0.834298528608466,0.8245784240839611,0.0939645376724466,0,1
139152,-0.05811468174328171,0.7372336305918931,1.6877362331497665,0.0,0.0,-0.834298528608466,-1.212740924079984,0.1085711064602493,0,1
139153,-0.04347709613472944,-1.3564221143806794,-1.4208171969200585,0.0,0.0,1.1986117267495475,-1.212740924079984,-0.0374945814177783,2,0
139155,-0.05811468174328171,0.7372336305918931,-0.38463272023011674,0.0,0.0,-0.834298528608466,-1.212740924079984,0.0209316937334327,1,2
139156,-0.05811468174328171,-1.3564221143806794,1.6877362331497665,0.0,0.0,1.1986117267495475,-1.212740924079984,0.1085711064602493,0,1
140001,-0.04347709613472944,-1.3564221143806794,-1.4208171969200585,0.0,0.0,1.1986117267495475,0.8245784240839611,-0.0082814438421728,2,0
140003,-0.04347709613472944,-1.3564221143806794,-1.4208171969200585,0.0,0.0,-0.834298528608466,0.8245784240839611,-0.0667077189933839,2,0
140004,-0.05811468174328171,0.7372336305918931,0.6515517564598249,0.0,0.0,-0.834298528608466,-1.212740924079984,0.064751400096841,1,2
140006,-0.04347709613472944,-1.3564221143806794,1.6877362331497665,0.0,0.0,1.1986117267495475,0.8245784240839611,0.1231776752480521,0,1
140007,-0.05811468174328171,0.7372336305918931,-0.38463272023011674,0.0,0.0,1.1986117267495475,0.8245784240839611,0.1085711064602493,0,1
140009,-0.05811468174328171,-1.3564221143806794,1.6877362331497665,0.0,0.0,1.1986117267495475,-1.212740924079984,0.1085711064602493,0,1
140010,-0.05811468174328171,0.7372336305918931,0.6515517564598249,0.0,0.0,-0.834298528608466,-1.212740924079984,0.064751400096841,1,2
140021,-0.014201924917624904,-1.3564221143806794,-1.4208171969200585,0.0,0.0,-0.834298528608466,0.8245784240839611,-0.0959208565689894,2,0
140022,-0.04347709613472944,0.7372336305918931,1.6877362331497665,0.0,0.0,-0.834298528608466,0.8245784240839611,0.1231776752480521,0,1
140023,-0.05811468174328171,0.7372336305918931,-0.38463272023011674,0.0,0.0,-0.834298528608466,0.8245784240839611,0.0501448313090382,1,2
140024,-0.04347709613472944,0.7372336305918931,-0.38463272023011674,0.0,0.0,1.1986117267495475,-1.212740924079984,0.064751400096841,1,2
140025,-0.05811468174328171,-1.3564221143806794,0.6515517564598249,0.0,0.0,1.1986117267495475,-1.212740924079984,0.064751400096841,1,2
140026,-0.04347709613472944,0.7372336305918931,-0.38463272023011674,0.0,0.0,-0.834298528608466,-1.212740924079984,0.0063251249456299,2,0
140027,-0.05811468174328171,0.7372336305918931,-1.4208171969200585,0.0,0.0,-0.834298528608466,0.8245784240839611,0.0063251249456299,2,0
140030,-0.05811468174328171,0.7372336305918931,-1.4208171969200585,0.0,0.0,-0.834298528608466,0.8245784240839611,0.0063251249456299,2,0
140062,-0.05811468174328171,-1.3564221143806794,-0.38463272023011674,0.0,0.0,1.1986117267495475,-1.212740924079984,0.0209316937334327,1,2
140063,-0.05811468174328171,-1.3564221143806794,0.6515517564598249,0.0,0.0,-0.834298528608466,0.8245784240839611,0.0355382625212355,1,2
140065,-0.05811468174328171,0.7372336305918931,0.6515517564598249,0.0,0.0,1.1986117267495475,0.8245784240839611,0.1523908128236577,0,1
140066,-0.05811468174328171,0.7372336305918931,1.6877362331497665,0.0,0.0,-0.834298528608466,0.8245784240839611,0.1377842440358549,0,1
140067,-0.04347709613472944,0.7372336305918931,-0.38463272023011674,0.0,0.0,1.1986117267495475,0.8245784240839611,0.0939645376724466,0,1
140068,-0.04347709613472944,0.7372336305918931,-0.38463272023011674,0.0,0.0,-0.834298528608466,-1.212740924079984,0.0063251249456299,2,0
140069,-0.05811468174328171,0.7372336305918931,-1.4208171969200585,0.0,0.0,-0.834298528608466,0.8245784240839611,0.0063251249456299,2,0
140070,-0.04347709613472944,-1.3564221143806794,-1.4208171969200585,0.0,0.0,1.1986117267495475,-1.212740924079984,-0.0374945814177783,2,0
140072,-0.05811468174328171,0.7372336305918931,-0.38463272023011674,0.0,0.0,-0.834298528608466,-1.212740924079984,0.0209316937334327,1,2
140073,-0.04347709613472944,-1.3564221143806794,0.6515517564598249,0.0,0.0,-0.834298528608466,0.8245784240839611,0.0209316937334327,1,2
140074,-0.05811468174328171,0.7372336305918931,1.6877362331497665,0.0,0.0,-0.834298528608466,0.8245784240839611,0.1377842440358549,0,1
140075,-0.04347709613472944,0.7372336305918931,1.6877362331497665,0.0,0.0,-0.834298528608466,0.8245784240839611,0.1231776752480521,0,1
140076,-0.05811468174328171,0.7372336305918931,-0.38463272023011674,0.0,0.0,-0.834298528608466,0.8245784240839611,0.0501448313090382,1,2
140078,-0.05811468174328171,-1.3564221143806794,1.6877362331497665,0.0,0.0,1.1986117267495475,0.8245784240839611,0.1377842440358549,0,1
140079,-0.05811468174328171,-1.3564221143806794,-0.38463272023011674,0.0,0.0,1.1986117267495475,0.8245784240839611,0.0501448313090382,1,2
140080,-0.05811468174328171,-1.3564221143806794,-1.4208171969200585,0.0,0.0,-0.834298528608466,-1.212740924079984,-0.0813142877811867,2,0
140082,-0.05811468174328171,-1.3564221143806794,1.6877362331497665,0.0,0.0,-0.834298528608466,0.8245784240839611,0.0793579688846438,0,1
140083,-0.05811468174328171,-1.3564221143806794,0.6515517564598249,0.0,0.0,-0.834298528608466,0.8245784240839611,0.0355382625212355,1,2
140084,-0.04347709613472944,0.7372336305918931,-1.4208171969200585,0.0,0.0,-0.834298528608466,0.8245784240839611,-0.0082814438421728,2,0
140085,-0.05811468174328171,-1.3564221143806794,-0.38463272023011674,0.0,0.0,-0.834298528608466,0.8245784240839611,-0.0082814438421728,2,0
140086,-0.04347709613472944,-1.3564221143806794,-0.38463272023011674,0.0,0.0,1.1986117267495475,0.8245784240839611,0.0355382625212355,1,2
140087,-0.05811468174328171,0.7372336305918931,0.6515517564598249,0.0,0.0,-0.834298528608466,0.8245784240839611,0.0939645376724466,0,1
140089,-0.05811468174328171,0.7372336305918931,-0.38463272023011674,0.0,0.0,-0.834298528608466,0.8245784240839611,0.0501448313090382,1,2
140090,-0.05811468174328171,0.7372336305918931,1.6877362331497665,0.0,0.0,1.1986117267495475,0.8245784240839611,0.196210519187066,0,1
140121,-0.028839510526177174,-1.3564221143806794,-1.4208171969200585,0.0,0.0,1.1986117267495475,-1.212740924079984,-0.0521011502055811,2,0
140122,-0.05811468174328171,0.7372336305918931,-0.38463272023011674,0.0,0.0,1.1986117267495475,0.8245784240839611,0.1085711064602493,0,1
140123,-0.05811468174328171,-1.3564221143806794,-0.38463272023011674,0.0,0.0,1.1986117267495475,0.8245784240839611,0.0501448313090382,1,2
140124,-0.05811468174328171,-1.3564221143806794,-0.38463272023011674,0.0,0.0,1.1986117267495475,0.8245784240839611,0.0501448313090382,1,2
140125,-0.04347709613472944,0.7372336305918931,-0.38463272023011674,0.0,0.0,-0.834298528608466,0.8245784240839611,0.0355382625212355,1,2
140126,-0.05811468174328171,-1.3564221143806794,0.6515517564598249,0.0,0.0,-0.834298528608466,0.8245784240839611,0.0355382625212355,1,2
140127,-0.05811468174328171,0.7372336305918931,1.6877362331497665,0.0,0.0,-0.834298528608466,0.8245784240839611,0.1377842440358549,0,1
140128,-0.04347709613472944,0.7372336305918931,1.6877362331497665,0.0,0.0,1.1986117267495475,0.8245784240839611,0.1816039503992632,0,1
140129,-0.014201924917624904,-1.3564221143806794,0.6515517564598249,0.0,0.0,1.1986117267495475,-1.212740924079984,0.0209316937334327,1,2
140130,-0.05811468174328171,0.7372336305918931,1.6877362331497665,0.0,0.0,-0.834298528608466,0.8245784240839611,0.1377842440358549,0,1
149001,-0.05811468174328171,-1.3564221143806794,0.6515517564598249,0.0,0.0,1.1986117267495475,0.8245784240839611,0.0939645376724466,0,1
149002,-0.05811468174328171,0.7372336305918931,0.6515517564598249,0.0,0.0,1.1986117267495475,-1.212740924079984,0.1231776752480521,0,1
149003,-0.05811468174328171,0.7372336305918931,-0.38463272023011674,0.0,0.0,1.1986117267495475,0.8245784240839611,0.1085711064602493,0,1
149004,-0.05811468174328171,0.7372336305918931,-0.38463272023011674,0.0,0.0,1.1986117267495475,0.8245784240839611,0.1085711064602493,0,1
149005,-0.05811468174328171,0.7372336305918931,-0.38463272023011674,0.0,0.0,1.1986117267495475,0.8245784240839611,0.1085711064602493,0,1
149006,-0.05811468174328171,-1.3564221143806794,-0.38463272023011674,0.0,0.0,-0.834298528608466,-1.212740924079984,-0.0374945814177783,2,0
149007,-0.05811468174328171,0.7372336305918931,-0.38463272023011674,0.0,0.0,-0.834298528608466,-1.212740924079984,0.0209316937334327,1,2
149008,-0.05811468174328171,-1.3564221143806794,1.6877362331497665,0.0,0.0,-0.834298528608466,0.8245784240839611,0.0793579688846438,0,1
149011,-0.05811468174328171,0.7372336305918931,-0.38463272023011674,0.0,0.0,-0.834298528608466,-1.212740924079984,0.0209316937334327,1,2
149013,-0.05811468174328171,0.7372336305918931,-1.4208171969200585,0.0,0.0,-0.834298528608466,0.8245784240839611,0.0063251249456299,2,0
149015,-0.05811468174328171,-1.3564221143806794,-0.38463272023011674,0.0,0.0,1.1986117267495475,-1.212740924079984,0.0209316937334327,1,2
149016,-0.05811468174328171,0.7372336305918931,-1.4208171969200585,0.0,0.0,1.1986117267495475,0.8245784240839611,0.064751400096841,1,2
149017,-0.05811468174328171,-1.3564221143806794,-1.4208171969200585,0.0,0.0,1.1986117267495475,-1.212740924079984,-0.0228880126299756,2,0
149018,-0.05811468174328171,0.7372336305918931,-0.38463272023011674,0.0,0.0,-0.834298528608466,-1.212740924079984,0.0209316937334327,1,2
149019,-0.05811468174328171,0.7372336305918931,-0.38463272023011674,0.0,0.0,-0.834298528608466,0.8245784240839611,0.0501448313090382,1,2
149020,-0.05811468174328171,0.7372336305918931,-0.38463272023011674,0.0,0.0,-0.834298528608466,-1.212740924079984,0.0209316937334327,1,2
149021,-0.05811468174328171,0.7372336305918931,0.6515517564598249,0.0,0.0,-0.834298528608466,0.8245784240839611,0.0939645376724466,0,1
149022,-0.05811468174328171,-1.3564221143806794,0.6515517564598249,0.0,0.0,-0.834298528608466,0.8245784240839611,0.0355382625212355,1,2
149023,-0.05811468174328171,-1.3564221143806794,-0.38463272023011674,0.0,0.0,-0.834298528608466,0.8245784240839611,-0.0082814438421728,2,0
149025,-0.05811468174328171,-1.3564221143806794,-0.38463272023011674,0.0,0.0,-0.834298528608466,0.8245784240839611,-0.0082814438421728,2,0
149026,-0.05811468174328171,-1.3564221143806794,-0.38463272023011674,0.0,0.0,1.1986117267495475,-1.212740924079984,0.0209316937334327,1,2
149028,-0.05811468174328171,-1.3564221143806794,0.6515517564598249,0.0,0.0,-0.834298528608466,-1.212740924079984,0.0063251249456299,2,0
149029,-0.05811468174328171,0.7372336305918931,-1.4208171969200585,0.0,0.0,1.1986117267495475,0.8245784240839611,0.064751400096841,1,2
149030,-0.05811468174328171,0.7372336305918931,-1.4208171969200585,0.0,0.0,-0.834298528608466,0.8245784240839611,0.0063251249456299,2,0
149031,-0.05811468174328171,0.7372336305918931,0.6515517564598249,0.0,0.0,1.1986117267495475,0.8245784240839611,0.1523908128236577,0,1
149032,-0.05811468174328171,-1.3564221143806794,-0.38463272023011674,0.0,0.0,-0.834298528608466,0.8245784240839611,-0.0082814438421728,2,0
149033,-0.05811468174328171,0.7372336305918931,-1.4208171969200585,0.0,0.0,-0.834298528608466,0.8245784240839611,0.0063251249456299,2,0
149034,-0.05811468174328171,0.7372336305918931,-0.38463272023011674,0.0,0.0,-0.834298528608466,-1.212740924079984,0.0209316937334327,1,2
149036,-0.05811468174328171,-1.3564221143806794,1.6877362331497665,0.0,0.0,1.1986117267495475,0.8245784240839611,0.1377842440358549,0,1
149037,-0.05811468174328171,0.7372336305918931,1.6877362331497665,0.0,0.0,-0.834298528608466,0.8245784240839611,0.1377842440358549,0,1
149038,-0.05811468174328171,0.7372336305918931,0.6515517564598249,0.0,0.0,-0.834298528608466,0.8245784240839611,0.0939645376724466,0,1
149039,-0.05811468174328171,-1.3564221143806794,-0.38463272023011674,0.0,0.0,1.1986117267495475,0.8245784240839611,0.0501448313090382,1,2
149040,-0.05811468174328171,0.7372336305918931,-0.38463272023011674,0.0,0.0,-0.834298528608466,-1.212740924079984,0.0209316937334327,1,2
149044,-0.05811468174328171,0.7372336305918931,1.6877362331497665,0.0,0.0,-0.834298528608466,-1.212740924079984,0.1085711064602493,0,1
149045,-0.05811468174328171,-1.3564221143806794,1.6877362331497665,0.0,0.0,-0.834298528608466,0.8245784240839611,0.0793579688846438,0,1
149046,-0.05811468174328171,0.7372336305918931,-0.38463272023011674,0.0,0.0,1.1986117267495475,0.8245784240839611,0.1085711064602493,0,1
149047,-0.05811468174328171,0.7372336305918931,0.6515517564598249,0.0,0.0,-0.834298528608466,0.8245784240839611,0.0939645376724466,0,1
149048,-0.05811468174328171,0.7372336305918931,-1.4208171969200585,0.0,0.0,-0.834298528608466,-1.212740924079984,-0.0228880126299756,2,0
149049,-0.04347709613472944,0.7372336305918931,-0.38463272023011674,0.0,0.0,-0.834298528608466,-1.212740924079984,0.0063251249456299,2,0
149051,-0.05811468174328171,0.7372336305918931,0.6515517564598249,0.0,0.0,-0.834298528608466,0.8245784240839611,0.0939645376724466,0,1
149052,-0.05811468174328171,0.7372336305918931,-0.38463272023011674,0.0,0.0,1.1986117267495475,-1.212740924079984,0.0793579688846438,0,1
149053,-0.05811468174328171,0.7372336305918931,1.6877362331497665,0.0,0.0,-0.834298528608466,0.8245784240839611,0.1377842440358549,0,1
149054,-0.05811468174328171,-1.3564221143806794,-1.4208171969200585,0.0,0.0,-0.834298528608466,0.8245784240839611,-0.0521011502055811,2,0
149055,-0.04347709613472944,0.7372336305918931,-0.38463272023011674,0.0,0.0,-0.834298528608466,0.8245784240839611,0.0355382625212355,1,2
149056,-0.05811468174328171,0.7372336305918931,1.6877362331497665,0.0,0.0,-0.834298528608466,-1.212740924079984,0.1085711064602493,0,1
149057,-0.05811468174328171,0.7372336305918931,1.6877362331497665,0.0,0.0,-0.834298528608466,0.8245784240839611,0.1377842440358549,0,1
149059,-0.05811468174328171,-1.3564221143806794,-1.4208171969200585,0.0,0.0,-0.834298528608466,-1.212740924079984,-0.0813142877811867,2,0
149060,-0.05811468174328171,0.7372336305918931,-0.38463272023011674,0.0,0.0,-0.834298528608466,-1.212740924079984,0.0209316937334327,1,2
149061,-0.05811468174328171,-1.3564221143806794,0.6515517564598249,0.0,0.0,1.1986117267495475,-1.212740924079984,0.064751400096841,1,2
149062,-0.05811468174328171,-1.3564221143806794,-1.4208171969200585,0.0,0.0,-0.834298528608466,-1.212740924079984,-0.0813142877811867,2,0
149063,-0.05811468174328171,-1.3564221143806794,1.6877362331497665,0.0,0.0,-0.834298528608466,0.8245784240839611,0.0793579688846438,0,1
149065,-0.05811468174328171,-1.3564221143806794,1.6877362331497665,0.0,0.0,-0.834298528608466,-1.212740924079984,0.0501448313090382,1,2
149068,-0.05811468174328171,0.7372336305918931,-1.4208171969200585,0.0,0.0,-0.834298528608466,-1.212740924079984,-0.0228880126299756,2,0
149070,-0.05811468174328171,0.7372336305918931,-1.4208171969200585,0.0,0.0,1.1986117267495475,0.8245784240839611,0.064751400096841,1,2
149072,-0.05811468174328171,-1.3564221143806794,-1.4208171969200585,0.0,0.0,-0.834298528608466,-1.212740924079984,-0.0813142877811867,2,0
149073,-0.05811468174328171,0.7372336305918931,1.6877362331497665,0.0,0.0,-0.834298528608466,0.8245784240839611,0.1377842440358549,0,1
149074,-0.05811468174328171,0.7372336305918931,-1.4208171969200585,0.0,0.0,1.1986117267495475,-1.212740924079984,0.0355382625212355,1,2
149076,-0.05811468174328171,0.7372336305918931,-0.38463272023011674,0.0,0.0,-0.834298528608466,-1.212740924079984,0.0209316937334327,1,2
149077,-0.05811468174328171,-1.3564221143806794,-0.38463272023011674,0.0,0.0,-0.834298528608466,0.8245784240839611,-0.0082814438421728,2,0
149078,-0.05811468174328171,0.7372336305918931,0.6515517564598249,0.0,0.0,-0.834298528608466,-1.212740924079984,0.064751400096841,1,2
149079,-0.05811468174328171,0.7372336305918931,-1.4208171969200585,0.0,0.0,-0.834298528608466,0.8245784240839611,0.0063251249456299,2,0
149080,-0.05811468174328171,0.7372336305918931,-0.38463272023011674,0.0,0.0,1.1986117267495475,-1.212740924079984,0.0793579688846438,0,1
149082,-0.05811468174328171,-1.3564221143806794,1.6877362331497665,0.0,0.0,-0.834298528608466,-1.212740924079984,0.0501448313090382,1,2
149083,-0.05811468174328171,-1.3564221143806794,1.6877362331497665,0.0,0.0,-0.834298528608466,-1.212740924079984,0.0501448313090382,1,2
149084,-0.05811468174328171,0.7372336305918931,0.6515517564598249,0.0,0.0,-0.834298528608466,-1.212740924079984,0.064751400096841,1,2
149085,-0.05811468174328171,0.7372336305918931,-1.4208171969200585,0.0,0.0,-0.834298528608466,-1.212740924079984,-0.0228880126299756,2,0
149086,-0.05811468174328171,0.7372336305918931,-0.38463272023011674,0.0,0.0,1.1986117267495475,0.8245784240839611,0.1085711064602493,0,1
149087,-0.05811468174328171,0.7372336305918931,0.6515517564598249,0.0,0.0,-0.834298528608466,0.8245784240839611,0.0939645376724466,0,1
149088,-0.04347709613472944,-1.3564221143806794,-0.38463272023011674,0.0,0.0,1.1986117267495475,-1.212740924079984,0.0063251249456299,2,0
149089,-0.05811468174328171,0.7372336305918931,1.6877362331497665,0.0,0.0,-0.834298528608466,0.8245784240839611,0.1377842440358549,0,1
149090,-0.04347709613472944,0.7372336305918931,0.6515517564598249,0.0,0.0,1.1986117267495475,0.8245784240839611,0.1377842440358549,0,1
149091,-0.05811468174328171,0.7372336305918931,-1.4208171969200585,0.0,0.0,-0.834298528608466,0.8245784240839611,0.0063251249456299,2,0
149093,-0.05811468174328171,0.7372336305918931,1.6877362331497665,0.0,0.0,-0.834298528608466,0.8245784240839611,0.1377842440358549,0,1
149094,-0.05811468174328171,0.7372336305918931,1.6877362331497665,0.0,0.0,1.1986117267495475,0.8245784240839611,0.196210519187066,0,1
149096,-0.05811468174328171,-1.3564221143806794,-1.4208171969200585,0.0,0.0,1.1986117267495475,-1.212740924079984,-0.0228880126299756,2,0
149097,-0.04347709613472944,0.7372336305918931,-0.38463272023011674,0.0,0.0,-0.834298528608466,-1.212740924079984,0.0063251249456299,2,0
149098,-0.05811468174328171,-1.3564221143806794,-0.38463272023011674,0.0,0.0,-0.834298528608466,0.8245784240839611,-0.0082814438421728,2,0
149099,-0.05811468174328171,0.7372336305918931,-0.38463272023011674,0.0,0.0,-0.834298528608466,0.8245784240839611,0.0501448313090382,1,2
149102,-0.05811468174328171,0.7372336305918931,-1.4208171969200585,0.0,0.0,1.1986117267495475,0.8245784240839611,0.064751400096841,1,2
149103,-0.05811468174328171,0.7372336305918931,0.6515517564598249,0.0,0.0,-0.834298528608466,0.8245784240839611,0.0939645376724466,0,1
149104,-0.05811468174328171,0.7372336305918931,1.6877362331497665,0.0,0.0,1.1986117267495475,0.8245784240839611,0.196210519187066,0,1
149105,-0.05811468174328171,0.7372336305918931,-0.38463272023011674,0.0,0.0,1.1986117267495475,0.8245784240839611,0.1085711064602493,0,1
149107,-0.05811468174328171,0.7372336305918931,-1.4208171969200585,0.0,0.0,1.1986117267495475,0.8245784240839611,0.064751400096841,1,2
149108,-0.05811468174328171,0.7372336305918931,0.6515517564598249,0.0,0.0,-0.834298528608466,0.8245784240839611,0.0939645376724466,0,1
149109,-0.05811468174328171,-1.3564221143806794,-0.38463272023011674,0.0,0.0,-0.834298528608466,-1.212740924079984,-0.0374945814177783,2,0
149110,-0.04347709613472944,0.7372336305918931,1.6877362331497665,0.0,0.0,1.1986117267495475,-1.212740924079984,0.1523908128236577,0,1
149111,-0.05811468174328171,0.7372336305918931,-0.38463272023011674,0.0,0.0,1.1986117267495475,-1.212740924079984,0.0793579688846438,0,1
149112,-0.05811468174328171,-1.3564221143806794,-1.4208171969200585,0.0,0.0,1.1986117267495475,0.8245784240839611,0.0063251249456299,2,0
149114,-0.05811468174328171,0.7372336305918931,-1.4208171969200585,0.0,0.0,-0.834298528608466,-1.212740924079984,-0.0228880126299756,2,0
149115,-0.05811468174328171,0.7372336305918931,0.6515517564598249,0.0,0.0,1.1986117267495475,0.8245784240839611,0.1523908128236577,0,1
149116,-0.05811468174328171,-1.3564221143806794,-0.38463272023011674,0.0,0.0,-0.834298528608466,-1.212740924079984,-0.0374945814177783,2,0
149119,-0.05811468174328171,0.7372336305918931,0.6515517564598249,0.0,0.0,-0.834298528608466,0.8245784240839611,0.0939645376724466,0,1
149120,-0.05811468174328171,-1.3564221143806794,-0.38463272023011674,0.0,0.0,1.1986117267495475,-1.212740924079984,0.0209316937334327,1,2
149122,-0.05811468174328171,-1.3564221143806794,-0.38463272023011674,0.0,0.0,-0.834298528608466,-1.212740924079984,-0.0374945814177783,2,0
149123,-0.05811468174328171,-1.3564221143806794,-0.38463272023011674,0.0,0.0,1.1986117267495475,0.8245784240839611,0.0501448313090382,1,2
149125,-0.05811468174328171,0.7372336305918931,1.6877362331497665,0.0,0.0,-0.834298528608466,0.8245784240839611,0.1377842440358549,0,1
149126,-0.05811468174328171,0.7372336305918931,1.6877362331497665,0.0,0.0,-0.834298528608466,0.8245784240839611,0.1377842440358549,0,1
149127,-0.05811468174328171,-1.3564221143806794,-0.38463272023011674,0.0,0.0,-0.834298528608466,0.8245784240839611,-0.0082814438421728,2,0
149128,-0.05811468174328171,0.7372336305918931,-0.38463272023011674,0.0,0.0,-0.834298528608466,-1.212740924079984,0.0209316937334327,1,2
149129,-0.05811468174328171,0.7372336305918931,-1.4208171969200585,0.0,0.0,-0.834298528608466,-1.212740924079984,-0.0228880126299756,2,0
149130,-0.05811468174328171,-1.3564221143806794,-0.38463272023011674,0.0,0.0,1.1986117267495475,0.8245784240839611,0.0501448313090382,1,2
149132,-0.05811468174328171,0.7372336305918931,-0.38463272023011674,0.0,0.0,1.1986117267495475,0.8245784240839611,0.1085711064602493,0,1
149133,-0.05811468174328171,0.7372336305918931,1.6877362331497665,0.0,0.0,-0.834298528608466,0.8245784240839611,0.1377842440358549,0,1
149134,-0.05811468174328171,0.7372336305918931,1.6877362331497665,0.0,0.0,-0.834298528608466,0.8245784240839611,0.1377842440358549,0,1
149135,-0.05811468174328171,0.7372336305918931,-0.38463272023011674,0.0,0.0,1.1986117267495475,0.8245784240839611,0.1085711064602493,0,1
149136,-0.05811468174328171,0.7372336305918931,-0.38463272023011674,0.0,0.0,1.1986117267495475,-1.212740924079984,0.0793579688846438,0,1
149138,-0.05811468174328171,0.7372336305918931,1.6877362331497665,0.0,0.0,1.1986117267495475,0.8245784240839611,0.196210519187066,0,1
149139,-0.05811468174328171,0.7372336305918931,0.6515517564598249,0.0,0.0,1.1986117267495475,0.8245784240839611,0.1523908128236577,0,1
149140,-0.05811468174328171,0.7372336305918931,-1.4208171969200585,0.0,0.0,-0.834298528608466,0.8245784240839611,0.0063251249456299,2,0
149142,-0.05811468174328171,-1.3564221143806794,-0.38463272023011674,0.0,0.0,-0.834298528608466,-1.212740924079984,-0.0374945814177783,2,0
149143,-0.05811468174328171,0.7372336305918931,-0.38463272023011674,0.0,0.0,-0.834298528608466,-1.212740924079984,0.0209316937334327,1,2
149155,-0.05811468174328171,0.7372336305918931,-0.38463272023011674,0.0,0.0,-0.834298528608466,-1.212740924079984,0.0209316937334327,1,2
149156,-0.05811468174328171,-1.3564221143806794,-1.4208171969200585,0.0,0.0,1.1986117267495475,-1.212740924079984,-0.0228880126299756,2,0
149162,-0.05811468174328171,-1.3564221143806794,-1.4208171969200585,0.0,0.0,-0.834298528608466,0.8245784240839611,-0.0521011502055811,2,0
150001,-0.05811468174328171,0.7372336305918931,0.6515517564598249,0.0,0.0,1.1986117267495475,-1.212740924079984,0.1231776752480521,0,1
150002,-0.05811468174328171,0.7372336305918931,-0.38463272023011674,0.0,0.0,1.1986117267495475,-1.212740924079984,0.0793579688846438,0,1
150003,-0.05811468174328171,0.7372336305918931,-1.4208171969200585,0.0,0.0,1.1986117267495475,-1.212740924079984,0.0355382625212355,1,2
150004,-0.05811468174328171,0.7372336305918931,-0.38463272023011674,0.0,0.0,1.1986117267495475,0.8245784240839611,0.1085711064602493,0,1
150005,-0.05811468174328171,-1.3564221143806794,0.6515517564598249,0.0,0.0,-0.834298528608466,0.8245784240839611,0.0355382625212355,1,2
150007,-0.05811468174328171,0.7372336305918931,1.6877362331497665,0.0,0.0,1.1986117267495475,-1.212740924079984,0.1669973816114605,0,1
150008,-0.05811468174328171,-1.3564221143806794,-0.38463272023011674,0.0,0.0,-0.834298528608466,-1.212740924079984,-0.0374945814177783,2,0
150010,-0.05811468174328171,0.7372336305918931,-0.38463272023011674,0.0,0.0,-0.834298528608466,-1.212740924079984,0.0209316937334327,1,2
150012,0.00043566069092736256,0.7372336305918931,1.6877362331497665,0.0,0.0,1.1986117267495475,0.8245784240839611,0.1377842440358549,0,1
150013,-0.05811468174328171,0.7372336305918931,-0.38463272023011674,0.0,0.0,-0.834298528608466,-1.212740924079984,0.0209316937334327,1,2
150014,-0.05811468174328171,0.7372336305918931,-0.38463272023011674,0.0,0.0,1.1986117267495475,0.8245784240839611,0.1085711064602493,0,1
150015,-0.05811468174328171,-1.3564221143806794,-0.38463272023011674,0.0,0.0,1.1986117267495475,0.8245784240839611,0.0501448313090382,1,2
150016,-0.05811468174328171,0.7372336305918931,-1.4208171969200585,0.0,0.0,1.1986117267495475,-1.212740924079984,0.0355382625212355,1,2
150017,-0.05811468174328171,0.7372336305918931,-0.38463272023011674,0.0,0.0,-0.834298528608466,0.8245784240839611,0.0501448313090382,1,2
150018,-0.05811468174328171,0.7372336305918931,1.6877362331497665,0.0,0.0,1.1986117267495475,-1.212740924079984,0.1669973816114605,0,1
150019,-0.05811468174328171,0.7372336305918931,0.6515517564598249,0.0,0.0,-0.834298528608466,0.8245784240839611,0.0939645376724466,0,1
150020,-0.05811468174328171,0.7372336305918931,-0.38463272023011674,0.0,0.0,1.1986117267495475,-1.212740924079984,0.0793579688846438,0,1
150021,-0.05811468174328171,0.7372336305918931,1.6877362331497665,0.0,0.0,-0.834298528608466,0.8245784240839611,0.1377842440358549,0,1
150022,-0.05811468174328171,-1.3564221143806794,-1.4208171969200585,0.0,0.0,1.1986117267495475,0.8245784240839611,0.0063251249456299,2,0
150023,-0.05811468174328171,-1.3564221143806794,-0.38463272023011674,0.0,0.0,-0.834298528608466,0.8245784240839611,-0.0082814438421728,2,0
150024,-0.05811468174328171,0.7372336305918931,0.6515517564598249,0.0,0.0,-0.834298528608466,-1.212740924079984,0.064751400096841,1,2
150025,-0.05811468174328171,0.7372336305918931,0.6515517564598249,0.0,0.0,-0.834298528608466,-1.212740924079984,0.064751400096841,1,2
150026,-0.04347709613472944,-1.3564221143806794,-1.4208171969200585,0.0,0.0,-0.834298528608466,0.8245784240839611,-0.0667077189933839,2,0
150027,-0.05811468174328171,-1.3564221143806794,-0.38463272023011674,0.0,0.0,1.1986117267495475,0.8245784240839611,0.0501448313090382,1,2
150028,-0.05811468174328171,-1.3564221143806794,0.6515517564598249,0.0,0.0,-0.834298528608466,0.8245784240839611,0.0355382625212355,1,2
150029,-0.05811468174328171,-1.3564221143806794,0.6515517564598249,0.0,0.0,-0.834298528608466,-1.212740924079984,0.0063251249456299,2,0
150030,-0.04347709613472944,0.7372336305918931,0.6515517564598249,0.0,0.0,-0.834298528608466,-1.212740924079984,0.0501448313090382,1,2
150061,-0.05811468174328171,0.7372336305918931,-0.38463272023011674,0.0,0.0,-0.834298528608466,0.8245784240839611,0.0501448313090382,1,2
150062,-0.05811468174328171,0.7372336305918931,-1.4208171969200585,0.0,0.0,-0.834298528608466,-1.212740924079984,-0.0228880126299756,2,0
150063,-0.05811468174328171,0.7372336305918931,-0.38463272023011674,0.0,0.0,1.1986117267495475,-1.212740924079984,0.0793579688846438,0,1
150064,-0.014201924917624904,0.7372336305918931,-1.4208171969200585,0.0,0.0,-0.834298528608466,-1.212740924079984,-0.0667077189933839,2,0
150065,-0.05811468174328171,0.7372336305918931,1.6877362331497665,0.0,0.0,-0.834298528608466,0.8245784240839611,0.1377842440358549,0,1
150066,-0.04347709613472944,0.7372336305918931,-0.38463272023011674,0.0,0.0,-0.834298528608466,0.8245784240839611,0.0355382625212355,1,2
150067,-0.05811468174328171,0.7372336305918931,-0.38463272023011674,0.0,0.0,-0.834298528608466,0.8245784240839611,0.0501448313090382,1,2
150068,-0.05811468174328171,0.7372336305918931,0.6515517564598249,0.0,0.0,-0.834298528608466,-1.212740924079984,0.064751400096841,1,2
150069,-0.05811468174328171,-1.3564221143806794,-0.38463272023011674,0.0,0.0,-0.834298528608466,0.8245784240839611,-0.0082814438421728,2,0
150070,-0.05811468174328171,0.7372336305918931,-0.38463272023011674,0.0,0.0,1.1986117267495475,0.8245784240839611,0.1085711064602493,0,1
150071,-0.05811468174328171,-1.3564221143806794,0.6515517564598249,0.0,0.0,-0.834298528608466,-1.212740924079984,0.0063251249456299,2,0
150072,-0.04347709613472944,0.7372336305918931,1.6877362331497665,0.0,0.0,-0.834298528608466,0.8245784240839611,0.1231776752480521,0,1
150073,-0.05811468174328171,-1.3564221143806794,0.6515517564598249,0.0,0.0,-0.834298528608466,0.8245784240839611,0.0355382625212355,1,2
150075,-0.04347709613472944,-1.3564221143806794,-1.4208171969200585,0.0,0.0,1.1986117267495475,-1.212740924079984,-0.0374945814177783,2,0
150076,-0.05811468174328171,0.7372336305918931,0.6515517564598249,0.0,0.0,1.1986117267495475,0.8245784240839611,0.1523908128236577,0,1
150077,0.029710831908031896,-1.3564221143806794,0.6515517564598249,0.0,0.0,-0.834298528608466,-1.212740924079984,-0.0813142877811867,2,0
150078,-0.05811468174328171,0.7372336305918931,-1.4208171969200585,0.0,0.0,1.1986117267495475,0.8245784240839611,0.064751400096841,1,2
150079,-0.05811468174328171,-1.3564221143806794,-0.38463272023011674,0.0,0.0,-0.834298528608466,-1.212740924079984,-0.0374945814177783,2,0
150080,-0.05811468174328171,0.7372336305918931,1.6877362331497665,0.0,0.0,-0.834298528608466,-1.212740924079984,0.1085711064602493,0,1
159001,-0.05811468174328171,0.7372336305918931,-1.4208171969200585,0.0,0.0,-0.834298528608466,-1.212740924079984,-0.0228880126299756,2,0
159002,-0.04347709613472944,0.7372336305918931,0.6515517564598249,0.0,0.0,-0.834298528608466,0.8245784240839611,0.0793579688846438,0,1
159003,-0.05811468174328171,-1.3564221143806794,-0.38463272023011674,0.0,0.0,-0.834298528608466,0.8245784240839611,-0.0082814438421728,2,0
159004,-0.05811468174328171,-1.3564221143806794,-0.38463272023011674,0.0,0.0,-0.834298528608466,0.8245784240839611,-0.0082814438421728,2,0
159005,-0.05811468174328171,-1.3564221143806794,-1.4208171969200585,0.0,0.0,-0.834298528608466,0.8245784240839611,-0.0521011502055811,2,0
159006,-0.05811468174328171,-1.3564221143806794,0.6515517564598249,0.0,0.0,-0.834298528608466,0.8245784240839611,0.0355382625212355,1,2
159007,-0.05811468174328171,0.7372336305918931,-0.38463272023011674,0.0,0.0,-0.834298528608466,-1.212740924079984,0.0209316937334327,1,2
159010,-0.05811468174328171,0.7372336305918931,-0.38463272023011674,0.0,0.0,-0.834298528608466,0.8245784240839611,0.0501448313090382,1,2
159011,-0.05811468174328171,0.7372336305918931,0.6515517564598249,0.0,0.0,1.1986117267495475,-1.212740924079984,0.1231776752480521,0,1
159012,-0.05811468174328171,0.7372336305918931,0.6515517564598249,0.0,0.0,-0.834298528608466,-1.212740924079984,0.064751400096841,1,2
159013,-0.05811468174328171,0.7372336305918931,1.6877362331497665,0.0,0.0,1.1986117267495475,0.8245784240839611,0.196210519187066,0,1
159014,-0.05811468174328171,0.7372336305918931,-0.38463272023011674,0.0,0.0,1.1986117267495475,-1.212740924079984,0.0793579688846438,0,1
159015,-0.05811468174328171,-1.3564221143806794,-0.38463272023011674,0.0,0.0,-0.834298528608466,-1.212740924079984,-0.0374945814177783,2,0
159016,-0.05811468174328171,0.7372336305918931,1.6877362331497665,0.0,0.0,-0.834298528608466,0.8245784240839611,0.1377842440358549,0,1
159017,-0.05811468174328171,0.7372336305918931,0.6515517564598249,0.0,0.0,-0.834298528608466,0.8245784240839611,0.0939645376724466,0,1
159018,-0.05811468174328171,0.7372336305918931,-0.38463272023011674,0.0,0.0,-0.834298528608466,0.8245784240839611,0.0501448313090382,1,2
159019,-0.05811468174328171,-1.3564221143806794,-1.4208171969200585,0.0,0.0,-0.834298528608466,0.8245784240839611,-0.0521011502055811,2,0
159021,-0.05811468174328171,0.7372336305918931,0.6515517564598249,0.0,0.0,-0.834298528608466,0.8245784240839611,0.0939645376724466,0,1
159022,-0.05811468174328171,0.7372336305918931,-0.38463272023011674,0.0,0.0,-0.834298528608466,0.8245784240839611,0.0501448313090382,1,2
159023,-0.05811468174328171,0.7372336305918931,0.6515517564598249,0.0,0.0,1.1986117267495475,-1.212740924079984,0.1231776752480521,0,1
159025,-0.05811468174328171,0.7372336305918931,-0.38463272023011674,0.0,0.0,-0.834298528608466,-1.212740924079984,0.0209316937334327,1,2
159026,-0.05811468174328171,0.7372336305918931,-1.4208171969200585,0.0,0.0,1.1986117267495475,0.8245784240839611,0.064751400096841,1,2
159027,-0.05811468174328171,0.7372336305918931,0.6515517564598249,0.0,0.0,-0.834298528608466,-1.212740924079984,0.064751400096841,1,2
159028,-0.05811468174328171,-1.3564221143806794,-1.4208171969200585,0.0,0.0,1.1986117267495475,0.8245784240839611,0.0063251249456299,2,0
159029,-0.05811468174328171,0.7372336305918931,-0.38463272023011674,0.0,0.0,-0.834298528608466,0.8245784240839611,0.0501448313090382,1,2
159032,-0.05811468174328171,-1.3564221143806794,-0.38463272023011674,0.0,0.0,-0.834298528608466,-1.212740924079984,-0.0374945814177783,2,0
159033,-0.05811468174328171,0.7372336305918931,-0.38463272023011674,0.0,0.0,1.1986117267495475,-1.212740924079984,0.0793579688846438,0,1
159034,-0.05811468174328171,0.7372336305918931,0.6515517564598249,0.0,0.0,1.1986117267495475,-1.212740924079984,0.1231776752480521,0,1
159035,-0.04347709613472944,-1.3564221143806794,0.6515517564598249,0.0,0.0,-0.834298528608466,-1.212740924079984,-0.0082814438421728,2,0
159036,-0.05811468174328171,0.7372336305918931,0.6515517564598249,0.0,0.0,-0.834298528608466,-1.212740924079984,0.064751400096841,1,2
159037,-0.05811468174328171,-1.3564221143806794,-1.4208171969200585,0.0,0.0,1.1986117267495475,0.8245784240839611,0.0063251249456299,2,0
159038,-0.05811468174328171,0.7372336305918931,-1.4208171969200585,0.0,0.0,1.1986117267495475,0.8245784240839611,0.064751400096841,1,2
159039,-0.05811468174328171,0.7372336305918931,-0.38463272023011674,0.0,0.0,-0.834298528608466,0.8245784240839611,0.0501448313090382,1,2
159040,-0.05811468174328171,0.7372336305918931,1.6877362331497665,0.0,0.0,-0.834298528608466,-1.212740924079984,0.1085711064602493,0,1
159042,-0.05811468174328171,-1.3564221143806794,0.6515517564598249,0.0,0.0,1.1986117267495475,-1.212740924079984,0.064751400096841,1,2
159043,-0.05811468174328171,0.7372336305918931,0.6515517564598249,0.0,0.0,-0.834298528608466,0.8245784240839611,0.0939645376724466,0,1
159045,-0.05811468174328171,0.7372336305918931,-0.38463272023011674,0.0,0.0,1.1986117267495475,0.8245784240839611,0.1085711064602493,0,1
159047,-0.05811468174328171,-1.3564221143806794,-0.38463272023011674,0.0,0.0,-0.834298528608466,0.8245784240839611,-0.0082814438421728,2,0
159048,-0.05811468174328171,0.7372336305918931,-0.38463272023011674,0.0,0.0,1.1986117267495475,0.8245784240839611,0.1085711064602493,0,1
159049,-0.05811468174328171,-1.3564221143806794,-1.4208171969200585,0.0,0.0,1.1986117267495475,0.8245784240839611,0.0063251249456299,2,0
159050,-0.05811468174328171,0.7372336305918931,-1.4208171969200585,0.0,0.0,1.1986117267495475,0.8245784240839611,0.064751400096841,1,2
159051,-0.05811468174328171,-1.3564221143806794,1.6877362331497665,0.0,0.0,-0.834298528608466,-1.212740924079984,0.0501448313090382,1,2
159052,-0.05811468174328171,0.7372336305918931,-0.38463272023011674,0.0,0.0,-0.834298528608466,0.8245784240839611,0.0501448313090382,1,2
159053,-0.05811468174328171,0.7372336305918931,-0.38463272023011674,0.0,0.0,-0.834298528608466,-1.212740924079984,0.0209316937334327,1,2
159055,-0.05811468174328171,-1.3564221143806794,-1.4208171969200585,0.0,0.0,1.1986117267495475,0.8245784240839611,0.0063251249456299,2,0
159056,-0.05811468174328171,-1.3564221143806794,1.6877362331497665,0.0,0.0,1.1986117267495475,0.8245784240839611,0.1377842440358549,0,1
159057,-0.05811468174328171,-1.3564221143806794,0.6515517564598249,0.0,0.0,-0.834298528608466,-1.212740924079984,0.0063251249456299,2,0
159059,-0.04347709613472944,0.7372336305918931,0.6515517564598249,0.0,0.0,1.1986117267495475,-1.212740924079984,0.1085711064602493,0,1
159060,-0.05811468174328171,-1.3564221143806794,1.6877362331497665,0.0,0.0,1.1986117267495475,-1.212740924079984,0.1085711064602493,0,1
159061,-0.05811468174328171,0.7372336305918931,-0.38463272023011674,0.0,0.0,-0.834298528608466,-1.212740924079984,0.0209316937334327,1,2
159062,-0.05811468174328171,-1.3564221143806794,0.6515517564598249,0.0,0.0,-0.834298528608466,-1.212740924079984,0.0063251249456299,2,0
159063,-0.05811468174328171,-1.3564221143806794,-1.4208171969200585,0.0,0.0,1.1986117267495475,-1.212740924079984,-0.0228880126299756,2,0
159064,-0.05811468174328171,0.7372336305918931,-1.4208171969200585,0.0,0.0,-0.834298528608466,-1.212740924079984,-0.0228880126299756,2,0
159065,-0.05811468174328171,-1.3564221143806794,0.6515517564598249,0.0,0.0,1.1986117267495475,-1.212740924079984,0.064751400096841,1,2
159066,-0.05811468174328171,0.7372336305918931,0.6515517564598249,0.0,0.0,-0.834298528608466,0.8245784240839611,0.0939645376724466,0,1
159067,-0.05811468174328171,0.7372336305918931,-0.38463272023011674,0.0,0.0,1.1986117267495475,-1.212740924079984,0.0793579688846438,0,1
159068,-0.05811468174328171,0.7372336305918931,-0.38463272023011674,0.0,0.0,-0.834298528608466,-1.212740924079984,0.0209316937334327,1,2
159071,23.36202229194035,0.7372336305918931,-0.38463272023011674,0.0,0.0,-0.834298528608466,0.8245784240839611,-23.3203652291754,2,0
159072,-0.028839510526177174,0.7372336305918931,-1.4208171969200585,0.0,0.0,-0.834298528608466,0.8245784240839611,-0.0228880126299756,2,0
159073,-0.04347709613472944,-1.3564221143806794,-0.38463272023011674,0.0,0.0,-0.834298528608466,0.8245784240839611,-0.0228880126299756,2,0
159074,-0.04347709613472944,-1.3564221143806794,-0.38463272023011674,0.0,0.0,-0.834298528608466,-1.212740924079984,-0.0521011502055811,2,0
159076,-0.05811468174328171,-1.3564221143806794,-0.38463272023011674,0.0,0.0,-0.834298528608466,0.8245784240839611,-0.0082814438421728,2,0
159078,-0.05811468174328171,0.7372336305918931,0.6515517564598249,0.0,0.0,1.1986117267495475,0.8245784240839611,0.1523908128236577,0,1
159079,-0.04347709613472944,-1.3564221143806794,-0.38463272023011674,0.0,0.0,1.1986117267495475,0.8245784240839611,0.0355382625212355,1,2
159081,-0.05811468174328171,0.7372336305918931,-1.4208171969200585,0.0,0.0,-0.834298528608466,0.8245784240839611,0.0063251249456299,2,0
159082,-0.05811468174328171,0.7372336305918931,-0.38463272023011674,0.0,0.0,1.1986117267495475,0.8245784240839611,0.1085711064602493,0,1
159083,-0.05811468174328171,0.7372336305918931,1.6877362331497665,0.0,0.0,-0.834298528608466,0.8245784240839611,0.1377842440358549,0,1
159084,-0.05811468174328171,0.7372336305918931,-0.38463272023011674,0.0,0.0,1.1986117267495475,0.8245784240839611,0.1085711064602493,0,1
159085,-0.05811468174328171,-1.3564221143806794,-1.4208171969200585,0.0,0.0,1.1986117267495475,0.8245784240839611,0.0063251249456299,2,0
159086,-0.05811468174328171,0.7372336305918931,-0.38463272023011674,0.0,0.0,-0.834298528608466,0.8245784240839611,0.0501448313090382,1,2
159087,-0.05811468174328171,0.7372336305918931,0.6515517564598249,0.0,0.0,1.1986117267495475,0.8245784240839611,0.1523908128236577,0,1
159088,-0.05811468174328171,-1.3564221143806794,0.6515517564598249,0.0,0.0,1.1986117267495475,-1.212740924079984,0.064751400096841,1,2
159089,-0.05811468174328171,-1.3564221143806794,0.6515517564598249,0.0,0.0,-0.834298528608466,0.8245784240839611,0.0355382625212355,1,2
159090,-0.05811468174328171,0.7372336305918931,1.6877362331497665,0.0,0.0,1.1986117267495475,-1.212740924079984,0.1669973816114605,0,1
159093,-0.05811468174328171,0.7372336305918931,0.6515517564598249,0.0,0.0,1.1986117267495475,0.8245784240839611,0.1523908128236577,0,1
159094,-0.05811468174328171,0.7372336305918931,0.6515517564598249,0.0,0.0,-0.834298528608466,0.8245784240839611,0.0939645376724466,0,1
159095,-0.05811468174328171,0.7372336305918931,-0.38463272023011674,0.0,0.0,1.1986117267495475,-1.212740924079984,0.0793579688846438,0,1
159096,-0.05811468174328171,0.7372336305918931,-1.4208171969200585,0.0,0.0,1.1986117267495475,0.8245784240839611,0.064751400096841,1,2
159097,-0.05811468174328171,0.7372336305918931,1.6877362331497665,0.0,0.0,-0.834298528608466,-1.212740924079984,0.1085711064602493,0,1
159098,-0.05811468174328171,0.7372336305918931,-0.38463272023011674,0.0,0.0,-0.834298528608466,-1.212740924079984,0.0209316937334327,1,2
159099,-0.05811468174328171,-1.3564221143806794,-1.4208171969200585,0.0,0.0,-0.834298528608466,-1.212740924079984,-0.0813142877811867,2,0
159100,-0.05811468174328171,0.7372336305918931,0.6515517564598249,0.0,0.0,1.1986117267495475,-1.212740924079984,0.1231776752480521,0,1
159101,-0.05811468174328171,0.7372336305918931,-0.38463272023011674,0.0,0.0,1.1986117267495475,-1.212740924079984,0.0793579688846438,0,1
159102,-0.05811468174328171,0.7372336305918931,0.6515517564598249,0.0,0.0,-0.834298528608466,0.8245784240839611,0.0939645376724466,0,1
159105,-0.05811468174328171,0.7372336305918931,0.6515517564598249,0.0,0.0,1.1986117267495475,0.8245784240839611,0.1523908128236577,0,1
159106,-0.05811468174328171,0.7372336305918931,-0.38463272023011674,0.0,0.0,1.1986117267495475,-1.212740924079984,0.0793579688846438,0,1
159107,-0.05811468174328171,0.7372336305918931,0.6515517564598249,0.0,0.0,1.1986117267495475,0.8245784240839611,0.1523908128236577,0,1
159111,-0.05811468174328171,0.7372336305918931,-0.38463272023011674,0.0,0.0,-0.834298528608466,-1.212740924079984,0.0209316937334327,1,2
159112,-0.05811468174328171,0.7372336305918931,-0.38463272023011674,0.0,0.0,-0.834298528608466,-1.212740924079984,0.0209316937334327,1,2
159119,-0.05811468174328171,0.7372336305918931,-0.38463272023011674,0.0,0.0,1.1986117267495475,-1.212740924079984,0.0793579688846438,0,1
160001,-0.05811468174328171,-1.3564221143806794,0.6515517564598249,0.0,0.0,-0.834298528608466,0.8245784240839611,0.0355382625212355,1,2
160002,-0.05811468174328171,0.7372336305918931,0.6515517564598249,0.0,0.0,1.1986117267495475,0.8245784240839611,0.1523908128236577,0,1
160003,-0.05811468174328171,-1.3564221143806794,-0.38463272023011674,0.0,0.0,1.1986117267495475,-1.212740924079984,0.0209316937334327,1,2
160004,-0.05811468174328171,0.7372336305918931,0.6515517564598249,0.0,0.0,-0.834298528608466,-1.212740924079984,0.064751400096841,1,2
160005,-0.05811468174328171,0.7372336305918931,-1.4208171969200585,0.0,0.0,1.1986117267495475,-1.212740924079984,0.0355382625212355,1,2
160006,-0.05811468174328171,0.7372336305918931,1.6877362331497665,0.0,0.0,-0.834298528608466,0.8245784240839611,0.1377842440358549,0,1
160007,-0.05811468174328171,0.7372336305918931,-0.38463272023011674,0.0,0.0,-0.834298528608466,0.8245784240839611,0.0501448313090382,1,2
160008,-0.05811468174328171,0.7372336305918931,0.6515517564598249,0.0,0.0,-0.834298528608466,-1.212740924079984,0.064751400096841,1,2
160009,-0.05811468174328171,0.7372336305918931,-1.4208171969200585,0.0,0.0,-0.834298528608466,0.8245784240839611,0.0063251249456299,2,0
160010,-0.05811468174328171,0.7372336305918931,-0.38463272023011674,0.0,0.0,-0.834298528608466,-1.212740924079984,0.0209316937334327,1,2
160018,-0.04347709613472944,0.7372336305918931,-0.38463272023011674,0.0,0.0,1.1986117267495475,0.8245784240839611,0.0939645376724466,0,1
160019,-0.014201924917624904,-1.3564221143806794,1.6877362331497665,0.0,0.0,1.1986117267495475,0.8245784240839611,0.0939645376724466,0,1
160024,-0.028839510526177174,-1.3564221143806794,-0.38463272023011674,0.0,0.0,-0.834298528608466,0.8245784240839611,-0.0374945814177783,2,0
160032,-0.05811468174328171,0.7372336305918931,1.6877362331497665,0.0,0.0,1.1986117267495475,0.8245784240839611,0.196210519187066,0,1
160035,-0.05811468174328171,0.7372336305918931,-0.38463272023011674,0.0,0.0,-0.834298528608466,0.8245784240839611,0.0501448313090382,1,2
160036,-0.05811468174328171,-1.3564221143806794,-0.38463272023011674,0.0,0.0,-0.834298528608466,-1.212740924079984,-0.0374945814177783,2,0
160041,-0.04347709613472944,-1.3564221143806794,-1.4208171969200585,0.0,0.0,1.1986117267495475,-1.212740924079984,-0.0374945814177783,2,0
160051,-0.05811468174328171,-1.3564221143806794,0.6515517564598249,0.0,0.0,1.1986117267495475,0.8245784240839611,0.0939645376724466,0,1
160053,-0.05811468174328171,0.7372336305918931,-0.38463272023011674,0.0,0.0,1.1986117267495475,-1.212740924079984,0.0793579688846438,0,1
160054,-0.05811468174328171,-1.3564221143806794,1.6877362331497665,0.0,0.0,-0.834298528608466,-1.212740924079984,0.0501448313090382,1,2
160055,-0.05811468174328171,0.7372336305918931,1.6877362331497665,0.0,0.0,1.1986117267495475,0.8245784240839611,0.196210519187066,0,1
160056,-0.05811468174328171,-1.3564221143806794,1.6877362331497665,0.0,0.0,1.1986117267495475,0.8245784240839611,0.1377842440358549,0,1
160057,-0.05811468174328171,0.7372336305918931,-0.38463272023011674,0.0,0.0,1.1986117267495475,0.8245784240839611,0.1085711064602493,0,1
160058,-0.04347709613472944,-1.3564221143806794,0.6515517564598249,0.0,0.0,-0.834298528608466,0.8245784240839611,0.0209316937334327,1,2
160059,-0.05811468174328171,-1.3564221143806794,0.6515517564598249,0.0,0.0,-0.834298528608466,0.8245784240839611,0.0355382625212355,1,2
160060,-0.04347709613472944,0.7372336305918931,-1.4208171969200585,0.0,0.0,1.1986117267495475,-1.212740924079984,0.0209316937334327,1,2
160144,-0.05811468174328171,-1.3564221143806794,0.6515517564598249,0.0,0.0,1.1986117267495475,0.8245784240839611,0.0939645376724466,0,1
160145,-0.04347709613472944,-1.3564221143806794,-1.4208171969200585,0.0,0.0,-0.834298528608466,0.8245784240839611,-0.0667077189933839,2,0
160146,-0.04347709613472944,-1.3564221143806794,-0.38463272023011674,0.0,0.0,-0.834298528608466,-1.212740924079984,-0.0521011502055811,2,0
160147,-0.04347709613472944,-1.3564221143806794,-1.4208171969200585,0.0,0.0,-0.834298528608466,-1.212740924079984,-0.0959208565689894,2,0
160148,-0.05811468174328171,-1.3564221143806794,-1.4208171969200585,0.0,0.0,-0.834298528608466,-1.212740924079984,-0.0813142877811867,2,0
160149,-0.05811468174328171,-1.3564221143806794,-0.38463272023011674,0.0,0.0,-0.834298528608466,0.8245784240839611,-0.0082814438421728,2,0
160150,-0.05811468174328171,0.7372336305918931,-0.38463272023011674,0.0,0.0,-0.834298528608466,0.8245784240839611,0.0501448313090382,1,2
160151,-0.05811468174328171,0.7372336305918931,0.6515517564598249,0.0,0.0,-0.834298528608466,0.8245784240839611,0.0939645376724466,0,1
160152,-0.05811468174328171,0.7372336305918931,-1.4208171969200585,0.0,0.0,-0.834298528608466,0.8245784240839611,0.0063251249456299,2,0
160153,-0.05811468174328171,-1.3564221143806794,-0.38463272023011674,0.0,0.0,-0.834298528608466,-1.212740924079984,-0.0374945814177783,2,0
169001,-0.05811468174328171,0.7372336305918931,-1.4208171969200585,0.0,0.0,-0.834298528608466,0.8245784240839611,0.0063251249456299,2,0
169002,-0.05811468174328171,0.7372336305918931,0.6515517564598249,0.0,0.0,-0.834298528608466,0.8245784240839611,0.0939645376724466,0,1
169003,-0.05811468174328171,-1.3564221143806794,0.6515517564598249,0.0,0.0,1.1986117267495475,-1.212740924079984,0.064751400096841,1,2
169004,-0.05811468174328171,0.7372336305918931,0.6515517564598249,0.0,0.0,-0.834298528608466,0.8245784240839611,0.0939645376724466,0,1
169007,-0.05811468174328171,-1.3564221143806794,0.6515517564598249,0.0,0.0,1.1986117267495475,-1.212740924079984,0.064751400096841,1,2
169008,-0.05811468174328171,-1.3564221143806794,-0.38463272023011674,0.0,0.0,-0.834298528608466,0.8245784240839611,-0.0082814438421728,2,0
169009,-0.05811468174328171,0.7372336305918931,0.6515517564598249,0.0,0.0,1.1986117267495475,0.8245784240839611,0.1523908128236577,0,1
169010,-0.05811468174328171,0.7372336305918931,-0.38463272023011674,0.0,0.0,-0.834298528608466,0.8245784240839611,0.0501448313090382,1,2
169011,-0.05811468174328171,0.7372336305918931,-0.38463272023011674,0.0,0.0,-0.834298528608466,0.8245784240839611,0.0501448313090382,1,2
169012,-0.05811468174328171,0.7372336305918931,0.6515517564598249,0.0,0.0,-0.834298528608466,-1.212740924079984,0.064751400096841,1,2
169013,-0.05811468174328171,0.7372336305918931,-1.4208171969200585,0.0,0.0,1.1986117267495475,0.8245784240839611,0.064751400096841,1,2
169014,-0.05811468174328171,-1.3564221143806794,0.6515517564598249,0.0,0.0,-0.834298528608466,-1.212740924079984,0.0063251249456299,2,0
169016,-0.05811468174328171,-1.3564221143806794,0.6515517564598249,0.0,0.0,-0.834298528608466,0.8245784240839611,0.0355382625212355,1,2
169017,-0.05811468174328171,0.7372336305918931,-0.38463272023011674,0.0,0.0,-0.834298528608466,0.8245784240839611,0.0501448313090382,1,2
169018,-0.05811468174328171,0.7372336305918931,-1.4208171969200585,0.0,0.0,1.1986117267495475,0.8245784240839611,0.064751400096841,1,2
169020,-0.05811468174328171,0.7372336305918931,-1.4208171969200585,0.0,0.0,-0.834298528608466,-1.212740924079984,-0.0228880126299756,2,0
169021,-0.05811468174328171,0.7372336305918931,1.6877362331497665,0.0,0.0,-0.834298528608466,0.8245784240839611,0.1377842440358549,0,1
169022,-0.05811468174328171,0.7372336305918931,0.6515517564598249,0.0,0.0,-0.834298528608466,0.8245784240839611,0.0939645376724466,0,1
169024,-0.05811468174328171,0.7372336305918931,-1.4208171969200585,0.0,0.0,-0.834298528608466,0.8245784240839611,0.0063251249456299,2,0
169026,-0.05811468174328171,-1.3564221143806794,-0.38463272023011674,0.0,0.0,1.1986117267495475,-1.212740924079984,0.0209316937334327,1,2
169027,-0.05811468174328171,0.7372336305918931,0.6515517564598249,0.0,0.0,-0.834298528608466,-1.212740924079984,0.064751400096841,1,2
169028,-0.05811468174328171,0.7372336305918931,0.6515517564598249,0.0,0.0,-0.834298528608466,-1.212740924079984,0.064751400096841,1,2
169029,-0.05811468174328171,0.7372336305918931,-1.4208171969200585,0.0,0.0,1.1986117267495475,0.8245784240839611,0.064751400096841,1,2
169030,-0.05811468174328171,-1.3564221143806794,-0.38463272023011674,0.0,0.0,1.1986117267495475,0.8245784240839611,0.0501448313090382,1,2
169032,-0.05811468174328171,0.7372336305918931,1.6877362331497665,0.0,0.0,-0.834298528608466,0.8245784240839611,0.1377842440358549,0,1
169033,-0.04347709613472944,-1.3564221143806794,-1.4208171969200585,0.0,0.0,1.1986117267495475,-1.212740924079984,-0.0374945814177783,2,0
169035,-0.05811468174328171,-1.3564221143806794,-0.38463272023011674,0.0,0.0,-0.834298528608466,-1.212740924079984,-0.0374945814177783,2,0
169036,-0.05811468174328171,-1.3564221143806794,1.6877362331497665,0.0,0.0,-0.834298528608466,0.8245784240839611,0.0793579688846438,0,1
169038,-0.05811468174328171,0.7372336305918931,0.6515517564598249,0.0,0.0,1.1986117267495475,0.8245784240839611,0.1523908128236577,0,1
169040,-0.05811468174328171,0.7372336305918931,-0.38463272023011674,0.0,0.0,1.1986117267495475,0.8245784240839611,0.1085711064602493,0,1
169041,-0.05811468174328171,-1.3564221143806794,-1.4208171969200585,0.0,0.0,-0.834298528608466,0.8245784240839611,-0.0521011502055811,2,0
169042,-0.05811468174328171,0.7372336305918931,-1.4208171969200585,0.0,0.0,-0.834298528608466,0.8245784240839611,0.0063251249456299,2,0
169043,-0.05811468174328171,0.7372336305918931,-0.38463272023011674,0.0,0.0,-0.834298528608466,0.8245784240839611,0.0501448313090382,1,2
169044,-0.05811468174328171,0.7372336305918931,1.6877362331497665,0.0,0.0,-0.834298528608466,0.8245784240839611,0.1377842440358549,0,1
169045,-0.05811468174328171,-1.3564221143806794,-0.38463272023011674,0.0,0.0,-0.834298528608466,0.8245784240839611,-0.0082814438421728,2,0
169046,-0.05811468174328171,0.7372336305918931,0.6515517564598249,0.0,0.0,-0.834298528608466,-1.212740924079984,0.064751400096841,1,2
169047,-0.04347709613472944,0.7372336305918931,1.6877362331497665,0.0,0.0,1.1986117267495475,-1.212740924079984,0.1523908128236577,0,1
169048,-0.05811468174328171,-1.3564221143806794,-0.38463272023011674,0.0,0.0,1.1986117267495475,-1.212740924079984,0.0209316937334327,1,2
169049,-0.05811468174328171,-1.3564221143806794,-1.4208171969200585,0.0,0.0,-0.834298528608466,0.8245784240839611,-0.0521011502055811,2,0
169050,-0.05811468174328171,0.7372336305918931,-0.38463272023011674,0.0,0.0,-0.834298528608466,-1.212740924079984,0.0209316937334327,1,2
169051,-0.05811468174328171,0.7372336305918931,1.6877362331497665,0.0,0.0,-0.834298528608466,-1.212740924079984,0.1085711064602493,0,1
169054,-0.05811468174328171,0.7372336305918931,0.6515517564598249,0.0,0.0,-0.834298528608466,-1.212740924079984,0.064751400096841,1,2
169056,-0.05811468174328171,0.7372336305918931,-1.4208171969200585,0.0,0.0,-0.834298528608466,0.8245784240839611,0.0063251249456299,2,0
169057,-0.05811468174328171,0.7372336305918931,0.6515517564598249,0.0,0.0,1.1986117267495475,-1.212740924079984,0.1231776752480521,0,1
169058,-0.05811468174328171,0.7372336305918931,0.6515517564598249,0.0,0.0,-0.834298528608466,0.8245784240839611,0.0939645376724466,0,1
169059,-0.05811468174328171,-1.3564221143806794,1.6877362331497665,0.0,0.0,1.1986117267495475,-1.212740924079984,0.1085711064602493,0,1
169060,-0.05811468174328171,0.7372336305918931,-1.4208171969200585,0.0,0.0,1.1986117267495475,-1.212740924079984,0.0355382625212355,1,2
169061,-0.04347709613472944,0.7372336305918931,-0.38463272023011674,0.0,0.0,-0.834298528608466,0.8245784240839611,0.0355382625212355,1,2
169065,-0.05811468174328171,0.7372336305918931,1.6877362331497665,0.0,0.0,-0.834298528608466,-1.212740924079984,0.1085711064602493,0,1
169066,-0.05811468174328171,0.7372336305918931,-0.38463272023011674,0.0,0.0,1.1986117267495475,-1.212740924079984,0.0793579688846438,0,1
169067,-0.05811468174328171,0.7372336305918931,-0.38463272023011674,0.0,0.0,1.1986117267495475,-1.212740924079984,0.0793579688846438,0,1
169068,-0.05811468174328171,-1.3564221143806794,-1.4208171969200585,0.0,0.0,1.1986117267495475,0.8245784240839611,0.0063251249456299,2,0
169069,21.89826373108512,0.7372336305918931,-0.38463272023011674,0.0,0.0,-0.834298528608466,0.8245784240839611,-21.859708350395124,2,0
169070,-0.05811468174328171,-1.3564221143806794,-0.38463272023011674,0.0,0.0,-0.834298528608466,-1.212740924079984,-0.0374945814177783,2,0
169071,-0.05811468174328171,0.7372336305918931,1.6877362331497665,0.0,0.0,-0.834298528608466,-1.212740924079984,0.1085711064602493,0,1
169072,-0.04347709613472944,-1.3564221143806794,-0.38463272023011674,0.0,0.0,1.1986117267495475,0.8245784240839611,0.0355382625212355,1,2
169073,-0.05811468174328171,-1.3564221143806794,-0.38463272023011674,0.0,0.0,1.1986117267495475,0.8245784240839611,0.0501448313090382,1,2
169075,-0.05811468174328171,0.7372336305918931,0.6515517564598249,0.0,0.0,1.1986117267495475,0.8245784240839611,0.1523908128236577,0,1
169077,-0.05811468174328171,-1.3564221143806794,-1.4208171969200585,0.0,0.0,-0.834298528608466,0.8245784240839611,-0.0521011502055811,2,0
169078,-0.05811468174328171,0.7372336305918931,-0.38463272023011674,0.0,0.0,1.1986117267495475,0.8245784240839611,0.1085711064602493,0,1
169079,-0.05811468174328171,0.7372336305918931,0.6515517564598249,0.0,0.0,-0.834298528608466,0.8245784240839611,0.0939645376724466,0,1
169080,-0.05811468174328171,-1.3564221143806794,1.6877362331497665,0.0,0.0,-0.834298528608466,0.8245784240839611,0.0793579688846438,0,1
169083,-0.05811468174328171,-1.3564221143806794,0.6515517564598249,0.0,0.0,-0.834298528608466,0.8245784240839611,0.0355382625212355,1,2
169084,-0.05811468174328171,0.7372336305918931,0.6515517564598249,0.0,0.0,1.1986117267495475,-1.212740924079984,0.1231776752480521,0,1
169085,5.796919561677625,-1.3564221143806794,-1.4208171969200585,0.0,0.0,1.1986117267495475,0.8245784240839611,-5.836302390175481,2,0
169088,-0.05811468174328171,0.7372336305918931,1.6877362331497665,0.0,0.0,-0.834298528608466,0.8245784240839611,0.1377842440358549,0,1
169089,-0.05811468174328171,0.7372336305918931,-1.4208171969200585,0.0,0.0,1.1986117267495475,-1.212740924079984,0.0355382625212355,1,2
169091,-0.05811468174328171,0.7372336305918931,0.6515517564598249,0.0,0.0,-0.834298528608466,0.8245784240839611,0.0939645376724466,0,1
169092,-0.05811468174328171,0.7372336305918931,-0.38463272023011674,0.0,0.0,-0.834298528608466,0.8245784240839611,0.0501448313090382,1,2
169094,-0.05811468174328171,0.7372336305918931,1.6877362331497665,0.0,0.0,-0.834298528608466,0.8245784240839611,0.1377842440358549,0,1
169095,-0.05811468174328171,0.7372336305918931,0.6515517564598249,0.0,0.0,-0.834298528608466,0.8245784240839611,0.0939645376724466,0,1
169096,-0.05811468174328171,-1.3564221143806794,0.6515517564598249,0.0,0.0,-0.834298528608466,0.8245784240839611,0.0355382625212355,1,2
169097,-0.05811468174328171,-1.3564221143806794,-0.38463272023011674,0.0,0.0,-0.834298528608466,-1.212740924079984,-0.0374945814177783,2,0
169099,-0.05811468174328171,0.7372336305918931,-0.38463272023011674,0.0,0.0,1.1986117267495475,0.8245784240839611,0.1085711064602493,0,1
169101,-0.05811468174328171,0.7372336305918931,0.6515517564598249,0.0,0.0,-0.834298528608466,0.8245784240839611,0.0939645376724466,0,1
169103,-0.028839510526177174,0.7372336305918931,0.6515517564598249,0.0,0.0,1.1986117267495475,-1.212740924079984,0.0939645376724466,0,1
169104,-0.05811468174328171,0.7372336305918931,-1.4208171969200585,0.0,0.0,-0.834298528608466,-1.212740924079984,-0.0228880126299756,2,0
169105,-0.05811468174328171,0.7372336305918931,1.6877362331497665,0.0,0.0,1.1986117267495475,0.8245784240839611,0.196210519187066,0,1
169107,-0.05811468174328171,0.7372336305918931,1.6877362331497665,0.0,0.0,1.1986117267495475,-1.212740924079984,0.1669973816114605,0,1
169108,-0.05811468174328171,0.7372336305918931,-0.38463272023011674,0.0,0.0,1.1986117267495475,0.8245784240839611,0.1085711064602493,0,1
169109,-0.05811468174328171,-1.3564221143806794,0.6515517564598249,0.0,0.0,-0.834298528608466,-1.212740924079984,0.0063251249456299,2,0
169111,-0.05811468174328171,0.7372336305918931,-0.38463272023011674,0.0,0.0,1.1986117267495475,-1.212740924079984,0.0793579688846438,0,1
169113,-0.05811468174328171,0.7372336305918931,-0.38463272023011674,0.0,0.0,-0.834298528608466,0.8245784240839611,0.0501448313090382,1,2
169114,-0.05811468174328171,0.7372336305918931,-0.38463272023011674,0.0,0.0,1.1986117267495475,-1.212740924079984,0.0793579688846438,0,1
169115,-0.05811468174328171,0.7372336305918931,0.6515517564598249,0.0,0.0,-0.834298528608466,0.8245784240839611,0.0939645376724466,0,1
169116,-0.05811468174328171,0.7372336305918931,0.6515517564598249,0.0,0.0,-0.834298528608466,0.8245784240839611,0.0939645376724466,0,1
169117,-0.05811468174328171,0.7372336305918931,-0.38463272023011674,0.0,0.0,-0.834298528608466,-1.212740924079984,0.0209316937334327,1,2
169119,-0.05811468174328171,-1.3564221143806794,0.6515517564598249,0.0,0.0,1.1986117267495475,-1.212740924079984,0.064751400096841,1,2
169120,-0.05811468174328171,0.7372336305918931,0.6515517564598249,0.0,0.0,-0.834298528608466,-1.212740924079984,0.064751400096841,1,2
169121,-0.05811468174328171,-1.3564221143806794,0.6515517564598249,0.0,0.0,1.1986117267495475,-1.212740924079984,0.064751400096841,1,2
169122,-0.05811468174328171,0.7372336305918931,-1.4208171969200585,0.0,0.0,1.1986117267495475,0.8245784240839611,0.064751400096841,1,2
169124,-0.04347709613472944,-1.3564221143806794,1.6877362331497665,0.0,0.0,1.1986117267495475,0.8245784240839611,0.1231776752480521,0,1
169125,-0.05811468174328171,-1.3564221143806794,-0.38463272023011674,0.0,0.0,-0.834298528608466,-1.212740924079984,-0.0374945814177783,2,0
169126,-0.05811468174328171,-1.3564221143806794,-0.38463272023011674,0.0,0.0,1.1986117267495475,0.8245784240839611,0.0501448313090382,1,2
169127,-0.05811468174328171,0.7372336305918931,-0.38463272023011674,0.0,0.0,-0.834298528608466,-1.212740924079984,0.0209316937334327,1,2
169128,-0.05811468174328171,0.7372336305918931,-0.38463272023011674,0.0,0.0,-0.834298528608466,-1.212740924079984,0.0209316937334327,1,2
169129,-0.05811468174328171,-1.3564221143806794,1.6877362331497665,0.0,0.0,1.1986117267495475,-1.212740924079984,0.1085711064602493,0,1
169130,-0.04347709613472944,-1.3564221143806794,-0.38463272023011674,0.0,0.0,1.1986117267495475,0.8245784240839611,0.0355382625212355,1,2
169131,-0.05811468174328171,0.7372336305918931,0.6515517564598249,0.0,0.0,1.1986117267495475,0.8245784240839611,0.1523908128236577,0,1
169133,-0.05811468174328171,-1.3564221143806794,-1.4208171969200585,0.0,0.0,-0.834298528608466,0.8245784240839611,-0.0521011502055811,2,0
169134,-0.05811468174328171,0.7372336305918931,-0.38463272023011674,0.0,0.0,-0.834298528608466,-1.212740924079984,0.0209316937334327,1,2
169136,-0.05811468174328171,0.7372336305918931,1.6877362331497665,0.0,0.0,-0.834298528608466,-1.212740924079984,0.1085711064602493,0,1
169137,-0.05811468174328171,0.7372336305918931,0.6515517564598249,0.0,0.0,-0.834298528608466,0.8245784240839611,0.0939645376724466,0,1
169138,-0.05811468174328171,-1.3564221143806794,-0.38463272023011674,0.0,0.0,-0.834298528608466,0.8245784240839611,-0.0082814438421728,2,0
169139,-0.05811468174328171,0.7372336305918931,-0.38463272023011674,0.0,0.0,-0.834298528608466,0.8245784240839611,0.0501448313090382,1,2
169141,-0.05811468174328171,0.7372336305918931,-0.38463272023011674,0.0,0.0,1.1986117267495475,-1.212740924079984,0.0793579688846438,0,1
169142,-0.05811468174328171,0.7372336305918931,-0.38463272023011674,0.0,0.0,1.1986117267495475,-1.212740924079984,0.0793579688846438,0,1
169144,-0.05811468174328171,-1.3564221143806794,0.6515517564598249,0.0,0.0,1.1986117267495475,0.8245784240839611,0.0939645376724466,0,1
169145,-0.05811468174328171,0.7372336305918931,0.6515517564598249,0.0,0.0,1.1986117267495475,0.8245784240839611,0.1523908128236577,0,1
169147,-0.05811468174328171,-1.3564221143806794,-0.38463272023011674,0.0,0.0,-0.834298528608466,0.8245784240839611,-0.0082814438421728,2,0
169148,-0.05811468174328171,0.7372336305918931,1.6877362331497665,0.0,0.0,-0.834298528608466,0.8245784240839611,0.1377842440358549,0,1
169149,-0.05811468174328171,0.7372336305918931,0.6515517564598249,0.0,0.0,1.1986117267495475,0.8245784240839611,0.1523908128236577,0,1
169150,-0.05811468174328171,0.7372336305918931,-0.38463272023011674,0.0,0.0,-0.834298528608466,0.8245784240839611,0.0501448313090382,1,2
169153,-0.04347709613472944,-1.3564221143806794,-0.38463272023011674,0.0,0.0,-0.834298528608466,0.8245784240839611,-0.0228880126299756,2,0
169154,-0.014201924917624904,-1.3564221143806794,0.6515517564598249,0.0,0.0,-0.834298528608466,0.8245784240839611,-0.0082814438421728,2,0
169156,-0.05811468174328171,0.7372336305918931,0.6515517564598249,0.0,0.0,-0.834298528608466,0.8245784240839611,0.0939645376724466,0,1
169160,-0.05811468174328171,-1.3564221143806794,-0.38463272023011674,0.0,0.0,1.1986117267495475,-1.212740924079984,0.0209316937334327,1,2
169166,-0.05811468174328171,-1.3564221143806794,-0.38463272023011674,0.0,0.0,1.1986117267495475,-1.212740924079984,0.0209316937334327,1,2
169170,-0.05811468174328171,0.7372336305918931,-1.4208171969200585,0.0,0.0,1.1986117267495475,0.8245784240839611,0.064751400096841,1,2
169171,-0.05811468174328171,0.7372336305918931,0.6515517564598249,0.0,0.0,-0.834298528608466,0.8245784240839611,0.0939645376724466,0,1
169172,-0.05811468174328171,-1.3564221143806794,-0.38463272023011674,0.0,0.0,-0.834298528608466,0.8245784240839611,-0.0082814438421728,2,0
169179,-0.05811468174328171,0.7372336305918931,-1.4208171969200585,0.0,0.0,1.1986117267495475,-1.212740924079984,0.0355382625212355,1,2
169181,-0.05811468174328171,-1.3564221143806794,0.6515517564598249,0.0,0.0,-0.834298528608466,-1.212740924079984,0.0063251249456299,2,0
169202,-0.05811468174328171,0.7372336305918931,1.6877362331497665,0.0,0.0,-0.834298528608466,0.8245784240839611,0.1377842440358549,0,1
170041,-0.05811468174328171,-1.3564221143806794,1.6877362331497665,0.0,0.0,1.1986117267495475,-1.212740924079984,0.1085711064602493,0,1
170042,-0.04347709613472944,0.7372336305918931,-0.38463272023011674,0.0,0.0,1.1986117267495475,-1.212740924079984,0.064751400096841,1,2
170043,-0.05811468174328171,0.7372336305918931,-1.4208171969200585,0.0,0.0,1.1986117267495475,-1.212740924079984,0.0355382625212355,1,2
170044,-0.04347709613472944,0.7372336305918931,-0.38463272023011674,0.0,0.0,-0.834298528608466,0.8245784240839611,0.0355382625212355,1,2
170045,-0.05811468174328171,0.7372336305918931,-1.4208171969200585,0.0,0.0,-0.834298528608466,-1.212740924079984,-0.0228880126299756,2,0
170046,-0.05811468174328171,-1.3564221143806794,1.6877362331497665,0.0,0.0,1.1986117267495475,0.8245784240839611,0.1377842440358549,0,1
170047,-0.05811468174328171,0.7372336305918931,-1.4208171969200585,0.0,0.0,-0.834298528608466,0.8245784240839611,0.0063251249456299,2,0
170048,-0.05811468174328171,0.7372336305918931,-0.38463272023011674,0.0,0.0,1.1986117267495475,0.8245784240839611,0.1085711064602493,0,1
170049,-0.05811468174328171,0.7372336305918931,-0.38463272023011674,0.0,0.0,-0.834298528608466,0.8245784240839611,0.0501448313090382,1,2
170050,-0.028839510526177174,-1.3564221143806794,-0.38463272023011674,0.0,0.0,1.1986117267495475,-1.212740924079984,-0.0082814438421728,2,0
170081,-0.05811468174328171,0.7372336305918931,0.6515517564598249,0.0,0.0,1.1986117267495475,-1.212740924079984,0.1231776752480521,0,1
170082,-0.04347709613472944,-1.3564221143806794,-0.38463272023011674,0.0,0.0,-0.834298528608466,-1.212740924079984,-0.0521011502055811,2,0
170083,-0.05811468174328171,0.7372336305918931,-1.4208171969200585,0.0,0.0,-0.834298528608466,0.8245784240839611,0.0063251249456299,2,0
170085,-0.05811468174328171,0.7372336305918931,-0.38463272023011674,0.0,0.0,1.1986117267495475,-1.212740924079984,0.0793579688846438,0,1
170086,-0.05811468174328171,0.7372336305918931,-0.38463272023011674,0.0,0.0,1.1986117267495475,-1.212740924079984,0.0793579688846438,0,1
170087,-0.04347709613472944,0.7372336305918931,-1.4208171969200585,0.0,0.0,-0.834298528608466,0.8245784240839611,-0.0082814438421728,2,0
170088,-0.04347709613472944,0.7372336305918931,0.6515517564598249,0.0,0.0,1.1986117267495475,-1.212740924079984,0.1085711064602493,0,1
170089,-0.05811468174328171,-1.3564221143806794,0.6515517564598249,0.0,0.0,-0.834298528608466,-1.212740924079984,0.0063251249456299,2,0
170090,-0.05811468174328171,-1.3564221143806794,0.6515517564598249,0.0,0.0,-0.834298528608466,0.8245784240839611,0.0355382625212355,1,2
179001,-0.05811468174328171,-1.3564221143806794,1.6877362331497665,0.0,0.0,-0.834298528608466,0.8245784240839611,0.0793579688846438,0,1
179002,-0.05811468174328171,-1.3564221143806794,1.6877362331497665,0.0,0.0,1.1986117267495475,-1.212740924079984,0.1085711064602493,0,1
179003,-0.05811468174328171,-1.3564221143806794,1.6877362331497665,0.0,0.0,-0.834298528608466,-1.212740924079984,0.0501448313090382,1,2
179004,-0.05811468174328171,-1.3564221143806794,-0.38463272023011674,0.0,0.0,-0.834298528608466,0.8245784240839611,-0.0082814438421728,2,0
179005,-0.05811468174328171,0.7372336305918931,-1.4208171969200585,0.0,0.0,1.1986117267495475,-1.212740924079984,0.0355382625212355,1,2
179006,-0.05811468174328171,0.7372336305918931,-0.38463272023011674,0.0,0.0,-0.834298528608466,0.8245784240839611,0.0501448313090382,1,2
179008,-0.05811468174328171,-1.3564221143806794,1.6877362331497665,0.0,0.0,-0.834298528608466,-1.212740924079984,0.0501448313090382,1,2
179010,-0.05811468174328171,0.7372336305918931,1.6877362331497665,0.0,0.0,-0.834298528608466,0.8245784240839611,0.1377842440358549,0,1
179011,-0.05811468174328171,-1.3564221143806794,1.6877362331497665,0.0,0.0,1.1986117267495475,-1.212740924079984,0.1085711064602493,0,1
179012,-0.05811468174328171,0.7372336305918931,-1.4208171969200585,0.0,0.0,-0.834298528608466,0.8245784240839611,0.0063251249456299,2,0
179013,-0.05811468174328171,0.7372336305918931,1.6877362331497665,0.0,0.0,1.1986117267495475,-1.212740924079984,0.1669973816114605,0,1
179015,-0.05811468174328171,0.7372336305918931,-0.38463272023011674,0.0,0.0,1.1986117267495475,0.8245784240839611,0.1085711064602493,0,1
179017,-0.05811468174328171,0.7372336305918931,-1.4208171969200585,0.0,0.0,1.1986117267495475,-1.212740924079984,0.0355382625212355,1,2
179018,-0.05811468174328171,0.7372336305918931,-0.38463272023011674,0.0,0.0,1.1986117267495475,-1.212740924079984,0.0793579688846438,0,1
179019,-0.05811468174328171,0.7372336305918931,-1.4208171969200585,0.0,0.0,-0.834298528608466,0.8245784240839611,0.0063251249456299,2,0
179020,-0.05811468174328171,0.7372336305918931,-0.38463272023011674,0.0,0.0,-0.834298528608466,0.8245784240839611,0.0501448313090382,1,2
179021,-0.05811468174328171,0.7372336305918931,-0.38463272023011674,0.0,0.0,1.1986117267495475,0.8245784240839611,0.1085711064602493,0,1
179022,-0.05811468174328171,0.7372336305918931,-0.38463272023011674,0.0,0.0,1.1986117267495475,0.8245784240839611,0.1085711064602493,0,1
179023,-0.05811468174328171,-1.3564221143806794,0.6515517564598249,0.0,0.0,-0.834298528608466,0.8245784240839611,0.0355382625212355,1,2
179024,-0.05811468174328171,0.7372336305918931,1.6877362331497665,0.0,0.0,-0.834298528608466,0.8245784240839611,0.1377842440358549,0,1
179025,-0.05811468174328171,-1.3564221143806794,0.6515517564598249,0.0,0.0,-0.834298528608466,0.8245784240839611,0.0355382625212355,1,2
179026,-0.05811468174328171,0.7372336305918931,-0.38463272023011674,0.0,0.0,-0.834298528608466,0.8245784240839611,0.0501448313090382,1,2
179028,-0.05811468174328171,0.7372336305918931,0.6515517564598249,0.0,0.0,-0.834298528608466,-1.212740924079984,0.064751400096841,1,2
179030,-0.05811468174328171,-1.3564221143806794,1.6877362331497665,0.0,0.0,-0.834298528608466,0.8245784240839611,0.0793579688846438,0,1
179031,-0.05811468174328171,0.7372336305918931,-1.4208171969200585,0.0,0.0,-0.834298528608466,0.8245784240839611,0.0063251249456299,2,0
179032,-0.05811468174328171,0.7372336305918931,-0.38463272023011674,0.0,0.0,-0.834298528608466,-1.212740924079984,0.0209316937334327,1,2
179033,-0.05811468174328171,0.7372336305918931,-0.38463272023011674,0.0,0.0,-0.834298528608466,0.8245784240839611,0.0501448313090382,1,2
179034,-0.05811468174328171,0.7372336305918931,-1.4208171969200585,0.0,0.0,1.1986117267495475,-1.212740924079984,0.0355382625212355,1,2
179035,-0.05811468174328171,0.7372336305918931,0.6515517564598249,0.0,0.0,1.1986117267495475,0.8245784240839611,0.1523908128236577,0,1
179036,-0.05811468174328171,-1.3564221143806794,1.6877362331497665,0.0,0.0,1.1986117267495475,-1.212740924079984,0.1085711064602493,0,1
179037,-0.04347709613472944,0.7372336305918931,-1.4208171969200585,0.0,0.0,-0.834298528608466,-1.212740924079984,-0.0374945814177783,2,0
179039,-0.05811468174328171,-1.3564221143806794,0.6515517564598249,0.0,0.0,-0.834298528608466,0.8245784240839611,0.0355382625212355,1,2
179041,-0.05811468174328171,0.7372336305918931,1.6877362331497665,0.0,0.0,1.1986117267495475,0.8245784240839611,0.196210519187066,0,1
179042,-0.05811468174328171,-1.3564221143806794,1.6877362331497665,0.0,0.0,1.1986117267495475,0.8245784240839611,0.1377842440358549,0,1
179043,-0.05811468174328171,0.7372336305918931,-0.38463272023011674,0.0,0.0,-0.834298528608466,0.8245784240839611,0.0501448313090382,1,2
179044,-0.05811468174328171,0.7372336305918931,1.6877362331497665,0.0,0.0,-0.834298528608466,0.8245784240839611,0.1377842440358549,0,1
179045,-0.05811468174328171,-1.3564221143806794,-0.38463272023011674,0.0,0.0,-0.834298528608466,-1.212740924079984,-0.0374945814177783,2,0
179046,-0.05811468174328171,0.7372336305918931,0.6515517564598249,0.0,0.0,-0.834298528608466,0.8245784240839611,0.0939645376724466,0,1
179047,-0.05811468174328171,0.7372336305918931,-1.4208171969200585,0.0,0.0,-0.834298528608466,0.8245784240839611,0.0063251249456299,2,0
179048,-0.05811468174328171,0.7372336305918931,-1.4208171969200585,0.0,0.0,1.1986117267495475,0.8245784240839611,0.064751400096841,1,2
179049,-0.05811468174328171,0.7372336305918931,0.6515517564598249,0.0,0.0,-0.834298528608466,-1.212740924079984,0.064751400096841,1,2
179050,-0.04347709613472944,0.7372336305918931,-0.38463272023011674,0.0,0.0,1.1986117267495475,0.8245784240839611,0.0939645376724466,0,1
179053,-0.05811468174328171,0.7372336305918931,-0.38463272023011674,0.0,0.0,1.1986117267495475,-1.212740924079984,0.0793579688846438,0,1
179054,-0.05811468174328171,-1.3564221143806794,-1.4208171969200585,0.0,0.0,1.1986117267495475,0.8245784240839611,0.0063251249456299,2,0
179055,-0.05811468174328171,-1.3564221143806794,0.6515517564598249,0.0,0.0,1.1986117267495475,0.8245784240839611,0.0939645376724466,0,1
179056,-0.05811468174328171,0.7372336305918931,-1.4208171969200585,0.0,0.0,1.1986117267495475,0.8245784240839611,0.064751400096841,1,2
179058,-0.05811468174328171,0.7372336305918931,0.6515517564598249,0.0,0.0,-0.834298528608466,0.8245784240839611,0.0939645376724466,0,1
179059,-0.05811468174328171,0.7372336305918931,-1.4208171969200585,0.0,0.0,1.1986117267495475,-1.212740924079984,0.0355382625212355,1,2
179060,-0.05811468174328171,0.7372336305918931,-1.4208171969200585,0.0,0.0,1.1986117267495475,0.8245784240839611,0.064751400096841,1,2
179061,-0.05811468174328171,0.7372336305918931,-0.38463272023011674,0.0,0.0,-0.834298528608466,0.8245784240839611,0.0501448313090382,1,2
179062,-0.05811468174328171,0.7372336305918931,-0.38463272023011674,0.0,0.0,1.1986117267495475,-1.212740924079984,0.0793579688846438,0,1
179063,-0.05811468174328171,0.7372336305918931,-0.38463272023011674,0.0,0.0,1.1986117267495475,0.8245784240839611,0.1085711064602493,0,1
179064,-0.05811468174328171,0.7372336305918931,-0.38463272023011674,0.0,0.0,1.1986117267495475,-1.212740924079984,0.0793579688846438,0,1
179065,-0.05811468174328171,0.7372336305918931,1.6877362331497665,0.0,0.0,-0.834298528608466,0.8245784240839611,0.1377842440358549,0,1
179067,-0.05811468174328171,0.7372336305918931,0.6515517564598249,0.0,0.0,-0.834298528608466,0.8245784240839611,0.0939645376724466,0,1
179068,-0.05811468174328171,0.7372336305918931,-1.4208171969200585,0.0,0.0,-0.834298528608466,0.8245784240839611,0.0063251249456299,2,0
179069,-0.05811468174328171,0.7372336305918931,-0.38463272023011674,0.0,0.0,-0.834298528608466,-1.212740924079984,0.0209316937334327,1,2
179070,-0.05811468174328171,-1.3564221143806794,1.6877362331497665,0.0,0.0,-0.834298528608466,-1.212740924079984,0.0501448313090382,1,2
179072,-0.05811468174328171,-1.3564221143806794,-0.38463272023011674,0.0,0.0,-0.834298528608466,0.8245784240839611,-0.0082814438421728,2,0
179073,-0.05811468174328171,0.7372336305918931,-1.4208171969200585,0.0,0.0,1.1986117267495475,0.8245784240839611,0.064751400096841,1,2
179074,-0.05811468174328171,0.7372336305918931,0.6515517564598249,0.0,0.0,-0.834298528608466,-1.212740924079984,0.064751400096841,1,2
179075,-0.05811468174328171,0.7372336305918931,0.6515517564598249,0.0,0.0,-0.834298528608466,-1.212740924079984,0.064751400096841,1,2
179076,-0.05811468174328171,0.7372336305918931,0.6515517564598249,0.0,0.0,-0.834298528608466,-1.212740924079984,0.064751400096841,1,2
179077,-0.05811468174328171,-1.3564221143806794,-1.4208171969200585,0.0,0.0,-0.834298528608466,0.8245784240839611,-0.0521011502055811,2,0
179079,-0.05811468174328171,0.7372336305918931,-1.4208171969200585,0.0,0.0,-0.834298528608466,0.8245784240839611,0.0063251249456299,2,0
179080,-0.04347709613472944,0.7372336305918931,0.6515517564598249,0.0,0.0,-0.834298528608466,0.8245784240839611,0.0793579688846438,0,1
179081,-0.05811468174328171,0.7372336305918931,-0.38463272023011674,0.0,0.0,-0.834298528608466,0.8245784240839611,0.0501448313090382,1,2
179082,-0.05811468174328171,0.7372336305918931,-0.38463272023011674,0.0,0.0,-0.834298528608466,0.8245784240839611,0.0501448313090382,1,2
179084,-0.05811468174328171,0.7372336305918931,-0.38463272023011674,0.0,0.0,-0.834298528608466,0.8245784240839611,0.0501448313090382,1,2
179085,-0.05811468174328171,-1.3564221143806794,-0.38463272023011674,0.0,0.0,-0.834298528608466,-1.212740924079984,-0.0374945814177783,2,0
179086,-0.05811468174328171,0.7372336305918931,1.6877362331497665,0.0,0.0,-0.834298528608466,0.8245784240839611,0.1377842440358549,0,1
179087,-0.05811468174328171,0.7372336305918931,0.6515517564598249,0.0,0.0,-0.834298528608466,0.8245784240839611,0.0939645376724466,0,1
179089,-0.05811468174328171,0.7372336305918931,0.6515517564598249,0.0,0.0,-0.834298528608466,0.8245784240839611,0.0939645376724466,0,1
179091,-0.04347709613472944,0.7372336305918931,-1.4208171969200585,0.0,0.0,1.1986117267495475,0.8245784240839611,0.0501448313090382,1,2
179092,-0.05811468174328171,-1.3564221143806794,-1.4208171969200585,0.0,0.0,1.1986117267495475,0.8245784240839611,0.0063251249456299,2,0
179093,-0.05811468174328171,-1.3564221143806794,-0.38463272023011674,0.0,0.0,-0.834298528608466,0.8245784240839611,-0.0082814438421728,2,0
179095,-0.05811468174328171,0.7372336305918931,-1.4208171969200585,0.0,0.0,-0.834298528608466,0.8245784240839611,0.0063251249456299,2,0
179096,-0.05811468174328171,0.7372336305918931,1.6877362331497665,0.0,0.0,1.1986117267495475,-1.212740924079984,0.1669973816114605,0,1
179097,-0.05811468174328171,-1.3564221143806794,-1.4208171969200585,0.0,0.0,-0.834298528608466,0.8245784240839611,-0.0521011502055811,2,0
179098,-0.05811468174328171,-1.3564221143806794,-0.38463272023011674,0.0,0.0,1.1986117267495475,0.8245784240839611,0.0501448313090382,1,2
179100,-0.05811468174328171,0.7372336305918931,-0.38463272023011674,0.0,0.0,1.1986117267495475,-1.212740924079984,0.0793579688846438,0,1
179101,-0.05811468174328171,-1.3564221143806794,0.6515517564598249,0.0,0.0,1.1986117267495475,0.8245784240839611,0.0939645376724466,0,1
179102,-0.05811468174328171,0.7372336305918931,-1.4208171969200585,0.0,0.0,1.1986117267495475,0.8245784240839611,0.064751400096841,1,2
179103,-0.05811468174328171,0.7372336305918931,-0.38463272023011674,0.0,0.0,1.1986117267495475,-1.212740924079984,0.0793579688846438,0,1
179104,-0.05811468174328171,0.7372336305918931,-0.38463272023011674,0.0,0.0,1.1986117267495475,0.8245784240839611,0.1085711064602493,0,1
179105,-0.05811468174328171,-1.3564221143806794,1.6877362331497665,0.0,0.0,1.1986117267495475,0.8245784240839611,0.1377842440358549,0,1
179106,-0.05811468174328171,-1.3564221143806794,-1.4208171969200585,0.0,0.0,1.1986117267495475,0.8245784240839611,0.0063251249456299,2,0
179108,-0.05811468174328171,0.7372336305918931,1.6877362331497665,0.0,0.0,1.1986117267495475,-1.212740924079984,0.1669973816114605,0,1
179124,-0.05811468174328171,0.7372336305918931,0.6515517564598249,0.0,0.0,-0.834298528608466,0.8245784240839611,0.0939645376724466,0,1
180001,-0.05811468174328171,0.7372336305918931,-0.38463272023011674,0.0,0.0,-0.834298528608466,-1.212740924079984,0.0209316937334327,1,2
180002,-0.05811468174328171,-1.3564221143806794,0.6515517564598249,0.0,0.0,1.1986117267495475,0.8245784240839611,0.0939645376724466,0,1
180003,-0.05811468174328171,0.7372336305918931,-1.4208171969200585,0.0,0.0,-0.834298528608466,0.8245784240839611,0.0063251249456299,2,0
180004,-0.014201924917624904,0.7372336305918931,1.6877362331497665,0.0,0.0,1.1986117267495475,0.8245784240839611,0.1523908128236577,0,1
180005,-0.028839510526177174,0.7372336305918931,-0.38463272023011674,0.0,0.0,1.1986117267495475,-1.212740924079984,0.0501448313090382,1,2
180006,-0.04347709613472944,0.7372336305918931,-0.38463272023011674,0.0,0.0,1.1986117267495475,-1.212740924079984,0.064751400096841,1,2
180007,-0.05811468174328171,0.7372336305918931,-0.38463272023011674,0.0,0.0,1.1986117267495475,-1.212740924079984,0.0793579688846438,0,1
180008,-0.05811468174328171,0.7372336305918931,-1.4208171969200585,0.0,0.0,1.1986117267495475,-1.212740924079984,0.0355382625212355,1,2
180009,-0.05811468174328171,-1.3564221143806794,1.6877362331497665,0.0,0.0,-0.834298528608466,0.8245784240839611,0.0793579688846438,0,1
180031,-0.05811468174328171,0.7372336305918931,-1.4208171969200585,0.0,0.0,1.1986117267495475,0.8245784240839611,0.064751400096841,1,2
180032,-0.05811468174328171,-1.3564221143806794,0.6515517564598249,0.0,0.0,-0.834298528608466,0.8245784240839611,0.0355382625212355,1,2
180033,-0.05811468174328171,0.7372336305918931,-0.38463272023011674,0.0,0.0,-0.834298528608466,0.8245784240839611,0.0501448313090382,1,2
180034,-0.05811468174328171,0.7372336305918931,1.6877362331497665,0.0,0.0,-0.834298528608466,-1.212740924079984,0.1085711064602493,0,1
180035,-0.05811468174328171,-1.3564221143806794,-0.38463272023011674,0.0,0.0,-0.834298528608466,-1.212740924079984,-0.0374945814177783,2,0
180036,-0.05811468174328171,-1.3564221143806794,-0.38463272023011674,0.0,0.0,-0.834298528608466,-1.212740924079984,-0.0374945814177783,2,0
180037,0.08826117434224097,-1.3564221143806794,-0.38463272023011674,0.0,0.0,-0.834298528608466,0.8245784240839611,-0.1543471317202006,2,0
180038,-0.05811468174328171,0.7372336305918931,0.6515517564598249,0.0,0.0,1.1986117267495475,0.8245784240839611,0.1523908128236577,0,1
180039,-0.05811468174328171,0.7372336305918931,-1.4208171969200585,0.0,0.0,1.1986117267495475,-1.212740924079984,0.0355382625212355,1,2
180040,-0.05811468174328171,-1.3564221143806794,-1.4208171969200585,0.0,0.0,-0.834298528608466,-1.212740924079984,-0.0813142877811867,2,0
180041,-0.05811468174328171,0.7372336305918931,-0.38463272023011674,0.0,0.0,-0.834298528608466,0.8245784240839611,0.0501448313090382,1,2
180042,-0.05811468174328171,0.7372336305918931,0.6515517564598249,0.0,0.0,1.1986117267495475,0.8245784240839611,0.1523908128236577,0,1
180043,-0.05811468174328171,-1.3564221143806794,-1.4208171969200585,0.0,0.0,1.1986117267495475,0.8245784240839611,0.0063251249456299,2,0
180044,-0.05811468174328171,-1.3564221143806794,0.6515517564598249,0.0,0.0,1.1986117267495475,0.8245784240839611,0.0939645376724466,0,1
180045,-0.05811468174328171,0.7372336305918931,-0.38463272023011674,0.0,0.0,-0.834298528608466,-1.212740924079984,0.0209316937334327,1,2
180046,-0.04347709613472944,0.7372336305918931,1.6877362331497665,0.0,0.0,1.1986117267495475,0.8245784240839611,0.1816039503992632,0,1
180047,-0.05811468174328171,0.7372336305918931,1.6877362331497665,0.0,0.0,-0.834298528608466,0.8245784240839611,0.1377842440358549,0,1
180049,-0.05811468174328171,-1.3564221143806794,-0.38463272023011674,0.0,0.0,1.1986117267495475,-1.212740924079984,0.0209316937334327,1,2
180050,-0.05811468174328171,-1.3564221143806794,-0.38463272023011674,0.0,0.0,-0.834298528608466,0.8245784240839611,-0.0082814438421728,2,0
180091,-0.05811468174328171,0.7372336305918931,-0.38463272023011674,0.0,0.0,-0.834298528608466,0.8245784240839611,0.0501448313090382,1,2
180092,-0.05811468174328171,-1.3564221143806794,-1.4208171969200585,0.0,0.0,-0.834298528608466,-1.212740924079984,-0.0813142877811867,2,0
180093,-0.05811468174328171,-1.3564221143806794,-0.38463272023011674,0.0,0.0,-0.834298528608466,0.8245784240839611,-0.0082814438421728,2,0
180094,-0.05811468174328171,-1.3564221143806794,0.6515517564598249,0.0,0.0,-0.834298528608466,-1.212740924079984,0.0063251249456299,2,0
180095,-0.05811468174328171,0.7372336305918931,-0.38463272023011674,0.0,0.0,1.1986117267495475,-1.212740924079984,0.0793579688846438,0,1
180096,-0.05811468174328171,0.7372336305918931,1.6877362331497665,0.0,0.0,1.1986117267495475,0.8245784240839611,0.196210519187066,0,1
180097,-0.05811468174328171,0.7372336305918931,-0.38463272023011674,0.0,0.0,-0.834298528608466,-1.212740924079984,0.0209316937334327,1,2
180098,-0.05811468174328171,0.7372336305918931,0.6515517564598249,0.0,0.0,-0.834298528608466,0.8245784240839611,0.0939645376724466,0,1
180099,-0.05811468174328171,-1.3564221143806794,-0.38463272023011674,0.0,0.0,-0.834298528608466,0.8245784240839611,-0.0082814438421728,2,0
180100,-0.04347709613472944,0.7372336305918931,-0.38463272023011674,0.0,0.0,1.1986117267495475,-1.212740924079984,0.064751400096841,1,2
189003,-0.05811468174328171,-1.3564221143806794,-0.38463272023011674,0.0,0.0,-0.834298528608466,0.8245784240839611,-0.0082814438421728,2,0
189005,-0.05811468174328171,0.7372336305918931,-0.38463272023011674,0.0,0.0,-0.834298528608466,0.8245784240839611,0.0501448313090382,1,2
189006,-0.05811468174328171,0.7372336305918931,-0.38463272023011674,0.0,0.0,-0.834298528608466,0.8245784240839611,0.0501448313090382,1,2
189007,-0.05811468174328171,0.7372336305918931,0.6515517564598249,0.0,0.0,1.1986117267495475,0.8245784240839611,0.1523908128236577,0,1
189009,-0.05811468174328171,0.7372336305918931,1.6877362331497665,0.0,0.0,-0.834298528608466,-1.212740924079984,0.1085711064602493,0,1
189010,-0.05811468174328171,0.7372336305918931,-0.38463272023011674,0.0,0.0,-0.834298528608466,0.8245784240839611,0.0501448313090382,1,2
189011,-0.05811468174328171,-1.3564221143806794,-1.4208171969200585,0.0,0.0,1.1986117267495475,0.8245784240839611,0.0063251249456299,2,0
189012,-0.05811468174328171,0.7372336305918931,-0.38463272023011674,0.0,0.0,1.1986117267495475,0.8245784240839611,0.1085711064602493,0,1
189014,-0.05811468174328171,0.7372336305918931,-0.38463272023011674,0.0,0.0,1.1986117267495475,-1.212740924079984,0.0793579688846438,0,1
189015,-0.05811468174328171,0.7372336305918931,-1.4208171969200585,0.0,0.0,-0.834298528608466,0.8245784240839611,0.0063251249456299,2,0
189016,-0.05811468174328171,0.7372336305918931,0.6515517564598249,0.0,0.0,-0.834298528608466,-1.212740924079984,0.064751400096841,1,2
189017,-0.05811468174328171,0.7372336305918931,1.6877362331497665,0.0,0.0,1.1986117267495475,0.8245784240839611,0.196210519187066,0,1
189018,-0.05811468174328171,-1.3564221143806794,1.6877362331497665,0.0,0.0,1.1986117267495475,0.8245784240839611,0.1377842440358549,0,1
189019,-0.05811468174328171,0.7372336305918931,-1.4208171969200585,0.0,0.0,-0.834298528608466,0.8245784240839611,0.0063251249456299,2,0
189020,-0.05811468174328171,-1.3564221143806794,1.6877362331497665,0.0,0.0,-0.834298528608466,0.8245784240839611,0.0793579688846438,0,1
189021,-0.05811468174328171,0.7372336305918931,0.6515517564598249,0.0,0.0,-0.834298528608466,-1.212740924079984,0.064751400096841,1,2
189023,-0.05811468174328171,0.7372336305918931,-0.38463272023011674,0.0,0.0,-0.834298528608466,-1.212740924079984,0.0209316937334327,1,2
189024,-0.05811468174328171,0.7372336305918931,-0.38463272023011674,0.0,0.0,1.1986117267495475,-1.212740924079984,0.0793579688846438,0,1
189025,-0.05811468174328171,0.7372336305918931,0.6515517564598249,0.0,0.0,1.1986117267495475,-1.212740924079984,0.1231776752480521,0,1
189028,-0.05811468174328171,0.7372336305918931,-0.38463272023011674,0.0,0.0,-0.834298528608466,-1.212740924079984,0.0209316937334327,1,2
189029,-0.05811468174328171,-1.3564221143806794,-0.38463272023011674,0.0,0.0,-0.834298528608466,0.8245784240839611,-0.0082814438421728,2,0
189031,-0.05811468174328171,0.7372336305918931,-0.38463272023011674,0.0,0.0,1.1986117267495475,0.8245784240839611,0.1085711064602493,0,1
189032,-0.05811468174328171,-1.3564221143806794,0.6515517564598249,0.0,0.0,-0.834298528608466,-1.212740924079984,0.0063251249456299,2,0
189033,-0.05811468174328171,0.7372336305918931,-1.4208171969200585,0.0,0.0,1.1986117267495475,0.8245784240839611,0.064751400096841,1,2
189034,-0.05811468174328171,-1.3564221143806794,1.6877362331497665,0.0,0.0,1.1986117267495475,0.8245784240839611,0.1377842440358549,0,1
189035,-0.05811468174328171,-1.3564221143806794,0.6515517564598249,0.0,0.0,1.1986117267495475,0.8245784240839611,0.0939645376724466,0,1
189036,-0.05811468174328171,0.7372336305918931,0.6515517564598249,0.0,0.0,-0.834298528608466,0.8245784240839611,0.0939645376724466,0,1
189037,-0.05811468174328171,-1.3564221143806794,-1.4208171969200585,0.0,0.0,-0.834298528608466,-1.212740924079984,-0.0813142877811867,2,0
189038,-0.04347709613472944,0.7372336305918931,0.6515517564598249,0.0,0.0,-0.834298528608466,0.8245784240839611,0.0793579688846438,0,1
189039,-0.05811468174328171,-1.3564221143806794,-1.4208171969200585,0.0,0.0,-0.834298528608466,0.8245784240839611,-0.0521011502055811,2,0
189040,-0.05811468174328171,-1.3564221143806794,-1.4208171969200585,0.0,0.0,-0.834298528608466,-1.212740924079984,-0.0813142877811867,2,0
189041,-0.05811468174328171,0.7372336305918931,-0.38463272023011674,0.0,0.0,1.1986117267495475,-1.212740924079984,0.0793579688846438,0,1
189042,-0.05811468174328171,-1.3564221143806794,-0.38463272023011674,0.0,0.0,1.1986117267495475,-1.212740924079984,0.0209316937334327,1,2
189043,-0.05811468174328171,-1.3564221143806794,0.6515517564598249,0.0,0.0,1.1986117267495475,-1.212740924079984,0.064751400096841,1,2
189045,-0.05811468174328171,0.7372336305918931,-1.4208171969200585,0.0,0.0,-0.834298528608466,0.8245784240839611,0.0063251249456299,2,0
189047,-0.05811468174328171,-1.3564221143806794,-0.38463272023011674,0.0,0.0,1.1986117267495475,0.8245784240839611,0.0501448313090382,1,2
189048,-0.05811468174328171,0.7372336305918931,-1.4208171969200585,0.0,0.0,1.1986117267495475,-1.212740924079984,0.0355382625212355,1,2
189049,-0.05811468174328171,-1.3564221143806794,1.6877362331497665,0.0,0.0,-0.834298528608466,0.8245784240839611,0.0793579688846438,0,1
189051,-0.05811468174328171,-1.3564221143806794,0.6515517564598249,0.0,0.0,1.1986117267495475,0.8245784240839611,0.0939645376724466,0,1
189052,-0.05811468174328171,0.7372336305918931,0.6515517564598249,0.0,0.0,-0.834298528608466,-1.212740924079984,0.064751400096841,1,2
189053,-0.05811468174328171,-1.3564221143806794,-0.38463272023011674,0.0,0.0,-0.834298528608466,-1.212740924079984,-0.0374945814177783,2,0
189054,-0.05811468174328171,-1.3564221143806794,-1.4208171969200585,0.0,0.0,-0.834298528608466,-1.212740924079984,-0.0813142877811867,2,0
189055,-0.05811468174328171,0.7372336305918931,1.6877362331497665,0.0,0.0,1.1986117267495475,-1.212740924079984,0.1669973816114605,0,1
189056,-0.05811468174328171,-1.3564221143806794,-0.38463272023011674,0.0,0.0,1.1986117267495475,-1.212740924079984,0.0209316937334327,1,2
189057,-0.05811468174328171,0.7372336305918931,-0.38463272023011674,0.0,0.0,-0.834298528608466,-1.212740924079984,0.0209316937334327,1,2
189058,-0.05811468174328171,-1.3564221143806794,0.6515517564598249,0.0,0.0,-0.834298528608466,0.8245784240839611,0.0355382625212355,1,2
189060,-0.05811468174328171,0.7372336305918931,-1.4208171969200585,0.0,0.0,-0.834298528608466,0.8245784240839611,0.0063251249456299,2,0
189062,-0.05811468174328171,0.7372336305918931,0.6515517564598249,0.0,0.0,-0.834298528608466,-1.212740924079984,0.064751400096841,1,2
189064,-0.05811468174328171,0.7372336305918931,-0.38463272023011674,0.0,0.0,-0.834298528608466,-1.212740924079984,0.0209316937334327,1,2
189065,-0.05811468174328171,0.7372336305918931,-0.38463272023011674,0.0,0.0,-0.834298528608466,0.8245784240839611,0.0501448313090382,1,2
189066,-0.05811468174328171,0.7372336305918931,-1.4208171969200585,0.0,0.0,-0.834298528608466,0.8245784240839611,0.0063251249456299,2,0
189067,-0.04347709613472944,0.7372336305918931,-1.4208171969200585,0.0,0.0,1.1986117267495475,0.8245784240839611,0.0501448313090382,1,2
189068,-0.05811468174328171,-1.3564221143806794,1.6877362331497665,0.0,0.0,-0.834298528608466,0.8245784240839611,0.0793579688846438,0,1
189069,-0.05811468174328171,0.7372336305918931,0.6515517564598249,0.0,0.0,1.1986117267495475,-1.212740924079984,0.1231776752480521,0,1
189070,-0.05811468174328171,0.7372336305918931,-0.38463272023011674,0.0,0.0,-0.834298528608466,-1.212740924079984,0.0209316937334327,1,2
189071,-0.05811468174328171,0.7372336305918931,-1.4208171969200585,0.0,0.0,-0.834298528608466,0.8245784240839611,0.0063251249456299,2,0
189072,-0.05811468174328171,0.7372336305918931,0.6515517564598249,0.0,0.0,-0.834298528608466,-1.212740924079984,0.064751400096841,1,2
189073,-0.05811468174328171,0.7372336305918931,0.6515517564598249,0.0,0.0,-0.834298528608466,0.8245784240839611,0.0939645376724466,0,1
189074,-0.05811468174328171,-1.3564221143806794,-0.38463272023011674,0.0,0.0,-0.834298528608466,0.8245784240839611,-0.0082814438421728,2,0
189075,18.970746609374668,-1.3564221143806794,-0.38463272023011674,0.0,0.0,1.1986117267495475,0.8245784240839611,-18.93839459283457,2,0
189076,-0.05811468174328171,0.7372336305918931,-0.38463272023011674,0.0,0.0,1.1986117267495475,-1.212740924079984,0.0793579688846438,0,1
189077,-0.05811468174328171,0.7372336305918931,0.6515517564598249,0.0,0.0,-0.834298528608466,0.8245784240839611,0.0939645376724466,0,1
189078,-0.05811468174328171,0.7372336305918931,1.6877362331497665,0.0,0.0,-0.834298528608466,0.8245784240839611,0.1377842440358549,0,1
189079,-0.05811468174328171,0.7372336305918931,-1.4208171969200585,0.0,0.0,1.1986117267495475,-1.212740924079984,0.0355382625212355,1,2
189080,-0.05811468174328171,0.7372336305918931,0.6515517564598249,0.0,0.0,-0.834298528608466,-1.212740924079984,0.064751400096841,1,2
189081,-0.05811468174328171,0.7372336305918931,-0.38463272023011674,0.0,0.0,1.1986117267495475,0.8245784240839611,0.1085711064602493,0,1
189085,-0.05811468174328171,-1.3564221143806794,-0.38463272023011674,0.0,0.0,1.1986117267495475,0.8245784240839611,0.0501448313090382,1,2
189086,-0.05811468174328171,-1.3564221143806794,-0.38463272023011674,0.0,0.0,1.1986117267495475,0.8245784240839611,0.0501448313090382,1,2
189087,-0.04347709613472944,0.7372336305918931,0.6515517564598249,0.0,0.0,-0.834298528608466,-1.212740924079984,0.0501448313090382,1,2
189089,-0.05811468174328171,0.7372336305918931,-0.38463272023011674,0.0,0.0,-0.834298528608466,0.8245784240839611,0.0501448313090382,1,2
189090,-0.05811468174328171,-1.3564221143806794,-0.38463272023011674,0.0,0.0,-0.834298528608466,0.8245784240839611,-0.0082814438421728,2,0
189091,-0.05811468174328171,0.7372336305918931,-0.38463272023011674,0.0,0.0,1.1986117267495475,0.8245784240839611,0.1085711064602493,0,1
189093,-0.04347709613472944,0.7372336305918931,-1.4208171969200585,0.0,0.0,1.1986117267495475,0.8245784240839611,0.0501448313090382,1,2
189094,-0.05811468174328171,0.7372336305918931,-1.4208171969200585,0.0,0.0,1.1986117267495475,0.8245784240839611,0.064751400096841,1,2
189095,-0.05811468174328171,0.7372336305918931,0.6515517564598249,0.0,0.0,1.1986117267495475,0.8245784240839611,0.1523908128236577,0,1
189096,-0.05811468174328171,0.7372336305918931,-1.4208171969200585,0.0,0.0,1.1986117267495475,-1.212740924079984,0.0355382625212355,1,2
189097,-0.05811468174328171,-1.3564221143806794,0.6515517564598249,0.0,0.0,1.1986117267495475,0.8245784240839611,0.0939645376724466,0,1
189099,-0.05811468174328171,0.7372336305918931,-0.38463272023011674,0.0,0.0,1.1986117267495475,0.8245784240839611,0.1085711064602493,0,1
189100,-0.05811468174328171,0.7372336305918931,-0.38463272023011674,0.0,0.0,1.1986117267495475,-1.212740924079984,0.0793579688846438,0,1
189101,-0.05811468174328171,-1.3564221143806794,-0.38463272023011674,0.0,0.0,-0.834298528608466,0.8245784240839611,-0.0082814438421728,2,0
189102,-0.05811468174328171,0.7372336305918931,-0.38463272023011674,0.0,0.0,-0.834298528608466,0.8245784240839611,0.0501448313090382,1,2
189103,-0.05811468174328171,0.7372336305918931,-1.4208171969200585,0.0,0.0,1.1986117267495475,-1.212740924079984,0.0355382625212355,1,2
189104,-0.05811468174328171,0.7372336305918931,-0.38463272023011674,0.0,0.0,-0.834298528608466,-1.212740924079984,0.0209316937334327,1,2
189105,-0.05811468174328171,0.7372336305918931,0.6515517564598249,0.0,0.0,-0.834298528608466,0.8245784240839611,0.0939645376724466,0,1
189106,-0.05811468174328171,-1.3564221143806794,0.6515517564598249,0.0,0.0,1.1986117267495475,-1.212740924079984,0.064751400096841,1,2
189108,-0.05811468174328171,0.7372336305918931,-0.38463272023011674,0.0,0.0,1.1986117267495475,0.8245784240839611,0.1085711064602493,0,1
189109,-0.05811468174328171,0.7372336305918931,-0.38463272023011674,0.0,0.0,1.1986117267495475,-1.212740924079984,0.0793579688846438,0,1
189110,-0.05811468174328171,0.7372336305918931,-1.4208171969200585,0.0,0.0,-0.834298528608466,0.8245784240839611,0.0063251249456299,2,0
189112,-0.05811468174328171,-1.3564221143806794,-0.38463272023011674,0.0,0.0,1.1986117267495475,-1.212740924079984,0.0209316937334327,1,2
189116,-0.05811468174328171,0.7372336305918931,-1.4208171969200585,0.0,0.0,-0.834298528608466,-1.212740924079984,-0.0228880126299756,2,0
189117,-0.05811468174328171,0.7372336305918931,1.6877362331497665,0.0,0.0,1.1986117267495475,0.8245784240839611,0.196210519187066,0,1
189118,-0.05811468174328171,-1.3564221143806794,-0.38463272023011674,0.0,0.0,-0.834298528608466,0.8245784240839611,-0.0082814438421728,2,0
189119,-0.05811468174328171,-1.3564221143806794,-0.38463272023011674,0.0,0.0,1.1986117267495475,-1.212740924079984,0.0209316937334327,1,2
189120,-0.05811468174328171,0.7372336305918931,-0.38463272023011674,0.0,0.0,1.1986117267495475,-1.212740924079984,0.0793579688846438,0,1
189121,-0.05811468174328171,0.7372336305918931,-1.4208171969200585,0.0,0.0,-0.834298528608466,0.8245784240839611,0.0063251249456299,2,0
189122,-0.05811468174328171,-1.3564221143806794,0.6515517564598249,0.0,0.0,1.1986117267495475,0.8245784240839611,0.0939645376724466,0,1
189125,-0.05811468174328171,0.7372336305918931,-1.4208171969200585,0.0,0.0,1.1986117267495475,0.8245784240839611,0.064751400096841,1,2
189126,-0.05811468174328171,0.7372336305918931,-1.4208171969200585,0.0,0.0,-0.834298528608466,0.8245784240839611,0.0063251249456299,2,0
189127,-0.05811468174328171,0.7372336305918931,0.6515517564598249,0.0,0.0,-0.834298528608466,0.8245784240839611,0.0939645376724466,0,1
189128,-0.05811468174328171,-1.3564221143806794,-0.38463272023011674,0.0,0.0,-0.834298528608466,0.8245784240839611,-0.0082814438421728,2,0
189129,-0.05811468174328171,0.7372336305918931,0.6515517564598249,0.0,0.0,-0.834298528608466,0.8245784240839611,0.0939645376724466,0,1
189130,-0.05811468174328171,-1.3564221143806794,0.6515517564598249,0.0,0.0,1.1986117267495475,0.8245784240839611,0.0939645376724466,0,1
189131,-0.05811468174328171,0.7372336305918931,-0.38463272023011674,0.0,0.0,1.1986117267495475,-1.212740924079984,0.0793579688846438,0,1
189132,-0.05811468174328171,-1.3564221143806794,0.6515517564598249,0.0,0.0,-0.834298528608466,-1.212740924079984,0.0063251249456299,2,0
189133,-0.05811468174328171,-1.3564221143806794,-1.4208171969200585,0.0,0.0,-0.834298528608466,-1.212740924079984,-0.0813142877811867,2,0
189134,-0.05811468174328171,0.7372336305918931,-0.38463272023011674,0.0,0.0,-0.834298528608466,-1.212740924079984,0.0209316937334327,1,2
189136,-0.028839510526177174,-1.3564221143806794,-0.38463272023011674,0.0,0.0,-0.834298528608466,-1.212740924079984,-0.0667077189933839,2,0
189137,-0.05811468174328171,0.7372336305918931,-0.38463272023011674,0.0,0.0,-0.834298528608466,0.8245784240839611,0.0501448313090382,1,2
189139,-0.05811468174328171,-1.3564221143806794,0.6515517564598249,0.0,0.0,-0.834298528608466,0.8245784240839611,0.0355382625212355,1,2
189140,-0.05811468174328171,0.7372336305918931,1.6877362331497665,0.0,0.0,-0.834298528608466,0.8245784240839611,0.1377842440358549,0,1
189141,-0.05811468174328171,-1.3564221143806794,1.6877362331497665,0.0,0.0,1.1986117267495475,-1.212740924079984,0.1085711064602493,0,1
189142,-0.05811468174328171,-1.3564221143806794,0.6515517564598249,0.0,0.0,1.1986117267495475,-1.212740924079984,0.064751400096841,1,2
189143,-0.05811468174328171,-1.3564221143806794,-0.38463272023011674,0.0,0.0,-0.834298528608466,0.8245784240839611,-0.0082814438421728,2,0
189144,-0.05811468174328171,0.7372336305918931,-0.38463272023011674,0.0,0.0,1.1986117267495475,-1.212740924079984,0.0793579688846438,0,1
189147,-0.05811468174328171,0.7372336305918931,-0.38463272023011674,0.0,0.0,1.1986117267495475,0.8245784240839611,0.1085711064602493,0,1
189148,-0.05811468174328171,0.7372336305918931,-0.38463272023011674,0.0,0.0,1.1986117267495475,0.8245784240839611,0.1085711064602493,0,1
189150,-0.05811468174328171,0.7372336305918931,-0.38463272023011674,0.0,0.0,-0.834298528608466,-1.212740924079984,0.0209316937334327,1,2
189151,-0.05811468174328171,0.7372336305918931,1.6877362331497665,0.0,0.0,1.1986117267495475,-1.212740924079984,0.1669973816114605,0,1
189152,-0.05811468174328171,-1.3564221143806794,-0.38463272023011674,0.0,0.0,1.1986117267495475,0.8245784240839611,0.0501448313090382,1,2
189154,-0.05811468174328171,0.7372336305918931,-0.38463272023011674,0.0,0.0,-0.834298528608466,0.8245784240839611,0.0501448313090382,1,2
189155,-0.05811468174328171,0.7372336305918931,-0.38463272023011674,0.0,0.0,-0.834298528608466,0.8245784240839611,0.0501448313090382,1,2
189156,-0.05811468174328171,0.7372336305918931,0.6515517564598249,0.0,0.0,1.1986117267495475,0.8245784240839611,0.1523908128236577,0,1
189157,-0.05811468174328171,0.7372336305918931,0.6515517564598249,0.0,0.0,1.1986117267495475,-1.212740924079984,0.1231776752480521,0,1
189158,-0.05811468174328171,-1.3564221143806794,0.6515517564598249,0.0,0.0,1.1986117267495475,0.8245784240839611,0.0939645376724466,0,1
189159,-0.05811468174328171,0.7372336305918931,-0.38463272023011674,0.0,0.0,1.1986117267495475,-1.212740924079984,0.0793579688846438,0,1
189160,-0.05811468174328171,0.7372336305918931,0.6515517564598249,0.0,0.0,1.1986117267495475,-1.212740924079984,0.1231776752480521,0,1
189161,-0.05811468174328171,0.7372336305918931,-1.4208171969200585,0.0,0.0,-0.834298528608466,0.8245784240839611,0.0063251249456299,2,0
189162,-0.05811468174328171,0.7372336305918931,1.6877362331497665,0.0,0.0,-0.834298528608466,0.8245784240839611,0.1377842440358549,0,1
189164,-0.05811468174328171,-1.3564221143806794,-0.38463272023011674,0.0,0.0,1.1986117267495475,-1.212740924079984,0.0209316937334327,1,2
189165,-0.05811468174328171,-1.3564221143806794,-0.38463272023011674,0.0,0.0,-0.834298528608466,-1.212740924079984,-0.0374945814177783,2,0
189167,-0.05811468174328171,0.7372336305918931,-0.38463272023011674,0.0,0.0,-0.834298528608466,-1.212740924079984,0.0209316937334327,1,2
189168,-0.05811468174328171,0.7372336305918931,0.6515517564598249,0.0,0.0,1.1986117267495475,-1.212740924079984,0.1231776752480521,0,1
189169,-0.05811468174328171,-1.3564221143806794,-1.4208171969200585,0.0,0.0,1.1986117267495475,-1.212740924079984,-0.0228880126299756,2,0
189170,-0.05811468174328171,-1.3564221143806794,1.6877362331497665,0.0,0.0,-0.834298528608466,0.8245784240839611,0.0793579688846438,0,1
189171,-0.05811468174328171,-1.3564221143806794,-0.38463272023011674,0.0,0.0,-0.834298528608466,0.8245784240839611,-0.0082814438421728,2,0
189173,-0.05811468174328171,-1.3564221143806794,-0.38463272023011674,0.0,0.0,-0.834298528608466,0.8245784240839611,-0.0082814438421728,2,0
189174,-0.05811468174328171,0.7372336305918931,-1.4208171969200585,0.0,0.0,-0.834298528608466,0.8245784240839611,0.0063251249456299,2,0
189175,-0.05811468174328171,0.7372336305918931,-0.38463272023011674,0.0,0.0,1.1986117267495475,0.8245784240839611,0.1085711064602493,0,1
189176,-0.05811468174328171,-1.3564221143806794,-0.38463272023011674,0.0,0.0,-0.834298528608466,0.8245784240839611,-0.0082814438421728,2,0
189178,-0.05811468174328171,0.7372336305918931,-0.38463272023011674,0.0,0.0,1.1986117267495475,0.8245784240839611,0.1085711064602493,0,1
189179,-0.05811468174328171,-1.3564221143806794,0.6515517564598249,0.0,0.0,1.1986117267495475,-1.212740924079984,0.064751400096841,1,2
189180,-0.05811468174328171,-1.3564221143806794,-0.38463272023011674,0.0,0.0,1.1986117267495475,0.8245784240839611,0.0501448313090382,1,2
189181,-0.05811468174328171,0.7372336305918931,1.6877362331497665,0.0,0.0,-0.834298528608466,0.8245784240839611,0.1377842440358549,0,1
189183,-0.04347709613472944,0.7372336305918931,0.6515517564598249,0.0,0.0,-0.834298528608466,0.8245784240839611,0.0793579688846438,0,1
189184,-0.05811468174328171,0.7372336305918931,0.6515517564598249,0.0,0.0,-0.834298528608466,0.8245784240839611,0.0939645376724466,0,1
189185,-0.05811468174328171,-1.3564221143806794,-1.4208171969200585,0.0,0.0,-0.834298528608466,0.8245784240839611,-0.0521011502055811,2,0
189186,-0.05811468174328171,0.7372336305918931,-0.38463272023011674,0.0,0.0,1.1986117267495475,0.8245784240839611,0.1085711064602493,0,1
189187,-0.05811468174328171,0.7372336305918931,-0.38463272023011674,0.0,0.0,-0.834298528608466,-1.212740924079984,0.0209316937334327,1,2
189188,-0.05811468174328171,0.7372336305918931,0.6515517564598249,0.0,0.0,1.1986117267495475,0.8245784240839611,0.1523908128236577,0,1
189189,-0.05811468174328171,0.7372336305918931,1.6877362331497665,0.0,0.0,-0.834298528608466,-1.212740924079984,0.1085711064602493,0,1
189191,-0.05811468174328171,0.7372336305918931,-1.4208171969200585,0.0,0.0,-0.834298528608466,-1.212740924079984,-0.0228880126299756,2,0
189192,-0.05811468174328171,-1.3564221143806794,-1.4208171969200585,0.0,0.0,1.1986117267495475,-1.212740924079984,-0.0228880126299756,2,0
189193,-0.05811468174328171,-1.3564221143806794,1.6877362331497665,0.0,0.0,-0.834298528608466,0.8245784240839611,0.0793579688846438,0,1
189194,-0.05811468174328171,-1.3564221143806794,-0.38463272023011674,0.0,0.0,-0.834298528608466,-1.212740924079984,-0.0374945814177783,2,0
189195,-0.05811468174328171,-1.3564221143806794,0.6515517564598249,0.0,0.0,-0.834298528608466,0.8245784240839611,0.0355382625212355,1,2
189196,-0.05811468174328171,0.7372336305918931,-0.38463272023011674,0.0,0.0,-0.834298528608466,-1.212740924079984,0.0209316937334327,1,2
189197,-0.05811468174328171,0.7372336305918931,0.6515517564598249,0.0,0.0,1.1986117267495475,0.8245784240839611,0.1523908128236577,0,1
189199,-0.05811468174328171,0.7372336305918931,-1.4208171969200585,0.0,0.0,-0.834298528608466,0.8245784240839611,0.0063251249456299,2,0
189200,-0.05811468174328171,-1.3564221143806794,-1.4208171969200585,0.0,0.0,-0.834298528608466,-1.212740924079984,-0.0813142877811867,2,0
189202,-0.05811468174328171,0.7372336305918931,0.6515517564598249,0.0,0.0,-0.834298528608466,-1.212740924079984,0.064751400096841,1,2
189203,-0.05811468174328171,0.7372336305918931,1.6877362331497665,0.0,0.0,1.1986117267495475,0.8245784240839611,0.196210519187066,0,1
189204,-0.05811468174328171,0.7372336305918931,-0.38463272023011674,0.0,0.0,-0.834298528608466,0.8245784240839611,0.0501448313090382,1,2
189205,-0.05811468174328171,0.7372336305918931,-0.38463272023011674,0.0,0.0,-0.834298528608466,0.8245784240839611,0.0501448313090382,1,2
189206,-0.05811468174328171,0.7372336305918931,0.6515517564598249,0.0,0.0,-0.834298528608466,-1.212740924079984,0.064751400096841,1,2
189207,-0.05811468174328171,0.7372336305918931,1.6877362331497665,0.0,0.0,-0.834298528608466,0.8245784240839611,0.1377842440358549,0,1
189209,-0.05811468174328171,-1.3564221143806794,0.6515517564598249,0.0,0.0,-0.834298528608466,0.8245784240839611,0.0355382625212355,1,2
189210,-0.05811468174328171,0.7372336305918931,1.6877362331497665,0.0,0.0,-0.834298528608466,-1.212740924079984,0.1085711064602493,0,1
189212,-0.05811468174328171,-1.3564221143806794,-1.4208171969200585,0.0,0.0,-0.834298528608466,0.8245784240839611,-0.0521011502055811,2,0
189213,-0.05811468174328171,-1.3564221143806794,-1.4208171969200585,0.0,0.0,-0.834298528608466,-1.212740924079984,-0.0813142877811867,2,0
189214,-0.05811468174328171,-1.3564221143806794,0.6515517564598249,0.0,0.0,-0.834298528608466,0.8245784240839611,0.0355382625212355,1,2
189216,-0.05811468174328171,0.7372336305918931,0.6515517564598249,0.0,0.0,1.1986117267495475,0.8245784240839611,0.1523908128236577,0,1
189218,-0.05811468174328171,0.7372336305918931,-0.38463272023011674,0.0,0.0,1.1986117267495475,-1.212740924079984,0.0793579688846438,0,1
189222,-0.05811468174328171,0.7372336305918931,-0.38463272023011674,0.0,0.0,-0.834298528608466,-1.212740924079984,0.0209316937334327,1,2
189235,-0.05811468174328171,-1.3564221143806794,0.6515517564598249,0.0,0.0,-0.834298528608466,-1.212740924079984,0.0063251249456299,2,0
189236,-0.05811468174328171,0.7372336305918931,-1.4208171969200585,0.0,0.0,1.1986117267495475,0.8245784240839611,0.064751400096841,1,2
189242,-0.05811468174328171,0.7372336305918931,-0.38463272023011674,0.0,0.0,1.1986117267495475,0.8245784240839611,0.1085711064602493,0,1
189252,-0.05811468174328171,0.7372336305918931,-0.38463272023011674,0.0,0.0,-0.834298528608466,0.8245784240839611,0.0501448313090382,1,2
190011,-0.04347709613472944,0.7372336305918931,0.6515517564598249,0.0,0.0,1.1986117267495475,0.8245784240839611,0.1377842440358549,0,1
190012,-0.04347709613472944,-1.3564221143806794,0.6515517564598249,0.0,0.0,-0.834298528608466,-1.212740924079984,-0.0082814438421728,2,0
190013,-0.05811468174328171,-1.3564221143806794,-0.38463272023011674,0.0,0.0,-0.834298528608466,0.8245784240839611,-0.0082814438421728,2,0
190014,-0.05811468174328171,0.7372336305918931,0.6515517564598249,0.0,0.0,1.1986117267495475,0.8245784240839611,0.1523908128236577,0,1
190015,-0.05811468174328171,-1.3564221143806794,0.6515517564598249,0.0,0.0,1.1986117267495475,0.8245784240839611,0.0939645376724466,0,1
190016,-0.05811468174328171,0.7372336305918931,-0.38463272023011674,0.0,0.0,1.1986117267495475,-1.212740924079984,0.0793579688846438,0,1
190017,-0.05811468174328171,0.7372336305918931,0.6515517564598249,0.0,0.0,-0.834298528608466,-1.212740924079984,0.064751400096841,1,2
190018,-0.05811468174328171,0.7372336305918931,-0.38463272023011674,0.0,0.0,-0.834298528608466,0.8245784240839611,0.0501448313090382,1,2
190019,-0.05811468174328171,-1.3564221143806794,-1.4208171969200585,0.0,0.0,1.1986117267495475,0.8245784240839611,0.0063251249456299,2,0
190020,-0.04347709613472944,-1.3564221143806794,-1.4208171969200585,0.0,0.0,-0.834298528608466,-1.212740924079984,-0.0959208565689894,2,0
190081,-0.05811468174328171,-1.3564221143806794,-0.38463272023011674,0.0,0.0,-0.834298528608466,0.8245784240839611,-0.0082814438421728,2,0
190082,-0.05811468174328171,0.7372336305918931,-0.38463272023011674,0.0,0.0,-0.834298528608466,0.8245784240839611,0.0501448313090382,1,2
190083,-0.05811468174328171,0.7372336305918931,0.6515517564598249,0.0,0.0,-0.834298528608466,-1.212740924079984,0.064751400096841,1,2
190084,-0.05811468174328171,-1.3564221143806794,0.6515517564598249,0.0,0.0,-0.834298528608466,0.8245784240839611,0.0355382625212355,1,2
190085,-0.05811468174328171,0.7372336305918931,0.6515517564598249,0.0,0.0,1.1986117267495475,0.8245784240839611,0.1523908128236577,0,1
190086,-0.05811468174328171,0.7372336305918931,-0.38463272023011674,0.0,0.0,1.1986117267495475,-1.212740924079984,0.0793579688846438,0,1
190087,-0.04347709613472944,-1.3564221143806794,-0.38463272023011674,0.0,0.0,-0.834298528608466,0.8245784240839611,-0.0228880126299756,2,0
190088,-0.05811468174328171,0.7372336305918931,-0.38463272023011674,0.0,0.0,1.1986117267495475,0.8245784240839611,0.1085711064602493,0,1
190089,-0.05811468174328171,0.7372336305918931,-1.4208171969200585,0.0,0.0,-0.834298528608466,0.8245784240839611,0.0063251249456299,2,0
190090,-0.05811468174328171,-1.3564221143806794,-1.4208171969200585,0.0,0.0,1.1986117267495475,-1.212740924079984,-0.0228880126299756,2,0
190111,-0.05811468174328171,-1.3564221143806794,0.6515517564598249,0.0,0.0,-0.834298528608466,-1.212740924079984,0.0063251249456299,2,0
190112,-0.05811468174328171,0.7372336305918931,1.6877362331497665,0.0,0.0,1.1986117267495475,0.8245784240839611,0.196210519187066,0,1
190113,-0.04347709613472944,0.7372336305918931,-1.4208171969200585,0.0,0.0,1.1986117267495475,-1.212740924079984,0.0209316937334327,1,2
190114,-0.05811468174328171,0.7372336305918931,-1.4208171969200585,0.0,0.0,-0.834298528608466,0.8245784240839611,0.0063251249456299,2,0
190115,-0.04347709613472944,0.7372336305918931,0.6515517564598249,0.0,0.0,-0.834298528608466,-1.212740924079984,0.0501448313090382,1,2
190116,-0.05811468174328171,-1.3564221143806794,-0.38463272023011674,0.0,0.0,1.1986117267495475,-1.212740924079984,0.0209316937334327,1,2
190117,-0.05811468174328171,-1.3564221143806794,0.6515517564598249,0.0,0.0,-0.834298528608466,0.8245784240839611,0.0355382625212355,1,2
190118,-0.05811468174328171,0.7372336305918931,0.6515517564598249,0.0,0.0,1.1986117267495475,0.8245784240839611,0.1523908128236577,0,1
190119,-0.04347709613472944,-1.3564221143806794,1.6877362331497665,0.0,0.0,1.1986117267495475,0.8245784240839611,0.1231776752480521,0,1
190131,-0.05811468174328171,-1.3564221143806794,-0.38463272023011674,0.0,0.0,-0.834298528608466,-1.212740924079984,-0.0374945814177783,2,0
190132,-0.05811468174328171,0.7372336305918931,0.6515517564598249,0.0,0.0,1.1986117267495475,0.8245784240839611,0.1523908128236577,0,1
190133,-0.05811468174328171,0.7372336305918931,-0.38463272023011674,0.0,0.0,1.1986117267495475,-1.212740924079984,0.0793579688846438,0,1
190134,-0.05811468174328171,0.7372336305918931,0.6515517564598249,0.0,0.0,1.1986117267495475,0.8245784240839611,0.1523908128236577,0,1
190135,-0.05811468174328171,0.7372336305918931,-0.38463272023011674,0.0,0.0,-0.834298528608466,0.8245784240839611,0.0501448313090382,1,2
190136,-0.05811468174328171,-1.3564221143806794,-1.4208171969200585,0.0,0.0,-0.834298528608466,-1.212740924079984,-0.0813142877811867,2,0
190137,-0.04347709613472944,0.7372336305918931,-0.38463272023011674,0.0,0.0,-0.834298528608466,0.8245784240839611,0.0355382625212355,1,2
190138,-0.05811468174328171,-1.3564221143806794,-0.38463272023011674,0.0,0.0,1.1986117267495475,-1.212740924079984,0.0209316937334327,1,2
190139,-0.05811468174328171,0.7372336305918931,0.6515517564598249,0.0,0.0,1.1986117267495475,0.8245784240839611,0.1523908128236577,0,1
190140,-0.05811468174328171,0.7372336305918931,0.6515517564598249,0.0,0.0,1.1986117267495475,0.8245784240839611,0.1523908128236577,0,1
190161,-0.05811468174328171,0.7372336305918931,0.6515517564598249,0.0,0.0,-0.834298528608466,0.8245784240839611,0.0939645376724466,0,1
190162,-0.05811468174328171,0.7372336305918931,-1.4208171969200585,0.0,0.0,-0.834298528608466,0.8245784240839611,0.0063251249456299,2,0
190163,-0.05811468174328171,0.7372336305918931,0.6515517564598249,0.0,0.0,1.1986117267495475,-1.212740924079984,0.1231776752480521,0,1
190164,-0.04347709613472944,-1.3564221143806794,-0.38463272023011674,0.0,0.0,1.1986117267495475,-1.212740924079984,0.0063251249456299,2,0
190165,-0.05811468174328171,0.7372336305918931,1.6877362331497665,0.0,0.0,1.1986117267495475,-1.212740924079984,0.1669973816114605,0,1
190166,-0.05811468174328171,0.7372336305918931,1.6877362331497665,0.0,0.0,1.1986117267495475,0.8245784240839611,0.196210519187066,0,1
190167,-0.05811468174328171,-1.3564221143806794,-1.4208171969200585,0.0,0.0,1.1986117267495475,0.8245784240839611,0.0063251249456299,2,0
190168,-0.05811468174328171,0.7372336305918931,0.6515517564598249,0.0,0.0,1.1986117267495475,-1.212740924079984,0.1231776752480521,0,1
190169,-0.04347709613472944,0.7372336305918931,-1.4208171969200585,0.0,0.0,1.1986117267495475,0.8245784240839611,0.0501448313090382,1,2
190170,-0.05811468174328171,-1.3564221143806794,-0.38463272023011674,0.0,0.0,-0.834298528608466,-1.212740924079984,-0.0374945814177783,2,0
190171,-0.04347709613472944,0.7372336305918931,-0.38463272023011674,0.0,0.0,1.1986117267495475,-1.212740924079984,0.064751400096841,1,2
190172,-0.04347709613472944,0.7372336305918931,-1.4208171969200585,0.0,0.0,1.1986117267495475,0.8245784240839611,0.0501448313090382,1,2
190173,-0.05811468174328171,0.7372336305918931,0.6515517564598249,0.0,0.0,-0.834298528608466,0.8245784240839611,0.0939645376724466,0,1
190174,-0.04347709613472944,0.7372336305918931,-1.4208171969200585,0.0,0.0,-0.834298528608466,0.8245784240839611,-0.0082814438421728,2,0
190175,-0.05811468174328171,0.7372336305918931,-1.4208171969200585,0.0,0.0,-0.834298528608466,-1.212740924079984,-0.0228880126299756,2,0
190176,-0.05811468174328171,0.7372336305918931,0.6515517564598249,0.0,0.0,-0.834298528608466,0.8245784240839611,0.0939645376724466,0,1
190177,-0.05811468174328171,0.7372336305918931,0.6515517564598249,0.0,0.0,-0.834298528608466,-1.212740924079984,0.064751400096841,1,2
190178,-0.05811468174328171,-1.3564221143806794,1.6877362331497665,0.0,0.0,-0.834298528608466,-1.212740924079984,0.0501448313090382,1,2
190179,-0.05811468174328171,0.7372336305918931,0.6515517564598249,0.0,0.0,-0.834298528608466,0.8245784240839611,0.0939645376724466,0,1
190180,-0.05811468174328171,0.7372336305918931,0.6515517564598249,0.0,0.0,-0.834298528608466,0.8245784240839611,0.0939645376724466,0,1
190191,-0.05811468174328171,-1.3564221143806794,-0.38463272023011674,0.0,0.0,1.1986117267495475,-1.212740924079984,0.0209316937334327,1,2
190192,-0.05811468174328171,0.7372336305918931,-1.4208171969200585,0.0,0.0,-0.834298528608466,-1.212740924079984,-0.0228880126299756,2,0
190193,-0.05811468174328171,0.7372336305918931,-1.4208171969200585,0.0,0.0,-0.834298528608466,0.8245784240839611,0.0063251249456299,2,0
190194,-0.05811468174328171,-1.3564221143806794,-0.38463272023011674,0.0,0.0,-0.834298528608466,-1.212740924079984,-0.0374945814177783,2,0
190195,-0.05811468174328171,0.7372336305918931,0.6515517564598249,0.0,0.0,-0.834298528608466,0.8245784240839611,0.0939645376724466,0,1
190196,-0.05811468174328171,0.7372336305918931,-0.38463272023011674,0.0,0.0,-0.834298528608466,0.8245784240839611,0.0501448313090382,1,2
190197,-0.05811468174328171,0.7372336305918931,0.6515517564598249,0.0,0.0,1.1986117267495475,-1.212740924079984,0.1231776752480521,0,1
190198,-0.05811468174328171,-1.3564221143806794,-0.38463272023011674,0.0,0.0,1.1986117267495475,0.8245784240839611,0.0501448313090382,1,2
190199,-0.05811468174328171,-1.3564221143806794,-1.4208171969200585,0.0,0.0,-0.834298528608466,0.8245784240839611,-0.0521011502055811,2,0
190200,-0.05811468174328171,0.7372336305918931,-1.4208171969200585,0.0,0.0,1.1986117267495475,-1.212740924079984,0.0355382625212355,1,2
199001,-0.05811468174328171,0.7372336305918931,0.6515517564598249,0.0,0.0,-0.834298528608466,0.8245784240839611,0.0939645376724466,0,1
199002,-0.05811468174328171,-1.3564221143806794,0.6515517564598249,0.0,0.0,1.1986117267495475,-1.212740924079984,0.064751400096841,1,2
199004,-0.05811468174328171,0.7372336305918931,1.6877362331497665,0.0,0.0,1.1986117267495475,0.8245784240839611,0.196210519187066,0,1
199005,-0.05811468174328171,-1.3564221143806794,-1.4208171969200585,0.0,0.0,-0.834298528608466,-1.212740924079984,-0.0813142877811867,2,0
199006,-0.05811468174328171,-1.3564221143806794,1.6877362331497665,0.0,0.0,1.1986117267495475,0.8245784240839611,0.1377842440358549,0,1
199007,-0.05811468174328171,0.7372336305918931,-0.38463272023011674,0.0,0.0,1.1986117267495475,-1.212740924079984,0.0793579688846438,0,1
199008,-0.05811468174328171,0.7372336305918931,-1.4208171969200585,0.0,0.0,1.1986117267495475,-1.212740924079984,0.0355382625212355,1,2
199011,-0.05811468174328171,-1.3564221143806794,1.6877362331497665,0.0,0.0,1.1986117267495475,0.8245784240839611,0.1377842440358549,0,1
199012,-0.05811468174328171,0.7372336305918931,-0.38463272023011674,0.0,0.0,1.1986117267495475,-1.212740924079984,0.0793579688846438,0,1
199013,-0.05811468174328171,-1.3564221143806794,0.6515517564598249,0.0,0.0,-0.834298528608466,-1.212740924079984,0.0063251249456299,2,0
199014,-0.05811468174328171,0.7372336305918931,-1.4208171969200585,0.0,0.0,1.1986117267495475,-1.212740924079984,0.0355382625212355,1,2
199015,-0.05811468174328171,0.7372336305918931,0.6515517564598249,0.0,0.0,1.1986117267495475,-1.212740924079984,0.1231776752480521,0,1
199016,-0.05811468174328171,-1.3564221143806794,1.6877362331497665,0.0,0.0,1.1986117267495475,0.8245784240839611,0.1377842440358549,0,1
199018,-0.05811468174328171,-1.3564221143806794,-0.38463272023011674,0.0,0.0,1.1986117267495475,0.8245784240839611,0.0501448313090382,1,2
199019,-0.05811468174328171,0.7372336305918931,0.6515517564598249,0.0,0.0,-0.834298528608466,-1.212740924079984,0.064751400096841,1,2
199021,-0.05811468174328171,0.7372336305918931,-1.4208171969200585,0.0,0.0,-0.834298528608466,0.8245784240839611,0.0063251249456299,2,0
199022,-0.05811468174328171,0.7372336305918931,0.6515517564598249,0.0,0.0,-0.834298528608466,0.8245784240839611,0.0939645376724466,0,1
199023,-0.05811468174328171,-1.3564221143806794,-0.38463272023011674,0.0,0.0,-0.834298528608466,0.8245784240839611,-0.0082814438421728,2,0
199024,-0.05811468174328171,0.7372336305918931,-0.38463272023011674,0.0,0.0,-0.834298528608466,-1.212740924079984,0.0209316937334327,1,2
199025,-0.05811468174328171,0.7372336305918931,-0.38463272023011674,0.0,0.0,1.1986117267495475,0.8245784240839611,0.1085711064602493,0,1
199026,-0.05811468174328171,0.7372336305918931,-1.4208171969200585,0.0,0.0,1.1986117267495475,0.8245784240839611,0.064751400096841,1,2
199027,-0.05811468174328171,0.7372336305918931,1.6877362331497665,0.0,0.0,1.1986117267495475,0.8245784240839611,0.196210519187066,0,1
199030,-0.05811468174328171,0.7372336305918931,-0.38463272023011674,0.0,0.0,-0.834298528608466,0.8245784240839611,0.0501448313090382,1,2
199031,-0.05811468174328171,0.7372336305918931,-0.38463272023011674,0.0,0.0,1.1986117267495475,-1.212740924079984,0.0793579688846438,0,1
199032,-0.05811468174328171,0.7372336305918931,-0.38463272023011674,0.0,0.0,1.1986117267495475,0.8245784240839611,0.1085711064602493,0,1
199033,-0.05811468174328171,0.7372336305918931,-0.38463272023011674,0.0,0.0,1.1986117267495475,0.8245784240839611,0.1085711064602493,0,1
199034,-0.05811468174328171,0.7372336305918931,0.6515517564598249,0.0,0.0,-0.834298528608466,0.8245784240839611,0.0939645376724466,0,1
199035,-0.05811468174328171,-1.3564221143806794,1.6877362331497665,0.0,0.0,-0.834298528608466,-1.212740924079984,0.0501448313090382,1,2
199036,-0.05811468174328171,0.7372336305918931,-0.38463272023011674,0.0,0.0,1.1986117267495475,0.8245784240839611,0.1085711064602493,0,1
199037,-0.05811468174328171,0.7372336305918931,1.6877362331497665,0.0,0.0,-0.834298528608466,0.8245784240839611,0.1377842440358549,0,1
199038,-0.05811468174328171,0.7372336305918931,0.6515517564598249,0.0,0.0,1.1986117267495475,0.8245784240839611,0.1523908128236577,0,1
199040,-0.05811468174328171,-1.3564221143806794,-1.4208171969200585,0.0,0.0,1.1986117267495475,0.8245784240839611,0.0063251249456299,2,0
199041,-0.05811468174328171,-1.3564221143806794,0.6515517564598249,0.0,0.0,1.1986117267495475,0.8245784240839611,0.0939645376724466,0,1
199042,-0.05811468174328171,0.7372336305918931,-0.38463272023011674,0.0,0.0,1.1986117267495475,-1.212740924079984,0.0793579688846438,0,1
199044,-0.05811468174328171,-1.3564221143806794,0.6515517564598249,0.0,0.0,1.1986117267495475,0.8245784240839611,0.0939645376724466,0,1
199045,-0.05811468174328171,0.7372336305918931,1.6877362331497665,0.0,0.0,1.1986117267495475,-1.212740924079984,0.1669973816114605,0,1
199046,-0.05811468174328171,-1.3564221143806794,-0.38463272023011674,0.0,0.0,-0.834298528608466,0.8245784240839611,-0.0082814438421728,2,0
199047,-0.05811468174328171,-1.3564221143806794,1.6877362331497665,0.0,0.0,-0.834298528608466,-1.212740924079984,0.0501448313090382,1,2
199048,-0.05811468174328171,-1.3564221143806794,0.6515517564598249,0.0,0.0,-0.834298528608466,0.8245784240839611,0.0355382625212355,1,2
199051,-0.05811468174328171,-1.3564221143806794,-0.38463272023011674,0.0,0.0,-0.834298528608466,0.8245784240839611,-0.0082814438421728,2,0
199052,-0.05811468174328171,0.7372336305918931,0.6515517564598249,0.0,0.0,-0.834298528608466,0.8245784240839611,0.0939645376724466,0,1
199053,-0.05811468174328171,-1.3564221143806794,-0.38463272023011674,0.0,0.0,-0.834298528608466,-1.212740924079984,-0.0374945814177783,2,0
199054,-0.05811468174328171,0.7372336305918931,1.6877362331497665,0.0,0.0,1.1986117267495475,0.8245784240839611,0.196210519187066,0,1
199055,-0.05811468174328171,0.7372336305918931,0.6515517564598249,0.0,0.0,-0.834298528608466,-1.212740924079984,0.064751400096841,1,2
199056,-0.05811468174328171,0.7372336305918931,-1.4208171969200585,0.0,0.0,-0.834298528608466,-1.212740924079984,-0.0228880126299756,2,0
199057,-0.05811468174328171,0.7372336305918931,-0.38463272023011674,0.0,0.0,1.1986117267495475,-1.212740924079984,0.0793579688846438,0,1
199058,-0.05811468174328171,0.7372336305918931,0.6515517564598249,0.0,0.0,1.1986117267495475,0.8245784240839611,0.1523908128236577,0,1
199059,-0.05811468174328171,0.7372336305918931,-1.4208171969200585,0.0,0.0,1.1986117267495475,0.8245784240839611,0.064751400096841,1,2
199060,-0.05811468174328171,-1.3564221143806794,-1.4208171969200585,0.0,0.0,1.1986117267495475,0.8245784240839611,0.0063251249456299,2,0
199061,-0.05811468174328171,0.7372336305918931,-0.38463272023011674,0.0,0.0,-0.834298528608466,0.8245784240839611,0.0501448313090382,1,2
199062,-0.05811468174328171,0.7372336305918931,-0.38463272023011674,0.0,0.0,-0.834298528608466,-1.212740924079984,0.0209316937334327,1,2
199064,-0.05811468174328171,0.7372336305918931,-0.38463272023011674,0.0,0.0,-0.834298528608466,0.8245784240839611,0.0501448313090382,1,2
199065,-0.05811468174328171,0.7372336305918931,-0.38463272023011674,0.0,0.0,-0.834298528608466,-1.212740924079984,0.0209316937334327,1,2
199066,-0.05811468174328171,0.7372336305918931,-1.4208171969200585,0.0,0.0,-0.834298528608466,-1.212740924079984,-0.0228880126299756,2,0
199067,-0.05811468174328171,0.7372336305918931,0.6515517564598249,0.0,0.0,1.1986117267495475,-1.212740924079984,0.1231776752480521,0,1
199068,-0.05811468174328171,0.7372336305918931,-0.38463272023011674,0.0,0.0,-0.834298528608466,0.8245784240839611,0.0501448313090382,1,2
199069,-0.05811468174328171,0.7372336305918931,-0.38463272023011674,0.0,0.0,-0.834298528608466,0.8245784240839611,0.0501448313090382,1,2
199071,-0.05811468174328171,-1.3564221143806794,-0.38463272023011674,0.0,0.0,-0.834298528608466,-1.212740924079984,-0.0374945814177783,2,0
199072,-0.05811468174328171,0.7372336305918931,0.6515517564598249,0.0,0.0,1.1986117267495475,0.8245784240839611,0.1523908128236577,0,1
199073,-0.05811468174328171,-1.3564221143806794,-1.4208171969200585,0.0,0.0,-0.834298528608466,0.8245784240839611,-0.0521011502055811,2,0
199074,-0.05811468174328171,-1.3564221143806794,-1.4208171969200585,0.0,0.0,-0.834298528608466,-1.212740924079984,-0.0813142877811867,2,0
199075,-0.05811468174328171,0.7372336305918931,-1.4208171969200585,0.0,0.0,-0.834298528608466,0.8245784240839611,0.0063251249456299,2,0
199077,-0.04347709613472944,-1.3564221143806794,0.6515517564598249,0.0,0.0,-0.834298528608466,0.8245784240839611,0.0209316937334327,1,2
199078,-0.05811468174328171,-1.3564221143806794,0.6515517564598249,0.0,0.0,-0.834298528608466,0.8245784240839611,0.0355382625212355,1,2
199079,-0.05811468174328171,-1.3564221143806794,0.6515517564598249,0.0,0.0,-0.834298528608466,0.8245784240839611,0.0355382625212355,1,2
199080,-0.05811468174328171,0.7372336305918931,0.6515517564598249,0.0,0.0,-0.834298528608466,0.8245784240839611,0.0939645376724466,0,1
199081,-0.05811468174328171,0.7372336305918931,0.6515517564598249,0.0,0.0,1.1986117267495475,-1.212740924079984,0.1231776752480521,0,1
199082,-0.05811468174328171,0.7372336305918931,-0.38463272023011674,0.0,0.0,-0.834298528608466,0.8245784240839611,0.0501448313090382,1,2
199083,-0.05811468174328171,0.7372336305918931,0.6515517564598249,0.0,0.0,1.1986117267495475,0.8245784240839611,0.1523908128236577,0,1
199085,-0.05811468174328171,0.7372336305918931,-1.4208171969200585,0.0,0.0,-0.834298528608466,-1.212740924079984,-0.0228880126299756,2,0
199086,-0.05811468174328171,-1.3564221143806794,0.6515517564598249,0.0,0.0,-0.834298528608466,0.8245784240839611,0.0355382625212355,1,2
199087,-0.05811468174328171,0.7372336305918931,0.6515517564598249,0.0,0.0,-0.834298528608466,0.8245784240839611,0.0939645376724466,0,1
199088,-0.05811468174328171,0.7372336305918931,-0.38463272023011674,0.0,0.0,-0.834298528608466,-1.212740924079984,0.0209316937334327,1,2
199090,-0.05811468174328171,0.7372336305918931,-0.38463272023011674,0.0,0.0,-0.834298528608466,0.8245784240839611,0.0501448313090382,1,2
199091,-0.05811468174328171,-1.3564221143806794,-0.38463272023011674,0.0,0.0,-0.834298528608466,0.8245784240839611,-0.0082814438421728,2,0
199092,-0.04347709613472944,0.7372336305918931,0.6515517564598249,0.0,0.0,1.1986117267495475,-1.212740924079984,0.1085711064602493,0,1
199093,-0.05811468174328171,0.7372336305918931,0.6515517564598249,0.0,0.0,1.1986117267495475,-1.212740924079984,0.1231776752480521,0,1
199094,-0.05811468174328171,-1.3564221143806794,1.6877362331497665,0.0,0.0,1.1986117267495475,-1.212740924079984,0.1085711064602493,0,1
199095,-0.05811468174328171,0.7372336305918931,-0.38463272023011674,0.0,0.0,-0.834298528608466,0.8245784240839611,0.0501448313090382,1,2
199097,-0.05811468174328171,-1.3564221143806794,0.6515517564598249,0.0,0.0,1.1986117267495475,0.8245784240839611,0.0939645376724466,0,1
200011,-0.05811468174328171,-1.3564221143806794,0.6515517564598249,0.0,0.0,-0.834298528608466,0.8245784240839611,0.0355382625212355,1,2
200013,-0.05811468174328171,0.7372336305918931,1.6877362331497665,0.0,0.0,1.1986117267495475,-1.212740924079984,0.1669973816114605,0,1
200014,-0.05811468174328171,-1.3564221143806794,-0.38463272023011674,0.0,0.0,-0.834298528608466,-1.212740924079984,-0.0374945814177783,2,0
200015,-0.05811468174328171,0.7372336305918931,-0.38463272023011674,0.0,0.0,-0.834298528608466,-1.212740924079984,0.0209316937334327,1,2
200016,-0.05811468174328171,0.7372336305918931,0.6515517564598249,0.0,0.0,1.1986117267495475,0.8245784240839611,0.1523908128236577,0,1
200020,-0.05811468174328171,-1.3564221143806794,0.6515517564598249,0.0,0.0,1.1986117267495475,0.8245784240839611,0.0939645376724466,0,1
200071,-0.05811468174328171,0.7372336305918931,1.6877362331497665,0.0,0.0,-0.834298528608466,0.8245784240839611,0.1377842440358549,0,1
200072,-0.05811468174328171,-1.3564221143806794,-1.4208171969200585,0.0,0.0,-0.834298528608466,-1.212740924079984,-0.0813142877811867,2,0
200074,-0.05811468174328171,-1.3564221143806794,-1.4208171969200585,0.0,0.0,-0.834298528608466,0.8245784240839611,-0.0521011502055811,2,0
200075,-0.05811468174328171,-1.3564221143806794,1.6877362331497665,0.0,0.0,1.1986117267495475,0.8245784240839611,0.1377842440358549,0,1
200076,-0.05811468174328171,-1.3564221143806794,-0.38463272023011674,0.0,0.0,-0.834298528608466,-1.212740924079984,-0.0374945814177783,2,0
200077,-0.05811468174328171,-1.3564221143806794,0.6515517564598249,0.0,0.0,1.1986117267495475,0.8245784240839611,0.0939645376724466,0,1
200078,-0.04347709613472944,0.7372336305918931,-0.38463272023011674,0.0,0.0,-0.834298528608466,-1.212740924079984,0.0063251249456299,2,0
200079,-0.05811468174328171,0.7372336305918931,-1.4208171969200585,0.0,0.0,-0.834298528608466,-1.212740924079984,-0.0228880126299756,2,0
200101,-0.05811468174328171,-1.3564221143806794,0.6515517564598249,0.0,0.0,1.1986117267495475,-1.212740924079984,0.064751400096841,1,2
200102,-0.04347709613472944,0.7372336305918931,0.6515517564598249,0.0,0.0,-0.834298528608466,0.8245784240839611,0.0793579688846438,0,1
200103,-0.05811468174328171,0.7372336305918931,-0.38463272023011674,0.0,0.0,-0.834298528608466,0.8245784240839611,0.0501448313090382,1,2
200104,-0.05811468174328171,0.7372336305918931,-0.38463272023011674,0.0,0.0,-0.834298528608466,-1.212740924079984,0.0209316937334327,1,2
200105,-0.05811468174328171,0.7372336305918931,0.6515517564598249,0.0,0.0,1.1986117267495475,-1.212740924079984,0.1231776752480521,0,1
200106,-0.04347709613472944,-1.3564221143806794,-1.4208171969200585,0.0,0.0,1.1986117267495475,0.8245784240839611,-0.0082814438421728,2,0
200107,-0.04347709613472944,-1.3564221143806794,1.6877362331497665,0.0,0.0,1.1986117267495475,0.8245784240839611,0.1231776752480521,0,1
200108,-0.05811468174328171,0.7372336305918931,-0.38463272023011674,0.0,0.0,1.1986117267495475,0.8245784240839611,0.1085711064602493,0,1
200109,-0.05811468174328171,0.7372336305918931,0.6515517564598249,0.0,0.0,1.1986117267495475,-1.212740924079984,0.1231776752480521,0,1
200110,-0.04347709613472944,-1.3564221143806794,1.6877362331497665,0.0,0.0,-0.834298528608466,-1.212740924079984,0.0355382625212355,1,2
200161,-0.04347709613472944,0.7372336305918931,0.6515517564598249,0.0,0.0,-0.834298528608466,-1.212740924079984,0.0501448313090382,1,2
200162,-0.05811468174328171,0.7372336305918931,-0.38463272023011674,0.0,0.0,1.1986117267495475,-1.212740924079984,0.0793579688846438,0,1
200164,-0.05811468174328171,0.7372336305918931,0.6515517564598249,0.0,0.0,1.1986117267495475,0.8245784240839611,0.1523908128236577,0,1
200165,-0.04347709613472944,0.7372336305918931,-0.38463272023011674,0.0,0.0,-0.834298528608466,0.8245784240839611,0.0355382625212355,1,2
200166,-0.05811468174328171,0.7372336305918931,-0.38463272023011674,0.0,0.0,-0.834298528608466,0.8245784240839611,0.0501448313090382,1,2
200167,-0.05811468174328171,0.7372336305918931,1.6877362331497665,0.0,0.0,-0.834298528608466,0.8245784240839611,0.1377842440358549,0,1
200168,-0.05811468174328171,0.7372336305918931,0.6515517564598249,0.0,0.0,-0.834298528608466,-1.212740924079984,0.064751400096841,1,2
200169,-0.05811468174328171,0.7372336305918931,0.6515517564598249,0.0,0.0,-0.834298528608466,-1.212740924079984,0.064751400096841,1,2
200170,-0.04347709613472944,-1.3564221143806794,-0.38463272023011674,0.0,0.0,1.1986117267495475,0.8245784240839611,0.0355382625212355,1,2
200181,-0.05811468174328171,0.7372336305918931,-1.4208171969200585,0.0,0.0,-0.834298528608466,-1.212740924079984,-0.0228880126299756,2,0
200182,-0.05811468174328171,0.7372336305918931,-1.4208171969200585,0.0,0.0,1.1986117267495475,-1.212740924079984,0.0355382625212355,1,2
200183,-0.05811468174328171,-1.3564221143806794,0.6515517564598249,0.0,0.0,1.1986117267495475,-1.212740924079984,0.064751400096841,1,2
200184,-0.04347709613472944,0.7372336305918931,0.6515517564598249,0.0,0.0,1.1986117267495475,-1.212740924079984,0.1085711064602493,0,1
200185,-0.05811468174328171,0.7372336305918931,-0.38463272023011674,0.0,0.0,-0.834298528608466,-1.212740924079984,0.0209316937334327,1,2
200186,-0.05811468174328171,0.7372336305918931,0.6515517564598249,0.0,0.0,-0.834298528608466,0.8245784240839611,0.0939645376724466,0,1
200187,-0.05811468174328171,-1.3564221143806794,-1.4208171969200585,0.0,0.0,-0.834298528608466,0.8245784240839611,-0.0521011502055811,2,0
200188,-0.04347709613472944,-1.3564221143806794,-0.38463272023011674,0.0,0.0,-0.834298528608466,-1.212740924079984,-0.0521011502055811,2,0
200189,-0.05811468174328171,0.7372336305918931,-0.38463272023011674,0.0,0.0,-0.834298528608466,-1.212740924079984,0.0209316937334327,1,2
200190,-0.05811468174328171,-1.3564221143806794,-0.38463272023011674,0.0,0.0,1.1986117267495475,0.8245784240839611,0.0501448313090382,1,2
209014,-0.05811468174328171,0.7372336305918931,-1.4208171969200585,0.0,0.0,-0.834298528608466,-1.212740924079984,-0.0228880126299756,2,0
209015,-0.05811468174328171,0.7372336305918931,1.6877362331497665,0.0,0.0,1.1986117267495475,-1.212740924079984,0.1669973816114605,0,1
209016,-0.05811468174328171,-1.3564221143806794,-0.38463272023011674,0.0,0.0,1.1986117267495475,-1.212740924079984,0.0209316937334327,1,2
209017,-0.05811468174328171,0.7372336305918931,1.6877362331497665,0.0,0.0,1.1986117267495475,-1.212740924079984,0.1669973816114605,0,1
209018,-0.05811468174328171,0.7372336305918931,-0.38463272023011674,0.0,0.0,1.1986117267495475,0.8245784240839611,0.1085711064602493,0,1
209019,-0.05811468174328171,0.7372336305918931,1.6877362331497665,0.0,0.0,-0.834298528608466,0.8245784240839611,0.1377842440358549,0,1
209020,-0.05811468174328171,0.7372336305918931,0.6515517564598249,0.0,0.0,1.1986117267495475,-1.212740924079984,0.1231776752480521,0,1
209021,-0.05811468174328171,0.7372336305918931,1.6877362331497665,0.0,0.0,-0.834298528608466,-1.212740924079984,0.1085711064602493,0,1
209022,-0.05811468174328171,0.7372336305918931,-1.4208171969200585,0.0,0.0,1.1986117267495475,-1.212740924079984,0.0355382625212355,1,2
209023,-0.05811468174328171,0.7372336305918931,0.6515517564598249,0.0,0.0,-0.834298528608466,-1.212740924079984,0.064751400096841,1,2
209025,-0.05811468174328171,0.7372336305918931,1.6877362331497665,0.0,0.0,-0.834298528608466,0.8245784240839611,0.1377842440358549,0,1
209026,-0.05811468174328171,0.7372336305918931,-1.4208171969200585,0.0,0.0,-0.834298528608466,0.8245784240839611,0.0063251249456299,2,0
209027,-0.05811468174328171,0.7372336305918931,-1.4208171969200585,0.0,0.0,-0.834298528608466,0.8245784240839611,0.0063251249456299,2,0
209028,-0.04347709613472944,0.7372336305918931,-0.38463272023011674,0.0,0.0,-0.834298528608466,0.8245784240839611,0.0355382625212355,1,2
209029,-0.05811468174328171,0.7372336305918931,1.6877362331497665,0.0,0.0,-0.834298528608466,0.8245784240839611,0.1377842440358549,0,1
209030,-0.05811468174328171,-1.3564221143806794,-0.38463272023011674,0.0,0.0,1.1986117267495475,0.8245784240839611,0.0501448313090382,1,2
209031,-0.05811468174328171,0.7372336305918931,-0.38463272023011674,0.0,0.0,-0.834298528608466,-1.212740924079984,0.0209316937334327,1,2
209033,-0.05811468174328171,-1.3564221143806794,-1.4208171969200585,0.0,0.0,-0.834298528608466,-1.212740924079984,-0.0813142877811867,2,0
209035,-0.05811468174328171,-1.3564221143806794,-1.4208171969200585,0.0,0.0,-0.834298528608466,0.8245784240839611,-0.0521011502055811,2,0
209036,-0.05811468174328171,-1.3564221143806794,0.6515517564598249,0.0,0.0,-0.834298528608466,-1.212740924079984,0.0063251249456299,2,0
209037,-0.05811468174328171,0.7372336305918931,-1.4208171969200585,0.0,0.0,-0.834298528608466,0.8245784240839611,0.0063251249456299,2,0
209038,-0.05811468174328171,0.7372336305918931,0.6515517564598249,0.0,0.0,1.1986117267495475,0.8245784240839611,0.1523908128236577,0,1
209041,-0.05811468174328171,0.7372336305918931,1.6877362331497665,0.0,0.0,-0.834298528608466,0.8245784240839611,0.1377842440358549,0,1
209042,-0.05811468174328171,0.7372336305918931,-0.38463272023011674,0.0,0.0,-0.834298528608466,-1.212740924079984,0.0209316937334327,1,2
209043,-0.05811468174328171,0.7372336305918931,0.6515517564598249,0.0,0.0,-0.834298528608466,0.8245784240839611,0.0939645376724466,0,1
209044,-0.05811468174328171,0.7372336305918931,-1.4208171969200585,0.0,0.0,-0.834298528608466,-1.212740924079984,-0.0228880126299756,2,0
209045,-0.05811468174328171,0.7372336305918931,0.6515517564598249,0.0,0.0,-0.834298528608466,0.8245784240839611,0.0939645376724466,0,1
209046,-0.05811468174328171,0.7372336305918931,-1.4208171969200585,0.0,0.0,1.1986117267495475,-1.212740924079984,0.0355382625212355,1,2
209047,-0.05811468174328171,-1.3564221143806794,0.6515517564598249,0.0,0.0,-0.834298528608466,0.8245784240839611,0.0355382625212355,1,2
209048,-0.05811468174328171,0.7372336305918931,-0.38463272023011674,0.0,0.0,-0.834298528608466,0.8245784240839611,0.0501448313090382,1,2
209062,-0.05811468174328171,0.7372336305918931,-0.38463272023011674,0.0,0.0,1.1986117267495475,0.8245784240839611,0.1085711064602493,0,1
209063,-0.05811468174328171,0.7372336305918931,0.6515517564598249,0.0,0.0,-0.834298528608466,0.8245784240839611,0.0939645376724466,0,1
209064,-0.04347709613472944,-1.3564221143806794,-1.4208171969200585,0.0,0.0,1.1986117267495475,0.8245784240839611,-0.0082814438421728,2,0
209066,-0.05811468174328171,0.7372336305918931,0.6515517564598249,0.0,0.0,-0.834298528608466,0.8245784240839611,0.0939645376724466,0,1
209067,-0.05811468174328171,-1.3564221143806794,-0.38463272023011674,0.0,0.0,-0.834298528608466,0.8245784240839611,-0.0082814438421728,2,0
209068,-0.05811468174328171,0.7372336305918931,0.6515517564598249,0.0,0.0,1.1986117267495475,-1.212740924079984,0.1231776752480521,0,1
209069,-0.05811468174328171,0.7372336305918931,-1.4208171969200585,0.0,0.0,-0.834298528608466,0.8245784240839611,0.0063251249456299,2,0
209070,-0.05811468174328171,0.7372336305918931,0.6515517564598249,0.0,0.0,1.1986117267495475,0.8245784240839611,0.1523908128236577,0,1
209071,-0.05811468174328171,-1.3564221143806794,-1.4208171969200585,0.0,0.0,-0.834298528608466,0.8245784240839611,-0.0521011502055811,2,0
209072,-0.05811468174328171,0.7372336305918931,-0.38463272023011674,0.0,0.0,1.1986117267495475,-1.212740924079984,0.0793579688846438,0,1
209073,-0.05811468174328171,0.7372336305918931,-0.38463272023011674,0.0,0.0,1.1986117267495475,0.8245784240839611,0.1085711064602493,0,1
209075,-0.05811468174328171,0.7372336305918931,0.6515517564598249,0.0,0.0,1.1986117267495475,-1.212740924079984,0.1231776752480521,0,1
209077,-0.05811468174328171,0.7372336305918931,-0.38463272023011674,0.0,0.0,1.1986117267495475,-1.212740924079984,0.0793579688846438,0,1
209078,-0.05811468174328171,-1.3564221143806794,1.6877362331497665,0.0,0.0,1.1986117267495475,0.8245784240839611,0.1377842440358549,0,1
209079,-0.05811468174328171,0.7372336305918931,1.6877362331497665,0.0,0.0,-0.834298528608466,-1.212740924079984,0.1085711064602493,0,1
209080,-0.05811468174328171,0.7372336305918931,-1.4208171969200585,0.0,0.0,-0.834298528608466,-1.212740924079984,-0.0228880126299756,2,0
209081,-0.05811468174328171,0.7372336305918931,0.6515517564598249,0.0,0.0,-0.834298528608466,0.8245784240839611,0.0939645376724466,0,1
209082,-0.05811468174328171,-1.3564221143806794,-1.4208171969200585,0.0,0.0,-0.834298528608466,-1.212740924079984,-0.0813142877811867,2,0
209083,-0.05811468174328171,0.7372336305918931,-0.38463272023011674,0.0,0.0,1.1986117267495475,-1.212740924079984,0.0793579688846438,0,1
209084,-0.05811468174328171,0.7372336305918931,0.6515517564598249,0.0,0.0,-0.834298528608466,-1.212740924079984,0.064751400096841,1,2
209085,-0.05811468174328171,0.7372336305918931,0.6515517564598249,0.0,0.0,-0.834298528608466,0.8245784240839611,0.0939645376724466,0,1
209086,-0.05811468174328171,-1.3564221143806794,0.6515517564598249,0.0,0.0,1.1986117267495475,0.8245784240839611,0.0939645376724466,0,1
209087,-0.05811468174328171,0.7372336305918931,-0.38463272023011674,0.0,0.0,-0.834298528608466,0.8245784240839611,0.0501448313090382,1,2
209088,-0.05811468174328171,-1.3564221143806794,-0.38463272023011674,0.0,0.0,-0.834298528608466,-1.212740924079984,-0.0374945814177783,2,0
209089,-0.05811468174328171,-1.3564221143806794,-1.4208171969200585,0.0,0.0,-0.834298528608466,-1.212740924079984,-0.0813142877811867,2,0
209090,-0.05811468174328171,-1.3564221143806794,0.6515517564598249,0.0,0.0,-0.834298528608466,-1.212740924079984,0.0063251249456299,2,0
209091,-0.05811468174328171,0.7372336305918931,-0.38463272023011674,0.0,0.0,1.1986117267495475,0.8245784240839611,0.1085711064602493,0,1
209094,-0.05811468174328171,0.7372336305918931,0.6515517564598249,0.0,0.0,-0.834298528608466,0.8245784240839611,0.0939645376724466,0,1
209095,-0.05811468174328171,0.7372336305918931,-0.38463272023011674,0.0,0.0,-0.834298528608466,-1.212740924079984,0.0209316937334327,1,2
209096,-0.05811468174328171,-1.3564221143806794,-0.38463272023011674,0.0,0.0,1.1986117267495475,-1.212740924079984,0.0209316937334327,1,2
209098,-0.05811468174328171,0.7372336305918931,-0.38463272023011674,0.0,0.0,-0.834298528608466,-1.212740924079984,0.0209316937334327,1,2
209099,-0.05811468174328171,0.7372336305918931,-1.4208171969200585,0.0,0.0,1.1986117267495475,0.8245784240839611,0.064751400096841,1,2
209100,-0.05811468174328171,0.7372336305918931,-0.38463272023011674,0.0,0.0,1.1986117267495475,0.8245784240839611,0.1085711064602493,0,1
209101,-0.05811468174328171,0.7372336305918931,0.6515517564598249,0.0,0.0,-0.834298528608466,0.8245784240839611,0.0939645376724466,0,1
209102,-0.05811468174328171,-1.3564221143806794,1.6877362331497665,0.0,0.0,-0.834298528608466,0.8245784240839611,0.0793579688846438,0,1
209103,-0.05811468174328171,0.7372336305918931,-0.38463272023011674,0.0,0.0,-0.834298528608466,0.8245784240839611,0.0501448313090382,1,2
209105,-0.05811468174328171,-1.3564221143806794,-0.38463272023011674,0.0,0.0,1.1986117267495475,-1.212740924079984,0.0209316937334327,1,2
209106,-0.05811468174328171,0.7372336305918931,-1.4208171969200585,0.0,0.0,-0.834298528608466,-1.212740924079984,-0.0228880126299756,2,0
209107,-0.05811468174328171,-1.3564221143806794,1.6877362331497665,0.0,0.0,-0.834298528608466,0.8245784240839611,0.0793579688846438,0,1
209108,-0.05811468174328171,-1.3564221143806794,-1.4208171969200585,0.0,0.0,1.1986117267495475,0.8245784240839611,0.0063251249456299,2,0
209121,-0.05811468174328171,0.7372336305918931,1.6877362331497665,0.0,0.0,-0.834298528608466,0.8245784240839611,0.1377842440358549,0,1
209122,-0.05811468174328171,0.7372336305918931,-0.38463272023011674,0.0,0.0,-0.834298528608466,0.8245784240839611,0.0501448313090382,1,2
209123,-0.05811468174328171,-1.3564221143806794,-0.38463272023011674,0.0,0.0,1.1986117267495475,0.8245784240839611,0.0501448313090382,1,2
209124,-0.05811468174328171,0.7372336305918931,1.6877362331497665,0.0,0.0,-0.834298528608466,0.8245784240839611,0.1377842440358549,0,1
209125,-0.05811468174328171,0.7372336305918931,-1.4208171969200585,0.0,0.0,1.1986117267495475,0.8245784240839611,0.064751400096841,1,2
209126,-0.05811468174328171,-1.3564221143806794,0.6515517564598249,0.0,0.0,1.1986117267495475,0.8245784240839611,0.0939645376724466,0,1
209127,-0.05811468174328171,0.7372336305918931,-0.38463272023011674,0.0,0.0,-0.834298528608466,-1.212740924079984,0.0209316937334327,1,2
209128,-0.05811468174328171,-1.3564221143806794,-0.38463272023011674,0.0,0.0,1.1986117267495475,0.8245784240839611,0.0501448313090382,1,2
209130,-0.04347709613472944,0.7372336305918931,-0.38463272023011674,0.0,0.0,-0.834298528608466,0.8245784240839611,0.0355382625212355,1,2
209131,-0.05811468174328171,0.7372336305918931,0.6515517564598249,0.0,0.0,1.1986117267495475,-1.212740924079984,0.1231776752480521,0,1
210001,-0.05811468174328171,-1.3564221143806794,0.6515517564598249,0.0,0.0,-0.834298528608466,0.8245784240839611,0.0355382625212355,1,2
210002,-0.05811468174328171,-1.3564221143806794,-1.4208171969200585,0.0,0.0,-0.834298528608466,0.8245784240839611,-0.0521011502055811,2,0
210003,-0.05811468174328171,0.7372336305918931,1.6877362331497665,0.0,0.0,-0.834298528608466,-1.212740924079984,0.1085711064602493,0,1
210004,-0.05811468174328171,0.7372336305918931,-1.4208171969200585,0.0,0.0,-0.834298528608466,0.8245784240839611,0.0063251249456299,2,0
210005,-0.05811468174328171,0.7372336305918931,-0.38463272023011674,0.0,0.0,1.1986117267495475,-1.212740924079984,0.0793579688846438,0,1
210006,-0.05811468174328171,0.7372336305918931,-0.38463272023011674,0.0,0.0,1.1986117267495475,0.8245784240839611,0.1085711064602493,0,1
210007,-0.04347709613472944,0.7372336305918931,-1.4208171969200585,0.0,0.0,1.1986117267495475,0.8245784240839611,0.0501448313090382,1,2
210008,-0.05811468174328171,-1.3564221143806794,-1.4208171969200585,0.0,0.0,-0.834298528608466,-1.212740924079984,-0.0813142877811867,2,0
210009,-0.04347709613472944,0.7372336305918931,1.6877362331497665,0.0,0.0,-0.834298528608466,-1.212740924079984,0.0939645376724466,0,1
210010,-0.05811468174328171,0.7372336305918931,-0.38463272023011674,0.0,0.0,1.1986117267495475,0.8245784240839611,0.1085711064602493,0,1
210051,-0.028839510526177174,-1.3564221143806794,-1.4208171969200585,0.0,0.0,-0.834298528608466,-1.212740924079984,-0.1105274253567922,2,0
210052,-0.028839510526177174,-1.3564221143806794,-1.4208171969200585,0.0,0.0,1.1986117267495475,-1.212740924079984,-0.0521011502055811,2,0
210053,-0.05811468174328171,-1.3564221143806794,0.6515517564598249,0.0,0.0,1.1986117267495475,0.8245784240839611,0.0939645376724466,0,1
210054,-0.05811468174328171,0.7372336305918931,1.6877362331497665,0.0,0.0,-0.834298528608466,-1.212740924079984,0.1085711064602493,0,1
210055,-0.05811468174328171,0.7372336305918931,-0.38463272023011674,0.0,0.0,1.1986117267495475,-1.212740924079984,0.0793579688846438,0,1
210056,-0.05811468174328171,-1.3564221143806794,-1.4208171969200585,0.0,0.0,1.1986117267495475,0.8245784240839611,0.0063251249456299,2,0
210057,-0.05811468174328171,0.7372336305918931,-0.38463272023011674,0.0,0.0,1.1986117267495475,0.8245784240839611,0.1085711064602493,0,1
210058,-0.05811468174328171,-1.3564221143806794,-1.4208171969200585,0.0,0.0,-0.834298528608466,0.8245784240839611,-0.0521011502055811,2,0
210060,-0.05811468174328171,0.7372336305918931,-1.4208171969200585,0.0,0.0,-0.834298528608466,0.8245784240839611,0.0063251249456299,2,0
219001,-0.05811468174328171,-1.3564221143806794,-0.38463272023011674,0.0,0.0,-0.834298528608466,-1.212740924079984,-0.0374945814177783,2,0
219002,-0.05811468174328171,0.7372336305918931,-0.38463272023011674,0.0,0.0,-0.834298528608466,-1.212740924079984,0.0209316937334327,1,2
219003,-0.05811468174328171,0.7372336305918931,-0.38463272023011674,0.0,0.0,-0.834298528608466,-1.212740924079984,0.0209316937334327,1,2
219004,-0.05811468174328171,0.7372336305918931,-0.38463272023011674,0.0,0.0,1.1986117267495475,0.8245784240839611,0.1085711064602493,0,1
219005,-0.05811468174328171,0.7372336305918931,1.6877362331497665,0.0,0.0,1.1986117267495475,0.8245784240839611,0.196210519187066,0,1
219006,-0.05811468174328171,-1.3564221143806794,1.6877362331497665,0.0,0.0,-0.834298528608466,0.8245784240839611,0.0793579688846438,0,1
219007,-0.05811468174328171,0.7372336305918931,0.6515517564598249,0.0,0.0,-0.834298528608466,0.8245784240839611,0.0939645376724466,0,1
219008,-0.05811468174328171,-1.3564221143806794,-0.38463272023011674,0.0,0.0,1.1986117267495475,0.8245784240839611,0.0501448313090382,1,2
219009,-0.05811468174328171,-1.3564221143806794,-0.38463272023011674,0.0,0.0,-0.834298528608466,-1.212740924079984,-0.0374945814177783,2,0
219010,-0.05811468174328171,0.7372336305918931,-0.38463272023011674,0.0,0.0,1.1986117267495475,0.8245784240839611,0.1085711064602493,0,1
219014,-0.05811468174328171,-1.3564221143806794,0.6515517564598249,0.0,0.0,1.1986117267495475,-1.212740924079984,0.064751400096841,1,2
219015,-0.05811468174328171,-1.3564221143806794,-0.38463272023011674,0.0,0.0,1.1986117267495475,-1.212740924079984,0.0209316937334327,1,2
219017,-0.05811468174328171,0.7372336305918931,1.6877362331497665,0.0,0.0,1.1986117267495475,0.8245784240839611,0.196210519187066,0,1
219018,-0.05811468174328171,0.7372336305918931,1.6877362331497665,0.0,0.0,1.1986117267495475,0.8245784240839611,0.196210519187066,0,1
219020,-0.05811468174328171,0.7372336305918931,-0.38463272023011674,0.0,0.0,-0.834298528608466,0.8245784240839611,0.0501448313090382,1,2
219022,-0.05811468174328171,-1.3564221143806794,0.6515517564598249,0.0,0.0,-0.834298528608466,0.8245784240839611,0.0355382625212355,1,2
219023,-0.05811468174328171,-1.3564221143806794,-1.4208171969200585,0.0,0.0,-0.834298528608466,-1.212740924079984,-0.0813142877811867,2,0
219024,-0.05811468174328171,0.7372336305918931,-0.38463272023011674,0.0,0.0,-0.834298528608466,0.8245784240839611,0.0501448313090382,1,2
219025,-0.05811468174328171,-1.3564221143806794,-0.38463272023011674,0.0,0.0,1.1986117267495475,0.8245784240839611,0.0501448313090382,1,2
219026,-0.05811468174328171,-1.3564221143806794,-0.38463272023011674,0.0,0.0,-0.834298528608466,-1.212740924079984,-0.0374945814177783,2,0
219027,-0.05811468174328171,0.7372336305918931,1.6877362331497665,0.0,0.0,1.1986117267495475,0.8245784240839611,0.196210519187066,0,1
219028,-0.05811468174328171,0.7372336305918931,-1.4208171969200585,0.0,0.0,-0.834298528608466,0.8245784240839611,0.0063251249456299,2,0
219031,-0.05811468174328171,0.7372336305918931,-0.38463272023011674,0.0,0.0,-0.834298528608466,0.8245784240839611,0.0501448313090382,1,2
219032,-0.05811468174328171,-1.3564221143806794,0.6515517564598249,0.0,0.0,1.1986117267495475,0.8245784240839611,0.0939645376724466,0,1
219033,-0.05811468174328171,-1.3564221143806794,0.6515517564598249,0.0,0.0,-0.834298528608466,0.8245784240839611,0.0355382625212355,1,2
219034,-0.05811468174328171,0.7372336305918931,-0.38463272023011674,0.0,0.0,1.1986117267495475,0.8245784240839611,0.1085711064602493,0,1
219035,-0.05811468174328171,-1.3564221143806794,1.6877362331497665,0.0,0.0,1.1986117267495475,-1.212740924079984,0.1085711064602493,0,1
219036,-0.05811468174328171,0.7372336305918931,0.6515517564598249,0.0,0.0,-0.834298528608466,-1.212740924079984,0.064751400096841,1,2
219038,-0.05811468174328171,0.7372336305918931,-0.38463272023011674,0.0,0.0,-0.834298528608466,-1.212740924079984,0.0209316937334327,1,2
219039,-0.05811468174328171,0.7372336305918931,-1.4208171969200585,0.0,0.0,-0.834298528608466,-1.212740924079984,-0.0228880126299756,2,0
219040,-0.05811468174328171,-1.3564221143806794,-0.38463272023011674,0.0,0.0,1.1986117267495475,0.8245784240839611,0.0501448313090382,1,2
219041,-0.05811468174328171,-1.3564221143806794,0.6515517564598249,0.0,0.0,1.1986117267495475,0.8245784240839611,0.0939645376724466,0,1
219042,-0.05811468174328171,0.7372336305918931,0.6515517564598249,0.0,0.0,-0.834298528608466,-1.212740924079984,0.064751400096841,1,2
219043,-0.05811468174328171,0.7372336305918931,0.6515517564598249,0.0,0.0,1.1986117267495475,-1.212740924079984,0.1231776752480521,0,1
219045,-0.05811468174328171,0.7372336305918931,-0.38463272023011674,0.0,0.0,-0.834298528608466,-1.212740924079984,0.0209316937334327,1,2
219047,-0.05811468174328171,-1.3564221143806794,-1.4208171969200585,0.0,0.0,1.1986117267495475,0.8245784240839611,0.0063251249456299,2,0
219049,-0.05811468174328171,-1.3564221143806794,-1.4208171969200585,0.0,0.0,1.1986117267495475,0.8245784240839611,0.0063251249456299,2,0
219051,-0.05811468174328171,0.7372336305918931,-0.38463272023011674,0.0,0.0,1.1986117267495475,0.8245784240839611,0.1085711064602493,0,1
219052,-0.05811468174328171,0.7372336305918931,0.6515517564598249,0.0,0.0,1.1986117267495475,0.8245784240839611,0.1523908128236577,0,1
219054,-0.05811468174328171,0.7372336305918931,0.6515517564598249,0.0,0.0,-0.834298528608466,-1.212740924079984,0.064751400096841,1,2
219055,-0.05811468174328171,-1.3564221143806794,-0.38463272023011674,0.0,0.0,1.1986117267495475,-1.212740924079984,0.0209316937334327,1,2
219056,-0.05811468174328171,0.7372336305918931,-0.38463272023011674,0.0,0.0,-0.834298528608466,-1.212740924079984,0.0209316937334327,1,2
219057,-0.05811468174328171,0.7372336305918931,-0.38463272023011674,0.0,0.0,1.1986117267495475,-1.212740924079984,0.0793579688846438,0,1
219058,-0.05811468174328171,0.7372336305918931,-0.38463272023011674,0.0,0.0,-0.834298528608466,0.8245784240839611,0.0501448313090382,1,2
219059,-0.05811468174328171,0.7372336305918931,-0.38463272023011674,0.0,0.0,1.1986117267495475,0.8245784240839611,0.1085711064602493,0,1
219060,-0.05811468174328171,-1.3564221143806794,-1.4208171969200585,0.0,0.0,1.1986117267495475,0.8245784240839611,0.0063251249456299,2,0
219076,-0.05811468174328171,0.7372336305918931,-1.4208171969200585,0.0,0.0,1.1986117267495475,0.8245784240839611,0.064751400096841,1,2
220011,-0.014201924917624904,-1.3564221143806794,-1.4208171969200585,0.0,0.0,-0.834298528608466,-1.212740924079984,-0.125133994144595,2,0
220012,-0.05811468174328171,0.7372336305918931,-1.4208171969200585,0.0,0.0,1.1986117267495475,-1.212740924079984,0.0355382625212355,1,2
220013,-0.05811468174328171,0.7372336305918931,-1.4208171969200585,0.0,0.0,1.1986117267495475,0.8245784240839611,0.064751400096841,1,2
220014,-0.04347709613472944,0.7372336305918931,0.6515517564598249,0.0,0.0,1.1986117267495475,0.8245784240839611,0.1377842440358549,0,1
220015,-0.04347709613472944,0.7372336305918931,-0.38463272023011674,0.0,0.0,-0.834298528608466,-1.212740924079984,0.0063251249456299,2,0
220016,-0.05811468174328171,-1.3564221143806794,1.6877362331497665,0.0,0.0,-0.834298528608466,0.8245784240839611,0.0793579688846438,0,1
220017,-0.05811468174328171,0.7372336305918931,-1.4208171969200585,0.0,0.0,-0.834298528608466,0.8245784240839611,0.0063251249456299,2,0
220018,-0.05811468174328171,0.7372336305918931,-0.38463272023011674,0.0,0.0,-0.834298528608466,0.8245784240839611,0.0501448313090382,1,2
220019,0.1175363455593455,-1.3564221143806794,-0.38463272023011674,0.0,0.0,-0.834298528608466,0.8245784240839611,-0.1835602692958061,2,0
220020,-0.05811468174328171,-1.3564221143806794,-1.4208171969200585,0.0,0.0,-0.834298528608466,0.8245784240839611,-0.0521011502055811,2,0
220021,-0.05811468174328171,0.7372336305918931,0.6515517564598249,0.0,0.0,-0.834298528608466,0.8245784240839611,0.0939645376724466,0,1
220022,-0.05811468174328171,-1.3564221143806794,-1.4208171969200585,0.0,0.0,-0.834298528608466,0.8245784240839611,-0.0521011502055811,2,0
220024,-0.05811468174328171,0.7372336305918931,1.6877362331497665,0.0,0.0,-0.834298528608466,0.8245784240839611,0.1377842440358549,0,1
220025,-0.04347709613472944,0.7372336305918931,1.6877362331497665,0.0,0.0,1.1986117267495475,-1.212740924079984,0.1523908128236577,0,1
220026,-0.05811468174328171,0.7372336305918931,-0.38463272023011674,0.0,0.0,-0.834298528608466,0.8245784240839611,0.0501448313090382,1,2
220027,-0.05811468174328171,-1.3564221143806794,-0.38463272023011674,0.0,0.0,-0.834298528608466,-1.212740924079984,-0.0374945814177783,2,0
220028,-0.05811468174328171,0.7372336305918931,0.6515517564598249,0.0,0.0,-0.834298528608466,-1.212740924079984,0.064751400096841,1,2
220029,-0.05811468174328171,0.7372336305918931,-0.38463272023011674,0.0,0.0,1.1986117267495475,0.8245784240839611,0.1085711064602493,0,1
220051,-0.05811468174328171,-1.3564221143806794,0.6515517564598249,0.0,0.0,1.1986117267495475,0.8245784240839611,0.0939645376724466,0,1
220052,-0.05811468174328171,0.7372336305918931,-1.4208171969200585,0.0,0.0,-0.834298528608466,-1.212740924079984,-0.0228880126299756,2,0
220053,-0.04347709613472944,0.7372336305918931,-1.4208171969200585,0.0,0.0,-0.834298528608466,-1.212740924079984,-0.0374945814177783,2,0
220054,-0.05811468174328171,0.7372336305918931,-0.38463272023011674,0.0,0.0,1.1986117267495475,-1.212740924079984,0.0793579688846438,0,1
220055,-0.04347709613472944,-1.3564221143806794,-0.38463272023011674,0.0,0.0,-0.834298528608466,0.8245784240839611,-0.0228880126299756,2,0
220056,-0.04347709613472944,0.7372336305918931,1.6877362331497665,0.0,0.0,-0.834298528608466,-1.212740924079984,0.0939645376724466,0,1
220057,-0.05811468174328171,-1.3564221143806794,-1.4208171969200585,0.0,0.0,-0.834298528608466,-1.212740924079984,-0.0813142877811867,2,0
220059,-0.014201924917624904,-1.3564221143806794,0.6515517564598249,0.0,0.0,-0.834298528608466,0.8245784240839611,-0.0082814438421728,2,0
220060,-0.04347709613472944,0.7372336305918931,-0.38463272023011674,0.0,0.0,1.1986117267495475,-1.212740924079984,0.064751400096841,1,2
220111,-0.014201924917624904,0.7372336305918931,-0.38463272023011674,0.0,0.0,-0.834298528608466,0.8245784240839611,0.0063251249456299,2,0
220112,-0.028839510526177174,-1.3564221143806794,-0.38463272023011674,0.0,0.0,1.1986117267495475,0.8245784240839611,0.0209316937334327,1,2
220113,-0.05811468174328171,-1.3564221143806794,-0.38463272023011674,0.0,0.0,1.1986117267495475,-1.212740924079984,0.0209316937334327,1,2
220114,-0.05811468174328171,-1.3564221143806794,-1.4208171969200585,0.0,0.0,-0.834298528608466,0.8245784240839611,-0.0521011502055811,2,0
220115,-0.028839510526177174,-1.3564221143806794,-0.38463272023011674,0.0,0.0,-0.834298528608466,0.8245784240839611,-0.0374945814177783,2,0
220116,-0.05811468174328171,-1.3564221143806794,0.6515517564598249,0.0,0.0,-0.834298528608466,0.8245784240839611,0.0355382625212355,1,2
220117,0.00043566069092736256,-1.3564221143806794,-0.38463272023011674,0.0,0.0,-0.834298528608466,0.8245784240839611,-0.0667077189933839,2,0
220118,-0.04347709613472944,0.7372336305918931,-0.38463272023011674,0.0,0.0,-0.834298528608466,-1.212740924079984,0.0063251249456299,2,0
220119,-0.05811468174328171,0.7372336305918931,0.6515517564598249,0.0,0.0,1.1986117267495475,0.8245784240839611,0.1523908128236577,0,1
220120,-0.05811468174328171,0.7372336305918931,0.6515517564598249,0.0,0.0,-0.834298528608466,0.8245784240839611,0.0939645376724466,0,1
229002,-0.05811468174328171,0.7372336305918931,-0.38463272023011674,0.0,0.0,1.1986117267495475,-1.212740924079984,0.0793579688846438,0,1
229003,-0.05811468174328171,-1.3564221143806794,-0.38463272023011674,0.0,0.0,-0.834298528608466,-1.212740924079984,-0.0374945814177783,2,0
229004,-0.05811468174328171,0.7372336305918931,1.6877362331497665,0.0,0.0,1.1986117267495475,-1.212740924079984,0.1669973816114605,0,1
229005,-0.05811468174328171,0.7372336305918931,0.6515517564598249,0.0,0.0,1.1986117267495475,-1.212740924079984,0.1231776752480521,0,1
229006,-0.05811468174328171,0.7372336305918931,-0.38463272023011674,0.0,0.0,-0.834298528608466,0.8245784240839611,0.0501448313090382,1,2
229007,-0.05811468174328171,0.7372336305918931,-0.38463272023011674,0.0,0.0,-0.834298528608466,-1.212740924079984,0.0209316937334327,1,2
229009,-0.05811468174328171,0.7372336305918931,0.6515517564598249,0.0,0.0,-0.834298528608466,-1.212740924079984,0.064751400096841,1,2
229010,-0.05811468174328171,0.7372336305918931,-1.4208171969200585,0.0,0.0,-0.834298528608466,0.8245784240839611,0.0063251249456299,2,0
229011,-0.05811468174328171,-1.3564221143806794,1.6877362331497665,0.0,0.0,-0.834298528608466,-1.212740924079984,0.0501448313090382,1,2
229012,-0.05811468174328171,0.7372336305918931,-1.4208171969200585,0.0,0.0,-0.834298528608466,0.8245784240839611,0.0063251249456299,2,0
229014,-0.05811468174328171,0.7372336305918931,0.6515517564598249,0.0,0.0,-0.834298528608466,0.8245784240839611,0.0939645376724466,0,1
229015,-0.05811468174328171,0.7372336305918931,-0.38463272023011674,0.0,0.0,1.1986117267495475,-1.212740924079984,0.0793579688846438,0,1
229016,-0.05811468174328171,0.7372336305918931,-0.38463272023011674,0.0,0.0,-0.834298528608466,0.8245784240839611,0.0501448313090382,1,2
229017,-0.05811468174328171,-1.3564221143806794,1.6877362331497665,0.0,0.0,-0.834298528608466,0.8245784240839611,0.0793579688846438,0,1
229018,-0.05811468174328171,0.7372336305918931,-0.38463272023011674,0.0,0.0,-0.834298528608466,-1.212740924079984,0.0209316937334327,1,2
229020,-0.04347709613472944,0.7372336305918931,-0.38463272023011674,0.0,0.0,-0.834298528608466,-1.212740924079984,0.0063251249456299,2,0
229021,-0.05811468174328171,0.7372336305918931,-1.4208171969200585,0.0,0.0,-0.834298528608466,0.8245784240839611,0.0063251249456299,2,0
229023,-0.05811468174328171,0.7372336305918931,-1.4208171969200585,0.0,0.0,1.1986117267495475,0.8245784240839611,0.064751400096841,1,2
229024,-0.05811468174328171,-1.3564221143806794,-0.38463272023011674,0.0,0.0,-0.834298528608466,0.8245784240839611,-0.0082814438421728,2,0
229025,-0.05811468174328171,0.7372336305918931,0.6515517564598249,0.0,0.0,-0.834298528608466,-1.212740924079984,0.064751400096841,1,2
229026,-0.05811468174328171,0.7372336305918931,-1.4208171969200585,0.0,0.0,-0.834298528608466,0.8245784240839611,0.0063251249456299,2,0
229028,-0.05811468174328171,0.7372336305918931,-1.4208171969200585,0.0,0.0,-0.834298528608466,0.8245784240839611,0.0063251249456299,2,0
229029,-0.05811468174328171,0.7372336305918931,-0.38463272023011674,0.0,0.0,-0.834298528608466,0.8245784240839611,0.0501448313090382,1,2
229031,-0.05811468174328171,0.7372336305918931,0.6515517564598249,0.0,0.0,1.1986117267495475,0.8245784240839611,0.1523908128236577,0,1
229032,-0.05811468174328171,0.7372336305918931,0.6515517564598249,0.0,0.0,-0.834298528608466,0.8245784240839611,0.0939645376724466,0,1
229033,-0.05811468174328171,-1.3564221143806794,-1.4208171969200585,0.0,0.0,-0.834298528608466,0.8245784240839611,-0.0521011502055811,2,0
229035,-0.05811468174328171,0.7372336305918931,-1.4208171969200585,0.0,0.0,1.1986117267495475,0.8245784240839611,0.064751400096841,1,2
229036,-0.05811468174328171,0.7372336305918931,1.6877362331497665,0.0,0.0,-0.834298528608466,0.8245784240839611,0.1377842440358549,0,1
229037,-0.04347709613472944,0.7372336305918931,-0.38463272023011674,0.0,0.0,-0.834298528608466,-1.212740924079984,0.0063251249456299,2,0
229038,-0.05811468174328171,0.7372336305918931,1.6877362331497665,0.0,0.0,1.1986117267495475,0.8245784240839611,0.196210519187066,0,1
229039,-0.05811468174328171,0.7372336305918931,1.6877362331497665,0.0,0.0,-0.834298528608466,0.8245784240839611,0.1377842440358549,0,1
229040,-0.05811468174328171,-1.3564221143806794,0.6515517564598249,0.0,0.0,1.1986117267495475,-1.212740924079984,0.064751400096841,1,2
229041,-0.05811468174328171,0.7372336305918931,-1.4208171969200585,0.0,0.0,-0.834298528608466,0.8245784240839611,0.0063251249456299,2,0
229042,-0.05811468174328171,-1.3564221143806794,0.6515517564598249,0.0,0.0,-0.834298528608466,-1.212740924079984,0.0063251249456299,2,0
229044,-0.05811468174328171,0.7372336305918931,0.6515517564598249,0.0,0.0,-0.834298528608466,0.8245784240839611,0.0939645376724466,0,1
229046,-0.05811468174328171,-1.3564221143806794,0.6515517564598249,0.0,0.0,-0.834298528608466,0.8245784240839611,0.0355382625212355,1,2
229047,-0.05811468174328171,-1.3564221143806794,-0.38463272023011674,0.0,0.0,-0.834298528608466,-1.212740924079984,-0.0374945814177783,2,0
229048,-0.05811468174328171,0.7372336305918931,-0.38463272023011674,0.0,0.0,-0.834298528608466,0.8245784240839611,0.0501448313090382,1,2
229049,-0.05811468174328171,-1.3564221143806794,-1.4208171969200585,0.0,0.0,1.1986117267495475,-1.212740924079984,-0.0228880126299756,2,0
229050,-0.05811468174328171,0.7372336305918931,-0.38463272023011674,0.0,0.0,1.1986117267495475,0.8245784240839611,0.1085711064602493,0,1
229051,-0.05811468174328171,0.7372336305918931,0.6515517564598249,0.0,0.0,-0.834298528608466,0.8245784240839611,0.0939645376724466,0,1
229052,-0.05811468174328171,-1.3564221143806794,-0.38463272023011674,0.0,0.0,-0.834298528608466,-1.212740924079984,-0.0374945814177783,2,0
229053,-0.05811468174328171,0.7372336305918931,-0.38463272023011674,0.0,0.0,1.1986117267495475,-1.212740924079984,0.0793579688846438,0,1
229056,-0.05811468174328171,0.7372336305918931,-0.38463272023011674,0.0,0.0,1.1986117267495475,-1.212740924079984,0.0793579688846438,0,1
229057,-0.05811468174328171,0.7372336305918931,0.6515517564598249,0.0,0.0,-0.834298528608466,0.8245784240839611,0.0939645376724466,0,1
229058,-0.05811468174328171,-1.3564221143806794,1.6877362331497665,0.0,0.0,1.1986117267495475,0.8245784240839611,0.1377842440358549,0,1
229059,-0.05811468174328171,-1.3564221143806794,-1.4208171969200585,0.0,0.0,-0.834298528608466,-1.212740924079984,-0.0813142877811867,2,0
229060,-0.05811468174328171,-1.3564221143806794,-0.38463272023011674,0.0,0.0,-0.834298528608466,-1.212740924079984,-0.0374945814177783,2,0
229061,-0.05811468174328171,-1.3564221143806794,-1.4208171969200585,0.0,0.0,-0.834298528608466,-1.212740924079984,-0.0813142877811867,2,0
229063,-0.05811468174328171,-1.3564221143806794,0.6515517564598249,0.0,0.0,1.1986117267495475,0.8245784240839611,0.0939645376724466,0,1
229064,-0.05811468174328171,0.7372336305918931,0.6515517564598249,0.0,0.0,1.1986117267495475,0.8245784240839611,0.1523908128236577,0,1
229065,-0.05811468174328171,0.7372336305918931,1.6877362331497665,0.0,0.0,1.1986117267495475,-1.212740924079984,0.1669973816114605,0,1
229070,-0.05811468174328171,0.7372336305918931,-0.38463272023011674,0.0,0.0,-0.834298528608466,0.8245784240839611,0.0501448313090382,1,2
229071,-0.05811468174328171,0.7372336305918931,1.6877362331497665,0.0,0.0,1.1986117267495475,-1.212740924079984,0.1669973816114605,0,1
229072,-0.05811468174328171,-1.3564221143806794,-1.4208171969200585,0.0,0.0,-0.834298528608466,0.8245784240839611,-0.0521011502055811,2,0
229087,-0.05811468174328171,-1.3564221143806794,0.6515517564598249,0.0,0.0,-0.834298528608466,0.8245784240839611,0.0355382625212355,1,2
229090,-0.05811468174328171,-1.3564221143806794,-1.4208171969200585,0.0,0.0,-0.834298528608466,0.8245784240839611,-0.0521011502055811,2,0
229094,-0.05811468174328171,-1.3564221143806794,1.6877362331497665,0.0,0.0,-0.834298528608466,0.8245784240839611,0.0793579688846438,0,1
230011,-0.05811468174328171,0.7372336305918931,-0.38463272023011674,0.0,0.0,1.1986117267495475,0.8245784240839611,0.1085711064602493,0,1
230013,-0.05811468174328171,0.7372336305918931,0.6515517564598249,0.0,0.0,-0.834298528608466,0.8245784240839611,0.0939645376724466,0,1
230014,-0.05811468174328171,0.7372336305918931,0.6515517564598249,0.0,0.0,1.1986117267495475,0.8245784240839611,0.1523908128236577,0,1
230015,-0.04347709613472944,0.7372336305918931,-1.4208171969200585,0.0,0.0,-0.834298528608466,-1.212740924079984,-0.0374945814177783,2,0
230016,-0.05811468174328171,0.7372336305918931,-1.4208171969200585,0.0,0.0,-0.834298528608466,-1.212740924079984,-0.0228880126299756,2,0
230017,-0.05811468174328171,0.7372336305918931,1.6877362331497665,0.0,0.0,1.1986117267495475,-1.212740924079984,0.1669973816114605,0,1
230018,-0.05811468174328171,-1.3564221143806794,-0.38463272023011674,0.0,0.0,-0.834298528608466,0.8245784240839611,-0.0082814438421728,2,0
230019,-0.05811468174328171,0.7372336305918931,-1.4208171969200585,0.0,0.0,1.1986117267495475,-1.212740924079984,0.0355382625212355,1,2
230020,-0.05811468174328171,0.7372336305918931,-0.38463272023011674,0.0,0.0,1.1986117267495475,-1.212740924079984,0.0793579688846438,0,1
230071,-0.05811468174328171,-1.3564221143806794,0.6515517564598249,0.0,0.0,-0.834298528608466,0.8245784240839611,0.0355382625212355,1,2
230072,-0.05811468174328171,0.7372336305918931,-1.4208171969200585,0.0,0.0,1.1986117267495475,-1.212740924079984,0.0355382625212355,1,2
230073,-0.05811468174328171,0.7372336305918931,-0.38463272023011674,0.0,0.0,-0.834298528608466,0.8245784240839611,0.0501448313090382,1,2
230074,-0.05811468174328171,0.7372336305918931,-1.4208171969200585,0.0,0.0,1.1986117267495475,0.8245784240839611,0.064751400096841,1,2
230075,-0.05811468174328171,0.7372336305918931,-0.38463272023011674,0.0,0.0,-0.834298528608466,0.8245784240839611,0.0501448313090382,1,2
230076,-0.05811468174328171,-1.3564221143806794,1.6877362331497665,0.0,0.0,-0.834298528608466,0.8245784240839611,0.0793579688846438,0,1
230077,-0.028839510526177174,0.7372336305918931,1.6877362331497665,0.0,0.0,-0.834298528608466,0.8245784240839611,0.1085711064602493,0,1
230078,-0.05811468174328171,0.7372336305918931,0.6515517564598249,0.0,0.0,-0.834298528608466,0.8245784240839611,0.0939645376724466,0,1
230079,-0.05811468174328171,0.7372336305918931,-1.4208171969200585,0.0,0.0,1.1986117267495475,-1.212740924079984,0.0355382625212355,1,2
230080,-0.05811468174328171,-1.3564221143806794,1.6877362331497665,0.0,0.0,1.1986117267495475,0.8245784240839611,0.1377842440358549,0,1
230081,-0.05811468174328171,0.7372336305918931,-0.38463272023011674,0.0,0.0,1.1986117267495475,-1.212740924079984,0.0793579688846438,0,1
230083,-0.04347709613472944,0.7372336305918931,-1.4208171969200585,0.0,0.0,-0.834298528608466,-1.212740924079984,-0.0374945814177783,2,0
230084,-0.05811468174328171,0.7372336305918931,1.6877362331497665,0.0,0.0,1.1986117267495475,0.8245784240839611,0.196210519187066,0,1
230086,-0.04347709613472944,0.7372336305918931,0.6515517564598249,0.0,0.0,-0.834298528608466,-1.212740924079984,0.0501448313090382,1,2
230087,-0.05811468174328171,0.7372336305918931,0.6515517564598249,0.0,0.0,-0.834298528608466,-1.212740924079984,0.064751400096841,1,2
230088,-0.05811468174328171,0.7372336305918931,0.6515517564598249,0.0,0.0,-0.834298528608466,-1.212740924079984,0.064751400096841,1,2
230089,-0.05811468174328171,0.7372336305918931,-0.38463272023011674,0.0,0.0,-0.834298528608466,-1.212740924079984,0.0209316937334327,1,2
230090,-0.05811468174328171,-1.3564221143806794,-0.38463272023011674,0.0,0.0,1.1986117267495475,-1.212740924079984,0.0209316937334327,1,2
230091,-0.05811468174328171,0.7372336305918931,0.6515517564598249,0.0,0.0,-0.834298528608466,-1.212740924079984,0.064751400096841,1,2
230092,-0.05811468174328171,-1.3564221143806794,-0.38463272023011674,0.0,0.0,-0.834298528608466,0.8245784240839611,-0.0082814438421728,2,0
230093,-0.05811468174328171,0.7372336305918931,-0.38463272023011674,0.0,0.0,1.1986117267495475,0.8245784240839611,0.1085711064602493,0,1
230095,-0.05811468174328171,-1.3564221143806794,0.6515517564598249,0.0,0.0,1.1986117267495475,-1.212740924079984,0.064751400096841,1,2
230097,-0.05811468174328171,-1.3564221143806794,0.6515517564598249,0.0,0.0,1.1986117267495475,0.8245784240839611,0.0939645376724466,0,1
230098,-0.05811468174328171,-1.3564221143806794,-0.38463272023011674,0.0,0.0,-0.834298528608466,-1.212740924079984,-0.0374945814177783,2,0
230099,-0.05811468174328171,-1.3564221143806794,0.6515517564598249,0.0,0.0,1.1986117267495475,-1.212740924079984,0.064751400096841,1,2
239001,-0.05811468174328171,0.7372336305918931,0.6515517564598249,0.0,0.0,-0.834298528608466,-1.212740924079984,0.064751400096841,1,2
239002,-0.05811468174328171,0.7372336305918931,0.6515517564598249,0.0,0.0,-0.834298528608466,0.8245784240839611,0.0939645376724466,0,1
239003,-0.028839510526177174,0.7372336305918931,-0.38463272023011674,0.0,0.0,1.1986117267495475,0.8245784240839611,0.0793579688846438,0,1
239004,-0.05811468174328171,-1.3564221143806794,-0.38463272023011674,0.0,0.0,1.1986117267495475,0.8245784240839611,0.0501448313090382,1,2
239005,-0.05811468174328171,-1.3564221143806794,-0.38463272023011674,0.0,0.0,1.1986117267495475,0.8245784240839611,0.0501448313090382,1,2
239009,-0.05811468174328171,-1.3564221143806794,-1.4208171969200585,0.0,0.0,-0.834298528608466,0.8245784240839611,-0.0521011502055811,2,0
239010,-0.05811468174328171,-1.3564221143806794,-0.38463272023011674,0.0,0.0,1.1986117267495475,0.8245784240839611,0.0501448313090382,1,2
239012,-0.05811468174328171,0.7372336305918931,-0.38463272023011674,0.0,0.0,1.1986117267495475,0.8245784240839611,0.1085711064602493,0,1
239013,-0.05811468174328171,-1.3564221143806794,-0.38463272023011674,0.0,0.0,-0.834298528608466,-1.212740924079984,-0.0374945814177783,2,0
239014,-0.05811468174328171,0.7372336305918931,1.6877362331497665,0.0,0.0,-0.834298528608466,-1.212740924079984,0.1085711064602493,0,1
239015,-0.05811468174328171,-1.3564221143806794,-1.4208171969200585,0.0,0.0,1.1986117267495475,0.8245784240839611,0.0063251249456299,2,0
239016,-0.05811468174328171,-1.3564221143806794,0.6515517564598249,0.0,0.0,-0.834298528608466,0.8245784240839611,0.0355382625212355,1,2
239017,-0.05811468174328171,0.7372336305918931,0.6515517564598249,0.0,0.0,1.1986117267495475,-1.212740924079984,0.1231776752480521,0,1
239018,-0.05811468174328171,0.7372336305918931,-1.4208171969200585,0.0,0.0,-0.834298528608466,-1.212740924079984,-0.0228880126299756,2,0
239021,-0.05811468174328171,-1.3564221143806794,1.6877362331497665,0.0,0.0,1.1986117267495475,0.8245784240839611,0.1377842440358549,0,1
239022,-0.05811468174328171,-1.3564221143806794,0.6515517564598249,0.0,0.0,1.1986117267495475,0.8245784240839611,0.0939645376724466,0,1
239023,-0.05811468174328171,0.7372336305918931,-0.38463272023011674,0.0,0.0,-0.834298528608466,-1.212740924079984,0.0209316937334327,1,2
239024,-0.05811468174328171,-1.3564221143806794,0.6515517564598249,0.0,0.0,1.1986117267495475,0.8245784240839611,0.0939645376724466,0,1
239025,-0.05811468174328171,-1.3564221143806794,-0.38463272023011674,0.0,0.0,-0.834298528608466,0.8245784240839611,-0.0082814438421728,2,0
239026,-0.05811468174328171,0.7372336305918931,0.6515517564598249,0.0,0.0,-0.834298528608466,0.8245784240839611,0.0939645376724466,0,1
239027,-0.05811468174328171,0.7372336305918931,-1.4208171969200585,0.0,0.0,-0.834298528608466,0.8245784240839611,0.0063251249456299,2,0
239028,-0.05811468174328171,0.7372336305918931,0.6515517564598249,0.0,0.0,-0.834298528608466,0.8245784240839611,0.0939645376724466,0,1
239029,-0.05811468174328171,0.7372336305918931,-0.38463272023011674,0.0,0.0,1.1986117267495475,-1.212740924079984,0.0793579688846438,0,1
239032,-0.05811468174328171,0.7372336305918931,0.6515517564598249,0.0,0.0,1.1986117267495475,-1.212740924079984,0.1231776752480521,0,1
239033,-0.05811468174328171,0.7372336305918931,-0.38463272023011674,0.0,0.0,-0.834298528608466,0.8245784240839611,0.0501448313090382,1,2
239037,-0.05811468174328171,0.7372336305918931,0.6515517564598249,0.0,0.0,-0.834298528608466,0.8245784240839611,0.0939645376724466,0,1
239039,-0.05811468174328171,0.7372336305918931,0.6515517564598249,0.0,0.0,-0.834298528608466,-1.212740924079984,0.064751400096841,1,2
239042,-0.05811468174328171,-1.3564221143806794,-0.38463272023011674,0.0,0.0,1.1986117267495475,0.8245784240839611,0.0501448313090382,1,2
239043,-0.05811468174328171,0.7372336305918931,0.6515517564598249,0.0,0.0,1.1986117267495475,0.8245784240839611,0.1523908128236577,0,1
239044,-0.05811468174328171,0.7372336305918931,-0.38463272023011674,0.0,0.0,1.1986117267495475,-1.212740924079984,0.0793579688846438,0,1
239045,-0.04347709613472944,0.7372336305918931,1.6877362331497665,0.0,0.0,1.1986117267495475,-1.212740924079984,0.1523908128236577,0,1
239046,21.89826373108512,0.7372336305918931,-0.38463272023011674,0.0,0.0,-0.834298528608466,-1.212740924079984,-21.88892148797073,2,0
239047,-0.05811468174328171,0.7372336305918931,0.6515517564598249,0.0,0.0,-0.834298528608466,0.8245784240839611,0.0939645376724466,0,1
239048,-0.05811468174328171,-1.3564221143806794,0.6515517564598249,0.0,0.0,1.1986117267495475,0.8245784240839611,0.0939645376724466,0,1
239049,-0.05811468174328171,0.7372336305918931,-0.38463272023011674,0.0,0.0,1.1986117267495475,0.8245784240839611,0.1085711064602493,0,1
239050,-0.05811468174328171,-1.3564221143806794,-0.38463272023011674,0.0,0.0,1.1986117267495475,0.8245784240839611,0.0501448313090382,1,2
239052,-0.05811468174328171,-1.3564221143806794,-0.38463272023011674,0.0,0.0,1.1986117267495475,0.8245784240839611,0.0501448313090382,1,2
239053,-0.05811468174328171,-1.3564221143806794,0.6515517564598249,0.0,0.0,1.1986117267495475,0.8245784240839611,0.0939645376724466,0,1
239054,-0.05811468174328171,0.7372336305918931,-0.38463272023011674,0.0,0.0,1.1986117267495475,0.8245784240839611,0.1085711064602493,0,1
239055,-0.05811468174328171,-1.3564221143806794,-0.38463272023011674,0.0,0.0,1.1986117267495475,0.8245784240839611,0.0501448313090382,1,2
239058,-0.05811468174328171,0.7372336305918931,0.6515517564598249,0.0,0.0,1.1986117267495475,0.8245784240839611,0.1523908128236577,0,1
239059,-0.05811468174328171,0.7372336305918931,-0.38463272023011674,0.0,0.0,-0.834298528608466,-1.212740924079984,0.0209316937334327,1,2
239061,-0.05811468174328171,-1.3564221143806794,0.6515517564598249,0.0,0.0,-0.834298528608466,0.8245784240839611,0.0355382625212355,1,2
239062,-0.05811468174328171,0.7372336305918931,-0.38463272023011674,0.0,0.0,-0.834298528608466,-1.212740924079984,0.0209316937334327,1,2
239063,-0.05811468174328171,0.7372336305918931,-1.4208171969200585,0.0,0.0,1.1986117267495475,0.8245784240839611,0.064751400096841,1,2
239064,-0.05811468174328171,-1.3564221143806794,0.6515517564598249,0.0,0.0,-0.834298528608466,0.8245784240839611,0.0355382625212355,1,2
239065,-0.05811468174328171,0.7372336305918931,-1.4208171969200585,0.0,0.0,-0.834298528608466,-1.212740924079984,-0.0228880126299756,2,0
239066,-0.05811468174328171,-1.3564221143806794,-0.38463272023011674,0.0,0.0,-0.834298528608466,-1.212740924079984,-0.0374945814177783,2,0
239068,-0.05811468174328171,0.7372336305918931,1.6877362331497665,0.0,0.0,1.1986117267495475,0.8245784240839611,0.196210519187066,0,1
239070,-0.05811468174328171,0.7372336305918931,-0.38463272023011674,0.0,0.0,-0.834298528608466,0.8245784240839611,0.0501448313090382,1,2
239071,-0.05811468174328171,0.7372336305918931,1.6877362331497665,0.0,0.0,-0.834298528608466,-1.212740924079984,0.1085711064602493,0,1
239072,-0.05811468174328171,0.7372336305918931,1.6877362331497665,0.0,0.0,-0.834298528608466,0.8245784240839611,0.1377842440358549,0,1
239074,-0.05811468174328171,-1.3564221143806794,-0.38463272023011674,0.0,0.0,1.1986117267495475,-1.212740924079984,0.0209316937334327,1,2
239076,-0.05811468174328171,-1.3564221143806794,-1.4208171969200585,0.0,0.0,-0.834298528608466,-1.212740924079984,-0.0813142877811867,2,0
239077,-0.05811468174328171,0.7372336305918931,0.6515517564598249,0.0,0.0,-0.834298528608466,-1.212740924079984,0.064751400096841,1,2
239081,-0.05811468174328171,0.7372336305918931,-0.38463272023011674,0.0,0.0,1.1986117267495475,-1.212740924079984,0.0793579688846438,0,1
239083,-0.05811468174328171,0.7372336305918931,-1.4208171969200585,0.0,0.0,-0.834298528608466,0.8245784240839611,0.0063251249456299,2,0
239084,-0.05811468174328171,0.7372336305918931,0.6515517564598249,0.0,0.0,-0.834298528608466,0.8245784240839611,0.0939645376724466,0,1
239085,-0.05811468174328171,0.7372336305918931,-1.4208171969200585,0.0,0.0,1.1986117267495475,0.8245784240839611,0.064751400096841,1,2
239086,-0.05811468174328171,0.7372336305918931,1.6877362331497665,0.0,0.0,-0.834298528608466,0.8245784240839611,0.1377842440358549,0,1
239087,-0.04347709613472944,-1.3564221143806794,-1.4208171969200585,0.0,0.0,1.1986117267495475,-1.212740924079984,-0.0374945814177783,2,0
239088,-0.05811468174328171,0.7372336305918931,-1.4208171969200585,0.0,0.0,-0.834298528608466,0.8245784240839611,0.0063251249456299,2,0
239089,-0.05811468174328171,0.7372336305918931,-1.4208171969200585,0.0,0.0,-0.834298528608466,-1.212740924079984,-0.0228880126299756,2,0
239090,-0.05811468174328171,-1.3564221143806794,1.6877362331497665,0.0,0.0,1.1986117267495475,0.8245784240839611,0.1377842440358549,0,1
239092,-0.05811468174328171,0.7372336305918931,0.6515517564598249,0.0,0.0,1.1986117267495475,0.8245784240839611,0.1523908128236577,0,1
239093,-0.05811468174328171,0.7372336305918931,0.6515517564598249,0.0,0.0,-0.834298528608466,-1.212740924079984,0.064751400096841,1,2
239095,-0.05811468174328171,0.7372336305918931,-0.38463272023011674,0.0,0.0,-0.834298528608466,0.8245784240839611,0.0501448313090382,1,2
239096,-0.05811468174328171,-1.3564221143806794,-0.38463272023011674,0.0,0.0,1.1986117267495475,-1.212740924079984,0.0209316937334327,1,2
239097,-0.05811468174328171,0.7372336305918931,-0.38463272023011674,0.0,0.0,1.1986117267495475,-1.212740924079984,0.0793579688846438,0,1
239099,-0.05811468174328171,0.7372336305918931,-0.38463272023011674,0.0,0.0,-0.834298528608466,-1.212740924079984,0.0209316937334327,1,2
239100,-0.04347709613472944,0.7372336305918931,0.6515517564598249,0.0,0.0,1.1986117267495475,-1.212740924079984,0.1085711064602493,0,1
239101,-0.05811468174328171,-1.3564221143806794,0.6515517564598249,0.0,0.0,-0.834298528608466,-1.212740924079984,0.0063251249456299,2,0
239103,-0.05811468174328171,-1.3564221143806794,-0.38463272023011674,0.0,0.0,-0.834298528608466,-1.212740924079984,-0.0374945814177783,2,0
239104,-0.05811468174328171,0.7372336305918931,1.6877362331497665,0.0,0.0,-0.834298528608466,0.8245784240839611,0.1377842440358549,0,1
239106,-0.05811468174328171,0.7372336305918931,-1.4208171969200585,0.0,0.0,-0.834298528608466,-1.212740924079984,-0.0228880126299756,2,0
239108,-0.05811468174328171,0.7372336305918931,1.6877362331497665,0.0,0.0,-0.834298528608466,0.8245784240839611,0.1377842440358549,0,1
239110,18.970746609374668,0.7372336305918931,-1.4208171969200585,0.0,0.0,-0.834298528608466,0.8245784240839611,-18.982214299197977,2,0
239111,-0.05811468174328171,-1.3564221143806794,-0.38463272023011674,0.0,0.0,-0.834298528608466,0.8245784240839611,-0.0082814438421728,2,0
239112,18.970746609374668,0.7372336305918931,-0.38463272023011674,0.0,0.0,-0.834298528608466,-1.212740924079984,-18.967607730410176,2,0
239113,-0.05811468174328171,-1.3564221143806794,-0.38463272023011674,0.0,0.0,-0.834298528608466,-1.212740924079984,-0.0374945814177783,2,0
239114,-0.05811468174328171,0.7372336305918931,0.6515517564598249,0.0,0.0,-0.834298528608466,0.8245784240839611,0.0939645376724466,0,1
239116,-0.05811468174328171,0.7372336305918931,-0.38463272023011674,0.0,0.0,1.1986117267495475,0.8245784240839611,0.1085711064602493,0,1
239117,-0.05811468174328171,0.7372336305918931,-0.38463272023011674,0.0,0.0,-0.834298528608466,0.8245784240839611,0.0501448313090382,1,2
239118,-0.05811468174328171,0.7372336305918931,0.6515517564598249,0.0,0.0,1.1986117267495475,-1.212740924079984,0.1231776752480521,0,1
239120,-0.05811468174328171,0.7372336305918931,0.6515517564598249,0.0,0.0,-0.834298528608466,0.8245784240839611,0.0939645376724466,0,1
239121,-0.05811468174328171,-1.3564221143806794,0.6515517564598249,0.0,0.0,-0.834298528608466,-1.212740924079984,0.0063251249456299,2,0
239122,-0.04347709613472944,-1.3564221143806794,-0.38463272023011674,0.0,0.0,-0.834298528608466,0.8245784240839611,-0.0228880126299756,2,0
239123,-0.05811468174328171,0.7372336305918931,0.6515517564598249,0.0,0.0,1.1986117267495475,0.8245784240839611,0.1523908128236577,0,1
239124,-0.05811468174328171,0.7372336305918931,0.6515517564598249,0.0,0.0,-0.834298528608466,-1.212740924079984,0.064751400096841,1,2
239125,-0.05811468174328171,-1.3564221143806794,-0.38463272023011674,0.0,0.0,-0.834298528608466,0.8245784240839611,-0.0082814438421728,2,0
239127,-0.05811468174328171,0.7372336305918931,-0.38463272023011674,0.0,0.0,1.1986117267495475,-1.212740924079984,0.0793579688846438,0,1
239128,-0.05811468174328171,0.7372336305918931,-0.38463272023011674,0.0,0.0,1.1986117267495475,0.8245784240839611,0.1085711064602493,0,1
239129,-0.05811468174328171,0.7372336305918931,-1.4208171969200585,0.0,0.0,1.1986117267495475,0.8245784240839611,0.064751400096841,1,2
239130,-0.05811468174328171,0.7372336305918931,-0.38463272023011674,0.0,0.0,-0.834298528608466,0.8245784240839611,0.0501448313090382,1,2
239131,-0.05811468174328171,0.7372336305918931,-1.4208171969200585,0.0,0.0,-0.834298528608466,-1.212740924079984,-0.0228880126299756,2,0
239132,-0.05811468174328171,-1.3564221143806794,0.6515517564598249,0.0,0.0,1.1986117267495475,-1.212740924079984,0.064751400096841,1,2
239133,-0.05811468174328171,-1.3564221143806794,0.6515517564598249,0.0,0.0,-0.834298528608466,0.8245784240839611,0.0355382625212355,1,2
239135,16.043229487664213,0.7372336305918931,1.6877362331497665,0.0,0.0,1.1986117267495475,0.8245784240839611,-15.871015147395989,2,0
239136,-0.05811468174328171,0.7372336305918931,0.6515517564598249,0.0,0.0,1.1986117267495475,0.8245784240839611,0.1523908128236577,0,1
239137,-0.05811468174328171,-1.3564221143806794,-1.4208171969200585,0.0,0.0,1.1986117267495475,-1.212740924079984,-0.0228880126299756,2,0
239138,-0.05811468174328171,0.7372336305918931,1.6877362331497665,0.0,0.0,-0.834298528608466,-1.212740924079984,0.1085711064602493,0,1
239140,-0.05811468174328171,0.7372336305918931,1.6877362331497665,0.0,0.0,-0.834298528608466,0.8245784240839611,0.1377842440358549,0,1
239141,-0.05811468174328171,0.7372336305918931,-0.38463272023011674,0.0,0.0,1.1986117267495475,0.8245784240839611,0.1085711064602493,0,1
239142,-0.05811468174328171,-1.3564221143806794,0.6515517564598249,0.0,0.0,-0.834298528608466,0.8245784240839611,0.0355382625212355,1,2
239143,-0.05811468174328171,0.7372336305918931,1.6877362331497665,0.0,0.0,-0.834298528608466,0.8245784240839611,0.1377842440358549,0,1
239144,-0.05811468174328171,0.7372336305918931,-0.38463272023011674,0.0,0.0,-0.834298528608466,0.8245784240839611,0.0501448313090382,1,2
239146,-0.05811468174328171,0.7372336305918931,1.6877362331497665,0.0,0.0,-0.834298528608466,-1.212740924079984,0.1085711064602493,0,1
239147,-0.05811468174328171,0.7372336305918931,-1.4208171969200585,0.0,0.0,-0.834298528608466,-1.212740924079984,-0.0228880126299756,2,0
239148,-0.05811468174328171,0.7372336305918931,-1.4208171969200585,0.0,0.0,1.1986117267495475,0.8245784240839611,0.064751400096841,1,2
239149,-0.05811468174328171,0.7372336305918931,-0.38463272023011674,0.0,0.0,-0.834298528608466,0.8245784240839611,0.0501448313090382,1,2
239150,-0.05811468174328171,-1.3564221143806794,0.6515517564598249,0.0,0.0,-0.834298528608466,0.8245784240839611,0.0355382625212355,1,2
239151,-0.05811468174328171,0.7372336305918931,0.6515517564598249,0.0,0.0,-0.834298528608466,0.8245784240839611,0.0939645376724466,0,1
239152,-0.05811468174328171,0.7372336305918931,1.6877362331497665,0.0,0.0,-0.834298528608466,-1.212740924079984,0.1085711064602493,0,1
239155,18.970746609374668,0.7372336305918931,-0.38463272023011674,0.0,0.0,1.1986117267495475,-1.212740924079984,-18.909181455258963,2,0
239156,-0.05811468174328171,-1.3564221143806794,-1.4208171969200585,0.0,0.0,1.1986117267495475,0.8245784240839611,0.0063251249456299,2,0
239158,-0.05811468174328171,-1.3564221143806794,0.6515517564598249,0.0,0.0,-0.834298528608466,0.8245784240839611,0.0355382625212355,1,2
239159,-0.05811468174328171,0.7372336305918931,0.6515517564598249,0.0,0.0,1.1986117267495475,0.8245784240839611,0.1523908128236577,0,1
239160,-0.05811468174328171,0.7372336305918931,-1.4208171969200585,0.0,0.0,-0.834298528608466,0.8245784240839611,0.0063251249456299,2,0
239161,-0.05811468174328171,0.7372336305918931,-0.38463272023011674,0.0,0.0,1.1986117267495475,0.8245784240839611,0.1085711064602493,0,1
239162,-0.05811468174328171,0.7372336305918931,0.6515517564598249,0.0,0.0,-0.834298528608466,-1.212740924079984,0.064751400096841,1,2
239163,-0.05811468174328171,0.7372336305918931,0.6515517564598249,0.0,0.0,-0.834298528608466,0.8245784240839611,0.0939645376724466,0,1
239164,-0.05811468174328171,0.7372336305918931,-0.38463272023011674,0.0,0.0,-0.834298528608466,0.8245784240839611,0.0501448313090382,1,2
239165,-0.05811468174328171,0.7372336305918931,-0.38463272023011674,0.0,0.0,1.1986117267495475,0.8245784240839611,0.1085711064602493,0,1
239167,-0.05811468174328171,0.7372336305918931,1.6877362331497665,0.0,0.0,-0.834298528608466,0.8245784240839611,0.1377842440358549,0,1
239168,-0.05811468174328171,0.7372336305918931,0.6515517564598249,0.0,0.0,1.1986117267495475,-1.212740924079984,0.1231776752480521,0,1
239169,-0.05811468174328171,-1.3564221143806794,-0.38463272023011674,0.0,0.0,-0.834298528608466,-1.212740924079984,-0.0374945814177783,2,0
239170,-0.05811468174328171,0.7372336305918931,-0.38463272023011674,0.0,0.0,1.1986117267495475,-1.212740924079984,0.0793579688846438,0,1
239171,-0.05811468174328171,0.7372336305918931,0.6515517564598249,0.0,0.0,-0.834298528608466,-1.212740924079984,0.064751400096841,1,2
239172,-0.05811468174328171,-1.3564221143806794,-0.38463272023011674,0.0,0.0,1.1986117267495475,0.8245784240839611,0.0501448313090382,1,2
239173,-0.05811468174328171,-1.3564221143806794,-1.4208171969200585,0.0,0.0,-0.834298528608466,0.8245784240839611,-0.0521011502055811,2,0
239175,-0.05811468174328171,-1.3564221143806794,-0.38463272023011674,0.0,0.0,-0.834298528608466,0.8245784240839611,-0.0082814438421728,2,0
239176,-0.05811468174328171,-1.3564221143806794,-0.38463272023011674,0.0,0.0,1.1986117267495475,0.8245784240839611,0.0501448313090382,1,2
239177,-0.05811468174328171,-1.3564221143806794,0.6515517564598249,0.0,0.0,1.1986117267495475,-1.212740924079984,0.064751400096841,1,2
239178,-0.05811468174328171,0.7372336305918931,-1.4208171969200585,0.0,0.0,1.1986117267495475,0.8245784240839611,0.064751400096841,1,2
239180,-0.05811468174328171,0.7372336305918931,0.6515517564598249,0.0,0.0,-0.834298528608466,-1.212740924079984,0.064751400096841,1,2
239181,-0.05811468174328171,0.7372336305918931,-0.38463272023011674,0.0,0.0,-0.834298528608466,-1.212740924079984,0.0209316937334327,1,2
239182,-0.05811468174328171,-1.3564221143806794,-1.4208171969200585,0.0,0.0,-0.834298528608466,0.8245784240839611,-0.0521011502055811,2,0
239183,-0.04347709613472944,-1.3564221143806794,-1.4208171969200585,0.0,0.0,-0.834298528608466,0.8245784240839611,-0.0667077189933839,2,0
239184,-0.05811468174328171,0.7372336305918931,1.6877362331497665,0.0,0.0,-0.834298528608466,0.8245784240839611,0.1377842440358549,0,1
239186,-0.05811468174328171,0.7372336305918931,1.6877362331497665,0.0,0.0,-0.834298528608466,-1.212740924079984,0.1085711064602493,0,1
239187,-0.05811468174328171,0.7372336305918931,-0.38463272023011674,0.0,0.0,1.1986117267495475,0.8245784240839611,0.1085711064602493,0,1
239188,-0.05811468174328171,0.7372336305918931,0.6515517564598249,0.0,0.0,1.1986117267495475,-1.212740924079984,0.1231776752480521,0,1
239189,-0.05811468174328171,0.7372336305918931,0.6515517564598249,0.0,0.0,-0.834298528608466,-1.212740924079984,0.064751400096841,1,2
239190,-0.05811468174328171,-1.3564221143806794,1.6877362331497665,0.0,0.0,-0.834298528608466,0.8245784240839611,0.0793579688846438,0,1
239197,-0.05811468174328171,0.7372336305918931,-0.38463272023011674,0.0,0.0,-0.834298528608466,0.8245784240839611,0.0501448313090382,1,2
239199,-0.05811468174328171,-1.3564221143806794,0.6515517564598249,0.0,0.0,1.1986117267495475,0.8245784240839611,0.0939645376724466,0,1
239204,-0.05811468174328171,0.7372336305918931,-1.4208171969200585,0.0,0.0,-0.834298528608466,0.8245784240839611,0.0063251249456299,2,0
239205,-0.05811468174328171,0.7372336305918931,-0.38463272023011674,0.0,0.0,1.1986117267495475,0.8245784240839611,0.1085711064602493,0,1
239209,-0.05811468174328171,-1.3564221143806794,1.6877362331497665,0.0,0.0,-0.834298528608466,0.8245784240839611,0.0793579688846438,0,1
239210,-0.05811468174328171,-1.3564221143806794,-0.38463272023011674,0.0,0.0,-0.834298528608466,0.8245784240839611,-0.0082814438421728,2,0
239211,-0.05811468174328171,-1.3564221143806794,-0.38463272023011674,0.0,0.0,1.1986117267495475,0.8245784240839611,0.0501448313090382,1,2
239212,-0.05811468174328171,0.7372336305918931,-1.4208171969200585,0.0,0.0,1.1986117267495475,0.8245784240839611,0.064751400096841,1,2
239213,-0.05811468174328171,-1.3564221143806794,0.6515517564598249,0.0,0.0,-0.834298528608466,0.8245784240839611,0.0355382625212355,1,2
239214,-0.05811468174328171,0.7372336305918931,0.6515517564598249,0.0,0.0,-0.834298528608466,-1.212740924079984,0.064751400096841,1,2
239216,-0.05811468174328171,-1.3564221143806794,-0.38463272023011674,0.0,0.0,1.1986117267495475,0.8245784240839611,0.0501448313090382,1,2
239217,-0.05811468174328171,0.7372336305918931,1.6877362331497665,0.0,0.0,-0.834298528608466,0.8245784240839611,0.1377842440358549,0,1
239218,-0.05811468174328171,0.7372336305918931,-1.4208171969200585,0.0,0.0,1.1986117267495475,-1.212740924079984,0.0355382625212355,1,2
239219,-0.05811468174328171,0.7372336305918931,-0.38463272023011674,0.0,0.0,1.1986117267495475,0.8245784240839611,0.1085711064602493,0,1
239221,-0.05811468174328171,0.7372336305918931,1.6877362331497665,0.0,0.0,1.1986117267495475,-1.212740924079984,0.1669973816114605,0,1
239222,-0.05811468174328171,-1.3564221143806794,-0.38463272023011674,0.0,0.0,-0.834298528608466,0.8245784240839611,-0.0082814438421728,2,0
240051,-0.05811468174328171,-1.3564221143806794,-0.38463272023011674,0.0,0.0,-0.834298528608466,0.8245784240839611,-0.0082814438421728,2,0
240052,-0.05811468174328171,0.7372336305918931,-0.38463272023011674,0.0,0.0,1.1986117267495475,-1.212740924079984,0.0793579688846438,0,1
240053,-0.05811468174328171,0.7372336305918931,0.6515517564598249,0.0,0.0,-0.834298528608466,0.8245784240839611,0.0939645376724466,0,1
240055,-0.05811468174328171,0.7372336305918931,-1.4208171969200585,0.0,0.0,-0.834298528608466,0.8245784240839611,0.0063251249456299,2,0
240056,-0.05811468174328171,-1.3564221143806794,1.6877362331497665,0.0,0.0,1.1986117267495475,0.8245784240839611,0.1377842440358549,0,1
240057,-0.05811468174328171,-1.3564221143806794,0.6515517564598249,0.0,0.0,-0.834298528608466,-1.212740924079984,0.0063251249456299,2,0
240059,-0.05811468174328171,-1.3564221143806794,-1.4208171969200585,0.0,0.0,1.1986117267495475,0.8245784240839611,0.0063251249456299,2,0
240060,-0.05811468174328171,0.7372336305918931,0.6515517564598249,0.0,0.0,1.1986117267495475,0.8245784240839611,0.1523908128236577,0,1
240072,-0.05811468174328171,-1.3564221143806794,-0.38463272023011674,0.0,0.0,1.1986117267495475,0.8245784240839611,0.0501448313090382,1,2
240073,-0.05811468174328171,0.7372336305918931,-0.38463272023011674,0.0,0.0,1.1986117267495475,0.8245784240839611,0.1085711064602493,0,1
240074,-0.05811468174328171,-1.3564221143806794,0.6515517564598249,0.0,0.0,-0.834298528608466,0.8245784240839611,0.0355382625212355,1,2
240075,-0.05811468174328171,0.7372336305918931,1.6877362331497665,0.0,0.0,-0.834298528608466,0.8245784240839611,0.1377842440358549,0,1
240077,-0.05811468174328171,-1.3564221143806794,-1.4208171969200585,0.0,0.0,1.1986117267495475,0.8245784240839611,0.0063251249456299,2,0
240078,-0.05811468174328171,0.7372336305918931,-0.38463272023011674,0.0,0.0,-0.834298528608466,-1.212740924079984,0.0209316937334327,1,2
240080,-0.05811468174328171,0.7372336305918931,-0.38463272023011674,0.0,0.0,1.1986117267495475,0.8245784240839611,0.1085711064602493,0,1
240081,-0.05811468174328171,-1.3564221143806794,-0.38463272023011674,0.0,0.0,1.1986117267495475,0.8245784240839611,0.0501448313090382,1,2
240083,-0.04347709613472944,0.7372336305918931,-0.38463272023011674,0.0,0.0,-0.834298528608466,0.8245784240839611,0.0355382625212355,1,2
240084,-0.05811468174328171,0.7372336305918931,-1.4208171969200585,0.0,0.0,1.1986117267495475,-1.212740924079984,0.0355382625212355,1,2
240085,-0.05811468174328171,0.7372336305918931,0.6515517564598249,0.0,0.0,-0.834298528608466,-1.212740924079984,0.064751400096841,1,2
240086,-0.05811468174328171,0.7372336305918931,-0.38463272023011674,0.0,0.0,-0.834298528608466,-1.212740924079984,0.0209316937334327,1,2
240087,-0.05811468174328171,-1.3564221143806794,-1.4208171969200585,0.0,0.0,1.1986117267495475,-1.212740924079984,-0.0228880126299756,2,0
240088,-0.05811468174328171,0.7372336305918931,0.6515517564598249,0.0,0.0,1.1986117267495475,0.8245784240839611,0.1523908128236577,0,1
240089,-0.05811468174328171,-1.3564221143806794,0.6515517564598249,0.0,0.0,-0.834298528608466,-1.212740924079984,0.0063251249456299,2,0
240090,0.00043566069092736256,-1.3564221143806794,-0.38463272023011674,0.0,0.0,-0.834298528608466,0.8245784240839611,-0.0667077189933839,2,0
240113,-0.05811468174328171,0.7372336305918931,-0.38463272023011674,0.0,0.0,-0.834298528608466,-1.212740924079984,0.0209316937334327,1,2
240114,-0.04347709613472944,-1.3564221143806794,0.6515517564598249,0.0,0.0,-0.834298528608466,-1.212740924079984,-0.0082814438421728,2,0
240115,-0.04347709613472944,0.7372336305918931,-0.38463272023011674,0.0,0.0,-0.834298528608466,0.8245784240839611,0.0355382625212355,1,2
240116,2.869402439967172,0.7372336305918931,-0.38463272023011674,0.0,0.0,-0.834298528608466,-1.212740924079984,-2.9003820638271223,2,0
240117,-0.05811468174328171,0.7372336305918931,0.6515517564598249,0.0,0.0,1.1986117267495475,0.8245784240839611,0.1523908128236577,0,1
240118,-0.05811468174328171,0.7372336305918931,-1.4208171969200585,0.0,0.0,1.1986117267495475,-1.212740924079984,0.0355382625212355,1,2
240119,-0.05811468174328171,-1.3564221143806794,-1.4208171969200585,0.0,0.0,-0.834298528608466,0.8245784240839611,-0.0521011502055811,2,0
240122,-0.05811468174328171,-1.3564221143806794,-1.4208171969200585,0.0,0.0,-0.834298528608466,0.8245784240839611,-0.0521011502055811,2,0
240123,-0.014201924917624904,0.7372336305918931,-1.4208171969200585,0.0,0.0,1.1986117267495475,0.8245784240839611,0.0209316937334327,1,2
240124,-0.05811468174328171,-1.3564221143806794,-1.4208171969200585,0.0,0.0,1.1986117267495475,-1.212740924079984,-0.0228880126299756,2,0
240125,-0.05811468174328171,-1.3564221143806794,1.6877362331497665,0.0,0.0,1.1986117267495475,0.8245784240839611,0.1377842440358549,0,1
240126,-0.05811468174328171,0.7372336305918931,-0.38463272023011674,0.0,0.0,-0.834298528608466,0.8245784240839611,0.0501448313090382,1,2
240127,-0.04347709613472944,0.7372336305918931,-1.4208171969200585,0.0,0.0,-0.834298528608466,0.8245784240839611,-0.0082814438421728,2,0
240128,-0.04347709613472944,0.7372336305918931,-0.38463272023011674,0.0,0.0,-0.834298528608466,0.8245784240839611,0.0355382625212355,1,2
240129,-0.05811468174328171,-1.3564221143806794,1.6877362331497665,0.0,0.0,1.1986117267495475,-1.212740924079984,0.1085711064602493,0,1
249001,-0.05811468174328171,0.7372336305918931,-0.38463272023011674,0.0,0.0,-0.834298528608466,0.8245784240839611,0.0501448313090382,1,2
249006,-0.05811468174328171,-1.3564221143806794,-0.38463272023011674,0.0,0.0,-0.834298528608466,-1.212740924079984,-0.0374945814177783,2,0
249008,-0.05811468174328171,-1.3564221143806794,1.6877362331497665,0.0,0.0,-0.834298528608466,-1.212740924079984,0.0501448313090382,1,2
249009,-0.05811468174328171,0.7372336305918931,-0.38463272023011674,0.0,0.0,-0.834298528608466,0.8245784240839611,0.0501448313090382,1,2
249010,-0.05811468174328171,0.7372336305918931,-0.38463272023011674,0.0,0.0,1.1986117267495475,-1.212740924079984,0.0793579688846438,0,1
249012,-0.05811468174328171,0.7372336305918931,-0.38463272023011674,0.0,0.0,-0.834298528608466,-1.212740924079984,0.0209316937334327,1,2
249013,-0.05811468174328171,-1.3564221143806794,-0.38463272023011674,0.0,0.0,1.1986117267495475,-1.212740924079984,0.0209316937334327,1,2
249015,-0.04347709613472944,0.7372336305918931,-0.38463272023011674,0.0,0.0,-0.834298528608466,0.8245784240839611,0.0355382625212355,1,2
249016,-0.05811468174328171,0.7372336305918931,0.6515517564598249,0.0,0.0,-0.834298528608466,0.8245784240839611,0.0939645376724466,0,1
249019,-0.05811468174328171,0.7372336305918931,-0.38463272023011674,0.0,0.0,-0.834298528608466,0.8245784240839611,0.0501448313090382,1,2
249021,-0.05811468174328171,0.7372336305918931,0.6515517564598249,0.0,0.0,-0.834298528608466,-1.212740924079984,0.064751400096841,1,2
249022,-0.04347709613472944,0.7372336305918931,-1.4208171969200585,0.0,0.0,-0.834298528608466,0.8245784240839611,-0.0082814438421728,2,0
249023,-0.05811468174328171,0.7372336305918931,-1.4208171969200585,0.0,0.0,1.1986117267495475,0.8245784240839611,0.064751400096841,1,2
249025,-0.05811468174328171,0.7372336305918931,-0.38463272023011674,0.0,0.0,1.1986117267495475,0.8245784240839611,0.1085711064602493,0,1
249026,-0.05811468174328171,0.7372336305918931,1.6877362331497665,0.0,0.0,-0.834298528608466,-1.212740924079984,0.1085711064602493,0,1
249027,-0.05811468174328171,0.7372336305918931,-0.38463272023011674,0.0,0.0,-0.834298528608466,0.8245784240839611,0.0501448313090382,1,2
249029,-0.05811468174328171,0.7372336305918931,0.6515517564598249,0.0,0.0,1.1986117267495475,0.8245784240839611,0.1523908128236577,0,1
249031,-0.05811468174328171,0.7372336305918931,-0.38463272023011674,0.0,0.0,-0.834298528608466,-1.212740924079984,0.0209316937334327,1,2
249032,-0.05811468174328171,0.7372336305918931,-1.4208171969200585,0.0,0.0,-0.834298528608466,-1.212740924079984,-0.0228880126299756,2,0
249033,-0.05811468174328171,-1.3564221143806794,-1.4208171969200585,0.0,0.0,-0.834298528608466,-1.212740924079984,-0.0813142877811867,2,0
249034,-0.05811468174328171,0.7372336305918931,-0.38463272023011674,0.0,0.0,1.1986117267495475,0.8245784240839611,0.1085711064602493,0,1
249035,-0.05811468174328171,0.7372336305918931,-1.4208171969200585,0.0,0.0,-0.834298528608466,-1.212740924079984,-0.0228880126299756,2,0
249037,-0.05811468174328171,0.7372336305918931,-1.4208171969200585,0.0,0.0,-0.834298528608466,0.8245784240839611,0.0063251249456299,2,0
249038,-0.05811468174328171,-1.3564221143806794,0.6515517564598249,0.0,0.0,-0.834298528608466,-1.212740924079984,0.0063251249456299,2,0
249040,-0.05811468174328171,0.7372336305918931,-1.4208171969200585,0.0,0.0,-0.834298528608466,0.8245784240839611,0.0063251249456299,2,0
249041,-0.05811468174328171,-1.3564221143806794,0.6515517564598249,0.0,0.0,-0.834298528608466,-1.212740924079984,0.0063251249456299,2,0
249042,-0.05811468174328171,0.7372336305918931,-0.38463272023011674,0.0,0.0,1.1986117267495475,0.8245784240839611,0.1085711064602493,0,1
249046,-0.05811468174328171,0.7372336305918931,-0.38463272023011674,0.0,0.0,1.1986117267495475,0.8245784240839611,0.1085711064602493,0,1
249047,-0.04347709613472944,0.7372336305918931,0.6515517564598249,0.0,0.0,-0.834298528608466,-1.212740924079984,0.0501448313090382,1,2
249048,-0.05811468174328171,0.7372336305918931,-0.38463272023011674,0.0,0.0,-0.834298528608466,0.8245784240839611,0.0501448313090382,1,2
249049,-0.05811468174328171,0.7372336305918931,-0.38463272023011674,0.0,0.0,1.1986117267495475,-1.212740924079984,0.0793579688846438,0,1
249051,-0.05811468174328171,0.7372336305918931,0.6515517564598249,0.0,0.0,1.1986117267495475,0.8245784240839611,0.1523908128236577,0,1
249053,-0.05811468174328171,-1.3564221143806794,1.6877362331497665,0.0,0.0,-0.834298528608466,0.8245784240839611,0.0793579688846438,0,1
249056,-0.05811468174328171,0.7372336305918931,-1.4208171969200585,0.0,0.0,-0.834298528608466,-1.212740924079984,-0.0228880126299756,2,0
249057,-0.04347709613472944,0.7372336305918931,-1.4208171969200585,0.0,0.0,-0.834298528608466,-1.212740924079984,-0.0374945814177783,2,0
249058,-0.05811468174328171,0.7372336305918931,1.6877362331497665,0.0,0.0,-0.834298528608466,-1.212740924079984,0.1085711064602493,0,1
249059,-0.05811468174328171,0.7372336305918931,-0.38463272023011674,0.0,0.0,-0.834298528608466,0.8245784240839611,0.0501448313090382,1,2
249061,-0.05811468174328171,0.7372336305918931,0.6515517564598249,0.0,0.0,1.1986117267495475,0.8245784240839611,0.1523908128236577,0,1
249063,-0.05811468174328171,-1.3564221143806794,-0.38463272023011674,0.0,0.0,-0.834298528608466,0.8245784240839611,-0.0082814438421728,2,0
249065,-0.04347709613472944,0.7372336305918931,-1.4208171969200585,0.0,0.0,1.1986117267495475,-1.212740924079984,0.0209316937334327,1,2
249066,-0.05811468174328171,0.7372336305918931,0.6515517564598249,0.0,0.0,1.1986117267495475,-1.212740924079984,0.1231776752480521,0,1
249067,-0.05811468174328171,0.7372336305918931,-0.38463272023011674,0.0,0.0,1.1986117267495475,0.8245784240839611,0.1085711064602493,0,1
249068,-0.05811468174328171,0.7372336305918931,-0.38463272023011674,0.0,0.0,-0.834298528608466,-1.212740924079984,0.0209316937334327,1,2
249069,-0.028839510526177174,-1.3564221143806794,-0.38463272023011674,0.0,0.0,-0.834298528608466,0.8245784240839611,-0.0374945814177783,2,0
249070,-0.05811468174328171,-1.3564221143806794,0.6515517564598249,0.0,0.0,1.1986117267495475,-1.212740924079984,0.064751400096841,1,2
249071,-0.05811468174328171,0.7372336305918931,0.6515517564598249,0.0,0.0,1.1986117267495475,-1.212740924079984,0.1231776752480521,0,1
249072,-0.05811468174328171,0.7372336305918931,-1.4208171969200585,0.0,0.0,1.1986117267495475,0.8245784240839611,0.064751400096841,1,2
249073,-0.05811468174328171,-1.3564221143806794,-0.38463272023011674,0.0,0.0,-0.834298528608466,0.8245784240839611,-0.0082814438421728,2,0
249074,-0.05811468174328171,0.7372336305918931,0.6515517564598249,0.0,0.0,-0.834298528608466,0.8245784240839611,0.0939645376724466,0,1
249075,-0.05811468174328171,0.7372336305918931,0.6515517564598249,0.0,0.0,1.1986117267495475,-1.212740924079984,0.1231776752480521,0,1
249077,-0.05811468174328171,0.7372336305918931,0.6515517564598249,0.0,0.0,-0.834298528608466,-1.212740924079984,0.064751400096841,1,2
249078,-0.05811468174328171,0.7372336305918931,-1.4208171969200585,0.0,0.0,-0.834298528608466,0.8245784240839611,0.0063251249456299,2,0
249079,-0.05811468174328171,-1.3564221143806794,0.6515517564598249,0.0,0.0,-0.834298528608466,0.8245784240839611,0.0355382625212355,1,2
249081,-0.05811468174328171,-1.3564221143806794,0.6515517564598249,0.0,0.0,-0.834298528608466,0.8245784240839611,0.0355382625212355,1,2
249083,-0.05811468174328171,0.7372336305918931,-1.4208171969200585,0.0,0.0,-0.834298528608466,-1.212740924079984,-0.0228880126299756,2,0
249084,-0.05811468174328171,0.7372336305918931,-0.38463272023011674,0.0,0.0,-0.834298528608466,0.8245784240839611,0.0501448313090382,1,2
249085,-0.05811468174328171,0.7372336305918931,-0.38463272023011674,0.0,0.0,-0.834298528608466,0.8245784240839611,0.0501448313090382,1,2
249088,-0.05811468174328171,0.7372336305918931,0.6515517564598249,0.0,0.0,1.1986117267495475,0.8245784240839611,0.1523908128236577,0,1
249089,-0.05811468174328171,0.7372336305918931,-0.38463272023011674,0.0,0.0,-0.834298528608466,0.8245784240839611,0.0501448313090382,1,2
249090,-0.05811468174328171,0.7372336305918931,0.6515517564598249,0.0,0.0,-0.834298528608466,0.8245784240839611,0.0939645376724466,0,1
249091,-0.05811468174328171,0.7372336305918931,1.6877362331497665,0.0,0.0,1.1986117267495475,0.8245784240839611,0.196210519187066,0,1
249093,-0.05811468174328171,0.7372336305918931,0.6515517564598249,0.0,0.0,-0.834298528608466,0.8245784240839611,0.0939645376724466,0,1
249094,-0.05811468174328171,0.7372336305918931,1.6877362331497665,0.0,0.0,-0.834298528608466,0.8245784240839611,0.1377842440358549,0,1
249095,-0.05811468174328171,-1.3564221143806794,1.6877362331497665,0.0,0.0,1.1986117267495475,0.8245784240839611,0.1377842440358549,0,1
249096,-0.05811468174328171,0.7372336305918931,-1.4208171969200585,0.0,0.0,1.1986117267495475,0.8245784240839611,0.064751400096841,1,2
249098,-0.05811468174328171,-1.3564221143806794,0.6515517564598249,0.0,0.0,-0.834298528608466,0.8245784240839611,0.0355382625212355,1,2
249102,-0.05811468174328171,0.7372336305918931,-0.38463272023011674,0.0,0.0,-0.834298528608466,-1.212740924079984,0.0209316937334327,1,2
249103,-0.05811468174328171,0.7372336305918931,1.6877362331497665,0.0,0.0,1.1986117267495475,-1.212740924079984,0.1669973816114605,0,1
249104,-0.05811468174328171,0.7372336305918931,-0.38463272023011674,0.0,0.0,-0.834298528608466,-1.212740924079984,0.0209316937334327,1,2
249105,-0.05811468174328171,0.7372336305918931,1.6877362331497665,0.0,0.0,1.1986117267495475,-1.212740924079984,0.1669973816114605,0,1
249106,-0.05811468174328171,-1.3564221143806794,0.6515517564598249,0.0,0.0,1.1986117267495475,-1.212740924079984,0.064751400096841,1,2
249107,-0.05811468174328171,-1.3564221143806794,0.6515517564598249,0.0,0.0,1.1986117267495475,-1.212740924079984,0.064751400096841,1,2
249108,-0.05811468174328171,0.7372336305918931,-1.4208171969200585,0.0,0.0,-0.834298528608466,-1.212740924079984,-0.0228880126299756,2,0
249109,-0.05811468174328171,-1.3564221143806794,-1.4208171969200585,0.0,0.0,-0.834298528608466,0.8245784240839611,-0.0521011502055811,2,0
249111,-0.05811468174328171,0.7372336305918931,0.6515517564598249,0.0,0.0,1.1986117267495475,-1.212740924079984,0.1231776752480521,0,1
249112,-0.05811468174328171,0.7372336305918931,-1.4208171969200585,0.0,0.0,-0.834298528608466,-1.212740924079984,-0.0228880126299756,2,0
249113,-0.05811468174328171,0.7372336305918931,0.6515517564598249,0.0,0.0,-0.834298528608466,0.8245784240839611,0.0939645376724466,0,1
249114,-0.05811468174328171,0.7372336305918931,-1.4208171969200585,0.0,0.0,1.1986117267495475,0.8245784240839611,0.064751400096841,1,2
249115,-0.05811468174328171,-1.3564221143806794,0.6515517564598249,0.0,0.0,-0.834298528608466,0.8245784240839611,0.0355382625212355,1,2
249116,-0.05811468174328171,0.7372336305918931,-0.38463272023011674,0.0,0.0,-0.834298528608466,0.8245784240839611,0.0501448313090382,1,2
249117,-0.05811468174328171,0.7372336305918931,0.6515517564598249,0.0,0.0,1.1986117267495475,0.8245784240839611,0.1523908128236577,0,1
249119,-0.05811468174328171,-1.3564221143806794,0.6515517564598249,0.0,0.0,-0.834298528608466,0.8245784240839611,0.0355382625212355,1,2
249120,-0.05811468174328171,0.7372336305918931,-0.38463272023011674,0.0,0.0,-0.834298528608466,0.8245784240839611,0.0501448313090382,1,2
249121,-0.04347709613472944,-1.3564221143806794,-1.4208171969200585,0.0,0.0,-0.834298528608466,0.8245784240839611,-0.0667077189933839,2,0
249122,-0.05811468174328171,0.7372336305918931,-1.4208171969200585,0.0,0.0,1.1986117267495475,0.8245784240839611,0.064751400096841,1,2
249124,-0.05811468174328171,0.7372336305918931,0.6515517564598249,0.0,0.0,-0.834298528608466,0.8245784240839611,0.0939645376724466,0,1
249125,-0.05811468174328171,-1.3564221143806794,-0.38463272023011674,0.0,0.0,-0.834298528608466,0.8245784240839611,-0.0082814438421728,2,0
249126,-0.05811468174328171,0.7372336305918931,0.6515517564598249,0.0,0.0,1.1986117267495475,-1.212740924079984,0.1231776752480521,0,1
249127,-0.05811468174328171,0.7372336305918931,-0.38463272023011674,0.0,0.0,1.1986117267495475,0.8245784240839611,0.1085711064602493,0,1
249130,-0.05811468174328171,0.7372336305918931,-0.38463272023011674,0.0,0.0,-0.834298528608466,0.8245784240839611,0.0501448313090382,1,2
249131,-0.05811468174328171,0.7372336305918931,-0.38463272023011674,0.0,0.0,1.1986117267495475,0.8245784240839611,0.1085711064602493,0,1
249133,-0.05811468174328171,0.7372336305918931,-1.4208171969200585,0.0,0.0,-0.834298528608466,0.8245784240839611,0.0063251249456299,2,0
249135,-0.05811468174328171,-1.3564221143806794,-0.38463272023011674,0.0,0.0,1.1986117267495475,0.8245784240839611,0.0501448313090382,1,2
249136,-0.05811468174328171,-1.3564221143806794,1.6877362331497665,0.0,0.0,-0.834298528608466,0.8245784240839611,0.0793579688846438,0,1
249139,-0.05811468174328171,-1.3564221143806794,1.6877362331497665,0.0,0.0,-0.834298528608466,0.8245784240839611,0.0793579688846438,0,1
249141,-0.05811468174328171,0.7372336305918931,-0.38463272023011674,0.0,0.0,1.1986117267495475,-1.212740924079984,0.0793579688846438,0,1
249142,-0.05811468174328171,0.7372336305918931,0.6515517564598249,0.0,0.0,-0.834298528608466,0.8245784240839611,0.0939645376724466,0,1
249143,-0.05811468174328171,0.7372336305918931,0.6515517564598249,0.0,0.0,-0.834298528608466,-1.212740924079984,0.064751400096841,1,2
249144,-0.05811468174328171,0.7372336305918931,-0.38463272023011674,0.0,0.0,-0.834298528608466,-1.212740924079984,0.0209316937334327,1,2
249145,-0.05811468174328171,-1.3564221143806794,-1.4208171969200585,0.0,0.0,1.1986117267495475,0.8245784240839611,0.0063251249456299,2,0
249147,-0.05811468174328171,0.7372336305918931,-1.4208171969200585,0.0,0.0,-0.834298528608466,-1.212740924079984,-0.0228880126299756,2,0
249148,-0.05811468174328171,-1.3564221143806794,-0.38463272023011674,0.0,0.0,-0.834298528608466,0.8245784240839611,-0.0082814438421728,2,0
249149,-0.05811468174328171,-1.3564221143806794,1.6877362331497665,0.0,0.0,-0.834298528608466,-1.212740924079984,0.0501448313090382,1,2
249150,-0.05811468174328171,-1.3564221143806794,0.6515517564598249,0.0,0.0,-0.834298528608466,-1.212740924079984,0.0063251249456299,2,0
249151,-0.05811468174328171,0.7372336305918931,-1.4208171969200585,0.0,0.0,-0.834298528608466,0.8245784240839611,0.0063251249456299,2,0
249152,-0.05811468174328171,-1.3564221143806794,-1.4208171969200585,0.0,0.0,-0.834298528608466,-1.212740924079984,-0.0813142877811867,2,0
249154,-0.05811468174328171,-1.3564221143806794,0.6515517564598249,0.0,0.0,-0.834298528608466,0.8245784240839611,0.0355382625212355,1,2
249155,-0.05811468174328171,-1.3564221143806794,0.6515517564598249,0.0,0.0,-0.834298528608466,0.8245784240839611,0.0355382625212355,1,2
249156,-0.05811468174328171,-1.3564221143806794,0.6515517564598249,0.0,0.0,1.1986117267495475,0.8245784240839611,0.0939645376724466,0,1
249157,-0.05811468174328171,0.7372336305918931,0.6515517564598249,0.0,0.0,1.1986117267495475,0.8245784240839611,0.1523908128236577,0,1
249159,-0.05811468174328171,0.7372336305918931,-1.4208171969200585,0.0,0.0,1.1986117267495475,0.8245784240839611,0.064751400096841,1,2
249161,-0.05811468174328171,0.7372336305918931,0.6515517564598249,0.0,0.0,-0.834298528608466,0.8245784240839611,0.0939645376724466,0,1
249162,-0.05811468174328171,0.7372336305918931,0.6515517564598249,0.0,0.0,1.1986117267495475,0.8245784240839611,0.1523908128236577,0,1
249163,-0.05811468174328171,-1.3564221143806794,-0.38463272023011674,0.0,0.0,-0.834298528608466,-1.212740924079984,-0.0374945814177783,2,0
249164,-0.05811468174328171,0.7372336305918931,0.6515517564598249,0.0,0.0,1.1986117267495475,0.8245784240839611,0.1523908128236577,0,1
249166,-0.05811468174328171,-1.3564221143806794,-0.38463272023011674,0.0,0.0,-0.834298528608466,0.8245784240839611,-0.0082814438421728,2,0
249167,-0.05811468174328171,-1.3564221143806794,-1.4208171969200585,0.0,0.0,-0.834298528608466,0.8245784240839611,-0.0521011502055811,2,0
249182,-0.05811468174328171,-1.3564221143806794,-0.38463272023011674,0.0,0.0,-0.834298528608466,0.8245784240839611,-0.0082814438421728,2,0
249183,-0.05811468174328171,-1.3564221143806794,-1.4208171969200585,0.0,0.0,-0.834298528608466,0.8245784240839611,-0.0521011502055811,2,0
249185,-0.028839510526177174,-1.3564221143806794,-0.38463272023011674,0.0,0.0,1.1986117267495475,0.8245784240839611,0.0209316937334327,1,2
249186,-0.05811468174328171,0.7372336305918931,-0.38463272023011674,0.0,0.0,1.1986117267495475,0.8245784240839611,0.1085711064602493,0,1
249187,-0.05811468174328171,0.7372336305918931,-0.38463272023011674,0.0,0.0,1.1986117267495475,-1.212740924079984,0.0793579688846438,0,1
249188,-0.05811468174328171,-1.3564221143806794,-0.38463272023011674,0.0,0.0,1.1986117267495475,-1.212740924079984,0.0209316937334327,1,2
249189,-0.05811468174328171,-1.3564221143806794,-0.38463272023011674,0.0,0.0,-0.834298528608466,0.8245784240839611,-0.0082814438421728,2,0
249190,-0.05811468174328171,0.7372336305918931,-1.4208171969200585,0.0,0.0,-0.834298528608466,0.8245784240839611,0.0063251249456299,2,0
249191,-0.05811468174328171,-1.3564221143806794,0.6515517564598249,0.0,0.0,1.1986117267495475,-1.212740924079984,0.064751400096841,1,2
249192,-0.05811468174328171,-1.3564221143806794,-0.38463272023011674,0.0,0.0,-0.834298528608466,-1.212740924079984,-0.0374945814177783,2,0
249195,-0.05811468174328171,0.7372336305918931,-0.38463272023011674,0.0,0.0,1.1986117267495475,-1.212740924079984,0.0793579688846438,0,1
249196,-0.05811468174328171,-1.3564221143806794,1.6877362331497665,0.0,0.0,-0.834298528608466,0.8245784240839611,0.0793579688846438,0,1
249198,-0.05811468174328171,-1.3564221143806794,0.6515517564598249,0.0,0.0,-0.834298528608466,0.8245784240839611,0.0355382625212355,1,2
249199,-0.05811468174328171,0.7372336305918931,1.6877362331497665,0.0,0.0,1.1986117267495475,0.8245784240839611,0.196210519187066,0,1
249201,-0.028839510526177174,-1.3564221143806794,-0.38463272023011674,0.0,0.0,-0.834298528608466,-1.212740924079984,-0.0667077189933839,2,0
249202,-0.05811468174328171,0.7372336305918931,-1.4208171969200585,0.0,0.0,-0.834298528608466,-1.212740924079984,-0.0228880126299756,2,0
249203,-0.05811468174328171,0.7372336305918931,0.6515517564598249,0.0,0.0,-0.834298528608466,-1.212740924079984,0.064751400096841,1,2
249204,-0.05811468174328171,-1.3564221143806794,-0.38463272023011674,0.0,0.0,1.1986117267495475,-1.212740924079984,0.0209316937334327,1,2
249205,-0.04347709613472944,0.7372336305918931,-0.38463272023011674,0.0,0.0,-0.834298528608466,0.8245784240839611,0.0355382625212355,1,2
249208,-0.05811468174328171,0.7372336305918931,-1.4208171969200585,0.0,0.0,-0.834298528608466,0.8245784240839611,0.0063251249456299,2,0
249210,-0.05811468174328171,-1.3564221143806794,0.6515517564598249,0.0,0.0,-0.834298528608466,-1.212740924079984,0.0063251249456299,2,0
249211,-0.05811468174328171,0.7372336305918931,-1.4208171969200585,0.0,0.0,-0.834298528608466,-1.212740924079984,-0.0228880126299756,2,0
249213,-0.05811468174328171,-1.3564221143806794,1.6877362331497665,0.0,0.0,-0.834298528608466,-1.212740924079984,0.0501448313090382,1,2
249214,-0.05811468174328171,0.7372336305918931,1.6877362331497665,0.0,0.0,-0.834298528608466,0.8245784240839611,0.1377842440358549,0,1
249215,-0.05811468174328171,-1.3564221143806794,-0.38463272023011674,0.0,0.0,1.1986117267495475,-1.212740924079984,0.0209316937334327,1,2
249216,-0.05811468174328171,0.7372336305918931,0.6515517564598249,0.0,0.0,1.1986117267495475,-1.212740924079984,0.1231776752480521,0,1
249218,-0.04347709613472944,-1.3564221143806794,0.6515517564598249,0.0,0.0,-0.834298528608466,-1.212740924079984,-0.0082814438421728,2,0
249219,-0.05811468174328171,0.7372336305918931,0.6515517564598249,0.0,0.0,1.1986117267495475,0.8245784240839611,0.1523908128236577,0,1
249221,-0.05811468174328171,-1.3564221143806794,-0.38463272023011674,0.0,0.0,-0.834298528608466,0.8245784240839611,-0.0082814438421728,2,0
249222,-0.05811468174328171,0.7372336305918931,0.6515517564598249,0.0,0.0,-0.834298528608466,0.8245784240839611,0.0939645376724466,0,1
249223,-0.05811468174328171,0.7372336305918931,-0.38463272023011674,0.0,0.0,-0.834298528608466,-1.212740924079984,0.0209316937334327,1,2
249224,-0.05811468174328171,0.7372336305918931,1.6877362331497665,0.0,0.0,-0.834298528608466,0.8245784240839611,0.1377842440358549,0,1
249225,-0.05811468174328171,0.7372336305918931,-0.38463272023011674,0.0,0.0,-0.834298528608466,0.8245784240839611,0.0501448313090382,1,2
249226,-0.05811468174328171,0.7372336305918931,-0.38463272023011674,0.0,0.0,-0.834298528608466,-1.212740924079984,0.0209316937334327,1,2
249228,-0.05811468174328171,0.7372336305918931,0.6515517564598249,0.0,0.0,1.1986117267495475,-1.212740924079984,0.1231776752480521,0,1
249232,-0.05811468174328171,0.7372336305918931,0.6515517564598249,0.0,0.0,-0.834298528608466,0.8245784240839611,0.0939645376724466,0,1
249233,-0.05811468174328171,-1.3564221143806794,0.6515517564598249,0.0,0.0,1.1986117267495475,-1.212740924079984,0.064751400096841,1,2
249234,-0.04347709613472944,0.7372336305918931,-1.4208171969200585,0.0,0.0,-0.834298528608466,0.8245784240839611,-0.0082814438421728,2,0
249235,-0.05811468174328171,0.7372336305918931,-0.38463272023011674,0.0,0.0,-0.834298528608466,0.8245784240839611,0.0501448313090382,1,2
249236,-0.05811468174328171,0.7372336305918931,1.6877362331497665,0.0,0.0,-0.834298528608466,0.8245784240839611,0.1377842440358549,0,1
249238,-0.05811468174328171,0.7372336305918931,0.6515517564598249,0.0,0.0,-0.834298528608466,-1.212740924079984,0.064751400096841,1,2
249239,-0.05811468174328171,0.7372336305918931,0.6515517564598249,0.0,0.0,1.1986117267495475,0.8245784240839611,0.1523908128236577,0,1
249240,-0.05811468174328171,-1.3564221143806794,-1.4208171969200585,0.0,0.0,1.1986117267495475,0.8245784240839611,0.0063251249456299,2,0
249241,-0.05811468174328171,0.7372336305918931,-0.38463272023011674,0.0,0.0,-0.834298528608466,-1.212740924079984,0.0209316937334327,1,2
249242,-0.05811468174328171,0.7372336305918931,0.6515517564598249,0.0,0.0,1.1986117267495475,0.8245784240839611,0.1523908128236577,0,1
249243,-0.05811468174328171,0.7372336305918931,0.6515517564598249,0.0,0.0,1.1986117267495475,-1.212740924079984,0.1231776752480521,0,1
249244,-0.05811468174328171,0.7372336305918931,-1.4208171969200585,0.0,0.0,1.1986117267495475,-1.212740924079984,0.0355382625212355,1,2
249247,-0.05811468174328171,0.7372336305918931,1.6877362331497665,0.0,0.0,-0.834298528608466,0.8245784240839611,0.1377842440358549,0,1
249250,-0.05811468174328171,0.7372336305918931,-0.38463272023011674,0.0,0.0,1.1986117267495475,-1.212740924079984,0.0793579688846438,0,1
249253,-0.05811468174328171,0.7372336305918931,-1.4208171969200585,0.0,0.0,-0.834298528608466,-1.212740924079984,-0.0228880126299756,2,0
249257,-0.05811468174328171,0.7372336305918931,-0.38463272023011674,0.0,0.0,1.1986117267495475,-1.212740924079984,0.0793579688846438,0,1
249258,-0.05811468174328171,-1.3564221143806794,-0.38463272023011674,0.0,0.0,-0.834298528608466,0.8245784240839611,-0.0082814438421728,2,0
249264,-0.05811468174328171,0.7372336305918931,-0.38463272023011674,0.0,0.0,-0.834298528608466,0.8245784240839611,0.0501448313090382,1,2
249267,-0.05811468174328171,0.7372336305918931,-1.4208171969200585,0.0,0.0,-0.834298528608466,-1.212740924079984,-0.0228880126299756,2,0
249275,-0.05811468174328171,-1.3564221143806794,-1.4208171969200585,0.0,0.0,-0.834298528608466,0.8245784240839611,-0.0521011502055811,2,0
249276,-0.05811468174328171,-1.3564221143806794,0.6515517564598249,0.0,0.0,1.1986117267495475,-1.212740924079984,0.064751400096841,1,2
249278,-0.05811468174328171,0.7372336305918931,-1.4208171969200585,0.0,0.0,-0.834298528608466,0.8245784240839611,0.0063251249456299,2,0
249279,-0.05811468174328171,-1.3564221143806794,-0.38463272023011674,0.0,0.0,-0.834298528608466,0.8245784240839611,-0.0082814438421728,2,0
250011,-0.05811468174328171,0.7372336305918931,-0.38463272023011674,0.0,0.0,1.1986117267495475,0.8245784240839611,0.1085711064602493,0,1
250012,-0.05811468174328171,0.7372336305918931,-0.38463272023011674,0.0,0.0,-0.834298528608466,0.8245784240839611,0.0501448313090382,1,2
250013,-0.04347709613472944,0.7372336305918931,0.6515517564598249,0.0,0.0,-0.834298528608466,0.8245784240839611,0.0793579688846438,0,1
250014,-0.04347709613472944,0.7372336305918931,-0.38463272023011674,0.0,0.0,-0.834298528608466,-1.212740924079984,0.0063251249456299,2,0
250015,-0.05811468174328171,-1.3564221143806794,0.6515517564598249,0.0,0.0,-0.834298528608466,0.8245784240839611,0.0355382625212355,1,2
250016,-0.04347709613472944,0.7372336305918931,0.6515517564598249,0.0,0.0,-0.834298528608466,-1.212740924079984,0.0501448313090382,1,2
250017,-0.05811468174328171,0.7372336305918931,-1.4208171969200585,0.0,0.0,-0.834298528608466,0.8245784240839611,0.0063251249456299,2,0
250018,-0.05811468174328171,0.7372336305918931,-1.4208171969200585,0.0,0.0,1.1986117267495475,-1.212740924079984,0.0355382625212355,1,2
250019,-0.05811468174328171,-1.3564221143806794,-0.38463272023011674,0.0,0.0,1.1986117267495475,-1.212740924079984,0.0209316937334327,1,2
250020,-0.05811468174328171,0.7372336305918931,-0.38463272023011674,0.0,0.0,-0.834298528608466,-1.212740924079984,0.0209316937334327,1,2
259001,-0.05811468174328171,-1.3564221143806794,0.6515517564598249,0.0,0.0,-0.834298528608466,-1.212740924079984,0.0063251249456299,2,0
259002,-0.05811468174328171,-1.3564221143806794,0.6515517564598249,0.0,0.0,-0.834298528608466,0.8245784240839611,0.0355382625212355,1,2
259003,-0.05811468174328171,-1.3564221143806794,-0.38463272023011674,0.0,0.0,1.1986117267495475,0.8245784240839611,0.0501448313090382,1,2
259004,-0.05811468174328171,-1.3564221143806794,-1.4208171969200585,0.0,0.0,-0.834298528608466,0.8245784240839611,-0.0521011502055811,2,0
259007,-0.05811468174328171,0.7372336305918931,-0.38463272023011674,0.0,0.0,1.1986117267495475,0.8245784240839611,0.1085711064602493,0,1
259008,-0.05811468174328171,-1.3564221143806794,0.6515517564598249,0.0,0.0,-0.834298528608466,0.8245784240839611,0.0355382625212355,1,2
259009,-0.04347709613472944,0.7372336305918931,-0.38463272023011674,0.0,0.0,1.1986117267495475,-1.212740924079984,0.064751400096841,1,2
259010,-0.05811468174328171,0.7372336305918931,-0.38463272023011674,0.0,0.0,-0.834298528608466,-1.212740924079984,0.0209316937334327,1,2
259011,-0.05811468174328171,0.7372336305918931,-1.4208171969200585,0.0,0.0,1.1986117267495475,-1.212740924079984,0.0355382625212355,1,2
259012,-0.05811468174328171,-1.3564221143806794,0.6515517564598249,0.0,0.0,-0.834298528608466,-1.212740924079984,0.0063251249456299,2,0
260051,-0.05811468174328171,0.7372336305918931,1.6877362331497665,0.0,0.0,1.1986117267495475,-1.212740924079984,0.1669973816114605,0,1
260052,-0.05811468174328171,0.7372336305918931,-0.38463272023011674,0.0,0.0,-0.834298528608466,-1.212740924079984,0.0209316937334327,1,2
260053,-0.05811468174328171,0.7372336305918931,-0.38463272023011674,0.0,0.0,-0.834298528608466,-1.212740924079984,0.0209316937334327,1,2
260054,-0.05811468174328171,-1.3564221143806794,1.6877362331497665,0.0,0.0,-0.834298528608466,-1.212740924079984,0.0501448313090382,1,2
260055,-0.05811468174328171,0.7372336305918931,-0.38463272023011674,0.0,0.0,1.1986117267495475,0.8245784240839611,0.1085711064602493,0,1
260056,-0.05811468174328171,0.7372336305918931,0.6515517564598249,0.0,0.0,1.1986117267495475,-1.212740924079984,0.1231776752480521,0,1
260057,-0.05811468174328171,0.7372336305918931,-1.4208171969200585,0.0,0.0,-0.834298528608466,0.8245784240839611,0.0063251249456299,2,0
260058,-0.05811468174328171,-1.3564221143806794,0.6515517564598249,0.0,0.0,-0.834298528608466,0.8245784240839611,0.0355382625212355,1,2
260059,-0.05811468174328171,0.7372336305918931,-1.4208171969200585,0.0,0.0,-0.834298528608466,0.8245784240839611,0.0063251249456299,2,0
260060,-0.05811468174328171,-1.3564221143806794,1.6877362331497665,0.0,0.0,1.1986117267495475,-1.212740924079984,0.1085711064602493,0,1
260081,-0.05811468174328171,-1.3564221143806794,0.6515517564598249,0.0,0.0,1.1986117267495475,-1.212740924079984,0.064751400096841,1,2
260082,-0.05811468174328171,0.7372336305918931,0.6515517564598249,0.0,0.0,1.1986117267495475,-1.212740924079984,0.1231776752480521,0,1
260083,-0.05811468174328171,-1.3564221143806794,0.6515517564598249,0.0,0.0,-0.834298528608466,-1.212740924079984,0.0063251249456299,2,0
260084,-0.014201924917624904,-1.3564221143806794,0.6515517564598249,0.0,0.0,1.1986117267495475,-1.212740924079984,0.0209316937334327,1,2
260085,-0.05811468174328171,-1.3564221143806794,-0.38463272023011674,0.0,0.0,1.1986117267495475,0.8245784240839611,0.0501448313090382,1,2
260086,-0.05811468174328171,0.7372336305918931,1.6877362331497665,0.0,0.0,1.1986117267495475,0.8245784240839611,0.196210519187066,0,1
260087,-0.05811468174328171,0.7372336305918931,1.6877362331497665,0.0,0.0,-0.834298528608466,0.8245784240839611,0.1377842440358549,0,1
260088,-0.04347709613472944,0.7372336305918931,-0.38463272023011674,0.0,0.0,1.1986117267495475,0.8245784240839611,0.0939645376724466,0,1
260089,-0.05811468174328171,0.7372336305918931,1.6877362331497665,0.0,0.0,-0.834298528608466,-1.212740924079984,0.1085711064602493,0,1
260090,-0.05811468174328171,-1.3564221143806794,0.6515517564598249,0.0,0.0,-0.834298528608466,0.8245784240839611,0.0355382625212355,1,2
260111,-0.05811468174328171,0.7372336305918931,-0.38463272023011674,0.0,0.0,-0.834298528608466,-1.212740924079984,0.0209316937334327,1,2
260112,-0.05811468174328171,0.7372336305918931,-0.38463272023011674,0.0,0.0,-0.834298528608466,0.8245784240839611,0.0501448313090382,1,2
260113,-0.05811468174328171,-1.3564221143806794,-0.38463272023011674,0.0,0.0,-0.834298528608466,0.8245784240839611,-0.0082814438421728,2,0
260114,-0.05811468174328171,0.7372336305918931,-1.4208171969200585,0.0,0.0,-0.834298528608466,0.8245784240839611,0.0063251249456299,2,0
260115,-0.04347709613472944,0.7372336305918931,-0.38463272023011674,0.0,0.0,-0.834298528608466,-1.212740924079984,0.0063251249456299,2,0
260116,-0.05811468174328171,-1.3564221143806794,-0.38463272023011674,0.0,0.0,1.1986117267495475,0.8245784240839611,0.0501448313090382,1,2
260117,-0.05811468174328171,-1.3564221143806794,-0.38463272023011674,0.0,0.0,-0.834298528608466,-1.212740924079984,-0.0374945814177783,2,0
260118,-0.05811468174328171,-1.3564221143806794,-0.38463272023011674,0.0,0.0,-0.834298528608466,-1.212740924079984,-0.0374945814177783,2,0
260119,-0.05811468174328171,-1.3564221143806794,1.6877362331497665,0.0,0.0,-0.834298528608466,-1.212740924079984,0.0501448313090382,1,2
260120,-0.04347709613472944,0.7372336305918931,-0.38463272023011674,0.0,0.0,1.1986117267495475,-1.212740924079984,0.064751400096841,1,2
260151,-0.05811468174328171,0.7372336305918931,-0.38463272023011674,0.0,0.0,1.1986117267495475,0.8245784240839611,0.1085711064602493,0,1
260152,-0.05811468174328171,0.7372336305918931,-1.4208171969200585,0.0,0.0,-0.834298528608466,0.8245784240839611,0.0063251249456299,2,0
260153,-0.05811468174328171,0.7372336305918931,-1.4208171969200585,0.0,0.0,1.1986117267495475,-1.212740924079984,0.0355382625212355,1,2
260154,-0.05811468174328171,-1.3564221143806794,0.6515517564598249,0.0,0.0,-0.834298528608466,0.8245784240839611,0.0355382625212355,1,2
260155,-0.05811468174328171,0.7372336305918931,0.6515517564598249,0.0,0.0,1.1986117267495475,0.8245784240839611,0.1523908128236577,0,1
260156,-0.05811468174328171,0.7372336305918931,0.6515517564598249,0.0,0.0,-0.834298528608466,0.8245784240839611,0.0939645376724466,0,1
260157,-0.05811468174328171,0.7372336305918931,-1.4208171969200585,0.0,0.0,-0.834298528608466,0.8245784240839611,0.0063251249456299,2,0
260158,-0.05811468174328171,0.7372336305918931,0.6515517564598249,0.0,0.0,-0.834298528608466,-1.212740924079984,0.064751400096841,1,2
260159,-0.05811468174328171,0.7372336305918931,-0.38463272023011674,0.0,0.0,-0.834298528608466,-1.212740924079984,0.0209316937334327,1,2
260160,-0.05811468174328171,0.7372336305918931,-0.38463272023011674,0.0,0.0,-0.834298528608466,0.8245784240839611,0.0501448313090382,1,2
260161,-0.04347709613472944,0.7372336305918931,-1.4208171969200585,0.0,0.0,1.1986117267495475,0.8245784240839611,0.0501448313090382,1,2
260162,-0.05811468174328171,-1.3564221143806794,-1.4208171969200585,0.0,0.0,1.1986117267495475,0.8245784240839611,0.0063251249456299,2,0
260163,-0.05811468174328171,-1.3564221143806794,-0.38463272023011674,0.0,0.0,-0.834298528608466,0.8245784240839611,-0.0082814438421728,2,0
260164,-0.05811468174328171,-1.3564221143806794,-1.4208171969200585,0.0,0.0,-0.834298528608466,0.8245784240839611,-0.0521011502055811,2,0
260165,-0.05811468174328171,-1.3564221143806794,1.6877362331497665,0.0,0.0,-0.834298528608466,-1.212740924079984,0.0501448313090382,1,2
260166,-0.05811468174328171,0.7372336305918931,-0.38463272023011674,0.0,0.0,-0.834298528608466,-1.212740924079984,0.0209316937334327,1,2
260167,-0.05811468174328171,0.7372336305918931,-1.4208171969200585,0.0,0.0,1.1986117267495475,-1.212740924079984,0.0355382625212355,1,2
260168,-0.05811468174328171,0.7372336305918931,-1.4208171969200585,0.0,0.0,-0.834298528608466,0.8245784240839611,0.0063251249456299,2,0
260169,-0.05811468174328171,0.7372336305918931,0.6515517564598249,0.0,0.0,1.1986117267495475,0.8245784240839611,0.1523908128236577,0,1
260170,-0.04347709613472944,0.7372336305918931,-1.4208171969200585,0.0,0.0,-0.834298528608466,0.8245784240839611,-0.0082814438421728,2,0
269001,-0.05811468174328171,-1.3564221143806794,1.6877362331497665,0.0,0.0,-0.834298528608466,0.8245784240839611,0.0793579688846438,0,1
269002,-0.05811468174328171,-1.3564221143806794,1.6877362331497665,0.0,0.0,-0.834298528608466,0.8245784240839611,0.0793579688846438,0,1
269004,-0.05811468174328171,0.7372336305918931,-0.38463272023011674,0.0,0.0,-0.834298528608466,0.8245784240839611,0.0501448313090382,1,2
269005,-0.04347709613472944,0.7372336305918931,-0.38463272023011674,0.0,0.0,-0.834298528608466,0.8245784240839611,0.0355382625212355,1,2
269006,-0.05811468174328171,0.7372336305918931,-1.4208171969200585,0.0,0.0,1.1986117267495475,-1.212740924079984,0.0355382625212355,1,2
269007,-0.05811468174328171,-1.3564221143806794,0.6515517564598249,0.0,0.0,-0.834298528608466,0.8245784240839611,0.0355382625212355,1,2
269009,-0.05811468174328171,-1.3564221143806794,-0.38463272023011674,0.0,0.0,-0.834298528608466,0.8245784240839611,-0.0082814438421728,2,0
269010,-0.05811468174328171,0.7372336305918931,-0.38463272023011674,0.0,0.0,1.1986117267495475,-1.212740924079984,0.0793579688846438,0,1
269011,-0.05811468174328171,-1.3564221143806794,-0.38463272023011674,0.0,0.0,-0.834298528608466,-1.212740924079984,-0.0374945814177783,2,0
269012,-0.05811468174328171,-1.3564221143806794,0.6515517564598249,0.0,0.0,1.1986117267495475,0.8245784240839611,0.0939645376724466,0,1
269013,-0.05811468174328171,0.7372336305918931,-0.38463272023011674,0.0,0.0,-0.834298528608466,-1.212740924079984,0.0209316937334327,1,2
269014,-0.05811468174328171,-1.3564221143806794,-1.4208171969200585,0.0,0.0,-0.834298528608466,0.8245784240839611,-0.0521011502055811,2,0
269015,-0.05811468174328171,0.7372336305918931,0.6515517564598249,0.0,0.0,1.1986117267495475,-1.212740924079984,0.1231776752480521,0,1
269017,-0.05811468174328171,-1.3564221143806794,0.6515517564598249,0.0,0.0,1.1986117267495475,0.8245784240839611,0.0939645376724466,0,1
269018,-0.05811468174328171,-1.3564221143806794,1.6877362331497665,0.0,0.0,-0.834298528608466,0.8245784240839611,0.0793579688846438,0,1
269019,-0.05811468174328171,0.7372336305918931,-1.4208171969200585,0.0,0.0,-0.834298528608466,-1.212740924079984,-0.0228880126299756,2,0
269020,-0.05811468174328171,0.7372336305918931,0.6515517564598249,0.0,0.0,1.1986117267495475,0.8245784240839611,0.1523908128236577,0,1
269021,-0.04347709613472944,0.7372336305918931,0.6515517564598249,0.0,0.0,-0.834298528608466,0.8245784240839611,0.0793579688846438,0,1
269023,-0.05811468174328171,0.7372336305918931,-1.4208171969200585,0.0,0.0,-0.834298528608466,0.8245784240839611,0.0063251249456299,2,0
269024,-0.05811468174328171,-1.3564221143806794,0.6515517564598249,0.0,0.0,1.1986117267495475,0.8245784240839611,0.0939645376724466,0,1
269025,-0.05811468174328171,0.7372336305918931,-0.38463272023011674,0.0,0.0,1.1986117267495475,0.8245784240839611,0.1085711064602493,0,1
269026,-0.05811468174328171,-1.3564221143806794,1.6877362331497665,0.0,0.0,1.1986117267495475,-1.212740924079984,0.1085711064602493,0,1
269027,-0.05811468174328171,0.7372336305918931,-1.4208171969200585,0.0,0.0,1.1986117267495475,0.8245784240839611,0.064751400096841,1,2
269028,-0.05811468174328171,0.7372336305918931,0.6515517564598249,0.0,0.0,1.1986117267495475,0.8245784240839611,0.1523908128236577,0,1
269030,-0.05811468174328171,0.7372336305918931,-0.38463272023011674,0.0,0.0,1.1986117267495475,-1.212740924079984,0.0793579688846438,0,1
269031,-0.05811468174328171,0.7372336305918931,1.6877362331497665,0.0,0.0,1.1986117267495475,-1.212740924079984,0.1669973816114605,0,1
269033,-0.05811468174328171,-1.3564221143806794,-0.38463272023011674,0.0,0.0,-0.834298528608466,-1.212740924079984,-0.0374945814177783,2,0
269034,-0.05811468174328171,-1.3564221143806794,1.6877362331497665,0.0,0.0,-0.834298528608466,0.8245784240839611,0.0793579688846438,0,1
269035,-0.05811468174328171,0.7372336305918931,1.6877362331497665,0.0,0.0,1.1986117267495475,0.8245784240839611,0.196210519187066,0,1
269036,-0.05811468174328171,0.7372336305918931,-0.38463272023011674,0.0,0.0,1.1986117267495475,-1.212740924079984,0.0793579688846438,0,1
269037,-0.05811468174328171,0.7372336305918931,0.6515517564598249,0.0,0.0,-0.834298528608466,0.8245784240839611,0.0939645376724466,0,1
269038,-0.05811468174328171,-1.3564221143806794,1.6877362331497665,0.0,0.0,-0.834298528608466,0.8245784240839611,0.0793579688846438,0,1
269039,-0.05811468174328171,-1.3564221143806794,-0.38463272023011674,0.0,0.0,1.1986117267495475,-1.212740924079984,0.0209316937334327,1,2
269040,-0.05811468174328171,-1.3564221143806794,-0.38463272023011674,0.0,0.0,-0.834298528608466,0.8245784240839611,-0.0082814438421728,2,0
269041,-0.05811468174328171,0.7372336305918931,-0.38463272023011674,0.0,0.0,-0.834298528608466,0.8245784240839611,0.0501448313090382,1,2
269042,-0.05811468174328171,0.7372336305918931,-0.38463272023011674,0.0,0.0,1.1986117267495475,0.8245784240839611,0.1085711064602493,0,1
269043,-0.05811468174328171,0.7372336305918931,-1.4208171969200585,0.0,0.0,1.1986117267495475,-1.212740924079984,0.0355382625212355,1,2
269044,-0.05811468174328171,-1.3564221143806794,-0.38463272023011674,0.0,0.0,1.1986117267495475,-1.212740924079984,0.0209316937334327,1,2
269046,-0.05811468174328171,0.7372336305918931,-0.38463272023011674,0.0,0.0,1.1986117267495475,-1.212740924079984,0.0793579688846438,0,1
269047,-0.05811468174328171,0.7372336305918931,-0.38463272023011674,0.0,0.0,-0.834298528608466,0.8245784240839611,0.0501448313090382,1,2
269049,-0.05811468174328171,-1.3564221143806794,-1.4208171969200585,0.0,0.0,1.1986117267495475,0.8245784240839611,0.0063251249456299,2,0
269050,-0.05811468174328171,0.7372336305918931,1.6877362331497665,0.0,0.0,-0.834298528608466,0.8245784240839611,0.1377842440358549,0,1
269051,-0.05811468174328171,0.7372336305918931,0.6515517564598249,0.0,0.0,1.1986117267495475,-1.212740924079984,0.1231776752480521,0,1
269052,-0.05811468174328171,0.7372336305918931,-1.4208171969200585,0.0,0.0,-0.834298528608466,-1.212740924079984,-0.0228880126299756,2,0
269053,-0.05811468174328171,0.7372336305918931,0.6515517564598249,0.0,0.0,-0.834298528608466,0.8245784240839611,0.0939645376724466,0,1
269054,-0.05811468174328171,-1.3564221143806794,0.6515517564598249,0.0,0.0,-0.834298528608466,0.8245784240839611,0.0355382625212355,1,2
269055,-0.05811468174328171,-1.3564221143806794,1.6877362331497665,0.0,0.0,-0.834298528608466,0.8245784240839611,0.0793579688846438,0,1
269056,-0.05811468174328171,0.7372336305918931,-1.4208171969200585,0.0,0.0,1.1986117267495475,0.8245784240839611,0.064751400096841,1,2
269059,-0.05811468174328171,-1.3564221143806794,-0.38463272023011674,0.0,0.0,1.1986117267495475,-1.212740924079984,0.0209316937334327,1,2
269060,-0.05811468174328171,0.7372336305918931,1.6877362331497665,0.0,0.0,1.1986117267495475,-1.212740924079984,0.1669973816114605,0,1
269061,-0.05811468174328171,0.7372336305918931,1.6877362331497665,0.0,0.0,1.1986117267495475,-1.212740924079984,0.1669973816114605,0,1
269062,-0.05811468174328171,0.7372336305918931,0.6515517564598249,0.0,0.0,-0.834298528608466,-1.212740924079984,0.064751400096841,1,2
269063,-0.05811468174328171,0.7372336305918931,0.6515517564598249,0.0,0.0,1.1986117267495475,-1.212740924079984,0.1231776752480521,0,1
269064,-0.05811468174328171,-1.3564221143806794,-1.4208171969200585,0.0,0.0,1.1986117267495475,-1.212740924079984,-0.0228880126299756,2,0
269066,-0.05811468174328171,-1.3564221143806794,-0.38463272023011674,0.0,0.0,1.1986117267495475,-1.212740924079984,0.0209316937334327,1,2
269067,-0.05811468174328171,-1.3564221143806794,-0.38463272023011674,0.0,0.0,-0.834298528608466,-1.212740924079984,-0.0374945814177783,2,0
269068,-0.05811468174328171,0.7372336305918931,-1.4208171969200585,0.0,0.0,1.1986117267495475,0.8245784240839611,0.064751400096841,1,2
269069,-0.05811468174328171,-1.3564221143806794,0.6515517564598249,0.0,0.0,1.1986117267495475,-1.212740924079984,0.064751400096841,1,2
269070,-0.05811468174328171,-1.3564221143806794,-1.4208171969200585,0.0,0.0,-0.834298528608466,0.8245784240839611,-0.0521011502055811,2,0
269071,-0.04347709613472944,0.7372336305918931,-0.38463272023011674,0.0,0.0,1.1986117267495475,0.8245784240839611,0.0939645376724466,0,1
269073,-0.05811468174328171,0.7372336305918931,1.6877362331497665,0.0,0.0,1.1986117267495475,0.8245784240839611,0.196210519187066,0,1
269074,-0.05811468174328171,-1.3564221143806794,-1.4208171969200585,0.0,0.0,-0.834298528608466,0.8245784240839611,-0.0521011502055811,2,0
269075,-0.05811468174328171,0.7372336305918931,1.6877362331497665,0.0,0.0,1.1986117267495475,-1.212740924079984,0.1669973816114605,0,1
269076,-0.05811468174328171,0.7372336305918931,1.6877362331497665,0.0,0.0,1.1986117267495475,0.8245784240839611,0.196210519187066,0,1
269077,-0.04347709613472944,-1.3564221143806794,0.6515517564598249,0.0,0.0,1.1986117267495475,0.8245784240839611,0.0793579688846438,0,1
269079,-0.05811468174328171,-1.3564221143806794,-1.4208171969200585,0.0,0.0,-0.834298528608466,0.8245784240839611,-0.0521011502055811,2,0
269081,-0.05811468174328171,-1.3564221143806794,-0.38463272023011674,0.0,0.0,1.1986117267495475,-1.212740924079984,0.0209316937334327,1,2
269082,-0.05811468174328171,0.7372336305918931,-0.38463272023011674,0.0,0.0,-0.834298528608466,-1.212740924079984,0.0209316937334327,1,2
269083,-0.05811468174328171,-1.3564221143806794,-0.38463272023011674,0.0,0.0,-0.834298528608466,-1.212740924079984,-0.0374945814177783,2,0
269084,-0.05811468174328171,0.7372336305918931,-0.38463272023011674,0.0,0.0,1.1986117267495475,0.8245784240839611,0.1085711064602493,0,1
269085,-0.05811468174328171,0.7372336305918931,1.6877362331497665,0.0,0.0,1.1986117267495475,0.8245784240839611,0.196210519187066,0,1
269086,-0.05811468174328171,0.7372336305918931,-1.4208171969200585,0.0,0.0,1.1986117267495475,-1.212740924079984,0.0355382625212355,1,2
269087,-0.05811468174328171,-1.3564221143806794,0.6515517564598249,0.0,0.0,-0.834298528608466,0.8245784240839611,0.0355382625212355,1,2
269088,-0.05811468174328171,0.7372336305918931,-1.4208171969200585,0.0,0.0,-0.834298528608466,0.8245784240839611,0.0063251249456299,2,0
269089,-0.05811468174328171,0.7372336305918931,0.6515517564598249,0.0,0.0,1.1986117267495475,0.8245784240839611,0.1523908128236577,0,1
269090,-0.05811468174328171,0.7372336305918931,1.6877362331497665,0.0,0.0,-0.834298528608466,0.8245784240839611,0.1377842440358549,0,1
269092,-0.05811468174328171,0.7372336305918931,-0.38463272023011674,0.0,0.0,1.1986117267495475,0.8245784240839611,0.1085711064602493,0,1
269093,-0.05811468174328171,0.7372336305918931,-1.4208171969200585,0.0,0.0,1.1986117267495475,-1.212740924079984,0.0355382625212355,1,2
269094,-0.05811468174328171,0.7372336305918931,0.6515517564598249,0.0,0.0,1.1986117267495475,0.8245784240839611,0.1523908128236577,0,1
269095,-0.05811468174328171,0.7372336305918931,0.6515517564598249,0.0,0.0,-0.834298528608466,-1.212740924079984,0.064751400096841,1,2
269096,-0.05811468174328171,0.7372336305918931,0.6515517564598249,0.0,0.0,1.1986117267495475,0.8245784240839611,0.1523908128236577,0,1
269097,-0.05811468174328171,-1.3564221143806794,-0.38463272023011674,0.0,0.0,1.1986117267495475,0.8245784240839611,0.0501448313090382,1,2
269098,-0.05811468174328171,-1.3564221143806794,-0.38463272023011674,0.0,0.0,-0.834298528608466,0.8245784240839611,-0.0082814438421728,2,0
269099,-0.05811468174328171,-1.3564221143806794,1.6877362331497665,0.0,0.0,-0.834298528608466,0.8245784240839611,0.0793579688846438,0,1
269100,-0.05811468174328171,0.7372336305918931,1.6877362331497665,0.0,0.0,-0.834298528608466,-1.212740924079984,0.1085711064602493,0,1
269101,-0.05811468174328171,0.7372336305918931,-0.38463272023011674,0.0,0.0,-0.834298528608466,-1.212740924079984,0.0209316937334327,1,2
269102,-0.05811468174328171,0.7372336305918931,0.6515517564598249,0.0,0.0,1.1986117267495475,0.8245784240839611,0.1523908128236577,0,1
269104,-0.05811468174328171,0.7372336305918931,-0.38463272023011674,0.0,0.0,1.1986117267495475,-1.212740924079984,0.0793579688846438,0,1
269105,-0.05811468174328171,0.7372336305918931,-0.38463272023011674,0.0,0.0,1.1986117267495475,0.8245784240839611,0.1085711064602493,0,1
269106,-0.05811468174328171,0.7372336305918931,-1.4208171969200585,0.0,0.0,-0.834298528608466,-1.212740924079984,-0.0228880126299756,2,0
270001,-0.05811468174328171,-1.3564221143806794,-0.38463272023011674,0.0,0.0,1.1986117267495475,-1.212740924079984,0.0209316937334327,1,2
270002,-0.05811468174328171,0.7372336305918931,-0.38463272023011674,0.0,0.0,-0.834298528608466,-1.212740924079984,0.0209316937334327,1,2
270003,-0.05811468174328171,-1.3564221143806794,-1.4208171969200585,0.0,0.0,1.1986117267495475,0.8245784240839611,0.0063251249456299,2,0
270004,-0.05811468174328171,-1.3564221143806794,-0.38463272023011674,0.0,0.0,1.1986117267495475,0.8245784240839611,0.0501448313090382,1,2
270005,-0.05811468174328171,-1.3564221143806794,0.6515517564598249,0.0,0.0,1.1986117267495475,-1.212740924079984,0.064751400096841,1,2
270006,-0.05811468174328171,-1.3564221143806794,0.6515517564598249,0.0,0.0,1.1986117267495475,-1.212740924079984,0.064751400096841,1,2
270007,-0.05811468174328171,0.7372336305918931,0.6515517564598249,0.0,0.0,1.1986117267495475,0.8245784240839611,0.1523908128236577,0,1
270008,-0.05811468174328171,0.7372336305918931,1.6877362331497665,0.0,0.0,1.1986117267495475,-1.212740924079984,0.1669973816114605,0,1
270009,-0.05811468174328171,-1.3564221143806794,-1.4208171969200585,0.0,0.0,1.1986117267495475,0.8245784240839611,0.0063251249456299,2,0
270010,-0.05811468174328171,0.7372336305918931,0.6515517564598249,0.0,0.0,-0.834298528608466,0.8245784240839611,0.0939645376724466,0,1
270023,-0.05811468174328171,0.7372336305918931,0.6515517564598249,0.0,0.0,1.1986117267495475,0.8245784240839611,0.1523908128236577,0,1
270024,-0.05811468174328171,-1.3564221143806794,-0.38463272023011674,0.0,0.0,1.1986117267495475,0.8245784240839611,0.0501448313090382,1,2
270025,0.00043566069092736256,0.7372336305918931,-0.38463272023011674,0.0,0.0,-0.834298528608466,0.8245784240839611,-0.0082814438421728,2,0
270028,-0.05811468174328171,-1.3564221143806794,-1.4208171969200585,0.0,0.0,-0.834298528608466,0.8245784240839611,-0.0521011502055811,2,0
270029,-0.05811468174328171,0.7372336305918931,1.6877362331497665,0.0,0.0,1.1986117267495475,0.8245784240839611,0.196210519187066,0,1
270030,-0.05811468174328171,0.7372336305918931,-0.38463272023011674,0.0,0.0,-0.834298528608466,0.8245784240839611,0.0501448313090382,1,2
270041,-0.028839510526177174,-1.3564221143806794,1.6877362331497665,0.0,0.0,-0.834298528608466,-1.212740924079984,0.0209316937334327,1,2
270044,-0.05811468174328171,-1.3564221143806794,0.6515517564598249,0.0,0.0,1.1986117267495475,0.8245784240839611,0.0939645376724466,0,1
270045,-0.05811468174328171,0.7372336305918931,0.6515517564598249,0.0,0.0,1.1986117267495475,-1.212740924079984,0.1231776752480521,0,1
270046,-0.05811468174328171,0.7372336305918931,0.6515517564598249,0.0,0.0,1.1986117267495475,0.8245784240839611,0.1523908128236577,0,1
270047,-0.05811468174328171,-1.3564221143806794,0.6515517564598249,0.0,0.0,-0.834298528608466,0.8245784240839611,0.0355382625212355,1,2
270049,-0.05811468174328171,0.7372336305918931,-0.38463272023011674,0.0,0.0,-0.834298528608466,-1.212740924079984,0.0209316937334327,1,2
270051,-0.05811468174328171,0.7372336305918931,-0.38463272023011674,0.0,0.0,-0.834298528608466,-1.212740924079984,0.0209316937334327,1,2
270052,-0.05811468174328171,0.7372336305918931,0.6515517564598249,0.0,0.0,-0.834298528608466,0.8245784240839611,0.0939645376724466,0,1
270053,-0.05811468174328171,0.7372336305918931,-0.38463272023011674,0.0,0.0,-0.834298528608466,0.8245784240839611,0.0501448313090382,1,2
270054,-0.05811468174328171,0.7372336305918931,-0.38463272023011674,0.0,0.0,1.1986117267495475,0.8245784240839611,0.1085711064602493,0,1
270055,-0.05811468174328171,0.7372336305918931,-1.4208171969200585,0.0,0.0,-0.834298528608466,0.8245784240839611,0.0063251249456299,2,0
270056,-0.05811468174328171,0.7372336305918931,1.6877362331497665,0.0,0.0,-0.834298528608466,-1.212740924079984,0.1085711064602493,0,1
270057,-0.04347709613472944,0.7372336305918931,-1.4208171969200585,0.0,0.0,-0.834298528608466,0.8245784240839611,-0.0082814438421728,2,0
270059,-0.05811468174328171,-1.3564221143806794,0.6515517564598249,0.0,0.0,-0.834298528608466,0.8245784240839611,0.0355382625212355,1,2
270061,-0.05811468174328171,-1.3564221143806794,-0.38463272023011674,0.0,0.0,-0.834298528608466,0.8245784240839611,-0.0082814438421728,2,0
270062,-0.05811468174328171,0.7372336305918931,-0.38463272023011674,0.0,0.0,-0.834298528608466,-1.212740924079984,0.0209316937334327,1,2
270063,-0.04347709613472944,0.7372336305918931,0.6515517564598249,0.0,0.0,1.1986117267495475,0.8245784240839611,0.1377842440358549,0,1
270064,-0.05811468174328171,-1.3564221143806794,-1.4208171969200585,0.0,0.0,-0.834298528608466,-1.212740924079984,-0.0813142877811867,2,0
270065,0.05898600312513643,0.7372336305918931,0.6515517564598249,0.0,0.0,-0.834298528608466,-1.212740924079984,-0.0521011502055811,2,0
270066,-0.05811468174328171,0.7372336305918931,0.6515517564598249,0.0,0.0,-0.834298528608466,0.8245784240839611,0.0939645376724466,0,1
270067,-0.05811468174328171,-1.3564221143806794,0.6515517564598249,0.0,0.0,-0.834298528608466,-1.212740924079984,0.0063251249456299,2,0
270068,-0.04347709613472944,0.7372336305918931,-1.4208171969200585,0.0,0.0,-0.834298528608466,-1.212740924079984,-0.0374945814177783,2,0
270069,-0.05811468174328171,-1.3564221143806794,1.6877362331497665,0.0,0.0,-0.834298528608466,0.8245784240839611,0.0793579688846438,0,1
270070,-0.05811468174328171,-1.3564221143806794,0.6515517564598249,0.0,0.0,-0.834298528608466,0.8245784240839611,0.0355382625212355,1,2
270091,-0.05811468174328171,0.7372336305918931,1.6877362331497665,0.0,0.0,1.1986117267495475,0.8245784240839611,0.196210519187066,0,1
270092,-0.05811468174328171,0.7372336305918931,-0.38463272023011674,0.0,0.0,-0.834298528608466,0.8245784240839611,0.0501448313090382,1,2
270093,-0.04347709613472944,-1.3564221143806794,-0.38463272023011674,0.0,0.0,-0.834298528608466,0.8245784240839611,-0.0228880126299756,2,0
270094,-0.05811468174328171,0.7372336305918931,1.6877362331497665,0.0,0.0,-0.834298528608466,-1.212740924079984,0.1085711064602493,0,1
270095,-0.04347709613472944,0.7372336305918931,1.6877362331497665,0.0,0.0,-0.834298528608466,-1.212740924079984,0.0939645376724466,0,1
270096,-0.05811468174328171,-1.3564221143806794,-0.38463272023011674,0.0,0.0,-0.834298528608466,-1.212740924079984,-0.0374945814177783,2,0
270097,-0.04347709613472944,-1.3564221143806794,-0.38463272023011674,0.0,0.0,-0.834298528608466,0.8245784240839611,-0.0228880126299756,2,0
270098,-0.05811468174328171,0.7372336305918931,-0.38463272023011674,0.0,0.0,-0.834298528608466,-1.212740924079984,0.0209316937334327,1,2
270099,-0.05811468174328171,-1.3564221143806794,-0.38463272023011674,0.0,0.0,-0.834298528608466,-1.212740924079984,-0.0374945814177783,2,0
270100,-0.04347709613472944,0.7372336305918931,-0.38463272023011674,0.0,0.0,-0.834298528608466,0.8245784240839611,0.0355382625212355,1,2
279001,-0.05811468174328171,0.7372336305918931,-0.38463272023011674,0.0,0.0,-0.834298528608466,0.8245784240839611,0.0501448313090382,1,2
279002,-0.05811468174328171,0.7372336305918931,1.6877362331497665,0.0,0.0,-0.834298528608466,0.8245784240839611,0.1377842440358549,0,1
279004,-0.05811468174328171,-1.3564221143806794,-1.4208171969200585,0.0,0.0,1.1986117267495475,0.8245784240839611,0.0063251249456299,2,0
279005,-0.05811468174328171,0.7372336305918931,0.6515517564598249,0.0,0.0,1.1986117267495475,-1.212740924079984,0.1231776752480521,0,1
279006,-0.05811468174328171,0.7372336305918931,-1.4208171969200585,0.0,0.0,1.1986117267495475,0.8245784240839611,0.064751400096841,1,2
279007,-0.05811468174328171,-1.3564221143806794,-0.38463272023011674,0.0,0.0,1.1986117267495475,0.8245784240839611,0.0501448313090382,1,2
279008,-0.05811468174328171,-1.3564221143806794,-1.4208171969200585,0.0,0.0,1.1986117267495475,0.8245784240839611,0.0063251249456299,2,0
279009,-0.05811468174328171,-1.3564221143806794,-0.38463272023011674,0.0,0.0,1.1986117267495475,-1.212740924079984,0.0209316937334327,1,2
279010,-0.05811468174328171,0.7372336305918931,0.6515517564598249,0.0,0.0,1.1986117267495475,0.8245784240839611,0.1523908128236577,0,1
279011,-0.05811468174328171,0.7372336305918931,1.6877362331497665,0.0,0.0,-0.834298528608466,0.8245784240839611,0.1377842440358549,0,1
279015,-0.05811468174328171,-1.3564221143806794,-0.38463272023011674,0.0,0.0,-0.834298528608466,-1.212740924079984,-0.0374945814177783,2,0
279016,-0.05811468174328171,0.7372336305918931,-0.38463272023011674,0.0,0.0,1.1986117267495475,0.8245784240839611,0.1085711064602493,0,1
279017,-0.05811468174328171,-1.3564221143806794,-0.38463272023011674,0.0,0.0,1.1986117267495475,-1.212740924079984,0.0209316937334327,1,2
279018,-0.05811468174328171,0.7372336305918931,1.6877362331497665,0.0,0.0,-0.834298528608466,0.8245784240839611,0.1377842440358549,0,1
279019,-0.05811468174328171,0.7372336305918931,0.6515517564598249,0.0,0.0,1.1986117267495475,0.8245784240839611,0.1523908128236577,0,1
279022,-0.05811468174328171,0.7372336305918931,-0.38463272023011674,0.0,0.0,-0.834298528608466,-1.212740924079984,0.0209316937334327,1,2
279023,-0.05811468174328171,0.7372336305918931,0.6515517564598249,0.0,0.0,-0.834298528608466,-1.212740924079984,0.064751400096841,1,2
279024,-0.05811468174328171,0.7372336305918931,0.6515517564598249,0.0,0.0,-0.834298528608466,-1.212740924079984,0.064751400096841,1,2
279025,-0.05811468174328171,0.7372336305918931,-1.4208171969200585,0.0,0.0,-0.834298528608466,-1.212740924079984,-0.0228880126299756,2,0
279028,-0.05811468174328171,0.7372336305918931,-0.38463272023011674,0.0,0.0,-0.834298528608466,-1.212740924079984,0.0209316937334327,1,2
279029,-0.05811468174328171,0.7372336305918931,1.6877362331497665,0.0,0.0,1.1986117267495475,-1.212740924079984,0.1669973816114605,0,1
279030,-0.05811468174328171,-1.3564221143806794,0.6515517564598249,0.0,0.0,1.1986117267495475,0.8245784240839611,0.0939645376724466,0,1
279031,-0.05811468174328171,-1.3564221143806794,-0.38463272023011674,0.0,0.0,1.1986117267495475,-1.212740924079984,0.0209316937334327,1,2
279032,-0.05811468174328171,-1.3564221143806794,-0.38463272023011674,0.0,0.0,-0.834298528608466,0.8245784240839611,-0.0082814438421728,2,0
279034,-0.05811468174328171,0.7372336305918931,-0.38463272023011674,0.0,0.0,1.1986117267495475,0.8245784240839611,0.1085711064602493,0,1
279036,-0.05811468174328171,0.7372336305918931,-0.38463272023011674,0.0,0.0,-0.834298528608466,0.8245784240839611,0.0501448313090382,1,2
279037,-0.05811468174328171,0.7372336305918931,0.6515517564598249,0.0,0.0,-0.834298528608466,0.8245784240839611,0.0939645376724466,0,1
279038,-0.05811468174328171,-1.3564221143806794,-0.38463272023011674,0.0,0.0,1.1986117267495475,-1.212740924079984,0.0209316937334327,1,2
279040,-0.05811468174328171,0.7372336305918931,0.6515517564598249,0.0,0.0,-0.834298528608466,-1.212740924079984,0.064751400096841,1,2
279042,-0.05811468174328171,0.7372336305918931,1.6877362331497665,0.0,0.0,-0.834298528608466,0.8245784240839611,0.1377842440358549,0,1
279043,-0.05811468174328171,0.7372336305918931,-1.4208171969200585,0.0,0.0,-0.834298528608466,0.8245784240839611,0.0063251249456299,2,0
279044,-0.05811468174328171,0.7372336305918931,-0.38463272023011674,0.0,0.0,1.1986117267495475,0.8245784240839611,0.1085711064602493,0,1
279045,-0.05811468174328171,0.7372336305918931,-0.38463272023011674,0.0,0.0,-0.834298528608466,0.8245784240839611,0.0501448313090382,1,2
279047,-0.04347709613472944,-1.3564221143806794,0.6515517564598249,0.0,0.0,1.1986117267495475,0.8245784240839611,0.0793579688846438,0,1
279048,-0.05811468174328171,0.7372336305918931,-0.38463272023011674,0.0,0.0,1.1986117267495475,0.8245784240839611,0.1085711064602493,0,1
279049,-0.05811468174328171,-1.3564221143806794,0.6515517564598249,0.0,0.0,1.1986117267495475,0.8245784240839611,0.0939645376724466,0,1
279051,-0.05811468174328171,0.7372336305918931,1.6877362331497665,0.0,0.0,1.1986117267495475,-1.212740924079984,0.1669973816114605,0,1
279052,-0.05811468174328171,0.7372336305918931,-0.38463272023011674,0.0,0.0,-0.834298528608466,-1.212740924079984,0.0209316937334327,1,2
279053,-0.04347709613472944,0.7372336305918931,1.6877362331497665,0.0,0.0,-0.834298528608466,0.8245784240839611,0.1231776752480521,0,1
279054,-0.05811468174328171,-1.3564221143806794,1.6877362331497665,0.0,0.0,-0.834298528608466,0.8245784240839611,0.0793579688846438,0,1
279056,-0.05811468174328171,0.7372336305918931,-1.4208171969200585,0.0,0.0,-0.834298528608466,0.8245784240839611,0.0063251249456299,2,0
279057,-0.05811468174328171,0.7372336305918931,-0.38463272023011674,0.0,0.0,1.1986117267495475,-1.212740924079984,0.0793579688846438,0,1
279058,-0.05811468174328171,-1.3564221143806794,1.6877362331497665,0.0,0.0,-0.834298528608466,0.8245784240839611,0.0793579688846438,0,1
279059,-0.04347709613472944,0.7372336305918931,1.6877362331497665,0.0,0.0,-0.834298528608466,-1.212740924079984,0.0939645376724466,0,1
279060,-0.05811468174328171,0.7372336305918931,-1.4208171969200585,0.0,0.0,1.1986117267495475,0.8245784240839611,0.064751400096841,1,2
279061,-0.05811468174328171,0.7372336305918931,-1.4208171969200585,0.0,0.0,1.1986117267495475,-1.212740924079984,0.0355382625212355,1,2
279065,5.796919561677625,0.7372336305918931,-1.4208171969200585,0.0,0.0,1.1986117267495475,-1.212740924079984,-5.807089252599875,2,0
279066,-0.05811468174328171,-1.3564221143806794,1.6877362331497665,0.0,0.0,1.1986117267495475,-1.212740924079984,0.1085711064602493,0,1
279067,-0.05811468174328171,0.7372336305918931,-1.4208171969200585,0.0,0.0,1.1986117267495475,-1.212740924079984,0.0355382625212355,1,2
279068,-0.05811468174328171,-1.3564221143806794,-0.38463272023011674,0.0,0.0,1.1986117267495475,0.8245784240839611,0.0501448313090382,1,2
279069,-0.05811468174328171,0.7372336305918931,0.6515517564598249,0.0,0.0,-0.834298528608466,-1.212740924079984,0.064751400096841,1,2
279073,-0.05811468174328171,0.7372336305918931,-1.4208171969200585,0.0,0.0,1.1986117267495475,-1.212740924079984,0.0355382625212355,1,2
279074,-0.05811468174328171,0.7372336305918931,0.6515517564598249,0.0,0.0,-0.834298528608466,0.8245784240839611,0.0939645376724466,0,1
279078,-0.04347709613472944,-1.3564221143806794,-0.38463272023011674,0.0,0.0,-0.834298528608466,0.8245784240839611,-0.0228880126299756,2,0
279080,-0.05811468174328171,0.7372336305918931,1.6877362331497665,0.0,0.0,-0.834298528608466,-1.212740924079984,0.1085711064602493,0,1
279081,-0.014201924917624904,0.7372336305918931,-0.38463272023011674,0.0,0.0,1.1986117267495475,-1.212740924079984,0.0355382625212355,1,2
279082,-0.05811468174328171,0.7372336305918931,0.6515517564598249,0.0,0.0,1.1986117267495475,0.8245784240839611,0.1523908128236577,0,1
279083,-0.05811468174328171,0.7372336305918931,0.6515517564598249,0.0,0.0,-0.834298528608466,0.8245784240839611,0.0939645376724466,0,1
279084,-0.05811468174328171,0.7372336305918931,-0.38463272023011674,0.0,0.0,-0.834298528608466,-1.212740924079984,0.0209316937334327,1,2
279087,-0.05811468174328171,0.7372336305918931,-1.4208171969200585,0.0,0.0,1.1986117267495475,0.8245784240839611,0.064751400096841,1,2
279088,-0.05811468174328171,0.7372336305918931,-0.38463272023011674,0.0,0.0,1.1986117267495475,-1.212740924079984,0.0793579688846438,0,1
279089,-0.05811468174328171,-1.3564221143806794,-0.38463272023011674,0.0,0.0,-0.834298528608466,-1.212740924079984,-0.0374945814177783,2,0
279090,-0.05811468174328171,-1.3564221143806794,0.6515517564598249,0.0,0.0,-0.834298528608466,0.8245784240839611,0.0355382625212355,1,2
279091,-0.04347709613472944,0.7372336305918931,0.6515517564598249,0.0,0.0,1.1986117267495475,0.8245784240839611,0.1377842440358549,0,1
279092,-0.05811468174328171,0.7372336305918931,-0.38463272023011674,0.0,0.0,-0.834298528608466,-1.212740924079984,0.0209316937334327,1,2
279093,-0.05811468174328171,0.7372336305918931,0.6515517564598249,0.0,0.0,1.1986117267495475,0.8245784240839611,0.1523908128236577,0,1
279094,-0.05811468174328171,0.7372336305918931,0.6515517564598249,0.0,0.0,-0.834298528608466,-1.212740924079984,0.064751400096841,1,2
279095,-0.05811468174328171,-1.3564221143806794,0.6515517564598249,0.0,0.0,-0.834298528608466,-1.212740924079984,0.0063251249456299,2,0
279096,-0.05811468174328171,0.7372336305918931,-0.38463272023011674,0.0,0.0,-0.834298528608466,-1.212740924079984,0.0209316937334327,1,2
279097,-0.05811468174328171,-1.3564221143806794,-0.38463272023011674,0.0,0.0,-0.834298528608466,-1.212740924079984,-0.0374945814177783,2,0
279098,-0.05811468174328171,-1.3564221143806794,-0.38463272023011674,0.0,0.0,-0.834298528608466,0.8245784240839611,-0.0082814438421728,2,0
279100,-0.05811468174328171,0.7372336305918931,-0.38463272023011674,0.0,0.0,-0.834298528608466,0.8245784240839611,0.0501448313090382,1,2
279101,-0.05811468174328171,-1.3564221143806794,-0.38463272023011674,0.0,0.0,1.1986117267495475,-1.212740924079984,0.0209316937334327,1,2
279103,1.4056438791119452,0.7372336305918931,-0.38463272023011674,0.0,0.0,-0.834298528608466,0.8245784240839611,-1.4105120474712394,2,0
279105,-0.05811468174328171,-1.3564221143806794,-1.4208171969200585,0.0,0.0,1.1986117267495475,0.8245784240839611,0.0063251249456299,2,0
279107,-0.05811468174328171,0.7372336305918931,0.6515517564598249,0.0,0.0,-0.834298528608466,0.8245784240839611,0.0939645376724466,0,1
279112,-0.05811468174328171,0.7372336305918931,-0.38463272023011674,0.0,0.0,1.1986117267495475,0.8245784240839611,0.1085711064602493,0,1
279114,-0.05811468174328171,-1.3564221143806794,-1.4208171969200585,0.0,0.0,-0.834298528608466,-1.212740924079984,-0.0813142877811867,2,0
279118,-0.04347709613472944,0.7372336305918931,-0.38463272023011674,0.0,0.0,-0.834298528608466,0.8245784240839611,0.0355382625212355,1,2
279121,-0.05811468174328171,0.7372336305918931,-0.38463272023011674,0.0,0.0,-0.834298528608466,0.8245784240839611,0.0501448313090382,1,2
279125,-0.05811468174328171,0.7372336305918931,0.6515517564598249,0.0,0.0,-0.834298528608466,0.8245784240839611,0.0939645376724466,0,1
280031,-0.05811468174328171,-1.3564221143806794,-0.38463272023011674,0.0,0.0,1.1986117267495475,0.8245784240839611,0.0501448313090382,1,2
280033,-0.05811468174328171,0.7372336305918931,-0.38463272023011674,0.0,0.0,1.1986117267495475,-1.212740924079984,0.0793579688846438,0,1
280036,-0.05811468174328171,0.7372336305918931,-0.38463272023011674,0.0,0.0,1.1986117267495475,0.8245784240839611,0.1085711064602493,0,1
280037,-0.04347709613472944,0.7372336305918931,-0.38463272023011674,0.0,0.0,-0.834298528608466,-1.212740924079984,0.0063251249456299,2,0
280038,-0.05811468174328171,0.7372336305918931,-1.4208171969200585,0.0,0.0,1.1986117267495475,-1.212740924079984,0.0355382625212355,1,2
280039,0.00043566069092736256,0.7372336305918931,1.6877362331497665,0.0,0.0,1.1986117267495475,-1.212740924079984,0.1085711064602493,0,1
280083,-0.05811468174328171,0.7372336305918931,-0.38463272023011674,0.0,0.0,1.1986117267495475,0.8245784240839611,0.1085711064602493,0,1
280084,-0.014201924917624904,0.7372336305918931,-0.38463272023011674,0.0,0.0,1.1986117267495475,-1.212740924079984,0.0355382625212355,1,2
280085,-0.05811468174328171,0.7372336305918931,-1.4208171969200585,0.0,0.0,-0.834298528608466,0.8245784240839611,0.0063251249456299,2,0
280086,-0.05811468174328171,0.7372336305918931,-0.38463272023011674,0.0,0.0,-0.834298528608466,-1.212740924079984,0.0209316937334327,1,2
280087,-0.05811468174328171,0.7372336305918931,0.6515517564598249,0.0,0.0,-0.834298528608466,0.8245784240839611,0.0939645376724466,0,1
280088,-0.05811468174328171,0.7372336305918931,0.6515517564598249,0.0,0.0,1.1986117267495475,-1.212740924079984,0.1231776752480521,0,1
280089,-0.05811468174328171,0.7372336305918931,0.6515517564598249,0.0,0.0,-0.834298528608466,0.8245784240839611,0.0939645376724466,0,1
280090,-0.05811468174328171,-1.3564221143806794,-1.4208171969200585,0.0,0.0,1.1986117267495475,0.8245784240839611,0.0063251249456299,2,0
280111,-0.04347709613472944,0.7372336305918931,-0.38463272023011674,0.0,0.0,-0.834298528608466,0.8245784240839611,0.0355382625212355,1,2
280112,-0.05811468174328171,0.7372336305918931,0.6515517564598249,0.0,0.0,-0.834298528608466,-1.212740924079984,0.064751400096841,1,2
280113,-0.04347709613472944,0.7372336305918931,1.6877362331497665,0.0,0.0,-0.834298528608466,0.8245784240839611,0.1231776752480521,0,1
280114,-0.04347709613472944,0.7372336305918931,-1.4208171969200585,0.0,0.0,-0.834298528608466,0.8245784240839611,-0.0082814438421728,2,0
280116,-0.05811468174328171,0.7372336305918931,-0.38463272023011674,0.0,0.0,1.1986117267495475,0.8245784240839611,0.1085711064602493,0,1
280117,-0.05811468174328171,0.7372336305918931,-0.38463272023011674,0.0,0.0,-0.834298528608466,-1.212740924079984,0.0209316937334327,1,2
280118,-0.05811468174328171,-1.3564221143806794,-1.4208171969200585,0.0,0.0,1.1986117267495475,0.8245784240839611,0.0063251249456299,2,0
280119,-0.05811468174328171,0.7372336305918931,-0.38463272023011674,0.0,0.0,-0.834298528608466,-1.212740924079984,0.0209316937334327,1,2
280120,-0.014201924917624904,0.7372336305918931,-1.4208171969200585,0.0,0.0,-0.834298528608466,0.8245784240839611,-0.0374945814177783,2,0
289001,-0.05811468174328171,0.7372336305918931,0.6515517564598249,0.0,0.0,1.1986117267495475,0.8245784240839611,0.1523908128236577,0,1
289002,-0.05811468174328171,-1.3564221143806794,-0.38463272023011674,0.0,0.0,-0.834298528608466,-1.212740924079984,-0.0374945814177783,2,0
289003,-0.05811468174328171,0.7372336305918931,-1.4208171969200585,0.0,0.0,1.1986117267495475,0.8245784240839611,0.064751400096841,1,2
289005,-0.05811468174328171,-1.3564221143806794,-1.4208171969200585,0.0,0.0,1.1986117267495475,0.8245784240839611,0.0063251249456299,2,0
289006,-0.05811468174328171,-1.3564221143806794,0.6515517564598249,0.0,0.0,1.1986117267495475,0.8245784240839611,0.0939645376724466,0,1
289007,-0.05811468174328171,-1.3564221143806794,-1.4208171969200585,0.0,0.0,-0.834298528608466,-1.212740924079984,-0.0813142877811867,2,0
289008,-0.05811468174328171,-1.3564221143806794,0.6515517564598249,0.0,0.0,-0.834298528608466,0.8245784240839611,0.0355382625212355,1,2
289009,-0.05811468174328171,0.7372336305918931,-0.38463272023011674,0.0,0.0,1.1986117267495475,0.8245784240839611,0.1085711064602493,0,1
289010,-0.05811468174328171,0.7372336305918931,0.6515517564598249,0.0,0.0,1.1986117267495475,-1.212740924079984,0.1231776752480521,0,1
289011,-0.05811468174328171,0.7372336305918931,-0.38463272023011674,0.0,0.0,1.1986117267495475,-1.212740924079984,0.0793579688846438,0,1
289014,-0.028839510526177174,0.7372336305918931,-1.4208171969200585,0.0,0.0,-0.834298528608466,0.8245784240839611,-0.0228880126299756,2,0
289015,-0.05811468174328171,-1.3564221143806794,-0.38463272023011674,0.0,0.0,-0.834298528608466,-1.212740924079984,-0.0374945814177783,2,0
289016,-0.05811468174328171,0.7372336305918931,-1.4208171969200585,0.0,0.0,-0.834298528608466,0.8245784240839611,0.0063251249456299,2,0
289017,-0.05811468174328171,0.7372336305918931,-0.38463272023011674,0.0,0.0,1.1986117267495475,-1.212740924079984,0.0793579688846438,0,1
289019,-0.05811468174328171,0.7372336305918931,0.6515517564598249,0.0,0.0,-0.834298528608466,-1.212740924079984,0.064751400096841,1,2
289020,-0.05811468174328171,0.7372336305918931,-0.38463272023011674,0.0,0.0,-0.834298528608466,0.8245784240839611,0.0501448313090382,1,2
289021,-0.05811468174328171,0.7372336305918931,-1.4208171969200585,0.0,0.0,1.1986117267495475,0.8245784240839611,0.064751400096841,1,2
289022,-0.05811468174328171,-1.3564221143806794,-0.38463272023011674,0.0,0.0,-0.834298528608466,0.8245784240839611,-0.0082814438421728,2,0
289025,-0.05811468174328171,0.7372336305918931,0.6515517564598249,0.0,0.0,-0.834298528608466,0.8245784240839611,0.0939645376724466,0,1
289027,-0.05811468174328171,-1.3564221143806794,1.6877362331497665,0.0,0.0,-0.834298528608466,0.8245784240839611,0.0793579688846438,0,1
289028,-0.05811468174328171,0.7372336305918931,0.6515517564598249,0.0,0.0,-0.834298528608466,-1.212740924079984,0.064751400096841,1,2
289030,-0.05811468174328171,0.7372336305918931,-0.38463272023011674,0.0,0.0,-0.834298528608466,0.8245784240839611,0.0501448313090382,1,2
289031,-0.05811468174328171,0.7372336305918931,0.6515517564598249,0.0,0.0,-0.834298528608466,-1.212740924079984,0.064751400096841,1,2
289032,-0.05811468174328171,-1.3564221143806794,1.6877362331497665,0.0,0.0,-0.834298528608466,0.8245784240839611,0.0793579688846438,0,1
289034,-0.05811468174328171,0.7372336305918931,0.6515517564598249,0.0,0.0,-0.834298528608466,-1.212740924079984,0.064751400096841,1,2
289036,-0.05811468174328171,-1.3564221143806794,-0.38463272023011674,0.0,0.0,-0.834298528608466,-1.212740924079984,-0.0374945814177783,2,0
289037,-0.05811468174328171,0.7372336305918931,-0.38463272023011674,0.0,0.0,1.1986117267495475,0.8245784240839611,0.1085711064602493,0,1
289041,-0.05811468174328171,-1.3564221143806794,-0.38463272023011674,0.0,0.0,-0.834298528608466,-1.212740924079984,-0.0374945814177783,2,0
289042,-0.05811468174328171,-1.3564221143806794,-0.38463272023011674,0.0,0.0,-0.834298528608466,-1.212740924079984,-0.0374945814177783,2,0
289043,-0.05811468174328171,0.7372336305918931,0.6515517564598249,0.0,0.0,-0.834298528608466,0.8245784240839611,0.0939645376724466,0,1
289044,-0.05811468174328171,0.7372336305918931,-0.38463272023011674,0.0,0.0,-0.834298528608466,0.8245784240839611,0.0501448313090382,1,2
289046,-0.05811468174328171,-1.3564221143806794,-1.4208171969200585,0.0,0.0,-0.834298528608466,0.8245784240839611,-0.0521011502055811,2,0
289047,-0.05811468174328171,-1.3564221143806794,0.6515517564598249,0.0,0.0,-0.834298528608466,0.8245784240839611,0.0355382625212355,1,2
289048,-0.05811468174328171,0.7372336305918931,0.6515517564598249,0.0,0.0,1.1986117267495475,-1.212740924079984,0.1231776752480521,0,1
289049,-0.05811468174328171,0.7372336305918931,-0.38463272023011674,0.0,0.0,-0.834298528608466,0.8245784240839611,0.0501448313090382,1,2
289050,-0.05811468174328171,0.7372336305918931,0.6515517564598249,0.0,0.0,1.1986117267495475,-1.212740924079984,0.1231776752480521,0,1
289051,-0.05811468174328171,-1.3564221143806794,-0.38463272023011674,0.0,0.0,-0.834298528608466,0.8245784240839611,-0.0082814438421728,2,0
289052,-0.05811468174328171,0.7372336305918931,1.6877362331497665,0.0,0.0,-0.834298528608466,0.8245784240839611,0.1377842440358549,0,1
289053,-0.05811468174328171,-1.3564221143806794,0.6515517564598249,0.0,0.0,-0.834298528608466,0.8245784240839611,0.0355382625212355,1,2
289055,-0.05811468174328171,-1.3564221143806794,-0.38463272023011674,0.0,0.0,1.1986117267495475,0.8245784240839611,0.0501448313090382,1,2
289056,-0.04347709613472944,0.7372336305918931,0.6515517564598249,0.0,0.0,-0.834298528608466,-1.212740924079984,0.0501448313090382,1,2
289059,-0.05811468174328171,0.7372336305918931,1.6877362331497665,0.0,0.0,-0.834298528608466,0.8245784240839611,0.1377842440358549,0,1
289061,-0.05811468174328171,-1.3564221143806794,-0.38463272023011674,0.0,0.0,-0.834298528608466,0.8245784240839611,-0.0082814438421728,2,0
289062,-0.05811468174328171,-1.3564221143806794,-0.38463272023011674,0.0,0.0,-0.834298528608466,-1.212740924079984,-0.0374945814177783,2,0
289063,-0.05811468174328171,-1.3564221143806794,0.6515517564598249,0.0,0.0,1.1986117267495475,-1.212740924079984,0.064751400096841,1,2
289064,-0.05811468174328171,0.7372336305918931,-0.38463272023011674,0.0,0.0,-0.834298528608466,0.8245784240839611,0.0501448313090382,1,2
289065,-0.05811468174328171,0.7372336305918931,-0.38463272023011674,0.0,0.0,1.1986117267495475,0.8245784240839611,0.1085711064602493,0,1
289066,-0.05811468174328171,-1.3564221143806794,1.6877362331497665,0.0,0.0,1.1986117267495475,-1.212740924079984,0.1085711064602493,0,1
289067,-0.05811468174328171,-1.3564221143806794,0.6515517564598249,0.0,0.0,-0.834298528608466,0.8245784240839611,0.0355382625212355,1,2
289071,-0.05811468174328171,0.7372336305918931,-0.38463272023011674,0.0,0.0,-0.834298528608466,-1.212740924079984,0.0209316937334327,1,2
289072,-0.05811468174328171,0.7372336305918931,-0.38463272023011674,0.0,0.0,1.1986117267495475,-1.212740924079984,0.0793579688846438,0,1
289073,-0.05811468174328171,0.7372336305918931,-0.38463272023011674,0.0,0.0,-0.834298528608466,0.8245784240839611,0.0501448313090382,1,2
289077,-0.05811468174328171,-1.3564221143806794,-0.38463272023011674,0.0,0.0,-0.834298528608466,-1.212740924079984,-0.0374945814177783,2,0
289080,-0.05811468174328171,-1.3564221143806794,-1.4208171969200585,0.0,0.0,1.1986117267495475,0.8245784240839611,0.0063251249456299,2,0
289081,-0.05811468174328171,0.7372336305918931,0.6515517564598249,0.0,0.0,1.1986117267495475,-1.212740924079984,0.1231776752480521,0,1
289082,-0.05811468174328171,0.7372336305918931,-0.38463272023011674,0.0,0.0,1.1986117267495475,-1.212740924079984,0.0793579688846438,0,1
289083,-0.05811468174328171,-1.3564221143806794,-0.38463272023011674,0.0,0.0,1.1986117267495475,-1.212740924079984,0.0209316937334327,1,2
289084,-0.05811468174328171,0.7372336305918931,-0.38463272023011674,0.0,0.0,-0.834298528608466,0.8245784240839611,0.0501448313090382,1,2
289088,-0.05811468174328171,-1.3564221143806794,1.6877362331497665,0.0,0.0,-0.834298528608466,0.8245784240839611,0.0793579688846438,0,1
289097,-0.05811468174328171,0.7372336305918931,-0.38463272023011674,0.0,0.0,-0.834298528608466,0.8245784240839611,0.0501448313090382,1,2
289098,-0.05811468174328171,-1.3564221143806794,-1.4208171969200585,0.0,0.0,1.1986117267495475,-1.212740924079984,-0.0228880126299756,2,0
289102,-0.05811468174328171,-1.3564221143806794,-1.4208171969200585,0.0,0.0,1.1986117267495475,0.8245784240839611,0.0063251249456299,2,0
290001,-0.05811468174328171,0.7372336305918931,0.6515517564598249,0.0,0.0,-0.834298528608466,0.8245784240839611,0.0939645376724466,0,1
290002,-0.05811468174328171,0.7372336305918931,0.6515517564598249,0.0,0.0,-0.834298528608466,0.8245784240839611,0.0939645376724466,0,1
290003,-0.05811468174328171,0.7372336305918931,-0.38463272023011674,0.0,0.0,-0.834298528608466,0.8245784240839611,0.0501448313090382,1,2
290005,-0.04347709613472944,0.7372336305918931,-0.38463272023011674,0.0,0.0,1.1986117267495475,0.8245784240839611,0.0939645376724466,0,1
290006,-0.05811468174328171,-1.3564221143806794,-1.4208171969200585,0.0,0.0,-0.834298528608466,-1.212740924079984,-0.0813142877811867,2,0
290007,-0.05811468174328171,0.7372336305918931,-0.38463272023011674,0.0,0.0,-0.834298528608466,0.8245784240839611,0.0501448313090382,1,2
290009,-0.05811468174328171,-1.3564221143806794,-0.38463272023011674,0.0,0.0,1.1986117267495475,0.8245784240839611,0.0501448313090382,1,2
290010,-0.05811468174328171,0.7372336305918931,-1.4208171969200585,0.0,0.0,1.1986117267495475,0.8245784240839611,0.064751400096841,1,2
290031,-0.05811468174328171,0.7372336305918931,-1.4208171969200585,0.0,0.0,-0.834298528608466,-1.212740924079984,-0.0228880126299756,2,0
290032,-0.05811468174328171,0.7372336305918931,-1.4208171969200585,0.0,0.0,1.1986117267495475,-1.212740924079984,0.0355382625212355,1,2
290034,-0.028839510526177174,-1.3564221143806794,-1.4208171969200585,0.0,0.0,-0.834298528608466,0.8245784240839611,-0.0813142877811867,2,0
290036,-0.04347709613472944,0.7372336305918931,0.6515517564598249,0.0,0.0,-0.834298528608466,-1.212740924079984,0.0501448313090382,1,2
290037,-0.05811468174328171,0.7372336305918931,-1.4208171969200585,0.0,0.0,-0.834298528608466,-1.212740924079984,-0.0228880126299756,2,0
290038,-0.05811468174328171,0.7372336305918931,-0.38463272023011674,0.0,0.0,1.1986117267495475,0.8245784240839611,0.1085711064602493,0,1
290039,-0.05811468174328171,-1.3564221143806794,-1.4208171969200585,0.0,0.0,1.1986117267495475,0.8245784240839611,0.0063251249456299,2,0
290040,-0.05811468174328171,-1.3564221143806794,1.6877362331497665,0.0,0.0,-0.834298528608466,0.8245784240839611,0.0793579688846438,0,1
290042,-0.05811468174328171,0.7372336305918931,1.6877362331497665,0.0,0.0,1.1986117267495475,0.8245784240839611,0.196210519187066,0,1
290043,-0.05811468174328171,0.7372336305918931,-0.38463272023011674,0.0,0.0,-0.834298528608466,-1.212740924079984,0.0209316937334327,1,2
290045,-0.04347709613472944,-1.3564221143806794,-0.38463272023011674,0.0,0.0,1.1986117267495475,0.8245784240839611,0.0355382625212355,1,2
290046,-0.05811468174328171,0.7372336305918931,-0.38463272023011674,0.0,0.0,1.1986117267495475,-1.212740924079984,0.0793579688846438,0,1
290047,-0.04347709613472944,-1.3564221143806794,-0.38463272023011674,0.0,0.0,-0.834298528608466,0.8245784240839611,-0.0228880126299756,2,0
290048,-0.05811468174328171,0.7372336305918931,-1.4208171969200585,0.0,0.0,-0.834298528608466,0.8245784240839611,0.0063251249456299,2,0
290049,-0.04347709613472944,-1.3564221143806794,0.6515517564598249,0.0,0.0,1.1986117267495475,-1.212740924079984,0.0501448313090382,1,2
290050,-0.05811468174328171,-1.3564221143806794,-0.38463272023011674,0.0,0.0,-0.834298528608466,-1.212740924079984,-0.0374945814177783,2,0
290072,-0.05811468174328171,0.7372336305918931,1.6877362331497665,0.0,0.0,1.1986117267495475,0.8245784240839611,0.196210519187066,0,1
290073,-0.05811468174328171,-1.3564221143806794,-1.4208171969200585,0.0,0.0,-0.834298528608466,-1.212740924079984,-0.0813142877811867,2,0
290075,-0.05811468174328171,0.7372336305918931,0.6515517564598249,0.0,0.0,1.1986117267495475,-1.212740924079984,0.1231776752480521,0,1
290078,-0.05811468174328171,0.7372336305918931,0.6515517564598249,0.0,0.0,-0.834298528608466,0.8245784240839611,0.0939645376724466,0,1
290080,-0.04347709613472944,-1.3564221143806794,-1.4208171969200585,0.0,0.0,-0.834298528608466,0.8245784240839611,-0.0667077189933839,2,0
290081,-0.05811468174328171,0.7372336305918931,-0.38463272023011674,0.0,0.0,-0.834298528608466,-1.212740924079984,0.0209316937334327,1,2
290082,-0.04347709613472944,0.7372336305918931,-1.4208171969200585,0.0,0.0,1.1986117267495475,0.8245784240839611,0.0501448313090382,1,2
290083,-0.05811468174328171,-1.3564221143806794,-0.38463272023011674,0.0,0.0,-0.834298528608466,0.8245784240839611,-0.0082814438421728,2,0
290084,-0.05811468174328171,0.7372336305918931,-0.38463272023011674,0.0,0.0,-0.834298528608466,-1.212740924079984,0.0209316937334327,1,2
290085,-0.05811468174328171,0.7372336305918931,0.6515517564598249,0.0,0.0,1.1986117267495475,0.8245784240839611,0.1523908128236577,0,1
290086,-0.05811468174328171,0.7372336305918931,-0.38463272023011674,0.0,0.0,1.1986117267495475,-1.212740924079984,0.0793579688846438,0,1
290087,-0.05811468174328171,-1.3564221143806794,1.6877362331497665,0.0,0.0,-0.834298528608466,0.8245784240839611,0.0793579688846438,0,1
290088,-0.05811468174328171,-1.3564221143806794,-1.4208171969200585,0.0,0.0,1.1986117267495475,0.8245784240839611,0.0063251249456299,2,0
290090,-0.05811468174328171,-1.3564221143806794,1.6877362331497665,0.0,0.0,1.1986117267495475,0.8245784240839611,0.1377842440358549,0,1
290171,-0.05811468174328171,0.7372336305918931,-0.38463272023011674,0.0,0.0,-0.834298528608466,0.8245784240839611,0.0501448313090382,1,2
290172,-0.05811468174328171,0.7372336305918931,0.6515517564598249,0.0,0.0,-0.834298528608466,-1.212740924079984,0.064751400096841,1,2
290173,-0.05811468174328171,0.7372336305918931,-0.38463272023011674,0.0,0.0,1.1986117267495475,-1.212740924079984,0.0793579688846438,0,1
290176,-0.05811468174328171,-1.3564221143806794,-1.4208171969200585,0.0,0.0,1.1986117267495475,0.8245784240839611,0.0063251249456299,2,0
290177,-0.05811468174328171,-1.3564221143806794,1.6877362331497665,0.0,0.0,-0.834298528608466,0.8245784240839611,0.0793579688846438,0,1
290178,-0.05811468174328171,0.7372336305918931,-0.38463272023011674,0.0,0.0,-0.834298528608466,-1.212740924079984,0.0209316937334327,1,2
290179,-0.05811468174328171,0.7372336305918931,0.6515517564598249,0.0,0.0,-0.834298528608466,0.8245784240839611,0.0939645376724466,0,1
290180,-0.05811468174328171,-1.3564221143806794,0.6515517564598249,0.0,0.0,-0.834298528608466,-1.212740924079984,0.0063251249456299,2,0
299001,-0.05811468174328171,0.7372336305918931,-0.38463272023011674,0.0,0.0,-0.834298528608466,-1.212740924079984,0.0209316937334327,1,2
299004,-0.04347709613472944,-1.3564221143806794,-0.38463272023011674,0.0,0.0,-0.834298528608466,0.8245784240839611,-0.0228880126299756,2,0
299005,-0.05811468174328171,0.7372336305918931,0.6515517564598249,0.0,0.0,1.1986117267495475,-1.212740924079984,0.1231776752480521,0,1
299006,-0.05811468174328171,0.7372336305918931,-1.4208171969200585,0.0,0.0,1.1986117267495475,0.8245784240839611,0.064751400096841,1,2
299007,-0.05811468174328171,-1.3564221143806794,0.6515517564598249,0.0,0.0,-0.834298528608466,-1.212740924079984,0.0063251249456299,2,0
299008,-0.05811468174328171,-1.3564221143806794,1.6877362331497665,0.0,0.0,-0.834298528608466,-1.212740924079984,0.0501448313090382,1,2
299009,-0.05811468174328171,0.7372336305918931,-1.4208171969200585,0.0,0.0,-0.834298528608466,0.8245784240839611,0.0063251249456299,2,0
299010,-0.05811468174328171,-1.3564221143806794,-1.4208171969200585,0.0,0.0,-0.834298528608466,0.8245784240839611,-0.0521011502055811,2,0
299011,-0.05811468174328171,0.7372336305918931,0.6515517564598249,0.0,0.0,1.1986117267495475,0.8245784240839611,0.1523908128236577,0,1
299012,-0.05811468174328171,0.7372336305918931,-0.38463272023011674,0.0,0.0,1.1986117267495475,0.8245784240839611,0.1085711064602493,0,1
299013,-0.05811468174328171,0.7372336305918931,-0.38463272023011674,0.0,0.0,-0.834298528608466,-1.212740924079984,0.0209316937334327,1,2
299014,-0.05811468174328171,0.7372336305918931,-1.4208171969200585,0.0,0.0,-0.834298528608466,0.8245784240839611,0.0063251249456299,2,0
299015,-0.05811468174328171,0.7372336305918931,-0.38463272023011674,0.0,0.0,-0.834298528608466,0.8245784240839611,0.0501448313090382,1,2
299018,-0.05811468174328171,-1.3564221143806794,-1.4208171969200585,0.0,0.0,1.1986117267495475,0.8245784240839611,0.0063251249456299,2,0
299020,-0.05811468174328171,0.7372336305918931,-0.38463272023011674,0.0,0.0,-0.834298528608466,-1.212740924079984,0.0209316937334327,1,2
299022,-0.04347709613472944,0.7372336305918931,0.6515517564598249,0.0,0.0,1.1986117267495475,-1.212740924079984,0.1085711064602493,0,1
299025,-0.05811468174328171,0.7372336305918931,-0.38463272023011674,0.0,0.0,1.1986117267495475,0.8245784240839611,0.1085711064602493,0,1
299027,-0.05811468174328171,-1.3564221143806794,-0.38463272023011674,0.0,0.0,-0.834298528608466,0.8245784240839611,-0.0082814438421728,2,0
299028,-0.05811468174328171,-1.3564221143806794,1.6877362331497665,0.0,0.0,1.1986117267495475,0.8245784240839611,0.1377842440358549,0,1
299029,-0.05811468174328171,0.7372336305918931,0.6515517564598249,0.0,0.0,1.1986117267495475,0.8245784240839611,0.1523908128236577,0,1
299030,1.4056438791119452,-1.3564221143806794,0.6515517564598249,0.0,0.0,1.1986117267495475,-1.212740924079984,-1.3959054786834364,2,0
299032,-0.05811468174328171,0.7372336305918931,-0.38463272023011674,0.0,0.0,1.1986117267495475,0.8245784240839611,0.1085711064602493,0,1
299033,-0.05811468174328171,0.7372336305918931,0.6515517564598249,0.0,0.0,-0.834298528608466,0.8245784240839611,0.0939645376724466,0,1
299034,-0.05811468174328171,0.7372336305918931,-1.4208171969200585,0.0,0.0,-0.834298528608466,0.8245784240839611,0.0063251249456299,2,0
299035,-0.05811468174328171,0.7372336305918931,-1.4208171969200585,0.0,0.0,1.1986117267495475,-1.212740924079984,0.0355382625212355,1,2
299036,-0.05811468174328171,0.7372336305918931,-0.38463272023011674,0.0,0.0,1.1986117267495475,-1.212740924079984,0.0793579688846438,0,1
300011,-0.05811468174328171,0.7372336305918931,-0.38463272023011674,0.0,0.0,1.1986117267495475,-1.212740924079984,0.0793579688846438,0,1
300012,-0.05811468174328171,-1.3564221143806794,0.6515517564598249,0.0,0.0,-0.834298528608466,0.8245784240839611,0.0355382625212355,1,2
300014,-0.04347709613472944,0.7372336305918931,-0.38463272023011674,0.0,0.0,1.1986117267495475,-1.212740924079984,0.064751400096841,1,2
300016,-0.05811468174328171,0.7372336305918931,0.6515517564598249,0.0,0.0,-0.834298528608466,-1.212740924079984,0.064751400096841,1,2
300017,-0.05811468174328171,0.7372336305918931,0.6515517564598249,0.0,0.0,-0.834298528608466,0.8245784240839611,0.0939645376724466,0,1
300018,-0.05811468174328171,0.7372336305918931,0.6515517564598249,0.0,0.0,-0.834298528608466,-1.212740924079984,0.064751400096841,1,2
300019,-0.05811468174328171,-1.3564221143806794,-0.38463272023011674,0.0,0.0,-0.834298528608466,-1.212740924079984,-0.0374945814177783,2,0
300020,-0.05811468174328171,0.7372336305918931,0.6515517564598249,0.0,0.0,-0.834298528608466,-1.212740924079984,0.064751400096841,1,2
300036,-0.05811468174328171,0.7372336305918931,-0.38463272023011674,0.0,0.0,1.1986117267495475,-1.212740924079984,0.0793579688846438,0,1
300037,-0.04347709613472944,-1.3564221143806794,-1.4208171969200585,0.0,0.0,-0.834298528608466,0.8245784240839611,-0.0667077189933839,2,0
300038,-0.05811468174328171,0.7372336305918931,1.6877362331497665,0.0,0.0,-0.834298528608466,0.8245784240839611,0.1377842440358549,0,1
300040,-0.05811468174328171,0.7372336305918931,-1.4208171969200585,0.0,0.0,-0.834298528608466,0.8245784240839611,0.0063251249456299,2,0
300091,-0.05811468174328171,0.7372336305918931,-1.4208171969200585,0.0,0.0,-0.834298528608466,0.8245784240839611,0.0063251249456299,2,0
300092,-0.05811468174328171,0.7372336305918931,1.6877362331497665,0.0,0.0,1.1986117267495475,0.8245784240839611,0.196210519187066,0,1
300094,-0.05811468174328171,0.7372336305918931,-0.38463272023011674,0.0,0.0,-0.834298528608466,0.8245784240839611,0.0501448313090382,1,2
300095,-0.05811468174328171,-1.3564221143806794,0.6515517564598249,0.0,0.0,-0.834298528608466,-1.212740924079984,0.0063251249456299,2,0
300096,-0.05811468174328171,0.7372336305918931,-0.38463272023011674,0.0,0.0,1.1986117267495475,-1.212740924079984,0.0793579688846438,0,1
300097,-0.05811468174328171,-1.3564221143806794,-0.38463272023011674,0.0,0.0,1.1986117267495475,0.8245784240839611,0.0501448313090382,1,2
300098,-0.05811468174328171,0.7372336305918931,-0.38463272023011674,0.0,0.0,1.1986117267495475,-1.212740924079984,0.0793579688846438,0,1
300099,-0.05811468174328171,0.7372336305918931,-0.38463272023011674,0.0,0.0,1.1986117267495475,-1.212740924079984,0.0793579688846438,0,1
300100,-0.04347709613472944,-1.3564221143806794,-0.38463272023011674,0.0,0.0,1.1986117267495475,0.8245784240839611,0.0355382625212355,1,2
300131,-0.05811468174328171,-1.3564221143806794,0.6515517564598249,0.0,0.0,-0.834298528608466,0.8245784240839611,0.0355382625212355,1,2
300135,-0.04347709613472944,0.7372336305918931,-0.38463272023011674,0.0,0.0,1.1986117267495475,-1.212740924079984,0.064751400096841,1,2
300136,-0.05811468174328171,-1.3564221143806794,1.6877362331497665,0.0,0.0,1.1986117267495475,-1.212740924079984,0.1085711064602493,0,1
300137,-0.05811468174328171,0.7372336305918931,-1.4208171969200585,0.0,0.0,-0.834298528608466,-1.212740924079984,-0.0228880126299756,2,0
300138,-0.05811468174328171,-1.3564221143806794,-0.38463272023011674,0.0,0.0,1.1986117267495475,0.8245784240839611,0.0501448313090382,1,2
300139,-0.05811468174328171,-1.3564221143806794,0.6515517564598249,0.0,0.0,1.1986117267495475,-1.212740924079984,0.064751400096841,1,2
300140,-0.05811468174328171,0.7372336305918931,1.6877362331497665,0.0,0.0,-0.834298528608466,0.8245784240839611,0.1377842440358549,0,1
300141,-0.05811468174328171,0.7372336305918931,-1.4208171969200585,0.0,0.0,-0.834298528608466,0.8245784240839611,0.0063251249456299,2,0
300142,-0.04347709613472944,0.7372336305918931,0.6515517564598249,0.0,0.0,1.1986117267495475,0.8245784240839611,0.1377842440358549,0,1
300143,-0.05811468174328171,-1.3564221143806794,1.6877362331497665,0.0,0.0,-0.834298528608466,-1.212740924079984,0.0501448313090382,1,2
300145,-0.05811468174328171,0.7372336305918931,-0.38463272023011674,0.0,0.0,-0.834298528608466,-1.212740924079984,0.0209316937334327,1,2
300146,-0.04347709613472944,0.7372336305918931,1.6877362331497665,0.0,0.0,1.1986117267495475,0.8245784240839611,0.1816039503992632,0,1
300147,-0.05811468174328171,0.7372336305918931,-1.4208171969200585,0.0,0.0,-0.834298528608466,0.8245784240839611,0.0063251249456299,2,0
300148,-0.05811468174328171,0.7372336305918931,0.6515517564598249,0.0,0.0,-0.834298528608466,-1.212740924079984,0.064751400096841,1,2
300149,-0.05811468174328171,0.7372336305918931,1.6877362331497665,0.0,0.0,1.1986117267495475,0.8245784240839611,0.196210519187066,0,1
300171,-0.05811468174328171,0.7372336305918931,0.6515517564598249,0.0,0.0,1.1986117267495475,-1.212740924079984,0.1231776752480521,0,1
300172,-0.028839510526177174,-1.3564221143806794,-0.38463272023011674,0.0,0.0,-0.834298528608466,-1.212740924079984,-0.0667077189933839,2,0
300173,-0.05811468174328171,0.7372336305918931,-1.4208171969200585,0.0,0.0,1.1986117267495475,0.8245784240839611,0.064751400096841,1,2
300175,-0.05811468174328171,-1.3564221143806794,1.6877362331497665,0.0,0.0,-0.834298528608466,-1.212740924079984,0.0501448313090382,1,2
300176,-0.05811468174328171,0.7372336305918931,-0.38463272023011674,0.0,0.0,-0.834298528608466,0.8245784240839611,0.0501448313090382,1,2
300177,-0.05811468174328171,-1.3564221143806794,-1.4208171969200585,0.0,0.0,-0.834298528608466,0.8245784240839611,-0.0521011502055811,2,0
300178,-0.05811468174328171,0.7372336305918931,0.6515517564598249,0.0,0.0,1.1986117267495475,0.8245784240839611,0.1523908128236577,0,1
300180,-0.05811468174328171,0.7372336305918931,-0.38463272023011674,0.0,0.0,-0.834298528608466,0.8245784240839611,0.0501448313090382,1,2
309001,-0.05811468174328171,-1.3564221143806794,-1.4208171969200585,0.0,0.0,-0.834298528608466,0.8245784240839611,-0.0521011502055811,2,0
309002,-0.05811468174328171,-1.3564221143806794,-0.38463272023011674,0.0,0.0,1.1986117267495475,-1.212740924079984,0.0209316937334327,1,2
309003,-0.05811468174328171,-1.3564221143806794,-1.4208171969200585,0.0,0.0,-0.834298528608466,0.8245784240839611,-0.0521011502055811,2,0
309005,-0.05811468174328171,0.7372336305918931,0.6515517564598249,0.0,0.0,1.1986117267495475,0.8245784240839611,0.1523908128236577,0,1
309006,-0.05811468174328171,0.7372336305918931,0.6515517564598249,0.0,0.0,-0.834298528608466,-1.212740924079984,0.064751400096841,1,2
309007,-0.05811468174328171,-1.3564221143806794,-0.38463272023011674,0.0,0.0,1.1986117267495475,-1.212740924079984,0.0209316937334327,1,2
309008,-0.05811468174328171,0.7372336305918931,0.6515517564598249,0.0,0.0,-0.834298528608466,-1.212740924079984,0.064751400096841,1,2
309009,-0.05811468174328171,-1.3564221143806794,1.6877362331497665,0.0,0.0,-0.834298528608466,0.8245784240839611,0.0793579688846438,0,1
309010,-0.05811468174328171,0.7372336305918931,0.6515517564598249,0.0,0.0,-0.834298528608466,0.8245784240839611,0.0939645376724466,0,1
309014,-0.04347709613472944,0.7372336305918931,-1.4208171969200585,0.0,0.0,1.1986117267495475,0.8245784240839611,0.0501448313090382,1,2
309016,-0.05811468174328171,-1.3564221143806794,0.6515517564598249,0.0,0.0,1.1986117267495475,0.8245784240839611,0.0939645376724466,0,1
309017,-0.05811468174328171,0.7372336305918931,-0.38463272023011674,0.0,0.0,-0.834298528608466,0.8245784240839611,0.0501448313090382,1,2
309018,-0.05811468174328171,-1.3564221143806794,0.6515517564598249,0.0,0.0,1.1986117267495475,0.8245784240839611,0.0939645376724466,0,1
309019,-0.05811468174328171,-1.3564221143806794,0.6515517564598249,0.0,0.0,-0.834298528608466,0.8245784240839611,0.0355382625212355,1,2
309021,-0.05811468174328171,-1.3564221143806794,-0.38463272023011674,0.0,0.0,1.1986117267495475,0.8245784240839611,0.0501448313090382,1,2
309022,-0.05811468174328171,-1.3564221143806794,1.6877362331497665,0.0,0.0,1.1986117267495475,0.8245784240839611,0.1377842440358549,0,1
309023,-0.05811468174328171,0.7372336305918931,-1.4208171969200585,0.0,0.0,1.1986117267495475,0.8245784240839611,0.064751400096841,1,2
309024,-0.05811468174328171,0.7372336305918931,0.6515517564598249,0.0,0.0,1.1986117267495475,0.8245784240839611,0.1523908128236577,0,1
309025,-0.05811468174328171,0.7372336305918931,-1.4208171969200585,0.0,0.0,1.1986117267495475,0.8245784240839611,0.064751400096841,1,2
309027,-0.05811468174328171,-1.3564221143806794,1.6877362331497665,0.0,0.0,-0.834298528608466,0.8245784240839611,0.0793579688846438,0,1
309028,-0.05811468174328171,-1.3564221143806794,-1.4208171969200585,0.0,0.0,1.1986117267495475,0.8245784240839611,0.0063251249456299,2,0
309029,-0.05811468174328171,0.7372336305918931,-1.4208171969200585,0.0,0.0,1.1986117267495475,0.8245784240839611,0.064751400096841,1,2
309031,-0.05811468174328171,0.7372336305918931,-0.38463272023011674,0.0,0.0,1.1986117267495475,0.8245784240839611,0.1085711064602493,0,1
309032,-0.05811468174328171,-1.3564221143806794,-0.38463272023011674,0.0,0.0,-0.834298528608466,0.8245784240839611,-0.0082814438421728,2,0
309033,-0.05811468174328171,0.7372336305918931,-0.38463272023011674,0.0,0.0,-0.834298528608466,0.8245784240839611,0.0501448313090382,1,2
309035,-0.05811468174328171,0.7372336305918931,0.6515517564598249,0.0,0.0,-0.834298528608466,-1.212740924079984,0.064751400096841,1,2
309036,-0.05811468174328171,0.7372336305918931,-0.38463272023011674,0.0,0.0,1.1986117267495475,-1.212740924079984,0.0793579688846438,0,1
309037,-0.05811468174328171,0.7372336305918931,-1.4208171969200585,0.0,0.0,-0.834298528608466,0.8245784240839611,0.0063251249456299,2,0
309039,-0.05811468174328171,-1.3564221143806794,-0.38463272023011674,0.0,0.0,-0.834298528608466,0.8245784240839611,-0.0082814438421728,2,0
309040,-0.05811468174328171,-1.3564221143806794,0.6515517564598249,0.0,0.0,-0.834298528608466,0.8245784240839611,0.0355382625212355,1,2
309041,-0.05811468174328171,0.7372336305918931,0.6515517564598249,0.0,0.0,-0.834298528608466,-1.212740924079984,0.064751400096841,1,2
309042,-0.05811468174328171,-1.3564221143806794,0.6515517564598249,0.0,0.0,-0.834298528608466,-1.212740924079984,0.0063251249456299,2,0
309043,-0.05811468174328171,0.7372336305918931,0.6515517564598249,0.0,0.0,-0.834298528608466,-1.212740924079984,0.064751400096841,1,2
309044,-0.05811468174328171,0.7372336305918931,-0.38463272023011674,0.0,0.0,1.1986117267495475,-1.212740924079984,0.0793579688846438,0,1
309046,-0.05811468174328171,-1.3564221143806794,-1.4208171969200585,0.0,0.0,1.1986117267495475,0.8245784240839611,0.0063251249456299,2,0
309047,-0.05811468174328171,0.7372336305918931,-0.38463272023011674,0.0,0.0,-0.834298528608466,-1.212740924079984,0.0209316937334327,1,2
309048,-0.05811468174328171,-1.3564221143806794,0.6515517564598249,0.0,0.0,1.1986117267495475,0.8245784240839611,0.0939645376724466,0,1
309050,-0.05811468174328171,0.7372336305918931,1.6877362331497665,0.0,0.0,1.1986117267495475,0.8245784240839611,0.196210519187066,0,1
309053,-0.05811468174328171,0.7372336305918931,-0.38463272023011674,0.0,0.0,-0.834298528608466,0.8245784240839611,0.0501448313090382,1,2
309055,-0.05811468174328171,0.7372336305918931,-1.4208171969200585,0.0,0.0,-0.834298528608466,0.8245784240839611,0.0063251249456299,2,0
309056,-0.05811468174328171,0.7372336305918931,-1.4208171969200585,0.0,0.0,1.1986117267495475,0.8245784240839611,0.064751400096841,1,2
309058,-0.05811468174328171,0.7372336305918931,-0.38463272023011674,0.0,0.0,-0.834298528608466,-1.212740924079984,0.0209316937334327,1,2
309059,-0.05811468174328171,0.7372336305918931,0.6515517564598249,0.0,0.0,1.1986117267495475,0.8245784240839611,0.1523908128236577,0,1
309060,-0.05811468174328171,0.7372336305918931,-1.4208171969200585,0.0,0.0,-0.834298528608466,0.8245784240839611,0.0063251249456299,2,0
309061,-0.05811468174328171,-1.3564221143806794,1.6877362331497665,0.0,0.0,-0.834298528608466,-1.212740924079984,0.0501448313090382,1,2
309063,-0.05811468174328171,-1.3564221143806794,-0.38463272023011674,0.0,0.0,1.1986117267495475,-1.212740924079984,0.0209316937334327,1,2
309064,-0.05811468174328171,-1.3564221143806794,1.6877362331497665,0.0,0.0,-0.834298528608466,-1.212740924079984,0.0501448313090382,1,2
309065,-0.05811468174328171,-1.3564221143806794,0.6515517564598249,0.0,0.0,1.1986117267495475,-1.212740924079984,0.064751400096841,1,2
309067,-0.05811468174328171,0.7372336305918931,0.6515517564598249,0.0,0.0,-0.834298528608466,0.8245784240839611,0.0939645376724466,0,1
309068,-0.05811468174328171,0.7372336305918931,0.6515517564598249,0.0,0.0,-0.834298528608466,0.8245784240839611,0.0939645376724466,0,1
309069,-0.05811468174328171,0.7372336305918931,0.6515517564598249,0.0,0.0,-0.834298528608466,-1.212740924079984,0.064751400096841,1,2
309070,-0.05811468174328171,-1.3564221143806794,0.6515517564598249,0.0,0.0,-0.834298528608466,0.8245784240839611,0.0355382625212355,1,2
309071,-0.05811468174328171,0.7372336305918931,0.6515517564598249,0.0,0.0,-0.834298528608466,0.8245784240839611,0.0939645376724466,0,1
309073,-0.05811468174328171,-1.3564221143806794,0.6515517564598249,0.0,0.0,-0.834298528608466,-1.212740924079984,0.0063251249456299,2,0
309074,-0.05811468174328171,0.7372336305918931,1.6877362331497665,0.0,0.0,-0.834298528608466,0.8245784240839611,0.1377842440358549,0,1
309075,-0.05811468174328171,0.7372336305918931,0.6515517564598249,0.0,0.0,1.1986117267495475,0.8245784240839611,0.1523908128236577,0,1
309076,-0.05811468174328171,-1.3564221143806794,0.6515517564598249,0.0,0.0,-0.834298528608466,0.8245784240839611,0.0355382625212355,1,2
309077,-0.05811468174328171,-1.3564221143806794,1.6877362331497665,0.0,0.0,1.1986117267495475,0.8245784240839611,0.1377842440358549,0,1
309081,-0.04347709613472944,-1.3564221143806794,-0.38463272023011674,0.0,0.0,-0.834298528608466,0.8245784240839611,-0.0228880126299756,2,0
309082,-0.05811468174328171,0.7372336305918931,-1.4208171969200585,0.0,0.0,-0.834298528608466,-1.212740924079984,-0.0228880126299756,2,0
309083,-0.05811468174328171,0.7372336305918931,-0.38463272023011674,0.0,0.0,1.1986117267495475,0.8245784240839611,0.1085711064602493,0,1
309084,-0.05811468174328171,0.7372336305918931,-0.38463272023011674,0.0,0.0,-0.834298528608466,0.8245784240839611,0.0501448313090382,1,2
309085,-0.05811468174328171,-1.3564221143806794,0.6515517564598249,0.0,0.0,-0.834298528608466,-1.212740924079984,0.0063251249456299,2,0
309086,-0.04347709613472944,0.7372336305918931,-0.38463272023011674,0.0,0.0,-0.834298528608466,0.8245784240839611,0.0355382625212355,1,2
309087,-0.05811468174328171,0.7372336305918931,0.6515517564598249,0.0,0.0,1.1986117267495475,0.8245784240839611,0.1523908128236577,0,1
309088,-0.05811468174328171,0.7372336305918931,-0.38463272023011674,0.0,0.0,1.1986117267495475,-1.212740924079984,0.0793579688846438,0,1
309091,-0.05811468174328171,-1.3564221143806794,-1.4208171969200585,0.0,0.0,-0.834298528608466,0.8245784240839611,-0.0521011502055811,2,0
309092,-0.05811468174328171,-1.3564221143806794,0.6515517564598249,0.0,0.0,-0.834298528608466,-1.212740924079984,0.0063251249456299,2,0
309093,-0.05811468174328171,0.7372336305918931,0.6515517564598249,0.0,0.0,1.1986117267495475,0.8245784240839611,0.1523908128236577,0,1
309094,-0.05811468174328171,0.7372336305918931,-1.4208171969200585,0.0,0.0,-0.834298528608466,-1.212740924079984,-0.0228880126299756,2,0
309095,-0.05811468174328171,-1.3564221143806794,0.6515517564598249,0.0,0.0,-0.834298528608466,0.8245784240839611,0.0355382625212355,1,2
309096,-0.05811468174328171,-1.3564221143806794,0.6515517564598249,0.0,0.0,-0.834298528608466,-1.212740924079984,0.0063251249456299,2,0
309097,-0.05811468174328171,0.7372336305918931,-1.4208171969200585,0.0,0.0,-0.834298528608466,-1.212740924079984,-0.0228880126299756,2,0
309098,-0.05811468174328171,0.7372336305918931,-1.4208171969200585,0.0,0.0,-0.834298528608466,-1.212740924079984,-0.0228880126299756,2,0
309099,-0.05811468174328171,0.7372336305918931,1.6877362331497665,0.0,0.0,1.1986117267495475,0.8245784240839611,0.196210519187066,0,1
309101,-0.05811468174328171,0.7372336305918931,-0.38463272023011674,0.0,0.0,-0.834298528608466,0.8245784240839611,0.0501448313090382,1,2
309103,-0.05811468174328171,0.7372336305918931,-0.38463272023011674,0.0,0.0,-0.834298528608466,0.8245784240839611,0.0501448313090382,1,2
309104,-0.05811468174328171,-1.3564221143806794,-1.4208171969200585,0.0,0.0,1.1986117267495475,0.8245784240839611,0.0063251249456299,2,0
309105,1.4056438791119452,0.7372336305918931,0.6515517564598249,0.0,0.0,-0.834298528608466,0.8245784240839611,-1.3666923411078309,2,0
309108,-0.05811468174328171,0.7372336305918931,0.6515517564598249,0.0,0.0,-0.834298528608466,-1.212740924079984,0.064751400096841,1,2
309109,-0.05811468174328171,0.7372336305918931,0.6515517564598249,0.0,0.0,-0.834298528608466,0.8245784240839611,0.0939645376724466,0,1
309112,-0.05811468174328171,0.7372336305918931,-1.4208171969200585,0.0,0.0,1.1986117267495475,-1.212740924079984,0.0355382625212355,1,2
309113,-0.05811468174328171,-1.3564221143806794,1.6877362331497665,0.0,0.0,-0.834298528608466,0.8245784240839611,0.0793579688846438,0,1
309114,-0.05811468174328171,-1.3564221143806794,-0.38463272023011674,0.0,0.0,-0.834298528608466,0.8245784240839611,-0.0082814438421728,2,0
309115,-0.05811468174328171,-1.3564221143806794,-0.38463272023011674,0.0,0.0,1.1986117267495475,0.8245784240839611,0.0501448313090382,1,2
309116,-0.05811468174328171,-1.3564221143806794,-0.38463272023011674,0.0,0.0,1.1986117267495475,-1.212740924079984,0.0209316937334327,1,2
309117,-0.05811468174328171,-1.3564221143806794,-0.38463272023011674,0.0,0.0,1.1986117267495475,0.8245784240839611,0.0501448313090382,1,2
309119,-0.05811468174328171,0.7372336305918931,1.6877362331497665,0.0,0.0,-0.834298528608466,-1.212740924079984,0.1085711064602493,0,1
309120,-0.05811468174328171,0.7372336305918931,1.6877362331497665,0.0,0.0,-0.834298528608466,-1.212740924079984,0.1085711064602493,0,1
309121,-0.05811468174328171,0.7372336305918931,-0.38463272023011674,0.0,0.0,-0.834298528608466,-1.212740924079984,0.0209316937334327,1,2
309126,-0.05811468174328171,0.7372336305918931,1.6877362331497665,0.0,0.0,-0.834298528608466,0.8245784240839611,0.1377842440358549,0,1
309138,-0.05811468174328171,0.7372336305918931,0.6515517564598249,0.0,0.0,1.1986117267495475,0.8245784240839611,0.1523908128236577,0,1
310071,-0.05811468174328171,0.7372336305918931,1.6877362331497665,0.0,0.0,-0.834298528608466,-1.212740924079984,0.1085711064602493,0,1
310072,-0.05811468174328171,0.7372336305918931,-0.38463272023011674,0.0,0.0,1.1986117267495475,-1.212740924079984,0.0793579688846438,0,1
310073,-0.05811468174328171,-1.3564221143806794,0.6515517564598249,0.0,0.0,-0.834298528608466,0.8245784240839611,0.0355382625212355,1,2
310074,-0.05811468174328171,-1.3564221143806794,-0.38463272023011674,0.0,0.0,-0.834298528608466,0.8245784240839611,-0.0082814438421728,2,0
310075,-0.05811468174328171,0.7372336305918931,0.6515517564598249,0.0,0.0,1.1986117267495475,-1.212740924079984,0.1231776752480521,0,1
310076,-0.05811468174328171,0.7372336305918931,-1.4208171969200585,0.0,0.0,-0.834298528608466,-1.212740924079984,-0.0228880126299756,2,0
310077,-0.05811468174328171,0.7372336305918931,0.6515517564598249,0.0,0.0,1.1986117267495475,0.8245784240839611,0.1523908128236577,0,1
310078,-0.05811468174328171,-1.3564221143806794,-0.38463272023011674,0.0,0.0,1.1986117267495475,0.8245784240839611,0.0501448313090382,1,2
310079,-0.05811468174328171,-1.3564221143806794,-0.38463272023011674,0.0,0.0,-0.834298528608466,0.8245784240839611,-0.0082814438421728,2,0
310080,-0.05811468174328171,0.7372336305918931,0.6515517564598249,0.0,0.0,-0.834298528608466,0.8245784240839611,0.0939645376724466,0,1
310081,-0.05811468174328171,-1.3564221143806794,1.6877362331497665,0.0,0.0,-0.834298528608466,-1.212740924079984,0.0501448313090382,1,2
310082,-0.05811468174328171,0.7372336305918931,0.6515517564598249,0.0,0.0,1.1986117267495475,-1.212740924079984,0.1231776752480521,0,1
310083,-0.05811468174328171,0.7372336305918931,1.6877362331497665,0.0,0.0,-0.834298528608466,-1.212740924079984,0.1085711064602493,0,1
310084,-0.05811468174328171,0.7372336305918931,-0.38463272023011674,0.0,0.0,1.1986117267495475,-1.212740924079984,0.0793579688846438,0,1
310085,-0.05811468174328171,0.7372336305918931,-0.38463272023011674,0.0,0.0,-0.834298528608466,0.8245784240839611,0.0501448313090382,1,2
310086,-0.05811468174328171,0.7372336305918931,-0.38463272023011674,0.0,0.0,1.1986117267495475,0.8245784240839611,0.1085711064602493,0,1
310087,-0.05811468174328171,0.7372336305918931,-1.4208171969200585,0.0,0.0,1.1986117267495475,0.8245784240839611,0.064751400096841,1,2
310088,-0.05811468174328171,0.7372336305918931,0.6515517564598249,0.0,0.0,-0.834298528608466,-1.212740924079984,0.064751400096841,1,2
310089,-0.05811468174328171,0.7372336305918931,0.6515517564598249,0.0,0.0,-0.834298528608466,0.8245784240839611,0.0939645376724466,0,1
310090,-0.05811468174328171,-1.3564221143806794,0.6515517564598249,0.0,0.0,-0.834298528608466,0.8245784240839611,0.0355382625212355,1,2
310091,-0.05811468174328171,-1.3564221143806794,0.6515517564598249,0.0,0.0,-0.834298528608466,-1.212740924079984,0.0063251249456299,2,0
310092,-0.05811468174328171,-1.3564221143806794,0.6515517564598249,0.0,0.0,-0.834298528608466,0.8245784240839611,0.0355382625212355,1,2
310093,-0.05811468174328171,0.7372336305918931,-1.4208171969200585,0.0,0.0,-0.834298528608466,-1.212740924079984,-0.0228880126299756,2,0
310094,-0.04347709613472944,0.7372336305918931,-1.4208171969200585,0.0,0.0,1.1986117267495475,-1.212740924079984,0.0209316937334327,1,2
310095,-0.04347709613472944,0.7372336305918931,0.6515517564598249,0.0,0.0,1.1986117267495475,0.8245784240839611,0.1377842440358549,0,1
310096,-0.05811468174328171,-1.3564221143806794,-0.38463272023011674,0.0,0.0,1.1986117267495475,0.8245784240839611,0.0501448313090382,1,2
310097,-0.04347709613472944,-1.3564221143806794,-1.4208171969200585,0.0,0.0,-0.834298528608466,-1.212740924079984,-0.0959208565689894,2,0
310098,-0.05811468174328171,0.7372336305918931,-0.38463272023011674,0.0,0.0,1.1986117267495475,-1.212740924079984,0.0793579688846438,0,1
310099,-0.05811468174328171,-1.3564221143806794,0.6515517564598249,0.0,0.0,-0.834298528608466,0.8245784240839611,0.0355382625212355,1,2
310100,-0.05811468174328171,0.7372336305918931,-0.38463272023011674,0.0,0.0,-0.834298528608466,0.8245784240839611,0.0501448313090382,1,2
319001,-0.05811468174328171,0.7372336305918931,0.6515517564598249,0.0,0.0,-0.834298528608466,0.8245784240839611,0.0939645376724466,0,1
319002,-0.05811468174328171,0.7372336305918931,0.6515517564598249,0.0,0.0,-0.834298528608466,-1.212740924079984,0.064751400096841,1,2
319004,-0.05811468174328171,-1.3564221143806794,-0.38463272023011674,0.0,0.0,-0.834298528608466,-1.212740924079984,-0.0374945814177783,2,0
319005,-0.05811468174328171,-1.3564221143806794,0.6515517564598249,0.0,0.0,-0.834298528608466,-1.212740924079984,0.0063251249456299,2,0
319006,-0.05811468174328171,-1.3564221143806794,0.6515517564598249,0.0,0.0,1.1986117267495475,-1.212740924079984,0.064751400096841,1,2
319007,-0.05811468174328171,0.7372336305918931,0.6515517564598249,0.0,0.0,-0.834298528608466,-1.212740924079984,0.064751400096841,1,2
319008,-0.05811468174328171,0.7372336305918931,0.6515517564598249,0.0,0.0,1.1986117267495475,-1.212740924079984,0.1231776752480521,0,1
319009,-0.05811468174328171,-1.3564221143806794,-1.4208171969200585,0.0,0.0,-0.834298528608466,0.8245784240839611,-0.0521011502055811,2,0
319010,-0.05811468174328171,0.7372336305918931,0.6515517564598249,0.0,0.0,-0.834298528608466,-1.212740924079984,0.064751400096841,1,2
319012,-0.05811468174328171,0.7372336305918931,-0.38463272023011674,0.0,0.0,-0.834298528608466,0.8245784240839611,0.0501448313090382,1,2
319025,-0.05811468174328171,-1.3564221143806794,1.6877362331497665,0.0,0.0,1.1986117267495475,-1.212740924079984,0.1085711064602493,0,1
319026,-0.05811468174328171,0.7372336305918931,0.6515517564598249,0.0,0.0,-0.834298528608466,0.8245784240839611,0.0939645376724466,0,1
319027,-0.05811468174328171,0.7372336305918931,0.6515517564598249,0.0,0.0,-0.834298528608466,-1.212740924079984,0.064751400096841,1,2
319029,-0.05811468174328171,-1.3564221143806794,-0.38463272023011674,0.0,0.0,-0.834298528608466,0.8245784240839611,-0.0082814438421728,2,0
319030,-0.05811468174328171,-1.3564221143806794,-0.38463272023011674,0.0,0.0,-0.834298528608466,-1.212740924079984,-0.0374945814177783,2,0
319031,-0.05811468174328171,0.7372336305918931,-0.38463272023011674,0.0,0.0,1.1986117267495475,0.8245784240839611,0.1085711064602493,0,1
319032,-0.05811468174328171,0.7372336305918931,-0.38463272023011674,0.0,0.0,-0.834298528608466,0.8245784240839611,0.0501448313090382,1,2
319033,-0.05811468174328171,0.7372336305918931,-0.38463272023011674,0.0,0.0,-0.834298528608466,0.8245784240839611,0.0501448313090382,1,2
319034,-0.05811468174328171,0.7372336305918931,-0.38463272023011674,0.0,0.0,1.1986117267495475,-1.212740924079984,0.0793579688846438,0,1
319036,-0.05811468174328171,0.7372336305918931,-1.4208171969200585,0.0,0.0,-0.834298528608466,0.8245784240839611,0.0063251249456299,2,0
319037,-0.05811468174328171,0.7372336305918931,1.6877362331497665,0.0,0.0,1.1986117267495475,0.8245784240839611,0.196210519187066,0,1
319038,-0.05811468174328171,0.7372336305918931,-1.4208171969200585,0.0,0.0,1.1986117267495475,-1.212740924079984,0.0355382625212355,1,2
319039,-0.05811468174328171,0.7372336305918931,1.6877362331497665,0.0,0.0,1.1986117267495475,0.8245784240839611,0.196210519187066,0,1
319040,-0.05811468174328171,-1.3564221143806794,1.6877362331497665,0.0,0.0,-0.834298528608466,0.8245784240839611,0.0793579688846438,0,1
319041,-0.05811468174328171,0.7372336305918931,-0.38463272023011674,0.0,0.0,1.1986117267495475,0.8245784240839611,0.1085711064602493,0,1
319042,-0.05811468174328171,0.7372336305918931,0.6515517564598249,0.0,0.0,-0.834298528608466,0.8245784240839611,0.0939645376724466,0,1
319043,-0.05811468174328171,0.7372336305918931,-0.38463272023011674,0.0,0.0,1.1986117267495475,0.8245784240839611,0.1085711064602493,0,1
319044,-0.05811468174328171,0.7372336305918931,0.6515517564598249,0.0,0.0,-0.834298528608466,0.8245784240839611,0.0939645376724466,0,1
319048,-0.05811468174328171,-1.3564221143806794,-0.38463272023011674,0.0,0.0,-0.834298528608466,0.8245784240839611,-0.0082814438421728,2,0
319049,-0.05811468174328171,-1.3564221143806794,-0.38463272023011674,0.0,0.0,1.1986117267495475,0.8245784240839611,0.0501448313090382,1,2
319050,-0.05811468174328171,-1.3564221143806794,0.6515517564598249,0.0,0.0,-0.834298528608466,0.8245784240839611,0.0355382625212355,1,2
319051,-0.05811468174328171,0.7372336305918931,-0.38463272023011674,0.0,0.0,1.1986117267495475,0.8245784240839611,0.1085711064602493,0,1
319052,-0.05811468174328171,0.7372336305918931,0.6515517564598249,0.0,0.0,1.1986117267495475,0.8245784240839611,0.1523908128236577,0,1
319054,-0.05811468174328171,-1.3564221143806794,-0.38463272023011674,0.0,0.0,-0.834298528608466,-1.212740924079984,-0.0374945814177783,2,0
319056,-0.05811468174328171,0.7372336305918931,-0.38463272023011674,0.0,0.0,-0.834298528608466,-1.212740924079984,0.0209316937334327,1,2
319057,-0.05811468174328171,0.7372336305918931,-1.4208171969200585,0.0,0.0,-0.834298528608466,-1.212740924079984,-0.0228880126299756,2,0
319058,-0.05811468174328171,0.7372336305918931,-1.4208171969200585,0.0,0.0,1.1986117267495475,-1.212740924079984,0.0355382625212355,1,2
319059,-0.05811468174328171,0.7372336305918931,-0.38463272023011674,0.0,0.0,-0.834298528608466,-1.212740924079984,0.0209316937334327,1,2
319060,-0.05811468174328171,0.7372336305918931,-1.4208171969200585,0.0,0.0,-0.834298528608466,0.8245784240839611,0.0063251249456299,2,0
319061,-0.05811468174328171,0.7372336305918931,-1.4208171969200585,0.0,0.0,1.1986117267495475,-1.212740924079984,0.0355382625212355,1,2
319062,-0.04347709613472944,-1.3564221143806794,0.6515517564598249,0.0,0.0,1.1986117267495475,0.8245784240839611,0.0793579688846438,0,1
319063,-0.05811468174328171,-1.3564221143806794,-1.4208171969200585,0.0,0.0,1.1986117267495475,0.8245784240839611,0.0063251249456299,2,0
319064,-0.05811468174328171,0.7372336305918931,0.6515517564598249,0.0,0.0,1.1986117267495475,-1.212740924079984,0.1231776752480521,0,1
319065,-0.05811468174328171,0.7372336305918931,-0.38463272023011674,0.0,0.0,-0.834298528608466,-1.212740924079984,0.0209316937334327,1,2
319069,-0.05811468174328171,0.7372336305918931,1.6877362331497665,0.0,0.0,-0.834298528608466,0.8245784240839611,0.1377842440358549,0,1
319070,-0.05811468174328171,-1.3564221143806794,-0.38463272023011674,0.0,0.0,-0.834298528608466,0.8245784240839611,-0.0082814438421728,2,0
319071,-0.05811468174328171,-1.3564221143806794,-0.38463272023011674,0.0,0.0,1.1986117267495475,0.8245784240839611,0.0501448313090382,1,2
319072,-0.05811468174328171,0.7372336305918931,-0.38463272023011674,0.0,0.0,1.1986117267495475,0.8245784240839611,0.1085711064602493,0,1
319079,-0.05811468174328171,-1.3564221143806794,-0.38463272023011674,0.0,0.0,1.1986117267495475,0.8245784240839611,0.0501448313090382,1,2
319083,-0.05811468174328171,0.7372336305918931,0.6515517564598249,0.0,0.0,1.1986117267495475,0.8245784240839611,0.1523908128236577,0,1
320001,-0.05811468174328171,0.7372336305918931,-1.4208171969200585,0.0,0.0,-0.834298528608466,0.8245784240839611,0.0063251249456299,2,0
320002,-0.05811468174328171,0.7372336305918931,1.6877362331497665,0.0,0.0,-0.834298528608466,0.8245784240839611,0.1377842440358549,0,1
320007,-0.05811468174328171,0.7372336305918931,-0.38463272023011674,0.0,0.0,-0.834298528608466,0.8245784240839611,0.0501448313090382,1,2
320008,-0.05811468174328171,0.7372336305918931,-0.38463272023011674,0.0,0.0,-0.834298528608466,-1.212740924079984,0.0209316937334327,1,2
320009,-0.05811468174328171,-1.3564221143806794,0.6515517564598249,0.0,0.0,1.1986117267495475,0.8245784240839611,0.0939645376724466,0,1
320010,-0.05811468174328171,0.7372336305918931,-0.38463272023011674,0.0,0.0,-0.834298528608466,0.8245784240839611,0.0501448313090382,1,2
320051,-0.04347709613472944,0.7372336305918931,0.6515517564598249,0.0,0.0,1.1986117267495475,0.8245784240839611,0.1377842440358549,0,1
320052,-0.05811468174328171,0.7372336305918931,-0.38463272023011674,0.0,0.0,1.1986117267495475,-1.212740924079984,0.0793579688846438,0,1
320054,-0.05811468174328171,0.7372336305918931,0.6515517564598249,0.0,0.0,-0.834298528608466,-1.212740924079984,0.064751400096841,1,2
320055,-0.05811468174328171,0.7372336305918931,-1.4208171969200585,0.0,0.0,-0.834298528608466,-1.212740924079984,-0.0228880126299756,2,0
320056,-0.05811468174328171,0.7372336305918931,0.6515517564598249,0.0,0.0,-0.834298528608466,-1.212740924079984,0.064751400096841,1,2
320057,-0.05811468174328171,-1.3564221143806794,0.6515517564598249,0.0,0.0,-0.834298528608466,-1.212740924079984,0.0063251249456299,2,0
320061,-0.05811468174328171,0.7372336305918931,-0.38463272023011674,0.0,0.0,1.1986117267495475,0.8245784240839611,0.1085711064602493,0,1
320063,-0.05811468174328171,0.7372336305918931,-1.4208171969200585,0.0,0.0,-0.834298528608466,-1.212740924079984,-0.0228880126299756,2,0
320074,-0.04347709613472944,0.7372336305918931,-0.38463272023011674,0.0,0.0,1.1986117267495475,-1.212740924079984,0.064751400096841,1,2
320075,-0.05811468174328171,0.7372336305918931,1.6877362331497665,0.0,0.0,1.1986117267495475,-1.212740924079984,0.1669973816114605,0,1
320076,-0.05811468174328171,-1.3564221143806794,-0.38463272023011674,0.0,0.0,-0.834298528608466,0.8245784240839611,-0.0082814438421728,2,0
320077,-0.05811468174328171,0.7372336305918931,-0.38463272023011674,0.0,0.0,1.1986117267495475,-1.212740924079984,0.0793579688846438,0,1
320078,-0.05811468174328171,0.7372336305918931,-1.4208171969200585,0.0,0.0,1.1986117267495475,-1.212740924079984,0.0355382625212355,1,2
320080,-0.04347709613472944,0.7372336305918931,-0.38463272023011674,0.0,0.0,1.1986117267495475,0.8245784240839611,0.0939645376724466,0,1
320081,-0.05811468174328171,0.7372336305918931,0.6515517564598249,0.0,0.0,-0.834298528608466,0.8245784240839611,0.0939645376724466,0,1
320082,-0.05811468174328171,-1.3564221143806794,1.6877362331497665,0.0,0.0,-0.834298528608466,-1.212740924079984,0.0501448313090382,1,2
320083,-0.05811468174328171,-1.3564221143806794,-0.38463272023011674,0.0,0.0,-0.834298528608466,-1.212740924079984,-0.0374945814177783,2,0
320181,-0.05811468174328171,0.7372336305918931,0.6515517564598249,0.0,0.0,-0.834298528608466,-1.212740924079984,0.064751400096841,1,2
320182,-0.05811468174328171,-1.3564221143806794,-0.38463272023011674,0.0,0.0,1.1986117267495475,0.8245784240839611,0.0501448313090382,1,2
320183,-0.05811468174328171,0.7372336305918931,-1.4208171969200585,0.0,0.0,1.1986117267495475,-1.212740924079984,0.0355382625212355,1,2
320184,-0.05811468174328171,-1.3564221143806794,-0.38463272023011674,0.0,0.0,1.1986117267495475,0.8245784240839611,0.0501448313090382,1,2
320185,-0.05811468174328171,-1.3564221143806794,0.6515517564598249,0.0,0.0,-0.834298528608466,-1.212740924079984,0.0063251249456299,2,0
320186,-0.05811468174328171,0.7372336305918931,1.6877362331497665,0.0,0.0,-0.834298528608466,0.8245784240839611,0.1377842440358549,0,1
320191,-0.05811468174328171,0.7372336305918931,1.6877362331497665,0.0,0.0,1.1986117267495475,-1.212740924079984,0.1669973816114605,0,1
329001,-0.05811468174328171,0.7372336305918931,-0.38463272023011674,0.0,0.0,-0.834298528608466,-1.212740924079984,0.0209316937334327,1,2
329002,-0.05811468174328171,0.7372336305918931,-0.38463272023011674,0.0,0.0,-0.834298528608466,0.8245784240839611,0.0501448313090382,1,2
329003,-0.05811468174328171,-1.3564221143806794,-0.38463272023011674,0.0,0.0,-0.834298528608466,-1.212740924079984,-0.0374945814177783,2,0
329005,-0.05811468174328171,0.7372336305918931,1.6877362331497665,0.0,0.0,-0.834298528608466,-1.212740924079984,0.1085711064602493,0,1
329006,-0.05811468174328171,0.7372336305918931,1.6877362331497665,0.0,0.0,1.1986117267495475,0.8245784240839611,0.196210519187066,0,1
329007,-0.05811468174328171,-1.3564221143806794,0.6515517564598249,0.0,0.0,-0.834298528608466,0.8245784240839611,0.0355382625212355,1,2
329009,-0.05811468174328171,0.7372336305918931,-0.38463272023011674,0.0,0.0,1.1986117267495475,-1.212740924079984,0.0793579688846438,0,1
329010,-0.05811468174328171,0.7372336305918931,-0.38463272023011674,0.0,0.0,1.1986117267495475,0.8245784240839611,0.1085711064602493,0,1
329011,-0.05811468174328171,0.7372336305918931,-0.38463272023011674,0.0,0.0,-0.834298528608466,0.8245784240839611,0.0501448313090382,1,2
329012,-0.05811468174328171,-1.3564221143806794,-0.38463272023011674,0.0,0.0,1.1986117267495475,0.8245784240839611,0.0501448313090382,1,2
329013,-0.05811468174328171,-1.3564221143806794,-0.38463272023011674,0.0,0.0,-0.834298528608466,0.8245784240839611,-0.0082814438421728,2,0
329014,-0.05811468174328171,-1.3564221143806794,-1.4208171969200585,0.0,0.0,1.1986117267495475,0.8245784240839611,0.0063251249456299,2,0
329015,-0.05811468174328171,0.7372336305918931,-1.4208171969200585,0.0,0.0,-0.834298528608466,-1.212740924079984,-0.0228880126299756,2,0
329016,-0.05811468174328171,0.7372336305918931,1.6877362331497665,0.0,0.0,1.1986117267495475,0.8245784240839611,0.196210519187066,0,1
329017,-0.05811468174328171,-1.3564221143806794,0.6515517564598249,0.0,0.0,-0.834298528608466,-1.212740924079984,0.0063251249456299,2,0
329019,-0.05811468174328171,0.7372336305918931,-0.38463272023011674,0.0,0.0,1.1986117267495475,-1.212740924079984,0.0793579688846438,0,1
329021,-0.05811468174328171,0.7372336305918931,-0.38463272023011674,0.0,0.0,1.1986117267495475,0.8245784240839611,0.1085711064602493,0,1
329023,-0.05811468174328171,0.7372336305918931,-0.38463272023011674,0.0,0.0,-0.834298528608466,-1.212740924079984,0.0209316937334327,1,2
329025,-0.05811468174328171,0.7372336305918931,0.6515517564598249,0.0,0.0,1.1986117267495475,0.8245784240839611,0.1523908128236577,0,1
329026,-0.05811468174328171,-1.3564221143806794,0.6515517564598249,0.0,0.0,-0.834298528608466,0.8245784240839611,0.0355382625212355,1,2
329028,-0.05811468174328171,0.7372336305918931,0.6515517564598249,0.0,0.0,-0.834298528608466,0.8245784240839611,0.0939645376724466,0,1
329029,-0.05811468174328171,0.7372336305918931,0.6515517564598249,0.0,0.0,1.1986117267495475,-1.212740924079984,0.1231776752480521,0,1
329030,-0.05811468174328171,0.7372336305918931,-0.38463272023011674,0.0,0.0,1.1986117267495475,-1.212740924079984,0.0793579688846438,0,1
329031,-0.05811468174328171,0.7372336305918931,-0.38463272023011674,0.0,0.0,-0.834298528608466,0.8245784240839611,0.0501448313090382,1,2
329033,-0.05811468174328171,-1.3564221143806794,-0.38463272023011674,0.0,0.0,-0.834298528608466,0.8245784240839611,-0.0082814438421728,2,0
329034,-0.05811468174328171,0.7372336305918931,-0.38463272023011674,0.0,0.0,1.1986117267495475,-1.212740924079984,0.0793579688846438,0,1
329035,-0.05811468174328171,-1.3564221143806794,0.6515517564598249,0.0,0.0,1.1986117267495475,-1.212740924079984,0.064751400096841,1,2
329036,-0.05811468174328171,0.7372336305918931,-0.38463272023011674,0.0,0.0,-0.834298528608466,0.8245784240839611,0.0501448313090382,1,2
329037,-0.05811468174328171,0.7372336305918931,-1.4208171969200585,0.0,0.0,-0.834298528608466,-1.212740924079984,-0.0228880126299756,2,0
329038,-0.05811468174328171,-1.3564221143806794,-0.38463272023011674,0.0,0.0,1.1986117267495475,0.8245784240839611,0.0501448313090382,1,2
329039,-0.05811468174328171,0.7372336305918931,1.6877362331497665,0.0,0.0,1.1986117267495475,0.8245784240839611,0.196210519187066,0,1
329040,-0.05811468174328171,-1.3564221143806794,-0.38463272023011674,0.0,0.0,1.1986117267495475,0.8245784240839611,0.0501448313090382,1,2
329041,-0.05811468174328171,0.7372336305918931,0.6515517564598249,0.0,0.0,-0.834298528608466,-1.212740924079984,0.064751400096841,1,2
329042,18.970746609374668,0.7372336305918931,-0.38463272023011674,0.0,0.0,1.1986117267495475,-1.212740924079984,-18.909181455258963,2,0
329046,-0.05811468174328171,0.7372336305918931,-1.4208171969200585,0.0,0.0,1.1986117267495475,-1.212740924079984,0.0355382625212355,1,2
329047,-0.05811468174328171,0.7372336305918931,-0.38463272023011674,0.0,0.0,-0.834298528608466,0.8245784240839611,0.0501448313090382,1,2
329048,-0.05811468174328171,0.7372336305918931,0.6515517564598249,0.0,0.0,-0.834298528608466,0.8245784240839611,0.0939645376724466,0,1
329049,-0.05811468174328171,0.7372336305918931,-0.38463272023011674,0.0,0.0,1.1986117267495475,0.8245784240839611,0.1085711064602493,0,1
329050,-0.05811468174328171,0.7372336305918931,1.6877362331497665,0.0,0.0,-0.834298528608466,0.8245784240839611,0.1377842440358549,0,1
329053,-0.05811468174328171,0.7372336305918931,-0.38463272023011674,0.0,0.0,1.1986117267495475,-1.212740924079984,0.0793579688846438,0,1
329054,-0.05811468174328171,-1.3564221143806794,-1.4208171969200585,0.0,0.0,1.1986117267495475,0.8245784240839611,0.0063251249456299,2,0
329055,-0.05811468174328171,0.7372336305918931,1.6877362331497665,0.0,0.0,1.1986117267495475,0.8245784240839611,0.196210519187066,0,1
329056,-0.05811468174328171,-1.3564221143806794,-0.38463272023011674,0.0,0.0,1.1986117267495475,0.8245784240839611,0.0501448313090382,1,2
329057,-0.05811468174328171,0.7372336305918931,0.6515517564598249,0.0,0.0,-0.834298528608466,-1.212740924079984,0.064751400096841,1,2
329058,-0.05811468174328171,-1.3564221143806794,0.6515517564598249,0.0,0.0,-0.834298528608466,0.8245784240839611,0.0355382625212355,1,2
329059,-0.05811468174328171,-1.3564221143806794,-0.38463272023011674,0.0,0.0,1.1986117267495475,0.8245784240839611,0.0501448313090382,1,2
329060,-0.05811468174328171,0.7372336305918931,0.6515517564598249,0.0,0.0,-0.834298528608466,0.8245784240839611,0.0939645376724466,0,1
329061,-0.05811468174328171,0.7372336305918931,-1.4208171969200585,0.0,0.0,-0.834298528608466,-1.212740924079984,-0.0228880126299756,2,0
329062,-0.05811468174328171,0.7372336305918931,-0.38463272023011674,0.0,0.0,-0.834298528608466,0.8245784240839611,0.0501448313090382,1,2
329063,-0.05811468174328171,-1.3564221143806794,-1.4208171969200585,0.0,0.0,-0.834298528608466,-1.212740924079984,-0.0813142877811867,2,0
329065,-0.05811468174328171,0.7372336305918931,0.6515517564598249,0.0,0.0,1.1986117267495475,0.8245784240839611,0.1523908128236577,0,1
329066,-0.05811468174328171,0.7372336305918931,-0.38463272023011674,0.0,0.0,-0.834298528608466,0.8245784240839611,0.0501448313090382,1,2
329067,-0.05811468174328171,0.7372336305918931,0.6515517564598249,0.0,0.0,-0.834298528608466,0.8245784240839611,0.0939645376724466,0,1
329070,-0.05811468174328171,-1.3564221143806794,1.6877362331497665,0.0,0.0,1.1986117267495475,0.8245784240839611,0.1377842440358549,0,1
329071,-0.05811468174328171,0.7372336305918931,-0.38463272023011674,0.0,0.0,1.1986117267495475,0.8245784240839611,0.1085711064602493,0,1
329073,-0.05811468174328171,-1.3564221143806794,-0.38463272023011674,0.0,0.0,1.1986117267495475,-1.212740924079984,0.0209316937334327,1,2
329074,-0.05811468174328171,0.7372336305918931,-0.38463272023011674,0.0,0.0,1.1986117267495475,-1.212740924079984,0.0793579688846438,0,1
329075,-0.05811468174328171,0.7372336305918931,-0.38463272023011674,0.0,0.0,1.1986117267495475,0.8245784240839611,0.1085711064602493,0,1
329076,-0.05811468174328171,0.7372336305918931,-0.38463272023011674,0.0,0.0,1.1986117267495475,0.8245784240839611,0.1085711064602493,0,1
329077,-0.05811468174328171,0.7372336305918931,0.6515517564598249,0.0,0.0,-0.834298528608466,-1.212740924079984,0.064751400096841,1,2
329079,-0.05811468174328171,0.7372336305918931,1.6877362331497665,0.0,0.0,1.1986117267495475,-1.212740924079984,0.1669973816114605,0,1
329080,-0.05811468174328171,0.7372336305918931,1.6877362331497665,0.0,0.0,-0.834298528608466,0.8245784240839611,0.1377842440358549,0,1
329081,-0.05811468174328171,0.7372336305918931,1.6877362331497665,0.0,0.0,1.1986117267495475,0.8245784240839611,0.196210519187066,0,1
329082,-0.05811468174328171,0.7372336305918931,1.6877362331497665,0.0,0.0,-0.834298528608466,0.8245784240839611,0.1377842440358549,0,1
329085,-0.05811468174328171,0.7372336305918931,-0.38463272023011674,0.0,0.0,-0.834298528608466,-1.212740924079984,0.0209316937334327,1,2
329087,-0.05811468174328171,0.7372336305918931,0.6515517564598249,0.0,0.0,-0.834298528608466,0.8245784240839611,0.0939645376724466,0,1
329088,-0.05811468174328171,0.7372336305918931,1.6877362331497665,0.0,0.0,-0.834298528608466,0.8245784240839611,0.1377842440358549,0,1
329089,-0.05811468174328171,0.7372336305918931,-0.38463272023011674,0.0,0.0,1.1986117267495475,0.8245784240839611,0.1085711064602493,0,1
329090,-0.05811468174328171,0.7372336305918931,1.6877362331497665,0.0,0.0,1.1986117267495475,0.8245784240839611,0.196210519187066,0,1
329091,-0.04347709613472944,0.7372336305918931,-0.38463272023011674,0.0,0.0,1.1986117267495475,-1.212740924079984,0.064751400096841,1,2
329092,-0.05811468174328171,-1.3564221143806794,0.6515517564598249,0.0,0.0,1.1986117267495475,0.8245784240839611,0.0939645376724466,0,1
329093,-0.05811468174328171,0.7372336305918931,0.6515517564598249,0.0,0.0,-0.834298528608466,-1.212740924079984,0.064751400096841,1,2
329095,-0.05811468174328171,0.7372336305918931,1.6877362331497665,0.0,0.0,1.1986117267495475,-1.212740924079984,0.1669973816114605,0,1
329096,-0.05811468174328171,-1.3564221143806794,-0.38463272023011674,0.0,0.0,-0.834298528608466,0.8245784240839611,-0.0082814438421728,2,0
329108,-0.05811468174328171,-1.3564221143806794,0.6515517564598249,0.0,0.0,1.1986117267495475,0.8245784240839611,0.0939645376724466,0,1
330031,-0.05811468174328171,0.7372336305918931,-0.38463272023011674,0.0,0.0,-0.834298528608466,0.8245784240839611,0.0501448313090382,1,2
330032,-0.05811468174328171,0.7372336305918931,-0.38463272023011674,0.0,0.0,-0.834298528608466,0.8245784240839611,0.0501448313090382,1,2
330033,-0.05811468174328171,0.7372336305918931,0.6515517564598249,0.0,0.0,1.1986117267495475,-1.212740924079984,0.1231776752480521,0,1
330034,-0.05811468174328171,-1.3564221143806794,0.6515517564598249,0.0,0.0,1.1986117267495475,0.8245784240839611,0.0939645376724466,0,1
330035,-0.05811468174328171,0.7372336305918931,0.6515517564598249,0.0,0.0,1.1986117267495475,-1.212740924079984,0.1231776752480521,0,1
330036,-0.05811468174328171,-1.3564221143806794,-0.38463272023011674,0.0,0.0,1.1986117267495475,0.8245784240839611,0.0501448313090382,1,2
330037,-0.05811468174328171,0.7372336305918931,-0.38463272023011674,0.0,0.0,-0.834298528608466,-1.212740924079984,0.0209316937334327,1,2
330038,-0.014201924917624904,-1.3564221143806794,0.6515517564598249,0.0,0.0,1.1986117267495475,0.8245784240839611,0.0501448313090382,1,2
330039,-0.05811468174328171,-1.3564221143806794,-0.38463272023011674,0.0,0.0,1.1986117267495475,-1.212740924079984,0.0209316937334327,1,2
330040,-0.05811468174328171,-1.3564221143806794,-1.4208171969200585,0.0,0.0,-0.834298528608466,0.8245784240839611,-0.0521011502055811,2,0
330051,-0.05811468174328171,0.7372336305918931,1.6877362331497665,0.0,0.0,-0.834298528608466,0.8245784240839611,0.1377842440358549,0,1
330052,-0.05811468174328171,-1.3564221143806794,-0.38463272023011674,0.0,0.0,-0.834298528608466,0.8245784240839611,-0.0082814438421728,2,0
330054,-0.04347709613472944,0.7372336305918931,0.6515517564598249,0.0,0.0,1.1986117267495475,0.8245784240839611,0.1377842440358549,0,1
330055,-0.014201924917624904,0.7372336305918931,-0.38463272023011674,0.0,0.0,-0.834298528608466,0.8245784240839611,0.0063251249456299,2,0
330056,-0.05811468174328171,0.7372336305918931,-0.38463272023011674,0.0,0.0,-0.834298528608466,0.8245784240839611,0.0501448313090382,1,2
330057,-0.05811468174328171,0.7372336305918931,-0.38463272023011674,0.0,0.0,-0.834298528608466,0.8245784240839611,0.0501448313090382,1,2
330058,-0.05811468174328171,0.7372336305918931,-0.38463272023011674,0.0,0.0,-0.834298528608466,0.8245784240839611,0.0501448313090382,1,2
330059,-0.04347709613472944,-1.3564221143806794,-0.38463272023011674,0.0,0.0,1.1986117267495475,-1.212740924079984,0.0063251249456299,2,0
330060,-0.05811468174328171,0.7372336305918931,-0.38463272023011674,0.0,0.0,1.1986117267495475,-1.212740924079984,0.0793579688846438,0,1
330061,-0.04347709613472944,-1.3564221143806794,-0.38463272023011674,0.0,0.0,-0.834298528608466,-1.212740924079984,-0.0521011502055811,2,0
330062,-0.05811468174328171,-1.3564221143806794,-1.4208171969200585,0.0,0.0,-0.834298528608466,-1.212740924079984,-0.0813142877811867,2,0
330063,-0.05811468174328171,0.7372336305918931,-0.38463272023011674,0.0,0.0,-0.834298528608466,0.8245784240839611,0.0501448313090382,1,2
330064,-0.05811468174328171,0.7372336305918931,-1.4208171969200585,0.0,0.0,1.1986117267495475,-1.212740924079984,0.0355382625212355,1,2
330065,-0.04347709613472944,0.7372336305918931,-1.4208171969200585,0.0,0.0,-0.834298528608466,-1.212740924079984,-0.0374945814177783,2,0
330066,-0.05811468174328171,0.7372336305918931,1.6877362331497665,0.0,0.0,-0.834298528608466,-1.212740924079984,0.1085711064602493,0,1
330067,-0.05811468174328171,0.7372336305918931,0.6515517564598249,0.0,0.0,1.1986117267495475,0.8245784240839611,0.1523908128236577,0,1
330068,-0.05811468174328171,-1.3564221143806794,0.6515517564598249,0.0,0.0,-0.834298528608466,0.8245784240839611,0.0355382625212355,1,2
330069,-0.04347709613472944,-1.3564221143806794,-0.38463272023011674,0.0,0.0,1.1986117267495475,-1.212740924079984,0.0063251249456299,2,0
330070,-0.05811468174328171,-1.3564221143806794,1.6877362331497665,0.0,0.0,-0.834298528608466,0.8245784240839611,0.0793579688846438,0,1
339001,-0.05811468174328171,-1.3564221143806794,0.6515517564598249,0.0,0.0,1.1986117267495475,-1.212740924079984,0.064751400096841,1,2
339002,-0.05811468174328171,0.7372336305918931,0.6515517564598249,0.0,0.0,-0.834298528608466,0.8245784240839611,0.0939645376724466,0,1
339003,-0.05811468174328171,0.7372336305918931,-0.38463272023011674,0.0,0.0,-0.834298528608466,0.8245784240839611,0.0501448313090382,1,2
339004,-0.04347709613472944,-1.3564221143806794,1.6877362331497665,0.0,0.0,-0.834298528608466,-1.212740924079984,0.0355382625212355,1,2
339005,-0.05811468174328171,0.7372336305918931,0.6515517564598249,0.0,0.0,1.1986117267495475,0.8245784240839611,0.1523908128236577,0,1
339006,-0.05811468174328171,0.7372336305918931,1.6877362331497665,0.0,0.0,1.1986117267495475,0.8245784240839611,0.196210519187066,0,1
339009,-0.05811468174328171,-1.3564221143806794,-1.4208171969200585,0.0,0.0,-0.834298528608466,0.8245784240839611,-0.0521011502055811,2,0
339010,-0.05811468174328171,-1.3564221143806794,-0.38463272023011674,0.0,0.0,1.1986117267495475,0.8245784240839611,0.0501448313090382,1,2
339011,-0.05811468174328171,-1.3564221143806794,-0.38463272023011674,0.0,0.0,1.1986117267495475,-1.212740924079984,0.0209316937334327,1,2
339012,-0.05811468174328171,-1.3564221143806794,-0.38463272023011674,0.0,0.0,1.1986117267495475,-1.212740924079984,0.0209316937334327,1,2
339026,-0.05811468174328171,-1.3564221143806794,1.6877362331497665,0.0,0.0,1.1986117267495475,-1.212740924079984,0.1085711064602493,0,1
339027,-0.04347709613472944,0.7372336305918931,-1.4208171969200585,0.0,0.0,-0.834298528608466,-1.212740924079984,-0.0374945814177783,2,0
339028,-0.05811468174328171,-1.3564221143806794,-1.4208171969200585,0.0,0.0,1.1986117267495475,-1.212740924079984,-0.0228880126299756,2,0
339029,-0.05811468174328171,0.7372336305918931,-0.38463272023011674,0.0,0.0,-0.834298528608466,0.8245784240839611,0.0501448313090382,1,2
339030,-0.05811468174328171,0.7372336305918931,-1.4208171969200585,0.0,0.0,-0.834298528608466,-1.212740924079984,-0.0228880126299756,2,0
339031,-0.05811468174328171,0.7372336305918931,-0.38463272023011674,0.0,0.0,-0.834298528608466,0.8245784240839611,0.0501448313090382,1,2
339032,-0.05811468174328171,0.7372336305918931,0.6515517564598249,0.0,0.0,1.1986117267495475,0.8245784240839611,0.1523908128236577,0,1
339033,-0.05811468174328171,-1.3564221143806794,0.6515517564598249,0.0,0.0,1.1986117267495475,0.8245784240839611,0.0939645376724466,0,1
339034,-0.05811468174328171,0.7372336305918931,-1.4208171969200585,0.0,0.0,1.1986117267495475,0.8245784240839611,0.064751400096841,1,2
339036,-0.05811468174328171,0.7372336305918931,-0.38463272023011674,0.0,0.0,1.1986117267495475,0.8245784240839611,0.1085711064602493,0,1
339037,-0.05811468174328171,-1.3564221143806794,-0.38463272023011674,0.0,0.0,1.1986117267495475,0.8245784240839611,0.0501448313090382,1,2
339038,-0.05811468174328171,-1.3564221143806794,-1.4208171969200585,0.0,0.0,-0.834298528608466,0.8245784240839611,-0.0521011502055811,2,0
339040,-0.05811468174328171,0.7372336305918931,0.6515517564598249,0.0,0.0,-0.834298528608466,0.8245784240839611,0.0939645376724466,0,1
339042,-0.05811468174328171,0.7372336305918931,0.6515517564598249,0.0,0.0,-0.834298528608466,0.8245784240839611,0.0939645376724466,0,1
339043,-0.05811468174328171,0.7372336305918931,0.6515517564598249,0.0,0.0,-0.834298528608466,-1.212740924079984,0.064751400096841,1,2
339044,-0.05811468174328171,0.7372336305918931,0.6515517564598249,0.0,0.0,-0.834298528608466,0.8245784240839611,0.0939645376724466,0,1
339045,-0.05811468174328171,0.7372336305918931,-1.4208171969200585,0.0,0.0,-0.834298528608466,0.8245784240839611,0.0063251249456299,2,0
339046,-0.05811468174328171,-1.3564221143806794,1.6877362331497665,0.0,0.0,1.1986117267495475,-1.212740924079984,0.1085711064602493,0,1
339047,-0.05811468174328171,-1.3564221143806794,0.6515517564598249,0.0,0.0,1.1986117267495475,-1.212740924079984,0.064751400096841,1,2
339048,-0.05811468174328171,-1.3564221143806794,1.6877362331497665,0.0,0.0,1.1986117267495475,0.8245784240839611,0.1377842440358549,0,1
340032,-0.05811468174328171,-1.3564221143806794,-1.4208171969200585,0.0,0.0,1.1986117267495475,0.8245784240839611,0.0063251249456299,2,0
340033,-0.05811468174328171,0.7372336305918931,1.6877362331497665,0.0,0.0,-0.834298528608466,-1.212740924079984,0.1085711064602493,0,1
340034,-0.05811468174328171,0.7372336305918931,0.6515517564598249,0.0,0.0,1.1986117267495475,0.8245784240839611,0.1523908128236577,0,1
340035,-0.04347709613472944,0.7372336305918931,0.6515517564598249,0.0,0.0,-0.834298528608466,0.8245784240839611,0.0793579688846438,0,1
340036,-0.05811468174328171,-1.3564221143806794,-1.4208171969200585,0.0,0.0,-0.834298528608466,0.8245784240839611,-0.0521011502055811,2,0
340037,-0.05811468174328171,0.7372336305918931,0.6515517564598249,0.0,0.0,1.1986117267495475,0.8245784240839611,0.1523908128236577,0,1
340038,-0.05811468174328171,-1.3564221143806794,1.6877362331497665,0.0,0.0,-0.834298528608466,0.8245784240839611,0.0793579688846438,0,1
340039,-0.05811468174328171,-1.3564221143806794,0.6515517564598249,0.0,0.0,-0.834298528608466,0.8245784240839611,0.0355382625212355,1,2
340040,-0.05811468174328171,-1.3564221143806794,0.6515517564598249,0.0,0.0,-0.834298528608466,-1.212740924079984,0.0063251249456299,2,0
340051,-0.04347709613472944,0.7372336305918931,1.6877362331497665,0.0,0.0,1.1986117267495475,0.8245784240839611,0.1816039503992632,0,1
340052,-0.05811468174328171,0.7372336305918931,-0.38463272023011674,0.0,0.0,1.1986117267495475,0.8245784240839611,0.1085711064602493,0,1
340053,-0.05811468174328171,0.7372336305918931,0.6515517564598249,0.0,0.0,-0.834298528608466,0.8245784240839611,0.0939645376724466,0,1
340054,-0.05811468174328171,0.7372336305918931,-0.38463272023011674,0.0,0.0,1.1986117267495475,0.8245784240839611,0.1085711064602493,0,1
340056,-0.05811468174328171,0.7372336305918931,1.6877362331497665,0.0,0.0,-0.834298528608466,-1.212740924079984,0.1085711064602493,0,1
340057,0.10289875995079323,-1.3564221143806794,-1.4208171969200585,0.0,0.0,-0.834298528608466,0.8245784240839611,-0.2127734068714117,2,0
340058,-0.05811468174328171,-1.3564221143806794,-0.38463272023011674,0.0,0.0,-0.834298528608466,-1.212740924079984,-0.0374945814177783,2,0
340059,-0.05811468174328171,-1.3564221143806794,0.6515517564598249,0.0,0.0,1.1986117267495475,-1.212740924079984,0.064751400096841,1,2
340060,-0.05811468174328171,0.7372336305918931,0.6515517564598249,0.0,0.0,-0.834298528608466,-1.212740924079984,0.064751400096841,1,2
340081,-0.05811468174328171,0.7372336305918931,0.6515517564598249,0.0,0.0,-0.834298528608466,-1.212740924079984,0.064751400096841,1,2
340082,-0.05811468174328171,-1.3564221143806794,1.6877362331497665,0.0,0.0,-0.834298528608466,0.8245784240839611,0.0793579688846438,0,1
340083,-0.05811468174328171,0.7372336305918931,1.6877362331497665,0.0,0.0,-0.834298528608466,-1.212740924079984,0.1085711064602493,0,1
340085,-0.05811468174328171,0.7372336305918931,-1.4208171969200585,0.0,0.0,1.1986117267495475,-1.212740924079984,0.0355382625212355,1,2
340086,-0.05811468174328171,-1.3564221143806794,-0.38463272023011674,0.0,0.0,-0.834298528608466,0.8245784240839611,-0.0082814438421728,2,0
340087,-0.05811468174328171,0.7372336305918931,-1.4208171969200585,0.0,0.0,-0.834298528608466,-1.212740924079984,-0.0228880126299756,2,0
340088,-0.05811468174328171,0.7372336305918931,-0.38463272023011674,0.0,0.0,-0.834298528608466,-1.212740924079984,0.0209316937334327,1,2
340089,-0.05811468174328171,0.7372336305918931,-0.38463272023011674,0.0,0.0,-0.834298528608466,-1.212740924079984,0.0209316937334327,1,2
340090,0.1175363455593455,-1.3564221143806794,1.6877362331497665,0.0,0.0,1.1986117267495475,-1.212740924079984,-0.0667077189933839,2,0
349002,-0.05811468174328171,0.7372336305918931,0.6515517564598249,0.0,0.0,-0.834298528608466,-1.212740924079984,0.064751400096841,1,2
349003,-0.05811468174328171,-1.3564221143806794,-1.4208171969200585,0.0,0.0,-0.834298528608466,-1.212740924079984,-0.0813142877811867,2,0
349004,-0.05811468174328171,0.7372336305918931,-1.4208171969200585,0.0,0.0,-0.834298528608466,0.8245784240839611,0.0063251249456299,2,0
349005,-0.05811468174328171,0.7372336305918931,0.6515517564598249,0.0,0.0,-0.834298528608466,-1.212740924079984,0.064751400096841,1,2
349007,-0.05811468174328171,0.7372336305918931,-0.38463272023011674,0.0,0.0,1.1986117267495475,-1.212740924079984,0.0793579688846438,0,1
349008,-0.05811468174328171,0.7372336305918931,-0.38463272023011674,0.0,0.0,1.1986117267495475,0.8245784240839611,0.1085711064602493,0,1
349009,-0.05811468174328171,0.7372336305918931,1.6877362331497665,0.0,0.0,1.1986117267495475,0.8245784240839611,0.196210519187066,0,1
349010,-0.05811468174328171,0.7372336305918931,1.6877362331497665,0.0,0.0,-0.834298528608466,0.8245784240839611,0.1377842440358549,0,1
349011,-0.05811468174328171,-1.3564221143806794,-0.38463272023011674,0.0,0.0,1.1986117267495475,0.8245784240839611,0.0501448313090382,1,2
349012,-0.04347709613472944,0.7372336305918931,1.6877362331497665,0.0,0.0,1.1986117267495475,-1.212740924079984,0.1523908128236577,0,1
349014,-0.05811468174328171,-1.3564221143806794,-0.38463272023011674,0.0,0.0,-0.834298528608466,0.8245784240839611,-0.0082814438421728,2,0
349015,-0.05811468174328171,0.7372336305918931,0.6515517564598249,0.0,0.0,1.1986117267495475,-1.212740924079984,0.1231776752480521,0,1
349017,-0.05811468174328171,0.7372336305918931,-0.38463272023011674,0.0,0.0,1.1986117267495475,-1.212740924079984,0.0793579688846438,0,1
349018,-0.05811468174328171,0.7372336305918931,-1.4208171969200585,0.0,0.0,-0.834298528608466,0.8245784240839611,0.0063251249456299,2,0
349019,-0.05811468174328171,0.7372336305918931,1.6877362331497665,0.0,0.0,-0.834298528608466,0.8245784240839611,0.1377842440358549,0,1
349020,-0.04347709613472944,0.7372336305918931,-0.38463272023011674,0.0,0.0,1.1986117267495475,0.8245784240839611,0.0939645376724466,0,1
349021,-0.05811468174328171,-1.3564221143806794,0.6515517564598249,0.0,0.0,-0.834298528608466,0.8245784240839611,0.0355382625212355,1,2
349022,-0.05811468174328171,0.7372336305918931,-0.38463272023011674,0.0,0.0,1.1986117267495475,-1.212740924079984,0.0793579688846438,0,1
349024,-0.05811468174328171,0.7372336305918931,-1.4208171969200585,0.0,0.0,1.1986117267495475,0.8245784240839611,0.064751400096841,1,2
349025,-0.05811468174328171,-1.3564221143806794,-1.4208171969200585,0.0,0.0,1.1986117267495475,0.8245784240839611,0.0063251249456299,2,0
349026,-0.05811468174328171,-1.3564221143806794,-0.38463272023011674,0.0,0.0,-0.834298528608466,0.8245784240839611,-0.0082814438421728,2,0
349027,-0.05811468174328171,0.7372336305918931,0.6515517564598249,0.0,0.0,-0.834298528608466,0.8245784240839611,0.0939645376724466,0,1
349028,-0.05811468174328171,0.7372336305918931,-0.38463272023011674,0.0,0.0,-0.834298528608466,0.8245784240839611,0.0501448313090382,1,2
349029,-0.05811468174328171,0.7372336305918931,0.6515517564598249,0.0,0.0,1.1986117267495475,-1.212740924079984,0.1231776752480521,0,1
349030,-0.05811468174328171,0.7372336305918931,0.6515517564598249,0.0,0.0,1.1986117267495475,0.8245784240839611,0.1523908128236577,0,1
349031,-0.05811468174328171,-1.3564221143806794,0.6515517564598249,0.0,0.0,1.1986117267495475,-1.212740924079984,0.064751400096841,1,2
349032,-0.05811468174328171,0.7372336305918931,-0.38463272023011674,0.0,0.0,-0.834298528608466,-1.212740924079984,0.0209316937334327,1,2
349034,-0.05811468174328171,0.7372336305918931,1.6877362331497665,0.0,0.0,1.1986117267495475,0.8245784240839611,0.196210519187066,0,1
349036,-0.05811468174328171,0.7372336305918931,-0.38463272023011674,0.0,0.0,1.1986117267495475,-1.212740924079984,0.0793579688846438,0,1
349037,-0.05811468174328171,0.7372336305918931,-0.38463272023011674,0.0,0.0,-0.834298528608466,0.8245784240839611,0.0501448313090382,1,2
349038,-0.05811468174328171,0.7372336305918931,-1.4208171969200585,0.0,0.0,-0.834298528608466,-1.212740924079984,-0.0228880126299756,2,0
349039,-0.05811468174328171,0.7372336305918931,-0.38463272023011674,0.0,0.0,1.1986117267495475,0.8245784240839611,0.1085711064602493,0,1
349040,-0.05811468174328171,0.7372336305918931,-1.4208171969200585,0.0,0.0,1.1986117267495475,-1.212740924079984,0.0355382625212355,1,2
349041,-0.05811468174328171,-1.3564221143806794,0.6515517564598249,0.0,0.0,1.1986117267495475,-1.212740924079984,0.064751400096841,1,2
349044,-0.05811468174328171,0.7372336305918931,-0.38463272023011674,0.0,0.0,-0.834298528608466,-1.212740924079984,0.0209316937334327,1,2
349045,-0.04347709613472944,0.7372336305918931,-0.38463272023011674,0.0,0.0,-0.834298528608466,0.8245784240839611,0.0355382625212355,1,2
349046,-0.05811468174328171,0.7372336305918931,0.6515517564598249,0.0,0.0,1.1986117267495475,-1.212740924079984,0.1231776752480521,0,1
349047,-0.05811468174328171,-1.3564221143806794,-0.38463272023011674,0.0,0.0,1.1986117267495475,0.8245784240839611,0.0501448313090382,1,2
349050,-0.05811468174328171,0.7372336305918931,-0.38463272023011674,0.0,0.0,1.1986117267495475,-1.212740924079984,0.0793579688846438,0,1
349051,-0.05811468174328171,-1.3564221143806794,-1.4208171969200585,0.0,0.0,1.1986117267495475,-1.212740924079984,-0.0228880126299756,2,0
349052,-0.05811468174328171,0.7372336305918931,0.6515517564598249,0.0,0.0,-0.834298528608466,-1.212740924079984,0.064751400096841,1,2
349053,-0.05811468174328171,0.7372336305918931,-1.4208171969200585,0.0,0.0,1.1986117267495475,0.8245784240839611,0.064751400096841,1,2
349054,-0.05811468174328171,0.7372336305918931,-0.38463272023011674,0.0,0.0,-0.834298528608466,0.8245784240839611,0.0501448313090382,1,2
349055,-0.05811468174328171,-1.3564221143806794,-0.38463272023011674,0.0,0.0,-0.834298528608466,0.8245784240839611,-0.0082814438421728,2,0
349056,-0.05811468174328171,0.7372336305918931,0.6515517564598249,0.0,0.0,-0.834298528608466,-1.212740924079984,0.064751400096841,1,2
349057,-0.05811468174328171,0.7372336305918931,0.6515517564598249,0.0,0.0,1.1986117267495475,0.8245784240839611,0.1523908128236577,0,1
349059,-0.05811468174328171,0.7372336305918931,0.6515517564598249,0.0,0.0,1.1986117267495475,0.8245784240839611,0.1523908128236577,0,1
349060,-0.05811468174328171,0.7372336305918931,-1.4208171969200585,0.0,0.0,-0.834298528608466,-1.212740924079984,-0.0228880126299756,2,0
349061,-0.05811468174328171,0.7372336305918931,-0.38463272023011674,0.0,0.0,-0.834298528608466,0.8245784240839611,0.0501448313090382,1,2
349062,-0.05811468174328171,0.7372336305918931,-0.38463272023011674,0.0,0.0,1.1986117267495475,0.8245784240839611,0.1085711064602493,0,1
349063,-0.05811468174328171,-1.3564221143806794,-1.4208171969200585,0.0,0.0,1.1986117267495475,-1.212740924079984,-0.0228880126299756,2,0
349064,-0.05811468174328171,-1.3564221143806794,-0.38463272023011674,0.0,0.0,1.1986117267495475,-1.212740924079984,0.0209316937334327,1,2
349066,-0.05811468174328171,0.7372336305918931,-0.38463272023011674,0.0,0.0,-0.834298528608466,-1.212740924079984,0.0209316937334327,1,2
349067,-0.05811468174328171,0.7372336305918931,-0.38463272023011674,0.0,0.0,-0.834298528608466,0.8245784240839611,0.0501448313090382,1,2
349068,-0.05811468174328171,0.7372336305918931,0.6515517564598249,0.0,0.0,-0.834298528608466,-1.212740924079984,0.064751400096841,1,2
349069,-0.05811468174328171,-1.3564221143806794,-0.38463272023011674,0.0,0.0,-0.834298528608466,-1.212740924079984,-0.0374945814177783,2,0
349071,-0.05811468174328171,-1.3564221143806794,0.6515517564598249,0.0,0.0,-0.834298528608466,-1.212740924079984,0.0063251249456299,2,0
349072,-0.05811468174328171,0.7372336305918931,-0.38463272023011674,0.0,0.0,-0.834298528608466,-1.212740924079984,0.0209316937334327,1,2
349073,-0.05811468174328171,-1.3564221143806794,-0.38463272023011674,0.0,0.0,-0.834298528608466,-1.212740924079984,-0.0374945814177783,2,0
349075,-0.05811468174328171,0.7372336305918931,-0.38463272023011674,0.0,0.0,-0.834298528608466,0.8245784240839611,0.0501448313090382,1,2
349076,-0.05811468174328171,-1.3564221143806794,-1.4208171969200585,0.0,0.0,1.1986117267495475,-1.212740924079984,-0.0228880126299756,2,0
349077,-0.05811468174328171,0.7372336305918931,-1.4208171969200585,0.0,0.0,-0.834298528608466,0.8245784240839611,0.0063251249456299,2,0
349078,-0.05811468174328171,0.7372336305918931,-0.38463272023011674,0.0,0.0,-0.834298528608466,-1.212740924079984,0.0209316937334327,1,2
349080,-0.05811468174328171,-1.3564221143806794,1.6877362331497665,0.0,0.0,1.1986117267495475,0.8245784240839611,0.1377842440358549,0,1
349081,-0.05811468174328171,0.7372336305918931,0.6515517564598249,0.0,0.0,1.1986117267495475,0.8245784240839611,0.1523908128236577,0,1
349083,-0.05811468174328171,-1.3564221143806794,-1.4208171969200585,0.0,0.0,1.1986117267495475,-1.212740924079984,-0.0228880126299756,2,0
349084,-0.05811468174328171,0.7372336305918931,0.6515517564598249,0.0,0.0,1.1986117267495475,0.8245784240839611,0.1523908128236577,0,1
349085,-0.05811468174328171,0.7372336305918931,0.6515517564598249,0.0,0.0,1.1986117267495475,0.8245784240839611,0.1523908128236577,0,1
349086,-0.05811468174328171,0.7372336305918931,0.6515517564598249,0.0,0.0,1.1986117267495475,0.8245784240839611,0.1523908128236577,0,1
349087,-0.05811468174328171,0.7372336305918931,0.6515517564598249,0.0,0.0,1.1986117267495475,0.8245784240839611,0.1523908128236577,0,1
349088,-0.05811468174328171,0.7372336305918931,-0.38463272023011674,0.0,0.0,1.1986117267495475,0.8245784240839611,0.1085711064602493,0,1
349089,-0.05811468174328171,-1.3564221143806794,-0.38463272023011674,0.0,0.0,-0.834298528608466,0.8245784240839611,-0.0082814438421728,2,0
349090,-0.05811468174328171,-1.3564221143806794,-0.38463272023011674,0.0,0.0,-0.834298528608466,0.8245784240839611,-0.0082814438421728,2,0
349091,-0.05811468174328171,0.7372336305918931,-0.38463272023011674,0.0,0.0,1.1986117267495475,0.8245784240839611,0.1085711064602493,0,1
349092,-0.05811468174328171,0.7372336305918931,-0.38463272023011674,0.0,0.0,-0.834298528608466,0.8245784240839611,0.0501448313090382,1,2
349093,-0.05811468174328171,0.7372336305918931,0.6515517564598249,0.0,0.0,1.1986117267495475,0.8245784240839611,0.1523908128236577,0,1
349095,-0.05811468174328171,0.7372336305918931,1.6877362331497665,0.0,0.0,-0.834298528608466,0.8245784240839611,0.1377842440358549,0,1
349109,-0.05811468174328171,0.7372336305918931,1.6877362331497665,0.0,0.0,-0.834298528608466,0.8245784240839611,0.1377842440358549,0,1
350061,-0.05811468174328171,0.7372336305918931,1.6877362331497665,0.0,0.0,1.1986117267495475,-1.212740924079984,0.1669973816114605,0,1
350062,-0.05811468174328171,0.7372336305918931,0.6515517564598249,0.0,0.0,-0.834298528608466,0.8245784240839611,0.0939645376724466,0,1
350063,-0.04347709613472944,0.7372336305918931,1.6877362331497665,0.0,0.0,1.1986117267495475,-1.212740924079984,0.1523908128236577,0,1
350064,-0.05811468174328171,0.7372336305918931,-1.4208171969200585,0.0,0.0,1.1986117267495475,0.8245784240839611,0.064751400096841,1,2
350065,-0.05811468174328171,-1.3564221143806794,-0.38463272023011674,0.0,0.0,1.1986117267495475,-1.212740924079984,0.0209316937334327,1,2
350066,-0.05811468174328171,-1.3564221143806794,-0.38463272023011674,0.0,0.0,-0.834298528608466,-1.212740924079984,-0.0374945814177783,2,0
350067,-0.05811468174328171,-1.3564221143806794,0.6515517564598249,0.0,0.0,1.1986117267495475,0.8245784240839611,0.0939645376724466,0,1
350068,-0.05811468174328171,-1.3564221143806794,-0.38463272023011674,0.0,0.0,1.1986117267495475,-1.212740924079984,0.0209316937334327,1,2
350069,-0.05811468174328171,-1.3564221143806794,0.6515517564598249,0.0,0.0,1.1986117267495475,0.8245784240839611,0.0939645376724466,0,1
350070,-0.05811468174328171,0.7372336305918931,-1.4208171969200585,0.0,0.0,1.1986117267495475,0.8245784240839611,0.064751400096841,1,2
359002,-0.05811468174328171,0.7372336305918931,-0.38463272023011674,0.0,0.0,1.1986117267495475,-1.212740924079984,0.0793579688846438,0,1
359003,-0.05811468174328171,0.7372336305918931,0.6515517564598249,0.0,0.0,1.1986117267495475,-1.212740924079984,0.1231776752480521,0,1
359004,-0.05811468174328171,0.7372336305918931,-1.4208171969200585,0.0,0.0,1.1986117267495475,0.8245784240839611,0.064751400096841,1,2
359005,-0.05811468174328171,-1.3564221143806794,-0.38463272023011674,0.0,0.0,-0.834298528608466,-1.212740924079984,-0.0374945814177783,2,0
359006,-0.05811468174328171,-1.3564221143806794,-0.38463272023011674,0.0,0.0,-0.834298528608466,0.8245784240839611,-0.0082814438421728,2,0
359007,-0.05811468174328171,-1.3564221143806794,-0.38463272023011674,0.0,0.0,-0.834298528608466,0.8245784240839611,-0.0082814438421728,2,0
359008,-0.05811468174328171,0.7372336305918931,0.6515517564598249,0.0,0.0,-0.834298528608466,-1.212740924079984,0.064751400096841,1,2
359009,-0.05811468174328171,-1.3564221143806794,-0.38463272023011674,0.0,0.0,1.1986117267495475,-1.212740924079984,0.0209316937334327,1,2
359010,-0.05811468174328171,-1.3564221143806794,0.6515517564598249,0.0,0.0,-0.834298528608466,0.8245784240839611,0.0355382625212355,1,2
359011,-0.05811468174328171,0.7372336305918931,-1.4208171969200585,0.0,0.0,1.1986117267495475,0.8245784240839611,0.064751400096841,1,2
359013,-0.05811468174328171,0.7372336305918931,0.6515517564598249,0.0,0.0,-0.834298528608466,-1.212740924079984,0.064751400096841,1,2
359014,-0.05811468174328171,-1.3564221143806794,-0.38463272023011674,0.0,0.0,-0.834298528608466,-1.212740924079984,-0.0374945814177783,2,0
359015,-0.05811468174328171,0.7372336305918931,0.6515517564598249,0.0,0.0,-0.834298528608466,0.8245784240839611,0.0939645376724466,0,1
359016,-0.05811468174328171,0.7372336305918931,0.6515517564598249,0.0,0.0,-0.834298528608466,0.8245784240839611,0.0939645376724466,0,1
359017,-0.05811468174328171,0.7372336305918931,-0.38463272023011674,0.0,0.0,-0.834298528608466,-1.212740924079984,0.0209316937334327,1,2
359018,-0.05811468174328171,0.7372336305918931,1.6877362331497665,0.0,0.0,-0.834298528608466,0.8245784240839611,0.1377842440358549,0,1
359019,-0.05811468174328171,-1.3564221143806794,0.6515517564598249,0.0,0.0,1.1986117267495475,0.8245784240839611,0.0939645376724466,0,1
359020,-0.05811468174328171,-1.3564221143806794,-0.38463272023011674,0.0,0.0,-0.834298528608466,0.8245784240839611,-0.0082814438421728,2,0
359021,-0.05811468174328171,0.7372336305918931,-1.4208171969200585,0.0,0.0,-0.834298528608466,0.8245784240839611,0.0063251249456299,2,0
359023,-0.05811468174328171,0.7372336305918931,1.6877362331497665,0.0,0.0,1.1986117267495475,0.8245784240839611,0.196210519187066,0,1
359025,-0.04347709613472944,0.7372336305918931,0.6515517564598249,0.0,0.0,-0.834298528608466,0.8245784240839611,0.0793579688846438,0,1
359027,-0.05811468174328171,0.7372336305918931,-0.38463272023011674,0.0,0.0,-0.834298528608466,0.8245784240839611,0.0501448313090382,1,2
359028,-0.05811468174328171,0.7372336305918931,-0.38463272023011674,0.0,0.0,-0.834298528608466,0.8245784240839611,0.0501448313090382,1,2
359029,-0.05811468174328171,0.7372336305918931,0.6515517564598249,0.0,0.0,-0.834298528608466,0.8245784240839611,0.0939645376724466,0,1
359030,-0.05811468174328171,0.7372336305918931,0.6515517564598249,0.0,0.0,1.1986117267495475,0.8245784240839611,0.1523908128236577,0,1
359031,-0.05811468174328171,0.7372336305918931,0.6515517564598249,0.0,0.0,-0.834298528608466,-1.212740924079984,0.064751400096841,1,2
359032,-0.05811468174328171,-1.3564221143806794,-0.38463272023011674,0.0,0.0,1.1986117267495475,-1.212740924079984,0.0209316937334327,1,2
359033,-0.05811468174328171,0.7372336305918931,0.6515517564598249,0.0,0.0,1.1986117267495475,0.8245784240839611,0.1523908128236577,0,1
359034,-0.05811468174328171,-1.3564221143806794,-0.38463272023011674,0.0,0.0,-0.834298528608466,-1.212740924079984,-0.0374945814177783,2,0
359035,-0.05811468174328171,-1.3564221143806794,-0.38463272023011674,0.0,0.0,1.1986117267495475,0.8245784240839611,0.0501448313090382,1,2
359037,-0.05811468174328171,0.7372336305918931,0.6515517564598249,0.0,0.0,-0.834298528608466,-1.212740924079984,0.064751400096841,1,2
359038,-0.05811468174328171,-1.3564221143806794,1.6877362331497665,0.0,0.0,-0.834298528608466,0.8245784240839611,0.0793579688846438,0,1
359039,-0.05811468174328171,-1.3564221143806794,-0.38463272023011674,0.0,0.0,-0.834298528608466,-1.212740924079984,-0.0374945814177783,2,0
359041,-0.05811468174328171,-1.3564221143806794,-0.38463272023011674,0.0,0.0,-0.834298528608466,0.8245784240839611,-0.0082814438421728,2,0
359043,-0.05811468174328171,0.7372336305918931,0.6515517564598249,0.0,0.0,1.1986117267495475,0.8245784240839611,0.1523908128236577,0,1
359044,-0.05811468174328171,0.7372336305918931,-0.38463272023011674,0.0,0.0,-0.834298528608466,-1.212740924079984,0.0209316937334327,1,2
359045,-0.05811468174328171,0.7372336305918931,0.6515517564598249,0.0,0.0,1.1986117267495475,0.8245784240839611,0.1523908128236577,0,1
359046,-0.05811468174328171,-1.3564221143806794,0.6515517564598249,0.0,0.0,1.1986117267495475,-1.212740924079984,0.064751400096841,1,2
359047,-0.05811468174328171,0.7372336305918931,-1.4208171969200585,0.0,0.0,-0.834298528608466,-1.212740924079984,-0.0228880126299756,2,0
359048,-0.05811468174328171,0.7372336305918931,1.6877362331497665,0.0,0.0,1.1986117267495475,-1.212740924079984,0.1669973816114605,0,1
359049,-0.05811468174328171,-1.3564221143806794,0.6515517564598249,0.0,0.0,1.1986117267495475,-1.212740924079984,0.064751400096841,1,2
359051,-0.05811468174328171,0.7372336305918931,1.6877362331497665,0.0,0.0,-0.834298528608466,0.8245784240839611,0.1377842440358549,0,1
359053,-0.05811468174328171,-1.3564221143806794,0.6515517564598249,0.0,0.0,-0.834298528608466,-1.212740924079984,0.0063251249456299,2,0
359054,-0.05811468174328171,0.7372336305918931,1.6877362331497665,0.0,0.0,-0.834298528608466,0.8245784240839611,0.1377842440358549,0,1
359055,-0.05811468174328171,0.7372336305918931,-1.4208171969200585,0.0,0.0,-0.834298528608466,-1.212740924079984,-0.0228880126299756,2,0
359056,-0.05811468174328171,0.7372336305918931,-0.38463272023011674,0.0,0.0,-0.834298528608466,0.8245784240839611,0.0501448313090382,1,2
359057,-0.05811468174328171,-1.3564221143806794,1.6877362331497665,0.0,0.0,-0.834298528608466,-1.212740924079984,0.0501448313090382,1,2
359059,-0.05811468174328171,0.7372336305918931,-0.38463272023011674,0.0,0.0,1.1986117267495475,0.8245784240839611,0.1085711064602493,0,1
359060,-0.05811468174328171,0.7372336305918931,-1.4208171969200585,0.0,0.0,1.1986117267495475,0.8245784240839611,0.064751400096841,1,2
359062,-0.05811468174328171,0.7372336305918931,0.6515517564598249,0.0,0.0,-0.834298528608466,0.8245784240839611,0.0939645376724466,0,1
359063,-0.05811468174328171,0.7372336305918931,0.6515517564598249,0.0,0.0,-0.834298528608466,-1.212740924079984,0.064751400096841,1,2
359064,-0.05811468174328171,0.7372336305918931,-1.4208171969200585,0.0,0.0,-0.834298528608466,0.8245784240839611,0.0063251249456299,2,0
359065,-0.05811468174328171,-1.3564221143806794,1.6877362331497665,0.0,0.0,-0.834298528608466,-1.212740924079984,0.0501448313090382,1,2
359066,-0.04347709613472944,0.7372336305918931,0.6515517564598249,0.0,0.0,-0.834298528608466,-1.212740924079984,0.0501448313090382,1,2
359067,-0.05811468174328171,0.7372336305918931,-0.38463272023011674,0.0,0.0,1.1986117267495475,0.8245784240839611,0.1085711064602493,0,1
359068,-0.05811468174328171,0.7372336305918931,0.6515517564598249,0.0,0.0,-0.834298528608466,0.8245784240839611,0.0939645376724466,0,1
359070,-0.05811468174328171,-1.3564221143806794,-0.38463272023011674,0.0,0.0,-0.834298528608466,0.8245784240839611,-0.0082814438421728,2,0
359071,-0.05811468174328171,0.7372336305918931,-1.4208171969200585,0.0,0.0,-0.834298528608466,0.8245784240839611,0.0063251249456299,2,0
359072,-0.05811468174328171,-1.3564221143806794,-0.38463272023011674,0.0,0.0,1.1986117267495475,-1.212740924079984,0.0209316937334327,1,2
360031,-0.05811468174328171,0.7372336305918931,-0.38463272023011674,0.0,0.0,1.1986117267495475,-1.212740924079984,0.0793579688846438,0,1
360032,-0.04347709613472944,0.7372336305918931,-0.38463272023011674,0.0,0.0,-0.834298528608466,-1.212740924079984,0.0063251249456299,2,0
360033,-0.05811468174328171,0.7372336305918931,0.6515517564598249,0.0,0.0,-0.834298528608466,0.8245784240839611,0.0939645376724466,0,1
360034,-0.05811468174328171,-1.3564221143806794,0.6515517564598249,0.0,0.0,-0.834298528608466,0.8245784240839611,0.0355382625212355,1,2
360035,-0.05811468174328171,0.7372336305918931,0.6515517564598249,0.0,0.0,-0.834298528608466,-1.212740924079984,0.064751400096841,1,2
360036,-0.05811468174328171,-1.3564221143806794,0.6515517564598249,0.0,0.0,1.1986117267495475,0.8245784240839611,0.0939645376724466,0,1
360037,-0.05811468174328171,-1.3564221143806794,-1.4208171969200585,0.0,0.0,1.1986117267495475,0.8245784240839611,0.0063251249456299,2,0
360038,-0.05811468174328171,0.7372336305918931,-1.4208171969200585,0.0,0.0,1.1986117267495475,0.8245784240839611,0.064751400096841,1,2
360039,-0.04347709613472944,0.7372336305918931,1.6877362331497665,0.0,0.0,-0.834298528608466,0.8245784240839611,0.1231776752480521,0,1
360040,-0.05811468174328171,0.7372336305918931,-1.4208171969200585,0.0,0.0,-0.834298528608466,0.8245784240839611,0.0063251249456299,2,0
360041,-0.05811468174328171,0.7372336305918931,-0.38463272023011674,0.0,0.0,1.1986117267495475,0.8245784240839611,0.1085711064602493,0,1
360043,-0.05811468174328171,0.7372336305918931,0.6515517564598249,0.0,0.0,-0.834298528608466,-1.212740924079984,0.064751400096841,1,2
360045,-0.05811468174328171,0.7372336305918931,-0.38463272023011674,0.0,0.0,1.1986117267495475,-1.212740924079984,0.0793579688846438,0,1
360046,-0.05811468174328171,-1.3564221143806794,1.6877362331497665,0.0,0.0,-0.834298528608466,-1.212740924079984,0.0501448313090382,1,2
360048,-0.05811468174328171,0.7372336305918931,-0.38463272023011674,0.0,0.0,-0.834298528608466,0.8245784240839611,0.0501448313090382,1,2
360050,-0.05811468174328171,0.7372336305918931,-1.4208171969200585,0.0,0.0,1.1986117267495475,0.8245784240839611,0.064751400096841,1,2
360081,-0.05811468174328171,-1.3564221143806794,-0.38463272023011674,0.0,0.0,-0.834298528608466,0.8245784240839611,-0.0082814438421728,2,0
360082,-0.05811468174328171,-1.3564221143806794,0.6515517564598249,0.0,0.0,-0.834298528608466,-1.212740924079984,0.0063251249456299,2,0
360083,-0.04347709613472944,0.7372336305918931,-0.38463272023011674,0.0,0.0,-0.834298528608466,0.8245784240839611,0.0355382625212355,1,2
360084,-0.05811468174328171,-1.3564221143806794,-0.38463272023011674,0.0,0.0,1.1986117267495475,0.8245784240839611,0.0501448313090382,1,2
360085,-0.05811468174328171,-1.3564221143806794,1.6877362331497665,0.0,0.0,-0.834298528608466,0.8245784240839611,0.0793579688846438,0,1
360086,-0.04347709613472944,-1.3564221143806794,1.6877362331497665,0.0,0.0,-0.834298528608466,0.8245784240839611,0.064751400096841,1,2
360087,-0.05811468174328171,0.7372336305918931,-0.38463272023011674,0.0,0.0,1.1986117267495475,0.8245784240839611,0.1085711064602493,0,1
360088,-0.05811468174328171,0.7372336305918931,-0.38463272023011674,0.0,0.0,-0.834298528608466,-1.212740924079984,0.0209316937334327,1,2
360089,-0.05811468174328171,-1.3564221143806794,-0.38463272023011674,0.0,0.0,1.1986117267495475,-1.212740924079984,0.0209316937334327,1,2
360090,-0.05811468174328171,0.7372336305918931,1.6877362331497665,0.0,0.0,-0.834298528608466,-1.212740924079984,0.1085711064602493,0,1
369001,-0.05811468174328171,0.7372336305918931,1.6877362331497665,0.0,0.0,1.1986117267495475,0.8245784240839611,0.196210519187066,0,1
369002,-0.05811468174328171,0.7372336305918931,-0.38463272023011674,0.0,0.0,-0.834298528608466,-1.212740924079984,0.0209316937334327,1,2
369003,-0.05811468174328171,-1.3564221143806794,0.6515517564598249,0.0,0.0,1.1986117267495475,0.8245784240839611,0.0939645376724466,0,1
369004,-0.05811468174328171,0.7372336305918931,-0.38463272023011674,0.0,0.0,1.1986117267495475,0.8245784240839611,0.1085711064602493,0,1
369005,-0.05811468174328171,0.7372336305918931,-1.4208171969200585,0.0,0.0,1.1986117267495475,-1.212740924079984,0.0355382625212355,1,2
369006,-0.05811468174328171,0.7372336305918931,-1.4208171969200585,0.0,0.0,-0.834298528608466,0.8245784240839611,0.0063251249456299,2,0
369007,-0.05811468174328171,-1.3564221143806794,-0.38463272023011674,0.0,0.0,-0.834298528608466,-1.212740924079984,-0.0374945814177783,2,0
369008,-0.05811468174328171,0.7372336305918931,-0.38463272023011674,0.0,0.0,1.1986117267495475,-1.212740924079984,0.0793579688846438,0,1
369025,-0.05811468174328171,0.7372336305918931,-1.4208171969200585,0.0,0.0,-0.834298528608466,0.8245784240839611,0.0063251249456299,2,0
369026,-0.05811468174328171,0.7372336305918931,0.6515517564598249,0.0,0.0,-0.834298528608466,-1.212740924079984,0.064751400096841,1,2
369027,-0.05811468174328171,-1.3564221143806794,-0.38463272023011674,0.0,0.0,1.1986117267495475,0.8245784240839611,0.0501448313090382,1,2
369028,-0.04347709613472944,-1.3564221143806794,0.6515517564598249,0.0,0.0,-0.834298528608466,0.8245784240839611,0.0209316937334327,1,2
369030,-0.05811468174328171,0.7372336305918931,-0.38463272023011674,0.0,0.0,1.1986117267495475,0.8245784240839611,0.1085711064602493,0,1
369031,-0.05811468174328171,0.7372336305918931,-1.4208171969200585,0.0,0.0,-0.834298528608466,0.8245784240839611,0.0063251249456299,2,0
369032,-0.05811468174328171,-1.3564221143806794,-0.38463272023011674,0.0,0.0,1.1986117267495475,-1.212740924079984,0.0209316937334327,1,2
369033,-0.05811468174328171,0.7372336305918931,-0.38463272023011674,0.0,0.0,-0.834298528608466,0.8245784240839611,0.0501448313090382,1,2
369035,-0.05811468174328171,-1.3564221143806794,-0.38463272023011674,0.0,0.0,-0.834298528608466,-1.212740924079984,-0.0374945814177783,2,0
369036,-0.05811468174328171,0.7372336305918931,-1.4208171969200585,0.0,0.0,1.1986117267495475,-1.212740924079984,0.0355382625212355,1,2
369038,-0.05811468174328171,0.7372336305918931,-0.38463272023011674,0.0,0.0,-0.834298528608466,-1.212740924079984,0.0209316937334327,1,2
369039,-0.05811468174328171,0.7372336305918931,-1.4208171969200585,0.0,0.0,1.1986117267495475,-1.212740924079984,0.0355382625212355,1,2
369040,-0.05811468174328171,0.7372336305918931,0.6515517564598249,0.0,0.0,1.1986117267495475,0.8245784240839611,0.1523908128236577,0,1
369041,-0.05811468174328171,-1.3564221143806794,0.6515517564598249,0.0,0.0,-0.834298528608466,-1.212740924079984,0.0063251249456299,2,0
369042,-0.05811468174328171,0.7372336305918931,-1.4208171969200585,0.0,0.0,1.1986117267495475,0.8245784240839611,0.064751400096841,1,2
369043,-0.05811468174328171,-1.3564221143806794,-0.38463272023011674,0.0,0.0,-0.834298528608466,0.8245784240839611,-0.0082814438421728,2,0
369044,-0.05811468174328171,0.7372336305918931,-1.4208171969200585,0.0,0.0,1.1986117267495475,0.8245784240839611,0.064751400096841,1,2
369046,-0.05811468174328171,0.7372336305918931,0.6515517564598249,0.0,0.0,-0.834298528608466,0.8245784240839611,0.0939645376724466,0,1
369047,-0.05811468174328171,0.7372336305918931,-0.38463272023011674,0.0,0.0,1.1986117267495475,-1.212740924079984,0.0793579688846438,0,1
369048,-0.05811468174328171,-1.3564221143806794,-0.38463272023011674,0.0,0.0,1.1986117267495475,0.8245784240839611,0.0501448313090382,1,2
369049,-0.05811468174328171,0.7372336305918931,-0.38463272023011674,0.0,0.0,-0.834298528608466,0.8245784240839611,0.0501448313090382,1,2
369050,-0.05811468174328171,-1.3564221143806794,1.6877362331497665,0.0,0.0,1.1986117267495475,-1.212740924079984,0.1085711064602493,0,1
370002,-0.05811468174328171,-1.3564221143806794,-0.38463272023011674,0.0,0.0,-0.834298528608466,0.8245784240839611,-0.0082814438421728,2,0
370003,-0.05811468174328171,0.7372336305918931,0.6515517564598249,0.0,0.0,-0.834298528608466,0.8245784240839611,0.0939645376724466,0,1
370004,-0.05811468174328171,0.7372336305918931,-0.38463272023011674,0.0,0.0,-0.834298528608466,-1.212740924079984,0.0209316937334327,1,2
370005,-0.05811468174328171,0.7372336305918931,1.6877362331497665,0.0,0.0,-0.834298528608466,-1.212740924079984,0.1085711064602493,0,1
370006,-0.05811468174328171,0.7372336305918931,0.6515517564598249,0.0,0.0,-0.834298528608466,-1.212740924079984,0.064751400096841,1,2
370007,-0.04347709613472944,-1.3564221143806794,-0.38463272023011674,0.0,0.0,-0.834298528608466,0.8245784240839611,-0.0228880126299756,2,0
370008,-0.05811468174328171,0.7372336305918931,0.6515517564598249,0.0,0.0,-0.834298528608466,0.8245784240839611,0.0939645376724466,0,1
370009,-0.05811468174328171,0.7372336305918931,-0.38463272023011674,0.0,0.0,-0.834298528608466,0.8245784240839611,0.0501448313090382,1,2
370010,-0.05811468174328171,-1.3564221143806794,0.6515517564598249,0.0,0.0,-0.834298528608466,0.8245784240839611,0.0355382625212355,1,2
370011,-0.05811468174328171,0.7372336305918931,0.6515517564598249,0.0,0.0,1.1986117267495475,0.8245784240839611,0.1523908128236577,0,1
370012,-0.05811468174328171,0.7372336305918931,-1.4208171969200585,0.0,0.0,1.1986117267495475,0.8245784240839611,0.064751400096841,1,2
370013,-0.05811468174328171,0.7372336305918931,0.6515517564598249,0.0,0.0,-0.834298528608466,0.8245784240839611,0.0939645376724466,0,1
370014,-0.05811468174328171,0.7372336305918931,-0.38463272023011674,0.0,0.0,1.1986117267495475,0.8245784240839611,0.1085711064602493,0,1
370015,-0.04347709613472944,0.7372336305918931,-0.38463272023011674,0.0,0.0,1.1986117267495475,0.8245784240839611,0.0939645376724466,0,1
370017,-0.05811468174328171,0.7372336305918931,-0.38463272023011674,0.0,0.0,1.1986117267495475,0.8245784240839611,0.1085711064602493,0,1
370018,-0.014201924917624904,0.7372336305918931,0.6515517564598249,0.0,0.0,-0.834298528608466,0.8245784240839611,0.0501448313090382,1,2
370019,-0.05811468174328171,-1.3564221143806794,-0.38463272023011674,0.0,0.0,-0.834298528608466,0.8245784240839611,-0.0082814438421728,2,0
370020,-0.05811468174328171,0.7372336305918931,-1.4208171969200585,0.0,0.0,1.1986117267495475,-1.212740924079984,0.0355382625212355,1,2
370021,-0.05811468174328171,0.7372336305918931,0.6515517564598249,0.0,0.0,1.1986117267495475,-1.212740924079984,0.1231776752480521,0,1
370023,-0.04347709613472944,0.7372336305918931,-1.4208171969200585,0.0,0.0,-0.834298528608466,0.8245784240839611,-0.0082814438421728,2,0
370024,-0.05811468174328171,0.7372336305918931,-1.4208171969200585,0.0,0.0,-0.834298528608466,-1.212740924079984,-0.0228880126299756,2,0
370025,-0.05811468174328171,0.7372336305918931,-0.38463272023011674,0.0,0.0,1.1986117267495475,0.8245784240839611,0.1085711064602493,0,1
370026,-0.04347709613472944,0.7372336305918931,-0.38463272023011674,0.0,0.0,1.1986117267495475,-1.212740924079984,0.064751400096841,1,2
370027,-0.05811468174328171,-1.3564221143806794,-0.38463272023011674,0.0,0.0,1.1986117267495475,-1.212740924079984,0.0209316937334327,1,2
370028,-0.05811468174328171,0.7372336305918931,-1.4208171969200585,0.0,0.0,-0.834298528608466,-1.212740924079984,-0.0228880126299756,2,0
370030,-0.05811468174328171,0.7372336305918931,1.6877362331497665,0.0,0.0,-0.834298528608466,-1.212740924079984,0.1085711064602493,0,1
379003,-0.05811468174328171,-1.3564221143806794,0.6515517564598249,0.0,0.0,-0.834298528608466,-1.212740924079984,0.0063251249456299,2,0
379005,-0.05811468174328171,0.7372336305918931,-0.38463272023011674,0.0,0.0,-0.834298528608466,0.8245784240839611,0.0501448313090382,1,2
379006,-0.05811468174328171,0.7372336305918931,-0.38463272023011674,0.0,0.0,-0.834298528608466,0.8245784240839611,0.0501448313090382,1,2
379007,-0.05811468174328171,0.7372336305918931,-0.38463272023011674,0.0,0.0,1.1986117267495475,0.8245784240839611,0.1085711064602493,0,1
379008,-0.05811468174328171,-1.3564221143806794,0.6515517564598249,0.0,0.0,-0.834298528608466,0.8245784240839611,0.0355382625212355,1,2
379009,-0.05811468174328171,-1.3564221143806794,-1.4208171969200585,0.0,0.0,1.1986117267495475,0.8245784240839611,0.0063251249456299,2,0
379010,-0.05811468174328171,0.7372336305918931,-1.4208171969200585,0.0,0.0,-0.834298528608466,0.8245784240839611,0.0063251249456299,2,0
379011,-0.05811468174328171,-1.3564221143806794,1.6877362331497665,0.0,0.0,-0.834298528608466,0.8245784240839611,0.0793579688846438,0,1
379012,-0.05811468174328171,0.7372336305918931,-0.38463272023011674,0.0,0.0,-0.834298528608466,0.8245784240839611,0.0501448313090382,1,2
379014,-0.05811468174328171,0.7372336305918931,-0.38463272023011674,0.0,0.0,-0.834298528608466,-1.212740924079984,0.0209316937334327,1,2
379015,-0.05811468174328171,-1.3564221143806794,1.6877362331497665,0.0,0.0,1.1986117267495475,-1.212740924079984,0.1085711064602493,0,1
379016,-0.05811468174328171,-1.3564221143806794,0.6515517564598249,0.0,0.0,-0.834298528608466,-1.212740924079984,0.0063251249456299,2,0
379019,-0.05811468174328171,0.7372336305918931,-0.38463272023011674,0.0,0.0,-0.834298528608466,-1.212740924079984,0.0209316937334327,1,2
379021,-0.05811468174328171,0.7372336305918931,0.6515517564598249,0.0,0.0,-0.834298528608466,0.8245784240839611,0.0939645376724466,0,1
379022,-0.05811468174328171,0.7372336305918931,-1.4208171969200585,0.0,0.0,-0.834298528608466,-1.212740924079984,-0.0228880126299756,2,0
379024,-0.05811468174328171,0.7372336305918931,0.6515517564598249,0.0,0.0,1.1986117267495475,0.8245784240839611,0.1523908128236577,0,1
379037,-0.05811468174328171,-1.3564221143806794,-0.38463272023011674,0.0,0.0,-0.834298528608466,0.8245784240839611,-0.0082814438421728,2,0
379039,-0.04347709613472944,0.7372336305918931,0.6515517564598249,0.0,0.0,1.1986117267495475,0.8245784240839611,0.1377842440358549,0,1
379041,-0.05811468174328171,0.7372336305918931,1.6877362331497665,0.0,0.0,1.1986117267495475,0.8245784240839611,0.196210519187066,0,1
379043,-0.05811468174328171,0.7372336305918931,1.6877362331497665,0.0,0.0,-0.834298528608466,-1.212740924079984,0.1085711064602493,0,1
379044,-0.05811468174328171,0.7372336305918931,1.6877362331497665,0.0,0.0,-0.834298528608466,0.8245784240839611,0.1377842440358549,0,1
379045,-0.05811468174328171,0.7372336305918931,-0.38463272023011674,0.0,0.0,1.1986117267495475,-1.212740924079984,0.0793579688846438,0,1
379046,-0.05811468174328171,-1.3564221143806794,-0.38463272023011674,0.0,0.0,1.1986117267495475,0.8245784240839611,0.0501448313090382,1,2
379047,-0.05811468174328171,0.7372336305918931,-0.38463272023011674,0.0,0.0,-0.834298528608466,0.8245784240839611,0.0501448313090382,1,2
379048,-0.05811468174328171,-1.3564221143806794,0.6515517564598249,0.0,0.0,-0.834298528608466,0.8245784240839611,0.0355382625212355,1,2
379049,-0.05811468174328171,-1.3564221143806794,1.6877362331497665,0.0,0.0,-0.834298528608466,0.8245784240839611,0.0793579688846438,0,1
379050,-0.05811468174328171,0.7372336305918931,-0.38463272023011674,0.0,0.0,-0.834298528608466,0.8245784240839611,0.0501448313090382,1,2
379051,-0.05811468174328171,0.7372336305918931,1.6877362331497665,0.0,0.0,-0.834298528608466,-1.212740924079984,0.1085711064602493,0,1
379052,-0.05811468174328171,0.7372336305918931,0.6515517564598249,0.0,0.0,-0.834298528608466,-1.212740924079984,0.064751400096841,1,2
379053,-0.05811468174328171,0.7372336305918931,1.6877362331497665,0.0,0.0,-0.834298528608466,0.8245784240839611,0.1377842440358549,0,1
379054,-0.05811468174328171,0.7372336305918931,1.6877362331497665,0.0,0.0,-0.834298528608466,0.8245784240839611,0.1377842440358549,0,1
379055,-0.05811468174328171,-1.3564221143806794,-0.38463272023011674,0.0,0.0,-0.834298528608466,0.8245784240839611,-0.0082814438421728,2,0
379057,-0.05811468174328171,0.7372336305918931,-1.4208171969200585,0.0,0.0,1.1986117267495475,-1.212740924079984,0.0355382625212355,1,2
379058,-0.05811468174328171,0.7372336305918931,-1.4208171969200585,0.0,0.0,-0.834298528608466,0.8245784240839611,0.0063251249456299,2,0
379059,-0.05811468174328171,0.7372336305918931,-0.38463272023011674,0.0,0.0,1.1986117267495475,0.8245784240839611,0.1085711064602493,0,1
379061,-0.05811468174328171,0.7372336305918931,0.6515517564598249,0.0,0.0,-0.834298528608466,0.8245784240839611,0.0939645376724466,0,1
379063,-0.05811468174328171,-1.3564221143806794,0.6515517564598249,0.0,0.0,1.1986117267495475,0.8245784240839611,0.0939645376724466,0,1
379064,-0.05811468174328171,0.7372336305918931,1.6877362331497665,0.0,0.0,-0.834298528608466,0.8245784240839611,0.1377842440358549,0,1
379065,-0.05811468174328171,0.7372336305918931,0.6515517564598249,0.0,0.0,1.1986117267495475,-1.212740924079984,0.1231776752480521,0,1
379066,-0.05811468174328171,-1.3564221143806794,-1.4208171969200585,0.0,0.0,-0.834298528608466,0.8245784240839611,-0.0521011502055811,2,0
379068,-0.05811468174328171,0.7372336305918931,-1.4208171969200585,0.0,0.0,-0.834298528608466,-1.212740924079984,-0.0228880126299756,2,0
379069,-0.04347709613472944,0.7372336305918931,-1.4208171969200585,0.0,0.0,1.1986117267495475,-1.212740924079984,0.0209316937334327,1,2
379070,-0.05811468174328171,0.7372336305918931,-0.38463272023011674,0.0,0.0,-0.834298528608466,0.8245784240839611,0.0501448313090382,1,2
379071,-0.05811468174328171,0.7372336305918931,-0.38463272023011674,0.0,0.0,1.1986117267495475,0.8245784240839611,0.1085711064602493,0,1
379072,-0.05811468174328171,-1.3564221143806794,-1.4208171969200585,0.0,0.0,-0.834298528608466,0.8245784240839611,-0.0521011502055811,2,0
379073,-0.05811468174328171,-1.3564221143806794,-0.38463272023011674,0.0,0.0,-0.834298528608466,0.8245784240839611,-0.0082814438421728,2,0
379075,-0.05811468174328171,-1.3564221143806794,-1.4208171969200585,0.0,0.0,-0.834298528608466,0.8245784240839611,-0.0521011502055811,2,0
379077,-0.05811468174328171,0.7372336305918931,0.6515517564598249,0.0,0.0,1.1986117267495475,-1.212740924079984,0.1231776752480521,0,1
379078,-0.05811468174328171,-1.3564221143806794,-0.38463272023011674,0.0,0.0,-0.834298528608466,0.8245784240839611,-0.0082814438421728,2,0
379079,-0.05811468174328171,-1.3564221143806794,-0.38463272023011674,0.0,0.0,1.1986117267495475,-1.212740924079984,0.0209316937334327,1,2
379080,-0.05811468174328171,0.7372336305918931,-0.38463272023011674,0.0,0.0,-0.834298528608466,0.8245784240839611,0.0501448313090382,1,2
379081,-0.05811468174328171,0.7372336305918931,1.6877362331497665,0.0,0.0,1.1986117267495475,-1.212740924079984,0.1669973816114605,0,1
379082,-0.05811468174328171,0.7372336305918931,-0.38463272023011674,0.0,0.0,-0.834298528608466,0.8245784240839611,0.0501448313090382,1,2
379083,-0.05811468174328171,-1.3564221143806794,-0.38463272023011674,0.0,0.0,-0.834298528608466,0.8245784240839611,-0.0082814438421728,2,0
379084,-0.05811468174328171,-1.3564221143806794,0.6515517564598249,0.0,0.0,-0.834298528608466,-1.212740924079984,0.0063251249456299,2,0
379085,-0.05811468174328171,-1.3564221143806794,0.6515517564598249,0.0,0.0,-0.834298528608466,-1.212740924079984,0.0063251249456299,2,0
379086,-0.05811468174328171,0.7372336305918931,1.6877362331497665,0.0,0.0,-0.834298528608466,-1.212740924079984,0.1085711064602493,0,1
379087,-0.05811468174328171,0.7372336305918931,-0.38463272023011674,0.0,0.0,-0.834298528608466,-1.212740924079984,0.0209316937334327,1,2
379089,-0.05811468174328171,0.7372336305918931,-0.38463272023011674,0.0,0.0,-0.834298528608466,-1.212740924079984,0.0209316937334327,1,2
379090,-0.05811468174328171,-1.3564221143806794,-1.4208171969200585,0.0,0.0,-0.834298528608466,0.8245784240839611,-0.0521011502055811,2,0
379091,-0.05811468174328171,0.7372336305918931,0.6515517564598249,0.0,0.0,-0.834298528608466,0.8245784240839611,0.0939645376724466,0,1
379092,-0.05811468174328171,-1.3564221143806794,-0.38463272023011674,0.0,0.0,-0.834298528608466,0.8245784240839611,-0.0082814438421728,2,0
379093,-0.05811468174328171,0.7372336305918931,-1.4208171969200585,0.0,0.0,-0.834298528608466,0.8245784240839611,0.0063251249456299,2,0
379096,-0.05811468174328171,0.7372336305918931,-0.38463272023011674,0.0,0.0,1.1986117267495475,0.8245784240839611,0.1085711064602493,0,1
379097,-0.05811468174328171,0.7372336305918931,-0.38463272023011674,0.0,0.0,1.1986117267495475,0.8245784240839611,0.1085711064602493,0,1
379098,-0.05811468174328171,-1.3564221143806794,-1.4208171969200585,0.0,0.0,-0.834298528608466,0.8245784240839611,-0.0521011502055811,2,0
379099,-0.05811468174328171,-1.3564221143806794,0.6515517564598249,0.0,0.0,1.1986117267495475,0.8245784240839611,0.0939645376724466,0,1
379100,1.4056438791119452,0.7372336305918931,0.6515517564598249,0.0,0.0,1.1986117267495475,0.8245784240839611,-1.30826606595662,2,0
379101,-0.05811468174328171,-1.3564221143806794,-1.4208171969200585,0.0,0.0,-0.834298528608466,-1.212740924079984,-0.0813142877811867,2,0
379103,-0.05811468174328171,-1.3564221143806794,-0.38463272023011674,0.0,0.0,-0.834298528608466,0.8245784240839611,-0.0082814438421728,2,0
379104,-0.05811468174328171,-1.3564221143806794,0.6515517564598249,0.0,0.0,1.1986117267495475,0.8245784240839611,0.0939645376724466,0,1
379105,-0.05811468174328171,-1.3564221143806794,-0.38463272023011674,0.0,0.0,1.1986117267495475,-1.212740924079984,0.0209316937334327,1,2
379106,-0.05811468174328171,0.7372336305918931,-0.38463272023011674,0.0,0.0,1.1986117267495475,0.8245784240839611,0.1085711064602493,0,1
379109,-0.05811468174328171,0.7372336305918931,-0.38463272023011674,0.0,0.0,1.1986117267495475,-1.212740924079984,0.0793579688846438,0,1
379111,-0.05811468174328171,-1.3564221143806794,0.6515517564598249,0.0,0.0,-0.834298528608466,-1.212740924079984,0.0063251249456299,2,0
379112,-0.05811468174328171,0.7372336305918931,1.6877362331497665,0.0,0.0,-0.834298528608466,-1.212740924079984,0.1085711064602493,0,1
379114,-0.05811468174328171,0.7372336305918931,0.6515517564598249,0.0,0.0,-0.834298528608466,0.8245784240839611,0.0939645376724466,0,1
379115,-0.05811468174328171,0.7372336305918931,-1.4208171969200585,0.0,0.0,-0.834298528608466,0.8245784240839611,0.0063251249456299,2,0
379117,-0.014201924917624904,0.7372336305918931,-0.38463272023011674,0.0,0.0,-0.834298528608466,0.8245784240839611,0.0063251249456299,2,0
379119,-0.05811468174328171,0.7372336305918931,1.6877362331497665,0.0,0.0,-0.834298528608466,-1.212740924079984,0.1085711064602493,0,1
379120,-0.05811468174328171,-1.3564221143806794,-1.4208171969200585,0.0,0.0,-0.834298528608466,0.8245784240839611,-0.0521011502055811,2,0
379121,-0.028839510526177174,0.7372336305918931,1.6877362331497665,0.0,0.0,-0.834298528608466,0.8245784240839611,0.1085711064602493,0,1
379123,-0.05811468174328171,0.7372336305918931,1.6877362331497665,0.0,0.0,-0.834298528608466,-1.212740924079984,0.1085711064602493,0,1
379124,-0.05811468174328171,0.7372336305918931,-1.4208171969200585,0.0,0.0,-0.834298528608466,0.8245784240839611,0.0063251249456299,2,0
379127,-0.05811468174328171,0.7372336305918931,1.6877362331497665,0.0,0.0,-0.834298528608466,-1.212740924079984,0.1085711064602493,0,1
379138,-0.05811468174328171,0.7372336305918931,-0.38463272023011674,0.0,0.0,-0.834298528608466,-1.212740924079984,0.0209316937334327,1,2
379139,-0.05811468174328171,0.7372336305918931,0.6515517564598249,0.0,0.0,1.1986117267495475,0.8245784240839611,0.1523908128236577,0,1
379141,-0.05811468174328171,-1.3564221143806794,-0.38463272023011674,0.0,0.0,1.1986117267495475,0.8245784240839611,0.0501448313090382,1,2
379143,-0.05811468174328171,0.7372336305918931,-0.38463272023011674,0.0,0.0,-0.834298528608466,-1.212740924079984,0.0209316937334327,1,2
379144,-0.05811468174328171,0.7372336305918931,0.6515517564598249,0.0,0.0,-0.834298528608466,-1.212740924079984,0.064751400096841,1,2
379146,-0.05811468174328171,0.7372336305918931,0.6515517564598249,0.0,0.0,1.1986117267495475,-1.212740924079984,0.1231776752480521,0,1
379151,-0.05811468174328171,-1.3564221143806794,-1.4208171969200585,0.0,0.0,-0.834298528608466,-1.212740924079984,-0.0813142877811867,2,0
379152,-0.05811468174328171,0.7372336305918931,0.6515517564598249,0.0,0.0,1.1986117267495475,-1.212740924079984,0.1231776752480521,0,1
379154,-0.05811468174328171,-1.3564221143806794,-1.4208171969200585,0.0,0.0,-0.834298528608466,-1.212740924079984,-0.0813142877811867,2,0
379155,-0.05811468174328171,-1.3564221143806794,-0.38463272023011674,0.0,0.0,1.1986117267495475,0.8245784240839611,0.0501448313090382,1,2
