hhid,household_size,access_electricity,education_level,water_source_improved,employed,internet_access,distance_to_hospital,wealth_index,poverty_class,poverty_label
10001,1,1,1,0.0,1,0,0,0.02093169373343273,1,Medium Poverty
10002,1,1,1,0.0,1,1,1,0.10857110646024938,0,Low Poverty (Wealthy)
10004,1,1,2,0.0,1,1,0,0.12317767524805216,0,Low Poverty (Wealthy)
10005,1,1,1,0.0,1,0,0,0.02093169373343273,1,Medium Poverty
10008,1,0,2,0.0,1,0,0,0.006325124945629954,2,High Poverty (Poorest)
10009,1,0,0,0.0,1,1,0,-0.0228880126299756,2,High Poverty (Poorest)
10010,1,0,1,0.0,1,0,1,-0.008281443842172822,2,High Poverty (Poorest)
10031,1,1,1,0.0,1,0,1,0.05014483130903828,1,Medium Poverty
10032,1,1,1,0.0,1,0,0,0.02093169373343273,1,Medium Poverty
10033,2,1,0,0.0,1,1,1,0.05014483130903828,1,Medium Poverty
10034,2,0,0,0.0,1,0,1,-0.06670771899338393,2,High Poverty (Poorest)
10035,1,1,2,0.0,1,1,1,0.1523908128236577,0,Low Poverty (Wealthy)
10036,1,1,1,0.0,1,1,1,0.10857110646024938,0,Low Poverty (Wealthy)
10037,1,0,1,0.0,1,0,1,-0.008281443842172822,2,High Poverty (Poorest)
10038,1,0,1,0.0,1,0,0,-0.03749458141777837,2,High Poverty (Poorest)
10040,1,0,3,0.0,1,0,1,0.07935796888464383,0,Low Poverty (Wealthy)
10051,2,0,3,0.0,1,0,1,0.06475140009684106,1,Medium Poverty
10052,1,1,1,0.0,1,0,1,0.05014483130903828,1,Medium Poverty
10053,1,1,1,0.0,1,0,1,0.05014483130903828,1,Medium Poverty
10054,1,0,0,0.0,1,0,0,-0.0813142877811867,2,High Poverty (Poorest)
10055,1,1,3,0.0,1,0,1,0.13778424403585493,0,Low Poverty (Wealthy)
10056,1,0,0,0.0,1,0,1,-0.05210115020558115,2,High Poverty (Poorest)
10057,1,0,1,0.0,1,1,0,0.02093169373343273,1,Medium Poverty
10058,1,1,1,0.0,1,0,0,0.02093169373343273,1,Medium Poverty
10059,1,1,1,0.0,1,1,1,0.10857110646024938,0,Low Poverty (Wealthy)
10060,1,1,0,0.0,1,0,1,0.006325124945629954,2,High Poverty (Poorest)
10061,1,0,2,0.0,1,0,1,0.03553826252123551,1,Medium Poverty
10062,1,1,0,0.0,1,0,1,0.006325124945629954,2,High Poverty (Poorest)
10063,6,1,2,0.0,1,0,1,0.02093169373343273,1,Medium Poverty
10064,1,0,0,0.0,1,0,0,-0.0813142877811867,2,High Poverty (Poorest)
10065,2,1,0,0.0,1,1,0,0.02093169373343273,1,Medium Poverty
10066,2,0,3,0.0,1,1,0,0.09396453767244661,0,Low Poverty (Wealthy)
10067,1,0,0,0.0,1,0,0,-0.0813142877811867,2,High Poverty (Poorest)
10068,3,1,2,0.0,1,0,0,0.03553826252123551,1,Medium Poverty
10069,1,1,1,0.0,1,0,1,0.05014483130903828,1,Medium Poverty
10070,2,1,0,0.0,1,0,1,-0.008281443842172822,2,High Poverty (Poorest)
10072,1,0,3,0.0,1,0,0,0.05014483130903828,1,Medium Poverty
10073,1,0,1,0.0,1,0,0,-0.03749458141777837,2,High Poverty (Poorest)
10074,2,1,3,0.0,1,0,0,0.09396453767244661,0,Low Poverty (Wealthy)
10075,1,1,0,0.0,1,0,1,0.006325124945629954,2,High Poverty (Poorest)
10076,2,0,3,0.0,1,0,0,0.03553826252123551,1,Medium Poverty
10077,2,1,0,0.0,1,0,0,-0.03749458141777837,2,High Poverty (Poorest)
10078,1301,0,1,0.0,1,0,1,-18.99682086798578,2,High Poverty (Poorest)
10079,1,1,2,0.0,1,1,1,0.1523908128236577,0,Low Poverty (Wealthy)
10080,1,0,3,0.0,1,0,0,0.05014483130903828,1,Medium Poverty
10091,2,1,3,0.0,1,1,1,0.18160395039926328,0,Low Poverty (Wealthy)
10092,1,0,2,0.0,1,1,0,0.06475140009684106,1,Medium Poverty
10094,1,1,3,0.0,1,1,1,0.19621051918706603,0,Low Poverty (Wealthy)
10096,3,1,0,0.0,1,1,1,0.03553826252123551,1,Medium Poverty
10097,6,0,1,0.0,1,1,0,-0.05210115020558115,2,High Poverty (Poorest)
10099,1,1,1,0.0,1,1,1,0.10857110646024938,0,Low Poverty (Wealthy)
10100,1,1,1,0.0,1,0,0,0.02093169373343273,1,Medium Poverty
10102,1,1,1,0.0,1,0,0,0.02093169373343273,1,Medium Poverty
10103,1,1,1,0.0,1,1,0,0.07935796888464383,0,Low Poverty (Wealthy)
10104,1,1,0,0.0,1,1,1,0.06475140009684106,1,Medium Poverty
10105,1,1,2,0.0,1,1,0,0.12317767524805216,0,Low Poverty (Wealthy)
10106,1,0,0,0.0,1,1,0,-0.0228880126299756,2,High Poverty (Poorest)
10107,1,0,1,0.0,1,1,0,0.02093169373343273,1,Medium Poverty
10108,3,0,1,0.0,1,1,0,-0.008281443842172822,2,High Poverty (Poorest)
10109,1,0,2,0.0,1,1,1,0.09396453767244661,0,Low Poverty (Wealthy)
10110,1,1,2,0.0,1,0,0,0.06475140009684106,1,Medium Poverty
19001,1,0,2,0.0,1,1,0,0.06475140009684106,1,Medium Poverty
19002,2,1,0,0.0,1,1,1,0.05014483130903828,1,Medium Poverty
19005,1,1,1,0.0,1,1,1,0.10857110646024938,0,Low Poverty (Wealthy)
19006,1,0,0,0.0,1,1,1,0.006325124945629954,2,High Poverty (Poorest)
19007,1,1,1,0.0,1,0,1,0.05014483130903828,1,Medium Poverty
19008,1,0,1,0.0,1,0,0,-0.03749458141777837,2,High Poverty (Poorest)
19010,1,1,0,0.0,1,1,1,0.06475140009684106,1,Medium Poverty
19012,1,0,1,0.0,1,0,1,-0.008281443842172822,2,High Poverty (Poorest)
19015,1,1,3,0.0,1,0,0,0.10857110646024938,0,Low Poverty (Wealthy)
19017,1,1,3,0.0,1,0,1,0.13778424403585493,0,Low Poverty (Wealthy)
19018,1,0,1,0.0,1,1,0,0.02093169373343273,1,Medium Poverty
19019,1,0,0,0.0,1,1,1,0.006325124945629954,2,High Poverty (Poorest)
19020,1,1,0,0.0,1,1,1,0.06475140009684106,1,Medium Poverty
19023,3,1,1,0.0,1,1,1,0.07935796888464383,0,Low Poverty (Wealthy)
19024,1,1,3,0.0,1,0,1,0.13778424403585493,0,Low Poverty (Wealthy)
19025,1,1,0,0.0,1,0,1,0.006325124945629954,2,High Poverty (Poorest)
19026,1,0,2,0.0,1,0,0,0.006325124945629954,2,High Poverty (Poorest)
19029,1,1,0,0.0,1,1,1,0.06475140009684106,1,Medium Poverty
19031,1,0,3,0.0,1,0,0,0.05014483130903828,1,Medium Poverty
19032,1,1,1,0.0,1,1,0,0.07935796888464383,0,Low Poverty (Wealthy)
19033,1,1,2,0.0,1,0,1,0.09396453767244661,0,Low Poverty (Wealthy)
19035,1,0,1,0.0,1,0,0,-0.03749458141777837,2,High Poverty (Poorest)
19036,1,0,2,0.0,1,1,0,0.06475140009684106,1,Medium Poverty
19037,1,0,0,0.0,1,0,1,-0.05210115020558115,2,High Poverty (Poorest)
19038,1,0,0,0.0,1,1,1,0.006325124945629954,2,High Poverty (Poorest)
19039,1,1,3,0.0,1,0,0,0.10857110646024938,0,Low Poverty (Wealthy)
19040,1,1,3,0.0,1,0,0,0.10857110646024938,0,Low Poverty (Wealthy)
19041,1,1,3,0.0,1,0,0,0.10857110646024938,0,Low Poverty (Wealthy)
19043,1,1,2,0.0,1,0,1,0.09396453767244661,0,Low Poverty (Wealthy)
19044,1,0,2,0.0,1,1,0,0.06475140009684106,1,Medium Poverty
19045,2,1,0,0.0,1,0,1,-0.008281443842172822,2,High Poverty (Poorest)
19047,1,1,1,0.0,1,0,0,0.02093169373343273,1,Medium Poverty
19048,1,1,1,0.0,1,0,0,0.02093169373343273,1,Medium Poverty
19049,1,1,2,0.0,1,1,1,0.1523908128236577,0,Low Poverty (Wealthy)
19050,1,1,1,0.0,1,1,0,0.07935796888464383,0,Low Poverty (Wealthy)
19051,1,1,0,0.0,1,0,1,0.006325124945629954,2,High Poverty (Poorest)
19052,1,1,2,0.0,1,0,0,0.06475140009684106,1,Medium Poverty
19054,1,0,2,0.0,1,1,1,0.09396453767244661,0,Low Poverty (Wealthy)
19055,1,0,1,0.0,1,1,1,0.05014483130903828,1,Medium Poverty
19056,1,0,0,0.0,1,0,0,-0.0813142877811867,2,High Poverty (Poorest)
19058,1,1,0,0.0,1,1,0,0.03553826252123551,1,Medium Poverty
19061,1,0,1,0.0,1,1,0,0.02093169373343273,1,Medium Poverty
19062,3,1,1,0.0,1,1,1,0.07935796888464383,0,Low Poverty (Wealthy)
19063,1,1,2,0.0,1,1,1,0.1523908128236577,0,Low Poverty (Wealthy)
19064,1,0,2,0.0,1,1,1,0.09396453767244661,0,Low Poverty (Wealthy)
19066,1,1,2,0.0,1,0,1,0.09396453767244661,0,Low Poverty (Wealthy)
19068,1,1,1,0.0,1,1,0,0.07935796888464383,0,Low Poverty (Wealthy)
19069,1,0,2,0.0,1,0,0,0.006325124945629954,2,High Poverty (Poorest)
19070,1,0,1,0.0,1,1,0,0.02093169373343273,1,Medium Poverty
19071,1,0,1,0.0,1,0,0,-0.03749458141777837,2,High Poverty (Poorest)
19072,1,0,2,0.0,1,0,0,0.006325124945629954,2,High Poverty (Poorest)
19073,1,1,0,0.0,1,1,1,0.06475140009684106,1,Medium Poverty
19075,1,1,0,0.0,1,1,1,0.06475140009684106,1,Medium Poverty
19076,2,1,3,0.0,1,0,1,0.12317767524805216,0,Low Poverty (Wealthy)
19077,1,1,1,0.0,1,0,0,0.02093169373343273,1,Medium Poverty
19079,1,1,2,0.0,1,0,1,0.09396453767244661,0,Low Poverty (Wealthy)
19080,1,0,0,0.0,1,1,1,0.006325124945629954,2,High Poverty (Poorest)
19081,1,1,2,0.0,1,1,1,0.1523908128236577,0,Low Poverty (Wealthy)
19082,1,1,1,0.0,1,0,0,0.02093169373343273,1,Medium Poverty
19084,1,1,0,0.0,1,1,0,0.03553826252123551,1,Medium Poverty
19085,1,1,2,0.0,1,1,0,0.12317767524805216,0,Low Poverty (Wealthy)
19087,1,0,1,0.0,1,0,0,-0.03749458141777837,2,High Poverty (Poorest)
19088,1,0,1,0.0,1,1,1,0.05014483130903828,1,Medium Poverty
19089,1,0,0,0.0,1,0,0,-0.0813142877811867,2,High Poverty (Poorest)
19091,1,1,0,0.0,1,1,0,0.03553826252123551,1,Medium Poverty
19092,1,1,1,0.0,1,0,1,0.05014483130903828,1,Medium Poverty
19093,1,1,0,0.0,1,0,1,0.006325124945629954,2,High Poverty (Poorest)
19094,2,0,3,0.0,1,0,1,0.06475140009684106,1,Medium Poverty
19095,2,1,0,0.0,1,0,1,-0.008281443842172822,2,High Poverty (Poorest)
19096,1,1,1,0.0,1,1,0,0.07935796888464383,0,Low Poverty (Wealthy)
19097,1,0,0,0.0,1,0,0,-0.0813142877811867,2,High Poverty (Poorest)
19098,1,0,1,0.0,1,0,0,-0.03749458141777837,2,High Poverty (Poorest)
19099,2,0,3,0.0,1,1,1,0.12317767524805216,0,Low Poverty (Wealthy)
19100,1,1,0,0.0,1,0,1,0.006325124945629954,2,High Poverty (Poorest)
19101,1,0,3,0.0,1,0,0,0.05014483130903828,1,Medium Poverty
19103,1,1,1,0.0,1,1,1,0.10857110646024938,0,Low Poverty (Wealthy)
19104,1,1,2,0.0,1,1,0,0.12317767524805216,0,Low Poverty (Wealthy)
19105,1,1,1,0.0,1,0,1,0.05014483130903828,1,Medium Poverty
19106,1,1,3,0.0,1,0,0,0.10857110646024938,0,Low Poverty (Wealthy)
19107,1,1,2,0.0,1,1,0,0.12317767524805216,0,Low Poverty (Wealthy)
19110,1,0,1,0.0,1,0,1,-0.008281443842172822,2,High Poverty (Poorest)
19111,1,1,0,0.0,1,0,1,0.006325124945629954,2,High Poverty (Poorest)
19112,1,0,0,0.0,1,0,1,-0.05210115020558115,2,High Poverty (Poorest)
19113,1,0,3,0.0,1,0,0,0.05014483130903828,1,Medium Poverty
19115,1,0,1,0.0,1,1,0,0.02093169373343273,1,Medium Poverty
19116,1,1,1,0.0,1,1,0,0.07935796888464383,0,Low Poverty (Wealthy)
19117,1,1,2,0.0,1,1,1,0.1523908128236577,0,Low Poverty (Wealthy)
19118,1,0,1,0.0,1,1,1,0.05014483130903828,1,Medium Poverty
19119,1,0,3,0.0,1,0,1,0.07935796888464383,0,Low Poverty (Wealthy)
19120,1,1,2,0.0,1,0,0,0.06475140009684106,1,Medium Poverty
19121,1,0,2,0.0,1,1,1,0.09396453767244661,0,Low Poverty (Wealthy)
19122,1,0,3,0.0,1,0,1,0.07935796888464383,0,Low Poverty (Wealthy)
19123,2,1,0,0.0,1,0,1,-0.008281443842172822,2,High Poverty (Poorest)
19124,2,1,1,0.0,1,1,0,0.06475140009684106,1,Medium Poverty
19125,1,0,1,0.0,1,0,1,-0.008281443842172822,2,High Poverty (Poorest)
19126,1,1,1,0.0,1,0,1,0.05014483130903828,1,Medium Poverty
19127,1,1,2,0.0,1,1,1,0.1523908128236577,0,Low Poverty (Wealthy)
19129,1,0,3,0.0,1,1,1,0.13778424403585493,0,Low Poverty (Wealthy)
19130,1,1,1,0.0,1,0,0,0.02093169373343273,1,Medium Poverty
19131,1,1,1,0.0,1,1,1,0.10857110646024938,0,Low Poverty (Wealthy)
19133,1,1,3,0.0,1,0,1,0.13778424403585493,0,Low Poverty (Wealthy)
19135,1,1,1,0.0,1,0,0,0.02093169373343273,1,Medium Poverty
19136,1,1,1,0.0,1,1,0,0.07935796888464383,0,Low Poverty (Wealthy)
19137,1,0,1,0.0,1,1,0,0.02093169373343273,1,Medium Poverty
19138,1,1,3,0.0,1,0,1,0.13778424403585493,0,Low Poverty (Wealthy)
19139,1,0,2,0.0,1,0,0,0.006325124945629954,2,High Poverty (Poorest)
19140,1,0,2,0.0,1,0,1,0.03553826252123551,1,Medium Poverty
19141,1,0,2,0.0,1,0,0,0.006325124945629954,2,High Poverty (Poorest)
19143,1,1,1,0.0,1,0,1,0.05014483130903828,1,Medium Poverty
19144,1,1,1,0.0,1,0,0,0.02093169373343273,1,Medium Poverty
19146,1,0,2,0.0,1,0,0,0.006325124945629954,2,High Poverty (Poorest)
19147,1,1,1,0.0,1,0,1,0.05014483130903828,1,Medium Poverty
19148,1,0,2,0.0,1,0,1,0.03553826252123551,1,Medium Poverty
19149,1,1,3,0.0,1,1,0,0.1669973816114605,0,Low Poverty (Wealthy)
19150,1,0,2,0.0,1,0,0,0.006325124945629954,2,High Poverty (Poorest)
19151,1,1,2,0.0,1,0,0,0.06475140009684106,1,Medium Poverty
19152,1,1,2,0.0,1,1,1,0.1523908128236577,0,Low Poverty (Wealthy)
19153,1,1,2,0.0,1,1,1,0.1523908128236577,0,Low Poverty (Wealthy)
19158,1,0,1,0.0,1,0,1,-0.008281443842172822,2,High Poverty (Poorest)
19159,2,0,0,0.0,1,0,1,-0.06670771899338393,2,High Poverty (Poorest)
19160,1,0,1,0.0,1,1,1,0.05014483130903828,1,Medium Poverty
19161,1,1,2,0.0,1,0,0,0.06475140009684106,1,Medium Poverty
19163,1,1,1,0.0,1,1,1,0.10857110646024938,0,Low Poverty (Wealthy)
19164,1,0,2,0.0,1,0,1,0.03553826252123551,1,Medium Poverty
19165,1,1,1,0.0,1,0,0,0.02093169373343273,1,Medium Poverty
19166,1,1,2,0.0,1,0,0,0.06475140009684106,1,Medium Poverty
19167,1,1,0,0.0,1,1,0,0.03553826252123551,1,Medium Poverty
19168,1,1,2,0.0,1,1,0,0.12317767524805216,0,Low Poverty (Wealthy)
19169,1,0,1,0.0,1,0,1,-0.008281443842172822,2,High Poverty (Poorest)
19170,1,0,1,0.0,1,0,1,-0.008281443842172822,2,High Poverty (Poorest)
19173,1,1,1,0.0,1,0,1,0.05014483130903828,1,Medium Poverty
19174,1,1,2,0.0,1,0,1,0.09396453767244661,0,Low Poverty (Wealthy)
19175,1,1,1,0.0,1,1,1,0.10857110646024938,0,Low Poverty (Wealthy)
19177,1,0,1,0.0,1,0,1,-0.008281443842172822,2,High Poverty (Poorest)
19178,1,0,3,0.0,1,1,0,0.10857110646024938,0,Low Poverty (Wealthy)
19179,1,1,2,0.0,1,1,0,0.12317767524805216,0,Low Poverty (Wealthy)
19180,1,1,3,0.0,1,1,1,0.19621051918706603,0,Low Poverty (Wealthy)
19181,1,1,1,0.0,1,1,0,0.07935796888464383,0,Low Poverty (Wealthy)
19182,1,1,1,0.0,1,0,0,0.02093169373343273,1,Medium Poverty
19183,1,1,3,0.0,1,0,1,0.13778424403585493,0,Low Poverty (Wealthy)
19184,1,0,1,0.0,1,0,1,-0.008281443842172822,2,High Poverty (Poorest)
19185,1,0,2,0.0,1,0,0,0.006325124945629954,2,High Poverty (Poorest)
19186,1,1,1,0.0,1,0,1,0.05014483130903828,1,Medium Poverty
19187,1,1,1,0.0,1,0,1,0.05014483130903828,1,Medium Poverty
19188,1,0,0,0.0,1,1,0,-0.0228880126299756,2,High Poverty (Poorest)
19191,3,0,1,0.0,1,0,0,-0.06670771899338393,2,High Poverty (Poorest)
19192,1,1,0,0.0,1,1,1,0.06475140009684106,1,Medium Poverty
19193,1,0,0,0.0,1,1,0,-0.0228880126299756,2,High Poverty (Poorest)
19194,1,0,3,0.0,1,1,0,0.10857110646024938,0,Low Poverty (Wealthy)
19195,1,1,1,0.0,1,0,1,0.05014483130903828,1,Medium Poverty
19196,1,1,2,0.0,1,0,1,0.09396453767244661,0,Low Poverty (Wealthy)
19197,1,1,2,0.0,1,0,0,0.06475140009684106,1,Medium Poverty
19198,1,0,2,0.0,1,0,0,0.006325124945629954,2,High Poverty (Poorest)
19199,1,1,0,0.0,1,0,0,-0.0228880126299756,2,High Poverty (Poorest)
19201,1,0,2,0.0,1,1,1,0.09396453767244661,0,Low Poverty (Wealthy)
19202,1,0,2,0.0,1,0,0,0.006325124945629954,2,High Poverty (Poorest)
19204,1,1,2,0.0,1,0,1,0.09396453767244661,0,Low Poverty (Wealthy)
19205,1,1,2,0.0,1,1,1,0.1523908128236577,0,Low Poverty (Wealthy)
19206,1,1,3,0.0,1,0,0,0.10857110646024938,0,Low Poverty (Wealthy)
19208,1,1,2,0.0,1,0,1,0.09396453767244661,0,Low Poverty (Wealthy)
19209,1,1,1,0.0,1,1,1,0.10857110646024938,0,Low Poverty (Wealthy)
19211,1,0,2,0.0,1,0,1,0.03553826252123551,1,Medium Poverty
19214,1,1,0,0.0,1,1,0,0.03553826252123551,1,Medium Poverty
19215,1,0,3,0.0,1,0,1,0.07935796888464383,0,Low Poverty (Wealthy)
19218,1,0,0,0.0,1,1,1,0.006325124945629954,2,High Poverty (Poorest)
19222,1,1,1,0.0,1,0,1,0.05014483130903828,1,Medium Poverty
19224,1,1,2,0.0,1,0,0,0.06475140009684106,1,Medium Poverty
19225,1,1,2,0.0,1,0,1,0.09396453767244661,0,Low Poverty (Wealthy)
19226,1,1,1,0.0,1,0,0,0.02093169373343273,1,Medium Poverty
19227,1,1,1,0.0,1,0,0,0.02093169373343273,1,Medium Poverty
19228,1,1,3,0.0,1,0,1,0.13778424403585493,0,Low Poverty (Wealthy)
19230,1,1,1,0.0,1,0,1,0.05014483130903828,1,Medium Poverty
19231,1,1,3,0.0,1,0,1,0.13778424403585493,0,Low Poverty (Wealthy)
19232,1,0,0,0.0,1,0,1,-0.05210115020558115,2,High Poverty (Poorest)
19234,1,1,2,0.0,1,0,1,0.09396453767244661,0,Low Poverty (Wealthy)
19235,1,0,2,0.0,1,1,0,0.06475140009684106,1,Medium Poverty
19236,2,0,0,0.0,1,0,1,-0.06670771899338393,2,High Poverty (Poorest)
19238,1,1,1,0.0,1,0,0,0.02093169373343273,1,Medium Poverty
19239,1,0,0,0.0,1,1,0,-0.0228880126299756,2,High Poverty (Poorest)
19242,1,1,2,0.0,1,1,1,0.1523908128236577,0,Low Poverty (Wealthy)
19244,1,1,1,0.0,1,0,1,0.05014483130903828,1,Medium Poverty
19245,1,1,2,0.0,1,0,1,0.09396453767244661,0,Low Poverty (Wealthy)
19250,1,1,0,0.0,1,0,1,0.006325124945629954,2,High Poverty (Poorest)
19254,1,0,1,0.0,1,0,0,-0.03749458141777837,2,High Poverty (Poorest)
19266,1,1,0,0.0,1,1,0,0.03553826252123551,1,Medium Poverty
19269,1,1,1,0.0,1,0,1,0.05014483130903828,1,Medium Poverty
19277,1,1,2,0.0,1,1,0,0.12317767524805216,0,Low Poverty (Wealthy)
19278,1,1,3,0.0,1,0,0,0.10857110646024938,0,Low Poverty (Wealthy)
19280,1,1,2,0.0,1,0,1,0.09396453767244661,0,Low Poverty (Wealthy)
19284,1,0,1,0.0,1,1,0,0.02093169373343273,1,Medium Poverty
20001,4,1,3,0.0,1,0,0,0.06475140009684106,1,Medium Poverty
20002,2,1,2,0.0,1,0,1,0.07935796888464383,0,Low Poverty (Wealthy)
20003,2,0,3,0.0,1,1,1,0.12317767524805216,0,Low Poverty (Wealthy)
20005,4,0,1,0.0,1,1,1,0.006325124945629954,2,High Poverty (Poorest)
20006,3,1,1,0.0,1,1,1,0.07935796888464383,0,Low Poverty (Wealthy)
20007,1,1,0,0.0,1,0,1,0.006325124945629954,2,High Poverty (Poorest)
20008,1,1,2,0.0,1,0,1,0.09396453767244661,0,Low Poverty (Wealthy)
20009,12,1,0,0.0,1,1,1,-0.09592085656898948,2,High Poverty (Poorest)
20010,3,0,1,0.0,1,0,0,-0.06670771899338393,2,High Poverty (Poorest)
20041,2,1,1,0.0,1,1,0,0.06475140009684106,1,Medium Poverty
20042,1,1,2,0.0,1,0,1,0.09396453767244661,0,Low Poverty (Wealthy)
20043,1,0,2,0.0,1,0,1,0.03553826252123551,1,Medium Poverty
20044,6,1,0,0.0,1,1,1,-0.008281443842172822,2,High Poverty (Poorest)
20045,1,1,1,0.0,1,0,1,0.05014483130903828,1,Medium Poverty
20046,1,1,2,0.0,1,0,1,0.09396453767244661,0,Low Poverty (Wealthy)
20047,1,1,3,0.0,1,0,1,0.13778424403585493,0,Low Poverty (Wealthy)
20048,1,1,2,0.0,1,0,1,0.09396453767244661,0,Low Poverty (Wealthy)
20049,2,1,3,0.0,1,0,0,0.09396453767244661,0,Low Poverty (Wealthy)
20050,1,0,2,0.0,1,0,1,0.03553826252123551,1,Medium Poverty
20061,1,1,2,0.0,1,0,0,0.06475140009684106,1,Medium Poverty
20062,1,1,0,0.0,1,1,1,0.06475140009684106,1,Medium Poverty
20063,1,1,2,0.0,1,0,1,0.09396453767244661,0,Low Poverty (Wealthy)
20064,1,1,2,0.0,1,1,1,0.1523908128236577,0,Low Poverty (Wealthy)
20065,1,1,2,0.0,1,0,1,0.09396453767244661,0,Low Poverty (Wealthy)
20066,1,1,1,0.0,1,0,1,0.05014483130903828,1,Medium Poverty
20067,1,1,1,0.0,1,0,0,0.02093169373343273,1,Medium Poverty
20068,2,1,1,0.0,1,1,0,0.06475140009684106,1,Medium Poverty
20069,1,1,1,0.0,1,1,1,0.10857110646024938,0,Low Poverty (Wealthy)
20070,3,1,0,0.0,1,1,1,0.03553826252123551,1,Medium Poverty
20091,1,1,2,0.0,1,0,1,0.09396453767244661,0,Low Poverty (Wealthy)
20092,1,0,0,0.0,1,0,0,-0.0813142877811867,2,High Poverty (Poorest)
20093,2,1,0,0.0,1,1,1,0.05014483130903828,1,Medium Poverty
20094,1,0,1,0.0,1,1,1,0.05014483130903828,1,Medium Poverty
20095,1,1,2,0.0,1,1,1,0.1523908128236577,0,Low Poverty (Wealthy)
20096,1,0,1,0.0,1,0,1,-0.008281443842172822,2,High Poverty (Poorest)
20097,1,1,1,0.0,1,1,1,0.10857110646024938,0,Low Poverty (Wealthy)
20098,1,1,2,0.0,1,0,1,0.09396453767244661,0,Low Poverty (Wealthy)
20099,1,0,1,0.0,1,0,1,-0.008281443842172822,2,High Poverty (Poorest)
20100,1,1,3,0.0,1,0,1,0.13778424403585493,0,Low Poverty (Wealthy)
20101,1,0,3,0.0,1,0,0,0.05014483130903828,1,Medium Poverty
20102,1,0,1,0.0,1,1,1,0.05014483130903828,1,Medium Poverty
20103,1,1,1,0.0,1,1,0,0.07935796888464383,0,Low Poverty (Wealthy)
20104,1,1,2,0.0,1,1,0,0.12317767524805216,0,Low Poverty (Wealthy)
20106,2,0,0,0.0,1,1,1,-0.008281443842172822,2,High Poverty (Poorest)
20107,1,1,1,0.0,1,0,0,0.02093169373343273,1,Medium Poverty
20108,1,1,1,0.0,1,1,1,0.10857110646024938,0,Low Poverty (Wealthy)
20110,1,0,3,0.0,1,0,1,0.07935796888464383,0,Low Poverty (Wealthy)
29001,1,1,0,0.0,1,1,1,0.06475140009684106,1,Medium Poverty
29002,1,0,2,0.0,1,1,1,0.09396453767244661,0,Low Poverty (Wealthy)
29003,1,0,2,0.0,1,1,0,0.06475140009684106,1,Medium Poverty
29004,1,1,1,0.0,1,0,1,0.05014483130903828,1,Medium Poverty
29005,1,1,0,0.0,1,1,0,0.03553826252123551,1,Medium Poverty
29006,1,1,3,0.0,1,0,1,0.13778424403585493,0,Low Poverty (Wealthy)
29007,1,1,1,0.0,1,0,1,0.05014483130903828,1,Medium Poverty
29008,1,1,2,0.0,1,1,0,0.12317767524805216,0,Low Poverty (Wealthy)
29009,1,1,1,0.0,1,0,1,0.05014483130903828,1,Medium Poverty
29010,1,0,1,0.0,1,1,1,0.05014483130903828,1,Medium Poverty
29013,1,1,1,0.0,1,0,1,0.05014483130903828,1,Medium Poverty
29014,1,0,0,0.0,1,0,1,-0.05210115020558115,2,High Poverty (Poorest)
29017,1,1,0,0.0,1,1,0,0.03553826252123551,1,Medium Poverty
29018,1,0,2,0.0,1,0,1,0.03553826252123551,1,Medium Poverty
29019,1,0,1,0.0,1,0,1,-0.008281443842172822,2,High Poverty (Poorest)
29020,1,1,0,0.0,1,0,1,0.006325124945629954,2,High Poverty (Poorest)
29021,1,1,1,0.0,1,0,0,0.02093169373343273,1,Medium Poverty
29022,1,1,2,0.0,1,1,1,0.1523908128236577,0,Low Poverty (Wealthy)
29023,1,1,0,0.0,1,0,0,-0.0228880126299756,2,High Poverty (Poorest)
29024,1,0,2,0.0,1,1,0,0.06475140009684106,1,Medium Poverty
29025,1,0,0,0.0,1,1,1,0.006325124945629954,2,High Poverty (Poorest)
29026,1,0,0,0.0,1,0,1,-0.05210115020558115,2,High Poverty (Poorest)
29028,1,1,0,0.0,1,1,1,0.06475140009684106,1,Medium Poverty
29029,1,1,2,0.0,1,1,1,0.1523908128236577,0,Low Poverty (Wealthy)
29031,1,1,0,0.0,1,0,1,0.006325124945629954,2,High Poverty (Poorest)
29032,1,0,0,0.0,1,0,0,-0.0813142877811867,2,High Poverty (Poorest)
29033,3,1,1,0.0,1,0,1,0.02093169373343273,1,Medium Poverty
29034,1,1,2,0.0,1,1,0,0.12317767524805216,0,Low Poverty (Wealthy)
29035,1,1,1,0.0,1,1,1,0.10857110646024938,0,Low Poverty (Wealthy)
29036,1,1,1,0.0,1,0,0,0.02093169373343273,1,Medium Poverty
29037,1,1,0,0.0,1,1,0,0.03553826252123551,1,Medium Poverty
29038,1,0,1,0.0,1,1,1,0.05014483130903828,1,Medium Poverty
29039,1,1,2,0.0,1,1,0,0.12317767524805216,0,Low Poverty (Wealthy)
29041,1,1,2,0.0,1,1,0,0.12317767524805216,0,Low Poverty (Wealthy)
29042,1,0,1,0.0,1,0,1,-0.008281443842172822,2,High Poverty (Poorest)
29044,1,0,1,0.0,1,1,0,0.02093169373343273,1,Medium Poverty
29045,1,0,0,0.0,1,1,0,-0.0228880126299756,2,High Poverty (Poorest)
29046,1,0,1,0.0,1,1,0,0.02093169373343273,1,Medium Poverty
29047,1,1,0,0.0,1,0,1,0.006325124945629954,2,High Poverty (Poorest)
29048,1,1,2,0.0,1,0,1,0.09396453767244661,0,Low Poverty (Wealthy)
29050,1,1,3,0.0,1,0,1,0.13778424403585493,0,Low Poverty (Wealthy)
29051,1,0,3,0.0,1,0,1,0.07935796888464383,0,Low Poverty (Wealthy)
29052,1,1,3,0.0,1,1,0,0.1669973816114605,0,Low Poverty (Wealthy)
29053,1,1,2,0.0,1,0,1,0.09396453767244661,0,Low Poverty (Wealthy)
29054,1,0,2,0.0,1,1,0,0.06475140009684106,1,Medium Poverty
29055,1,1,1,0.0,1,1,1,0.10857110646024938,0,Low Poverty (Wealthy)
29056,1,1,2,0.0,1,1,1,0.1523908128236577,0,Low Poverty (Wealthy)
29057,1,1,1,0.0,1,0,1,0.05014483130903828,1,Medium Poverty
29058,1,1,1,0.0,1,1,0,0.07935796888464383,0,Low Poverty (Wealthy)
29060,1,0,2,0.0,1,1,0,0.06475140009684106,1,Medium Poverty
29061,101,1,1,0.0,1,1,1,-1.3520857723200281,2,High Poverty (Poorest)
29062,1,1,1,0.0,1,0,0,0.02093169373343273,1,Medium Poverty
29063,1,1,3,0.0,1,0,1,0.13778424403585493,0,Low Poverty (Wealthy)
29064,1,1,0,0.0,1,0,1,0.006325124945629954,2,High Poverty (Poorest)
29065,1,1,1,0.0,1,0,1,0.05014483130903828,1,Medium Poverty
29066,1,0,3,0.0,1,0,0,0.05014483130903828,1,Medium Poverty
29068,1,0,2,0.0,1,0,1,0.03553826252123551,1,Medium Poverty
29070,1,1,1,0.0,1,1,1,0.10857110646024938,0,Low Poverty (Wealthy)
29071,1,0,1,0.0,1,0,1,-0.008281443842172822,2,High Poverty (Poorest)
29072,1,1,1,0.0,1,0,0,0.02093169373343273,1,Medium Poverty
29073,1,1,3,0.0,1,1,0,0.1669973816114605,0,Low Poverty (Wealthy)
29074,1,1,2,0.0,1,0,0,0.06475140009684106,1,Medium Poverty
29076,1,1,1,0.0,1,1,0,0.07935796888464383,0,Low Poverty (Wealthy)
29077,1,1,0,0.0,1,0,1,0.006325124945629954,2,High Poverty (Poorest)
29078,1,1,0,0.0,1,0,1,0.006325124945629954,2,High Poverty (Poorest)
29079,1,1,3,0.0,1,0,0,0.10857110646024938,0,Low Poverty (Wealthy)
29080,1,1,1,0.0,1,1,1,0.10857110646024938,0,Low Poverty (Wealthy)
29082,1,1,2,0.0,1,0,0,0.06475140009684106,1,Medium Poverty
29083,1,1,0,0.0,1,1,0,0.03553826252123551,1,Medium Poverty
29084,1,1,2,0.0,1,0,0,0.06475140009684106,1,Medium Poverty
29085,1,0,3,0.0,1,0,0,0.05014483130903828,1,Medium Poverty
29086,1,0,2,0.0,1,1,1,0.09396453767244661,0,Low Poverty (Wealthy)
29087,1,0,0,0.0,1,0,0,-0.0813142877811867,2,High Poverty (Poorest)
29089,1,0,2,0.0,1,1,1,0.09396453767244661,0,Low Poverty (Wealthy)
29090,1,0,2,0.0,1,0,1,0.03553826252123551,1,Medium Poverty
29091,1,1,1,0.0,1,0,1,0.05014483130903828,1,Medium Poverty
29092,1,0,3,0.0,1,1,0,0.10857110646024938,0,Low Poverty (Wealthy)
29094,1,0,2,0.0,1,1,0,0.06475140009684106,1,Medium Poverty
29095,1,1,3,0.0,1,0,0,0.10857110646024938,0,Low Poverty (Wealthy)
29096,1,0,2,0.0,1,1,1,0.09396453767244661,0,Low Poverty (Wealthy)
29097,1,1,0,0.0,1,0,0,-0.0228880126299756,2,High Poverty (Poorest)
29099,1,0,1,0.0,1,1,1,0.05014483130903828,1,Medium Poverty
29100,1,0,1,0.0,1,1,1,0.05014483130903828,1,Medium Poverty
29101,1,1,3,0.0,1,0,1,0.13778424403585493,0,Low Poverty (Wealthy)
29102,1,1,2,0.0,1,0,1,0.09396453767244661,0,Low Poverty (Wealthy)
29103,1,1,2,0.0,1,0,0,0.06475140009684106,1,Medium Poverty
29104,1,1,1,0.0,1,0,1,0.05014483130903828,1,Medium Poverty
29105,1,1,0,0.0,1,0,1,0.006325124945629954,2,High Poverty (Poorest)
29107,1,0,2,0.0,1,1,1,0.09396453767244661,0,Low Poverty (Wealthy)
29108,1,0,1,0.0,1,1,1,0.05014483130903828,1,Medium Poverty
29109,1,1,1,0.0,1,0,1,0.05014483130903828,1,Medium Poverty
29110,1,1,2,0.0,1,0,0,0.06475140009684106,1,Medium Poverty
29111,1,1,0,0.0,1,0,0,-0.0228880126299756,2,High Poverty (Poorest)
29112,1,1,1,0.0,1,1,0,0.07935796888464383,0,Low Poverty (Wealthy)
29113,1,1,1,0.0,1,0,0,0.02093169373343273,1,Medium Poverty
29115,1,1,0,0.0,1,0,0,-0.0228880126299756,2,High Poverty (Poorest)
29116,1,0,3,0.0,1,0,1,0.07935796888464383,0,Low Poverty (Wealthy)
29118,1,1,1,0.0,1,0,1,0.05014483130903828,1,Medium Poverty
29119,1,1,0,0.0,1,0,1,0.006325124945629954,2,High Poverty (Poorest)
29120,2,1,1,0.0,1,0,1,0.03553826252123551,1,Medium Poverty
29121,1,1,2,0.0,1,0,1,0.09396453767244661,0,Low Poverty (Wealthy)
29122,1,1,1,0.0,1,0,0,0.02093169373343273,1,Medium Poverty
29123,1,0,2,0.0,1,0,0,0.006325124945629954,2,High Poverty (Poorest)
29124,1,1,0,0.0,1,0,1,0.006325124945629954,2,High Poverty (Poorest)
29126,1,1,0,0.0,1,0,0,-0.0228880126299756,2,High Poverty (Poorest)
29127,1,1,1,0.0,1,1,0,0.07935796888464383,0,Low Poverty (Wealthy)
29128,1,0,2,0.0,1,1,0,0.06475140009684106,1,Medium Poverty
29130,1,1,3,0.0,1,0,0,0.10857110646024938,0,Low Poverty (Wealthy)
29131,1,1,0,0.0,1,0,1,0.006325124945629954,2,High Poverty (Poorest)
29132,1,0,1,0.0,1,1,1,0.05014483130903828,1,Medium Poverty
29133,1,1,3,0.0,1,0,1,0.13778424403585493,0,Low Poverty (Wealthy)
29134,1,0,1,0.0,1,0,1,-0.008281443842172822,2,High Poverty (Poorest)
29135,1,0,2,0.0,1,0,0,0.006325124945629954,2,High Poverty (Poorest)
29136,1,1,0,0.0,1,1,0,0.03553826252123551,1,Medium Poverty
29138,1,1,3,0.0,1,1,0,0.1669973816114605,0,Low Poverty (Wealthy)
29139,1,1,2,0.0,1,0,0,0.06475140009684106,1,Medium Poverty
29140,1,1,3,0.0,1,0,1,0.13778424403585493,0,Low Poverty (Wealthy)
29142,1,1,2,0.0,1,1,1,0.1523908128236577,0,Low Poverty (Wealthy)
29143,1,0,1,0.0,1,1,1,0.05014483130903828,1,Medium Poverty
29144,1,0,3,0.0,1,1,0,0.10857110646024938,0,Low Poverty (Wealthy)
29147,1,1,1,0.0,1,0,1,0.05014483130903828,1,Medium Poverty
29148,1,1,1,0.0,1,0,1,0.05014483130903828,1,Medium Poverty
29149,1,1,2,0.0,1,1,1,0.1523908128236577,0,Low Poverty (Wealthy)
29150,1,1,2,0.0,1,0,1,0.09396453767244661,0,Low Poverty (Wealthy)
29151,1,0,3,0.0,1,0,1,0.07935796888464383,0,Low Poverty (Wealthy)
29152,1,1,1,0.0,1,0,1,0.05014483130903828,1,Medium Poverty
29153,1,0,2,0.0,1,1,1,0.09396453767244661,0,Low Poverty (Wealthy)
29154,1,1,2,0.0,1,1,0,0.12317767524805216,0,Low Poverty (Wealthy)
29155,1,1,0,0.0,1,0,1,0.006325124945629954,2,High Poverty (Poorest)
29156,1,1,1,0.0,1,1,0,0.07935796888464383,0,Low Poverty (Wealthy)
29158,1,1,1,0.0,1,0,0,0.02093169373343273,1,Medium Poverty
29160,1,0,1,0.0,1,1,1,0.05014483130903828,1,Medium Poverty
29161,1,0,3,0.0,1,0,1,0.07935796888464383,0,Low Poverty (Wealthy)
29162,1,1,2,0.0,1,0,0,0.06475140009684106,1,Medium Poverty
29163,1,1,2,0.0,1,0,1,0.09396453767244661,0,Low Poverty (Wealthy)
29164,2,0,3,0.0,1,0,0,0.03553826252123551,1,Medium Poverty
29165,2,0,1,0.0,1,0,1,-0.0228880126299756,2,High Poverty (Poorest)
29166,1,1,2,0.0,1,0,1,0.09396453767244661,0,Low Poverty (Wealthy)
29167,1,0,1,0.0,1,1,1,0.05014483130903828,1,Medium Poverty
29168,1,1,3,0.0,1,0,1,0.13778424403585493,0,Low Poverty (Wealthy)
29169,1,1,0,0.0,1,0,0,-0.0228880126299756,2,High Poverty (Poorest)
29170,1,0,3,0.0,1,0,1,0.07935796888464383,0,Low Poverty (Wealthy)
29171,1,0,1,0.0,1,0,0,-0.03749458141777837,2,High Poverty (Poorest)
29172,1,1,1,0.0,1,0,1,0.05014483130903828,1,Medium Poverty
29173,1,1,2,0.0,1,1,1,0.1523908128236577,0,Low Poverty (Wealthy)
29174,1,1,1,0.0,1,0,1,0.05014483130903828,1,Medium Poverty
29175,1,1,2,0.0,1,1,0,0.12317767524805216,0,Low Poverty (Wealthy)
29176,1,1,1,0.0,1,1,0,0.07935796888464383,0,Low Poverty (Wealthy)
29178,1,1,2,0.0,1,0,0,0.06475140009684106,1,Medium Poverty
29179,1,1,1,0.0,1,0,1,0.05014483130903828,1,Medium Poverty
29181,1,1,0,0.0,1,1,1,0.06475140009684106,1,Medium Poverty
29182,1,0,1,0.0,1,0,0,-0.03749458141777837,2,High Poverty (Poorest)
29183,1,1,1,0.0,1,0,1,0.05014483130903828,1,Medium Poverty
29185,1,1,0,0.0,1,1,1,0.06475140009684106,1,Medium Poverty
29186,1,1,1,0.0,1,0,0,0.02093169373343273,1,Medium Poverty
29187,1,1,1,0.0,1,0,1,0.05014483130903828,1,Medium Poverty
29188,1,0,0,0.0,1,1,1,0.006325124945629954,2,High Poverty (Poorest)
29189,1,1,2,0.0,1,0,1,0.09396453767244661,0,Low Poverty (Wealthy)
29191,1,0,3,0.0,1,0,0,0.05014483130903828,1,Medium Poverty
29192,1,1,0,0.0,1,1,0,0.03553826252123551,1,Medium Poverty
29193,1,0,2,0.0,1,1,0,0.06475140009684106,1,Medium Poverty
29194,1,0,2,0.0,1,0,0,0.006325124945629954,2,High Poverty (Poorest)
29195,1,0,1,0.0,1,0,0,-0.03749458141777837,2,High Poverty (Poorest)
29196,1,1,2,0.0,1,1,1,0.1523908128236577,0,Low Poverty (Wealthy)
29198,1,1,1,0.0,1,1,1,0.10857110646024938,0,Low Poverty (Wealthy)
29199,1,1,1,0.0,1,0,1,0.05014483130903828,1,Medium Poverty
29200,1,1,0,0.0,1,0,0,-0.0228880126299756,2,High Poverty (Poorest)
29202,1,1,2,0.0,1,0,1,0.09396453767244661,0,Low Poverty (Wealthy)
29203,1,0,2,0.0,1,1,1,0.09396453767244661,0,Low Poverty (Wealthy)
29204,1,1,0,0.0,1,1,1,0.06475140009684106,1,Medium Poverty
29206,1,0,1,0.0,1,1,1,0.05014483130903828,1,Medium Poverty
29208,1,1,3,0.0,1,1,1,0.19621051918706603,0,Low Poverty (Wealthy)
29209,1,0,1,0.0,1,0,1,-0.008281443842172822,2,High Poverty (Poorest)
29210,1,1,1,0.0,1,0,0,0.02093169373343273,1,Medium Poverty
29211,1,0,3,0.0,1,1,1,0.13778424403585493,0,Low Poverty (Wealthy)
29212,1,1,2,0.0,1,1,0,0.12317767524805216,0,Low Poverty (Wealthy)
29213,1,1,2,0.0,1,0,0,0.06475140009684106,1,Medium Poverty
29214,1,1,2,0.0,1,0,0,0.06475140009684106,1,Medium Poverty
29215,1,0,3,0.0,1,1,0,0.10857110646024938,0,Low Poverty (Wealthy)
29216,1,1,1,0.0,1,0,0,0.02093169373343273,1,Medium Poverty
29217,1,1,1,0.0,1,0,0,0.02093169373343273,1,Medium Poverty
29218,1,1,1,0.0,1,1,0,0.07935796888464383,0,Low Poverty (Wealthy)
29219,1,1,3,0.0,1,1,1,0.19621051918706603,0,Low Poverty (Wealthy)
29220,1,1,2,0.0,1,0,0,0.06475140009684106,1,Medium Poverty
29221,1,1,0,0.0,1,1,1,0.06475140009684106,1,Medium Poverty
29223,1,1,3,0.0,1,0,0,0.10857110646024938,0,Low Poverty (Wealthy)
29224,1,1,1,0.0,1,0,1,0.05014483130903828,1,Medium Poverty
29226,1,1,0,0.0,1,0,1,0.006325124945629954,2,High Poverty (Poorest)
29227,1,0,1,0.0,1,1,1,0.05014483130903828,1,Medium Poverty
29228,2,0,1,0.0,1,1,1,0.03553826252123551,1,Medium Poverty
30021,1,1,3,0.0,1,1,0,0.1669973816114605,0,Low Poverty (Wealthy)
30022,1,1,1,0.0,1,1,1,0.10857110646024938,0,Low Poverty (Wealthy)
30023,1,1,2,0.0,1,0,1,0.09396453767244661,0,Low Poverty (Wealthy)
30024,1,1,2,0.0,1,0,1,0.09396453767244661,0,Low Poverty (Wealthy)
30025,3,0,0,0.0,1,0,1,-0.0813142877811867,2,High Poverty (Poorest)
30026,1,0,3,0.0,1,0,0,0.05014483130903828,1,Medium Poverty
30027,2,1,1,0.0,1,1,1,0.09396453767244661,0,Low Poverty (Wealthy)
30028,2,1,1,0.0,1,1,0,0.06475140009684106,1,Medium Poverty
30029,1,1,1,0.0,1,1,1,0.10857110646024938,0,Low Poverty (Wealthy)
30030,1,0,3,0.0,1,0,0,0.05014483130903828,1,Medium Poverty
30041,1,1,1,0.0,1,0,1,0.05014483130903828,1,Medium Poverty
30042,1,1,0,0.0,1,0,0,-0.0228880126299756,2,High Poverty (Poorest)
30043,2,1,0,0.0,1,0,0,-0.03749458141777837,2,High Poverty (Poorest)
30044,1,1,1,0.0,1,0,1,0.05014483130903828,1,Medium Poverty
30045,11,0,2,0.0,1,0,1,-0.11052742535679225,2,High Poverty (Poorest)
30046,1,1,1,0.0,1,0,1,0.05014483130903828,1,Medium Poverty
30047,2,1,1,0.0,1,0,0,0.006325124945629954,2,High Poverty (Poorest)
30048,1,0,0,0.0,1,0,0,-0.0813142877811867,2,High Poverty (Poorest)
30049,1,1,1,0.0,1,0,1,0.05014483130903828,1,Medium Poverty
30050,1,1,3,0.0,1,0,1,0.13778424403585493,0,Low Poverty (Wealthy)
30081,1,1,1,0.0,1,0,1,0.05014483130903828,1,Medium Poverty
30084,3,1,3,0.0,1,0,1,0.10857110646024938,0,Low Poverty (Wealthy)
30085,1,1,1,0.0,1,0,1,0.05014483130903828,1,Medium Poverty
30086,1,1,0,0.0,1,0,1,0.006325124945629954,2,High Poverty (Poorest)
30087,2,1,3,0.0,1,0,1,0.12317767524805216,0,Low Poverty (Wealthy)
30088,1,1,1,0.0,1,0,1,0.05014483130903828,1,Medium Poverty
30089,3,0,2,0.0,1,1,1,0.06475140009684106,1,Medium Poverty
30090,1,0,3,0.0,1,1,1,0.13778424403585493,0,Low Poverty (Wealthy)
30091,1,1,0,0.0,1,1,1,0.06475140009684106,1,Medium Poverty
30093,1,1,0,0.0,1,0,0,-0.0228880126299756,2,High Poverty (Poorest)
30094,2,1,2,0.0,1,0,0,0.05014483130903828,1,Medium Poverty
30096,1,0,1,0.0,1,1,0,0.02093169373343273,1,Medium Poverty
30097,4,1,0,0.0,1,0,1,-0.03749458141777837,2,High Poverty (Poorest)
30098,2,1,0,0.0,1,1,0,0.02093169373343273,1,Medium Poverty
30099,1,1,0,0.0,1,0,0,-0.0228880126299756,2,High Poverty (Poorest)
30100,1,1,2,0.0,1,0,1,0.09396453767244661,0,Low Poverty (Wealthy)
30101,1,1,0,0.0,1,1,1,0.06475140009684106,1,Medium Poverty
30102,2,1,1,0.0,1,0,1,0.03553826252123551,1,Medium Poverty
30103,1,1,2,0.0,1,0,1,0.09396453767244661,0,Low Poverty (Wealthy)
30104,2,0,1,0.0,1,0,1,-0.0228880126299756,2,High Poverty (Poorest)
30105,1,0,0,0.0,1,0,1,-0.05210115020558115,2,High Poverty (Poorest)
30106,1,1,2,0.0,1,0,1,0.09396453767244661,0,Low Poverty (Wealthy)
30107,1,1,0,0.0,1,0,1,0.006325124945629954,2,High Poverty (Poorest)
30108,3,1,2,0.0,1,1,0,0.09396453767244661,0,Low Poverty (Wealthy)
30109,1,1,3,0.0,1,1,1,0.19621051918706603,0,Low Poverty (Wealthy)
30110,1,1,1,0.0,1,0,0,0.02093169373343273,1,Medium Poverty
30121,1,1,1,0.0,1,1,0,0.07935796888464383,0,Low Poverty (Wealthy)
30122,1,1,1,0.0,1,0,1,0.05014483130903828,1,Medium Poverty
30123,2,1,1,0.0,1,0,0,0.006325124945629954,2,High Poverty (Poorest)
30124,1,0,3,0.0,1,1,1,0.13778424403585493,0,Low Poverty (Wealthy)
30125,1,1,3,0.0,1,1,1,0.19621051918706603,0,Low Poverty (Wealthy)
30126,2,0,1,0.0,1,1,1,0.03553826252123551,1,Medium Poverty
30127,2,1,2,0.0,1,0,1,0.07935796888464383,0,Low Poverty (Wealthy)
30128,1,1,3,0.0,1,0,1,0.13778424403585493,0,Low Poverty (Wealthy)
30129,2,0,3,0.0,1,1,0,0.09396453767244661,0,Low Poverty (Wealthy)
30130,1,1,1,0.0,1,0,1,0.05014483130903828,1,Medium Poverty
30131,1,1,1,0.0,1,1,1,0.10857110646024938,0,Low Poverty (Wealthy)
30132,1,1,1,0.0,1,0,1,0.05014483130903828,1,Medium Poverty
30133,1,0,3,0.0,1,1,1,0.13778424403585493,0,Low Poverty (Wealthy)
30134,2,1,0,0.0,1,0,0,-0.03749458141777837,2,High Poverty (Poorest)
30135,1,1,2,0.0,1,0,0,0.06475140009684106,1,Medium Poverty
30137,1,1,1,0.0,1,0,0,0.02093169373343273,1,Medium Poverty
30138,1,1,1,0.0,1,1,0,0.07935796888464383,0,Low Poverty (Wealthy)
30139,1,1,1,0.0,1,1,1,0.10857110646024938,0,Low Poverty (Wealthy)
30140,1,1,3,0.0,1,0,1,0.13778424403585493,0,Low Poverty (Wealthy)
39001,1,1,0,0.0,1,1,0,0.03553826252123551,1,Medium Poverty
39002,1,1,2,0.0,1,0,1,0.09396453767244661,0,Low Poverty (Wealthy)
39003,1,1,0,0.0,1,0,1,0.006325124945629954,2,High Poverty (Poorest)
39004,1,0,0,0.0,1,0,0,-0.0813142877811867,2,High Poverty (Poorest)
39005,1,0,1,0.0,1,0,0,-0.03749458141777837,2,High Poverty (Poorest)
39006,1,1,1,0.0,1,0,1,0.05014483130903828,1,Medium Poverty
39007,1,1,1,0.0,1,0,1,0.05014483130903828,1,Medium Poverty
39008,1,1,1,0.0,1,1,1,0.10857110646024938,0,Low Poverty (Wealthy)
39009,1,0,0,0.0,1,1,0,-0.0228880126299756,2,High Poverty (Poorest)
39010,1,0,1,0.0,1,1,1,0.05014483130903828,1,Medium Poverty
39012,1,0,3,0.0,1,0,0,0.05014483130903828,1,Medium Poverty
39013,1,1,3,0.0,1,1,0,0.1669973816114605,0,Low Poverty (Wealthy)
39014,2,1,1,0.0,1,1,1,0.09396453767244661,0,Low Poverty (Wealthy)
39017,1,1,2,0.0,1,0,0,0.06475140009684106,1,Medium Poverty
39018,1,1,3,0.0,1,1,0,0.1669973816114605,0,Low Poverty (Wealthy)
39021,1,1,0,0.0,1,0,0,-0.0228880126299756,2,High Poverty (Poorest)
39022,1,0,2,0.0,1,0,0,0.006325124945629954,2,High Poverty (Poorest)
39023,1,1,3,0.0,1,0,1,0.13778424403585493,0,Low Poverty (Wealthy)
39024,1,1,0,0.0,1,0,1,0.006325124945629954,2,High Poverty (Poorest)
39025,1,1,0,0.0,1,1,0,0.03553826252123551,1,Medium Poverty
39026,1,1,3,0.0,1,0,0,0.10857110646024938,0,Low Poverty (Wealthy)
39030,1,1,1,0.0,1,0,0,0.02093169373343273,1,Medium Poverty
39031,1,1,0,0.0,1,1,1,0.06475140009684106,1,Medium Poverty
39032,2,0,1,0.0,1,1,0,0.006325124945629954,2,High Poverty (Poorest)
39033,1,1,1,0.0,1,1,1,0.10857110646024938,0,Low Poverty (Wealthy)
39036,1,1,2,0.0,1,0,0,0.06475140009684106,1,Medium Poverty
39037,1,0,2,0.0,1,0,0,0.006325124945629954,2,High Poverty (Poorest)
39039,1,1,3,0.0,1,1,1,0.19621051918706603,0,Low Poverty (Wealthy)
39040,1,1,1,0.0,1,0,1,0.05014483130903828,1,Medium Poverty
39041,1,1,1,0.0,1,0,0,0.02093169373343273,1,Medium Poverty
39042,1,0,1,0.0,1,0,1,-0.008281443842172822,2,High Poverty (Poorest)
39043,1,1,1,0.0,1,0,1,0.05014483130903828,1,Medium Poverty
39044,1,0,0,0.0,1,0,1,-0.05210115020558115,2,High Poverty (Poorest)
39045,1,0,3,0.0,1,0,1,0.07935796888464383,0,Low Poverty (Wealthy)
39048,1,0,3,0.0,1,0,1,0.07935796888464383,0,Low Poverty (Wealthy)
39051,1,0,1,0.0,1,0,1,-0.008281443842172822,2,High Poverty (Poorest)
39052,1,0,2,0.0,1,0,0,0.006325124945629954,2,High Poverty (Poorest)
39053,1,0,1,0.0,1,0,1,-0.008281443842172822,2,High Poverty (Poorest)
39056,1,1,1,0.0,1,1,1,0.10857110646024938,0,Low Poverty (Wealthy)
39057,1,0,2,0.0,1,1,0,0.06475140009684106,1,Medium Poverty
39058,1,0,1,0.0,1,0,0,-0.03749458141777837,2,High Poverty (Poorest)
39059,1,1,3,0.0,1,0,0,0.10857110646024938,0,Low Poverty (Wealthy)
39061,1,1,2,0.0,1,0,1,0.09396453767244661,0,Low Poverty (Wealthy)
39062,1,1,1,0.0,1,0,1,0.05014483130903828,1,Medium Poverty
39064,1,0,2,0.0,1,0,1,0.03553826252123551,1,Medium Poverty
39066,1,0,0,0.0,1,0,0,-0.0813142877811867,2,High Poverty (Poorest)
39068,1,0,1,0.0,1,1,1,0.05014483130903828,1,Medium Poverty
39069,1,0,1,0.0,1,1,1,0.05014483130903828,1,Medium Poverty
39070,1,0,1,0.0,1,0,0,-0.03749458141777837,2,High Poverty (Poorest)
39071,1,0,2,0.0,1,0,1,0.03553826252123551,1,Medium Poverty
39072,1,0,1,0.0,1,1,1,0.05014483130903828,1,Medium Poverty
39074,1,0,2,0.0,1,0,1,0.03553826252123551,1,Medium Poverty
39077,1,1,2,0.0,1,1,1,0.1523908128236577,0,Low Poverty (Wealthy)
39079,1,0,1,0.0,1,0,1,-0.008281443842172822,2,High Poverty (Poorest)
39080,1,1,2,0.0,1,1,0,0.12317767524805216,0,Low Poverty (Wealthy)
39081,1,1,1,0.0,1,1,1,0.10857110646024938,0,Low Poverty (Wealthy)
39082,1,1,1,0.0,1,1,0,0.07935796888464383,0,Low Poverty (Wealthy)
39083,1,0,1,0.0,1,0,0,-0.03749458141777837,2,High Poverty (Poorest)
39084,1,1,1,0.0,1,0,0,0.02093169373343273,1,Medium Poverty
39087,1,1,0,0.0,1,0,1,0.006325124945629954,2,High Poverty (Poorest)
39088,1,0,2,0.0,1,1,1,0.09396453767244661,0,Low Poverty (Wealthy)
39089,2,1,1,0.0,1,0,0,0.006325124945629954,2,High Poverty (Poorest)
39090,1,1,1,0.0,1,0,0,0.02093169373343273,1,Medium Poverty
39091,1,0,3,0.0,1,0,1,0.07935796888464383,0,Low Poverty (Wealthy)
39092,1,0,2,0.0,1,0,1,0.03553826252123551,1,Medium Poverty
39093,1,1,3,0.0,1,0,1,0.13778424403585493,0,Low Poverty (Wealthy)
39094,1,1,0,0.0,1,0,1,0.006325124945629954,2,High Poverty (Poorest)
39096,1,0,2,0.0,1,0,1,0.03553826252123551,1,Medium Poverty
39100,1,0,3,0.0,1,0,0,0.05014483130903828,1,Medium Poverty
39101,1,1,2,0.0,1,1,1,0.1523908128236577,0,Low Poverty (Wealthy)
39102,1,1,2,0.0,1,1,0,0.12317767524805216,0,Low Poverty (Wealthy)
39103,1,1,1,0.0,1,1,1,0.10857110646024938,0,Low Poverty (Wealthy)
39104,1,1,0,0.0,1,0,0,-0.0228880126299756,2,High Poverty (Poorest)
39105,1,1,1,0.0,1,1,1,0.10857110646024938,0,Low Poverty (Wealthy)
39106,1,1,1,0.0,1,0,1,0.05014483130903828,1,Medium Poverty
39107,2,0,3,0.0,1,0,1,0.06475140009684106,1,Medium Poverty
39108,2,0,1,0.0,1,0,0,-0.05210115020558115,2,High Poverty (Poorest)
39110,1,1,3,0.0,1,0,1,0.13778424403585493,0,Low Poverty (Wealthy)
39111,1,1,3,0.0,1,0,0,0.10857110646024938,0,Low Poverty (Wealthy)
39112,1,1,1,0.0,1,1,0,0.07935796888464383,0,Low Poverty (Wealthy)
39114,1,1,1,0.0,1,0,0,0.02093169373343273,1,Medium Poverty
39115,1,0,3,0.0,1,0,1,0.07935796888464383,0,Low Poverty (Wealthy)
39116,1,1,3,0.0,1,0,1,0.13778424403585493,0,Low Poverty (Wealthy)
39118,1,1,1,0.0,1,0,1,0.05014483130903828,1,Medium Poverty
39119,1,0,1,0.0,1,0,1,-0.008281443842172822,2,High Poverty (Poorest)
39120,2,0,1,0.0,1,0,1,-0.0228880126299756,2,High Poverty (Poorest)
39121,1,1,2,0.0,1,1,1,0.1523908128236577,0,Low Poverty (Wealthy)
39123,1,0,1,0.0,1,0,0,-0.03749458141777837,2,High Poverty (Poorest)
39125,1,0,2,0.0,1,0,0,0.006325124945629954,2,High Poverty (Poorest)
39126,2,0,0,0.0,1,1,1,-0.008281443842172822,2,High Poverty (Poorest)
39127,1,0,0,0.0,1,1,1,0.006325124945629954,2,High Poverty (Poorest)
39128,1,0,1,0.0,1,1,1,0.05014483130903828,1,Medium Poverty
39130,1,1,1,0.0,1,1,1,0.10857110646024938,0,Low Poverty (Wealthy)
39132,1,1,1,0.0,1,0,0,0.02093169373343273,1,Medium Poverty
39133,1,1,1,0.0,1,0,0,0.02093169373343273,1,Medium Poverty
39135,1,1,1,0.0,1,1,1,0.10857110646024938,0,Low Poverty (Wealthy)
39136,1,1,0,0.0,1,1,0,0.03553826252123551,1,Medium Poverty
39137,1,0,1,0.0,1,0,0,-0.03749458141777837,2,High Poverty (Poorest)
39138,1,1,3,0.0,1,0,1,0.13778424403585493,0,Low Poverty (Wealthy)
39139,1,1,1,0.0,1,1,0,0.07935796888464383,0,Low Poverty (Wealthy)
39140,1,1,1,0.0,1,0,1,0.05014483130903828,1,Medium Poverty
39141,1,1,2,0.0,1,0,1,0.09396453767244661,0,Low Poverty (Wealthy)
39142,1,0,3,0.0,1,0,1,0.07935796888464383,0,Low Poverty (Wealthy)
39143,1,0,1,0.0,1,1,0,0.02093169373343273,1,Medium Poverty
39144,1,1,2,0.0,1,1,0,0.12317767524805216,0,Low Poverty (Wealthy)
39146,1,1,2,0.0,1,0,1,0.09396453767244661,0,Low Poverty (Wealthy)
39147,1,1,2,0.0,1,0,0,0.06475140009684106,1,Medium Poverty
39149,1,1,0,0.0,1,0,0,-0.0228880126299756,2,High Poverty (Poorest)
39150,2,1,2,0.0,1,0,0,0.05014483130903828,1,Medium Poverty
39151,1,1,0,0.0,1,0,0,-0.0228880126299756,2,High Poverty (Poorest)
39152,1,0,2,0.0,1,0,0,0.006325124945629954,2,High Poverty (Poorest)
39153,2,0,2,0.0,1,0,1,0.02093169373343273,1,Medium Poverty
39154,3,0,1,0.0,1,1,0,-0.008281443842172822,2,High Poverty (Poorest)
39155,1,0,2,0.0,1,1,0,0.06475140009684106,1,Medium Poverty
39156,1,0,0,0.0,1,0,1,-0.05210115020558115,2,High Poverty (Poorest)
39157,1,0,2,0.0,1,0,1,0.03553826252123551,1,Medium Poverty
39158,1,0,1,0.0,1,1,0,0.02093169373343273,1,Medium Poverty
39159,1,0,1,0.0,1,0,0,-0.03749458141777837,2,High Poverty (Poorest)
39160,1,1,0,0.0,1,1,1,0.06475140009684106,1,Medium Poverty
39162,1,0,3,0.0,1,0,1,0.07935796888464383,0,Low Poverty (Wealthy)
39165,1,1,0,0.0,1,1,1,0.06475140009684106,1,Medium Poverty
39166,1,1,0,0.0,1,1,1,0.06475140009684106,1,Medium Poverty
39167,1,1,1,0.0,1,1,0,0.07935796888464383,0,Low Poverty (Wealthy)
39168,1,0,2,0.0,1,1,1,0.09396453767244661,0,Low Poverty (Wealthy)
39169,1,1,1,0.0,1,1,0,0.07935796888464383,0,Low Poverty (Wealthy)
39170,1,1,0,0.0,1,0,1,0.006325124945629954,2,High Poverty (Poorest)
39171,1,1,1,0.0,1,0,1,0.05014483130903828,1,Medium Poverty
39174,1,1,1,0.0,1,0,1,0.05014483130903828,1,Medium Poverty
39175,1,0,1,0.0,1,1,0,0.02093169373343273,1,Medium Poverty
39176,1,0,1,0.0,1,1,0,0.02093169373343273,1,Medium Poverty
39177,1,1,2,0.0,1,0,1,0.09396453767244661,0,Low Poverty (Wealthy)
39186,1,1,1,0.0,1,0,1,0.05014483130903828,1,Medium Poverty
39187,2,1,1,0.0,1,1,1,0.09396453767244661,0,Low Poverty (Wealthy)
39188,1,1,1,0.0,1,0,0,0.02093169373343273,1,Medium Poverty
39190,1,0,3,0.0,1,0,0,0.05014483130903828,1,Medium Poverty
39193,1,1,3,0.0,1,1,1,0.19621051918706603,0,Low Poverty (Wealthy)
39198,1,0,2,0.0,1,0,0,0.006325124945629954,2,High Poverty (Poorest)
40011,2,0,1,0.0,1,0,1,-0.0228880126299756,2,High Poverty (Poorest)
40012,2,1,0,0.0,1,0,1,-0.008281443842172822,2,High Poverty (Poorest)
40013,3,1,1,0.0,1,0,1,0.02093169373343273,1,Medium Poverty
40015,1,0,1,0.0,1,0,1,-0.008281443842172822,2,High Poverty (Poorest)
40016,1,0,1,0.0,1,0,1,-0.008281443842172822,2,High Poverty (Poorest)
40017,1,1,2,0.0,1,0,0,0.06475140009684106,1,Medium Poverty
40018,1,0,3,0.0,1,0,1,0.07935796888464383,0,Low Poverty (Wealthy)
40019,5,1,2,0.0,1,0,0,0.006325124945629954,2,High Poverty (Poorest)
40020,1,0,1,0.0,1,0,1,-0.008281443842172822,2,High Poverty (Poorest)
40171,1,1,2,0.0,1,1,0,0.12317767524805216,0,Low Poverty (Wealthy)
40172,1,1,1,0.0,1,0,1,0.05014483130903828,1,Medium Poverty
40173,1,0,0,0.0,1,1,0,-0.0228880126299756,2,High Poverty (Poorest)
40174,1,0,2,0.0,1,1,0,0.06475140009684106,1,Medium Poverty
40176,1,0,0,0.0,1,0,1,-0.05210115020558115,2,High Poverty (Poorest)
40177,3,0,1,0.0,1,1,0,-0.008281443842172822,2,High Poverty (Poorest)
40178,1,1,1,0.0,1,0,1,0.05014483130903828,1,Medium Poverty
40180,1,0,2,0.0,1,1,1,0.09396453767244661,0,Low Poverty (Wealthy)
40202,2,1,2,0.0,1,0,0,0.05014483130903828,1,Medium Poverty
40203,1,0,1,0.0,1,1,1,0.05014483130903828,1,Medium Poverty
40206,1,1,2,0.0,1,0,0,0.06475140009684106,1,Medium Poverty
40207,1,1,1,0.0,1,1,0,0.07935796888464383,0,Low Poverty (Wealthy)
40208,1,1,1,0.0,1,0,1,0.05014483130903828,1,Medium Poverty
40209,2,1,2,0.0,1,1,1,0.13778424403585493,0,Low Poverty (Wealthy)
40210,2,1,2,0.0,1,0,0,0.05014483130903828,1,Medium Poverty
49001,1,0,3,0.0,1,1,1,0.13778424403585493,0,Low Poverty (Wealthy)
49003,1301,1,1,0.0,1,0,1,-18.93839459283457,2,High Poverty (Poorest)
49004,1,1,2,0.0,1,0,1,0.09396453767244661,0,Low Poverty (Wealthy)
49005,1,1,2,0.0,1,1,0,0.12317767524805216,0,Low Poverty (Wealthy)
49006,1,0,3,0.0,1,1,1,0.13778424403585493,0,Low Poverty (Wealthy)
49007,1,1,0,0.0,1,0,1,0.006325124945629954,2,High Poverty (Poorest)
49008,1,1,2,0.0,1,1,1,0.1523908128236577,0,Low Poverty (Wealthy)
49010,1,0,2,0.0,1,1,1,0.09396453767244661,0,Low Poverty (Wealthy)
49011,1,0,1,0.0,1,1,1,0.05014483130903828,1,Medium Poverty
49013,1,1,1,0.0,1,0,0,0.02093169373343273,1,Medium Poverty
49015,1,1,1,0.0,1,0,1,0.05014483130903828,1,Medium Poverty
49017,1,1,2,0.0,1,1,0,0.12317767524805216,0,Low Poverty (Wealthy)
49018,1,0,3,0.0,1,0,0,0.05014483130903828,1,Medium Poverty
49019,1,1,2,0.0,1,0,1,0.09396453767244661,0,Low Poverty (Wealthy)
49020,1,0,2,0.0,1,0,0,0.006325124945629954,2,High Poverty (Poorest)
49023,1,0,1,0.0,1,0,1,-0.008281443842172822,2,High Poverty (Poorest)
49024,1,0,0,0.0,1,1,1,0.006325124945629954,2,High Poverty (Poorest)
49025,1,1,1,0.0,1,1,0,0.07935796888464383,0,Low Poverty (Wealthy)
49026,1,1,1,0.0,1,0,1,0.05014483130903828,1,Medium Poverty
49027,1,1,1,0.0,1,0,1,0.05014483130903828,1,Medium Poverty
49030,1,1,0,0.0,1,0,1,0.006325124945629954,2,High Poverty (Poorest)
49034,1,1,1,0.0,1,0,1,0.05014483130903828,1,Medium Poverty
49035,1,1,1,0.0,1,0,0,0.02093169373343273,1,Medium Poverty
49036,1,1,1,0.0,1,1,1,0.10857110646024938,0,Low Poverty (Wealthy)
49037,1,1,1,0.0,1,1,1,0.10857110646024938,0,Low Poverty (Wealthy)
49038,1,1,0,0.0,1,0,0,-0.0228880126299756,2,High Poverty (Poorest)
49039,1,1,3,0.0,1,1,1,0.19621051918706603,0,Low Poverty (Wealthy)
49040,2,0,3,0.0,1,0,1,0.06475140009684106,1,Medium Poverty
49042,1,1,2,0.0,1,1,0,0.12317767524805216,0,Low Poverty (Wealthy)
49043,1,1,0,0.0,1,0,0,-0.0228880126299756,2,High Poverty (Poorest)
49044,7,0,2,0.0,1,1,1,0.006325124945629954,2,High Poverty (Poorest)
49045,1,1,2,0.0,1,0,0,0.06475140009684106,1,Medium Poverty
49046,1,1,2,0.0,1,0,1,0.09396453767244661,0,Low Poverty (Wealthy)
49049,1,1,0,0.0,1,0,0,-0.0228880126299756,2,High Poverty (Poorest)
49051,1,1,2,0.0,1,0,1,0.09396453767244661,0,Low Poverty (Wealthy)
49052,1,1,2,0.0,1,0,0,0.06475140009684106,1,Medium Poverty
49054,1,0,2,0.0,1,0,0,0.006325124945629954,2,High Poverty (Poorest)
49055,2,1,2,0.0,1,0,1,0.07935796888464383,0,Low Poverty (Wealthy)
49057,1,1,1,0.0,1,1,1,0.10857110646024938,0,Low Poverty (Wealthy)
49058,1,0,1,0.0,1,0,1,-0.008281443842172822,2,High Poverty (Poorest)
49060,1,0,0,0.0,1,1,1,0.006325124945629954,2,High Poverty (Poorest)
49063,1,1,2,0.0,1,0,0,0.06475140009684106,1,Medium Poverty
49064,1,1,0,0.0,1,1,0,0.03553826252123551,1,Medium Poverty
49065,1,1,1,0.0,1,1,1,0.10857110646024938,0,Low Poverty (Wealthy)
49066,1,1,1,0.0,1,0,1,0.05014483130903828,1,Medium Poverty
49068,1,1,1,0.0,1,1,1,0.10857110646024938,0,Low Poverty (Wealthy)
49069,1,0,0,0.0,1,0,0,-0.0813142877811867,2,High Poverty (Poorest)
49070,1,0,2,0.0,1,1,1,0.09396453767244661,0,Low Poverty (Wealthy)
49071,1,0,2,0.0,1,0,0,0.006325124945629954,2,High Poverty (Poorest)
49073,1,1,0,0.0,1,0,1,0.006325124945629954,2,High Poverty (Poorest)
49076,1,0,0,0.0,1,0,1,-0.05210115020558115,2,High Poverty (Poorest)
49077,1,1,0,0.0,1,0,0,-0.0228880126299756,2,High Poverty (Poorest)
49079,1,1,3,0.0,1,0,1,0.13778424403585493,0,Low Poverty (Wealthy)
49080,1,1,1,0.0,1,1,0,0.07935796888464383,0,Low Poverty (Wealthy)
49081,2,0,1,0.0,1,0,1,-0.0228880126299756,2,High Poverty (Poorest)
49082,1,1,0,0.0,1,0,0,-0.0228880126299756,2,High Poverty (Poorest)
49083,1,0,2,0.0,1,0,1,0.03553826252123551,1,Medium Poverty
49085,2,1,3,0.0,1,0,0,0.09396453767244661,0,Low Poverty (Wealthy)
49086,1,0,2,0.0,1,0,1,0.03553826252123551,1,Medium Poverty
49088,1,1,2,0.0,1,1,1,0.1523908128236577,0,Low Poverty (Wealthy)
49089,1,1,0,0.0,1,0,1,0.006325124945629954,2,High Poverty (Poorest)
49090,1,0,0,0.0,1,0,0,-0.0813142877811867,2,High Poverty (Poorest)
49091,1,0,0,0.0,1,0,1,-0.05210115020558115,2,High Poverty (Poorest)
49093,1,1,1,0.0,1,0,0,0.02093169373343273,1,Medium Poverty
49094,1,1,0,0.0,1,1,1,0.06475140009684106,1,Medium Poverty
49095,1,1,1,0.0,1,0,0,0.02093169373343273,1,Medium Poverty
49097,1,1,1,0.0,1,0,1,0.05014483130903828,1,Medium Poverty
49098,1,1,3,0.0,1,0,0,0.10857110646024938,0,Low Poverty (Wealthy)
49100,1,0,2,0.0,1,0,0,0.006325124945629954,2,High Poverty (Poorest)
49101,1,0,2,0.0,1,0,0,0.006325124945629954,2,High Poverty (Poorest)
49102,1,0,2,0.0,1,0,1,0.03553826252123551,1,Medium Poverty
49103,1,1,0,0.0,1,1,0,0.03553826252123551,1,Medium Poverty
49104,1,1,2,0.0,1,0,1,0.09396453767244661,0,Low Poverty (Wealthy)
49105,1,1,1,0.0,1,0,1,0.05014483130903828,1,Medium Poverty
49106,1,1,2,0.0,1,0,1,0.09396453767244661,0,Low Poverty (Wealthy)
49108,1,1,1,0.0,1,0,1,0.05014483130903828,1,Medium Poverty
49111,1,0,3,0.0,1,0,0,0.05014483130903828,1,Medium Poverty
49112,1,1,1,0.0,1,1,1,0.10857110646024938,0,Low Poverty (Wealthy)
49113,1,1,1,0.0,1,1,0,0.07935796888464383,0,Low Poverty (Wealthy)
49114,1,1,3,0.0,1,0,1,0.13778424403585493,0,Low Poverty (Wealthy)
49117,1,0,0,0.0,1,0,0,-0.0813142877811867,2,High Poverty (Poorest)
49122,1,1,2,0.0,1,0,1,0.09396453767244661,0,Low Poverty (Wealthy)
49124,1,1,2,0.0,1,0,0,0.06475140009684106,1,Medium Poverty
49126,1,1,2,0.0,1,1,1,0.1523908128236577,0,Low Poverty (Wealthy)
49129,1,1,3,0.0,1,1,0,0.1669973816114605,0,Low Poverty (Wealthy)
49130,1,1,3,0.0,1,1,1,0.19621051918706603,0,Low Poverty (Wealthy)
49131,1,1,0,0.0,1,0,0,-0.0228880126299756,2,High Poverty (Poorest)
49132,1,0,2,0.0,1,0,1,0.03553826252123551,1,Medium Poverty
49133,1,1,2,0.0,1,1,1,0.1523908128236577,0,Low Poverty (Wealthy)
49134,1,1,2,0.0,1,1,1,0.1523908128236577,0,Low Poverty (Wealthy)
49135,1,1,0,0.0,1,1,1,0.06475140009684106,1,Medium Poverty
49136,1,1,2,0.0,1,0,1,0.09396453767244661,0,Low Poverty (Wealthy)
49137,1,1,3,0.0,1,0,1,0.13778424403585493,0,Low Poverty (Wealthy)
50001,1,1,3,0.0,1,0,1,0.13778424403585493,0,Low Poverty (Wealthy)
50002,1,1,1,0.0,1,0,1,0.05014483130903828,1,Medium Poverty
50003,1,0,0,0.0,1,0,1,-0.05210115020558115,2,High Poverty (Poorest)
50004,1,1,1,0.0,1,1,0,0.07935796888464383,0,Low Poverty (Wealthy)
50005,1,1,2,0.0,1,0,1,0.09396453767244661,0,Low Poverty (Wealthy)
50006,1,0,2,0.0,1,0,1,0.03553826252123551,1,Medium Poverty
50007,1,1,1,0.0,1,1,0,0.07935796888464383,0,Low Poverty (Wealthy)
50008,1,1,0,0.0,1,0,1,0.006325124945629954,2,High Poverty (Poorest)
50009,1,1,1,0.0,1,1,0,0.07935796888464383,0,Low Poverty (Wealthy)
50031,1,1,1,0.0,1,0,0,0.02093169373343273,1,Medium Poverty
50032,3,1,3,0.0,1,0,1,0.10857110646024938,0,Low Poverty (Wealthy)
50033,1,0,2,0.0,1,1,1,0.09396453767244661,0,Low Poverty (Wealthy)
50034,1,0,1,0.0,1,1,1,0.05014483130903828,1,Medium Poverty
50035,1,1,1,0.0,1,0,1,0.05014483130903828,1,Medium Poverty
50036,1,0,0,0.0,1,1,1,0.006325124945629954,2,High Poverty (Poorest)
50037,2,0,3,0.0,1,0,0,0.03553826252123551,1,Medium Poverty
50038,1,1,1,0.0,1,0,0,0.02093169373343273,1,Medium Poverty
50039,1,1,1,0.0,1,0,1,0.05014483130903828,1,Medium Poverty
50040,1,1,1,0.0,1,0,0,0.02093169373343273,1,Medium Poverty
50051,1,0,2,0.0,1,1,1,0.09396453767244661,0,Low Poverty (Wealthy)
50052,1,0,2,0.0,1,1,1,0.09396453767244661,0,Low Poverty (Wealthy)
50053,1,1,2,0.0,1,1,0,0.12317767524805216,0,Low Poverty (Wealthy)
50054,1,1,1,0.0,1,1,1,0.10857110646024938,0,Low Poverty (Wealthy)
50055,2,0,1,0.0,1,0,1,-0.0228880126299756,2,High Poverty (Poorest)
50056,1,1,0,0.0,1,1,1,0.06475140009684106,1,Medium Poverty
50057,1,0,2,0.0,1,1,1,0.09396453767244661,0,Low Poverty (Wealthy)
50058,1,0,0,0.0,1,1,1,0.006325124945629954,2,High Poverty (Poorest)
50059,1,1,2,0.0,1,1,0,0.12317767524805216,0,Low Poverty (Wealthy)
50060,3,1,3,0.0,1,1,1,0.1669973816114605,0,Low Poverty (Wealthy)
50091,1,1,3,0.0,1,0,1,0.13778424403585493,0,Low Poverty (Wealthy)
50092,1,1,1,0.0,1,1,1,0.10857110646024938,0,Low Poverty (Wealthy)
50093,1,1,1,0.0,1,1,1,0.10857110646024938,0,Low Poverty (Wealthy)
50094,1,1,0,0.0,1,1,1,0.06475140009684106,1,Medium Poverty
50095,1,0,2,0.0,1,0,0,0.006325124945629954,2,High Poverty (Poorest)
50096,2,1,2,0.0,1,0,1,0.07935796888464383,0,Low Poverty (Wealthy)
50097,5,0,1,0.0,1,1,1,-0.008281443842172822,2,High Poverty (Poorest)
50098,3,1,1,0.0,1,0,0,-0.008281443842172822,2,High Poverty (Poorest)
50099,1,0,2,0.0,1,1,0,0.06475140009684106,1,Medium Poverty
50100,1,1,3,0.0,1,0,1,0.13778424403585493,0,Low Poverty (Wealthy)
50131,1,0,1,0.0,1,0,1,-0.008281443842172822,2,High Poverty (Poorest)
50132,1,1,2,0.0,1,0,1,0.09396453767244661,0,Low Poverty (Wealthy)
50133,1,1,0,0.0,1,0,1,0.006325124945629954,2,High Poverty (Poorest)
50134,1,1,0,0.0,1,0,1,0.006325124945629954,2,High Poverty (Poorest)
50135,1,0,3,0.0,1,0,1,0.07935796888464383,0,Low Poverty (Wealthy)
50136,1,1,2,0.0,1,0,1,0.09396453767244661,0,Low Poverty (Wealthy)
50137,2,0,2,0.0,1,0,0,-0.008281443842172822,2,High Poverty (Poorest)
50138,1,1,0,0.0,1,0,1,0.006325124945629954,2,High Poverty (Poorest)
50139,1,0,2,0.0,1,0,1,0.03553826252123551,1,Medium Poverty
50140,1,0,1,0.0,1,0,1,-0.008281443842172822,2,High Poverty (Poorest)
50151,3,0,1,0.0,1,1,1,0.02093169373343273,1,Medium Poverty
50152,1,1,1,0.0,1,0,1,0.05014483130903828,1,Medium Poverty
50153,1,1,0,0.0,1,0,0,-0.0228880126299756,2,High Poverty (Poorest)
50154,1,0,2,0.0,1,1,0,0.06475140009684106,1,Medium Poverty
50155,1,1,2,0.0,1,0,0,0.06475140009684106,1,Medium Poverty
50156,1,1,0,0.0,1,1,0,0.03553826252123551,1,Medium Poverty
50157,1,1,0,0.0,1,1,1,0.06475140009684106,1,Medium Poverty
50158,1,1,0,0.0,1,0,0,-0.0228880126299756,2,High Poverty (Poorest)
50159,1,1,0,0.0,1,0,0,-0.0228880126299756,2,High Poverty (Poorest)
50160,1,1,2,0.0,1,0,1,0.09396453767244661,0,Low Poverty (Wealthy)
50161,1,0,2,0.0,1,0,1,0.03553826252123551,1,Medium Poverty
50162,1,0,0,0.0,1,0,0,-0.0813142877811867,2,High Poverty (Poorest)
50163,1,1,0,0.0,1,0,1,0.006325124945629954,2,High Poverty (Poorest)
50164,1,1,2,0.0,1,1,1,0.1523908128236577,0,Low Poverty (Wealthy)
50165,2,1,2,0.0,1,0,0,0.05014483130903828,1,Medium Poverty
50166,1,0,1,0.0,1,0,0,-0.03749458141777837,2,High Poverty (Poorest)
50167,1,1,1,0.0,1,1,1,0.10857110646024938,0,Low Poverty (Wealthy)
50168,1,1,2,0.0,1,0,1,0.09396453767244661,0,Low Poverty (Wealthy)
50169,1,0,1,0.0,1,0,1,-0.008281443842172822,2,High Poverty (Poorest)
50170,1,0,0,0.0,1,0,0,-0.0813142877811867,2,High Poverty (Poorest)
59002,1,1,2,0.0,1,0,1,0.09396453767244661,0,Low Poverty (Wealthy)
59003,202,1,2,0.0,1,1,1,-2.7835295135247002,2,High Poverty (Poorest)
59004,1,0,2,0.0,1,0,0,0.006325124945629954,2,High Poverty (Poorest)
59005,3,0,2,0.0,1,0,1,0.006325124945629954,2,High Poverty (Poorest)
59006,1,0,2,0.0,1,0,1,0.03553826252123551,1,Medium Poverty
59007,1,1,1,0.0,1,0,0,0.02093169373343273,1,Medium Poverty
59009,1,0,1,0.0,1,0,1,-0.008281443842172822,2,High Poverty (Poorest)
59010,1,0,0,0.0,1,1,1,0.006325124945629954,2,High Poverty (Poorest)
59011,1,1,0,0.0,1,1,0,0.03553826252123551,1,Medium Poverty
59012,1,0,2,0.0,1,0,1,0.03553826252123551,1,Medium Poverty
59013,1,1,3,0.0,1,0,0,0.10857110646024938,0,Low Poverty (Wealthy)
59014,1,0,3,0.0,1,1,1,0.13778424403585493,0,Low Poverty (Wealthy)
59015,1,0,2,0.0,1,0,0,0.006325124945629954,2,High Poverty (Poorest)
59016,1,0,0,0.0,1,0,0,-0.0813142877811867,2,High Poverty (Poorest)
59017,2,1,0,0.0,1,0,1,-0.008281443842172822,2,High Poverty (Poorest)
59018,1,1,2,0.0,1,0,1,0.09396453767244661,0,Low Poverty (Wealthy)
59021,1,1,2,0.0,1,0,1,0.09396453767244661,0,Low Poverty (Wealthy)
59022,1,1,2,0.0,1,1,0,0.12317767524805216,0,Low Poverty (Wealthy)
59023,1,1,2,0.0,1,1,0,0.12317767524805216,0,Low Poverty (Wealthy)
59024,2,0,2,0.0,1,0,1,0.02093169373343273,1,Medium Poverty
59025,1,0,2,0.0,1,0,1,0.03553826252123551,1,Medium Poverty
59026,1,1,0,0.0,1,1,0,0.03553826252123551,1,Medium Poverty
59027,1,0,2,0.0,1,0,1,0.03553826252123551,1,Medium Poverty
59028,1,0,3,0.0,1,1,1,0.13778424403585493,0,Low Poverty (Wealthy)
59030,1,0,1,0.0,1,0,1,-0.008281443842172822,2,High Poverty (Poorest)
59031,1,0,2,0.0,1,0,1,0.03553826252123551,1,Medium Poverty
59032,1,0,1,0.0,1,0,0,-0.03749458141777837,2,High Poverty (Poorest)
59034,1,1,3,0.0,1,1,1,0.19621051918706603,0,Low Poverty (Wealthy)
59035,1,1,0,0.0,1,0,0,-0.0228880126299756,2,High Poverty (Poorest)
59036,1,1,2,0.0,1,0,1,0.09396453767244661,0,Low Poverty (Wealthy)
59037,1,1,0,0.0,1,0,1,0.006325124945629954,2,High Poverty (Poorest)
59039,1,0,2,0.0,1,1,1,0.09396453767244661,0,Low Poverty (Wealthy)
59040,1,0,0,0.0,1,1,1,0.006325124945629954,2,High Poverty (Poorest)
59041,1,1,1,0.0,1,1,1,0.10857110646024938,0,Low Poverty (Wealthy)
59042,1,1,1,0.0,1,1,1,0.10857110646024938,0,Low Poverty (Wealthy)
59043,1,0,3,0.0,1,0,1,0.07935796888464383,0,Low Poverty (Wealthy)
59044,1,1,1,0.0,1,0,1,0.05014483130903828,1,Medium Poverty
59046,1,1,0,0.0,1,0,1,0.006325124945629954,2,High Poverty (Poorest)
59047,1,1,2,0.0,1,0,0,0.06475140009684106,1,Medium Poverty
59048,1,1,1,0.0,1,1,0,0.07935796888464383,0,Low Poverty (Wealthy)
59049,1,0,3,0.0,1,1,0,0.10857110646024938,0,Low Poverty (Wealthy)
59050,1,1,0,0.0,1,0,1,0.006325124945629954,2,High Poverty (Poorest)
59052,1,1,2,0.0,1,1,1,0.1523908128236577,0,Low Poverty (Wealthy)
59053,2,0,1,0.0,1,1,1,0.03553826252123551,1,Medium Poverty
59054,1,1,0,0.0,1,0,1,0.006325124945629954,2,High Poverty (Poorest)
59056,1,1,2,0.0,1,0,1,0.09396453767244661,0,Low Poverty (Wealthy)
59057,1,1,2,0.0,1,0,0,0.06475140009684106,1,Medium Poverty
59058,1,1,2,0.0,1,0,0,0.06475140009684106,1,Medium Poverty
59059,1,1,1,0.0,1,0,1,0.05014483130903828,1,Medium Poverty
59060,1,0,1,0.0,1,0,0,-0.03749458141777837,2,High Poverty (Poorest)
59062,1,0,1,0.0,1,0,1,-0.008281443842172822,2,High Poverty (Poorest)
59063,1,1,3,0.0,1,1,1,0.19621051918706603,0,Low Poverty (Wealthy)
59064,2,1,1,0.0,1,0,1,0.03553826252123551,1,Medium Poverty
59066,1,0,1,0.0,1,0,1,-0.008281443842172822,2,High Poverty (Poorest)
59067,1,0,1,0.0,1,1,1,0.05014483130903828,1,Medium Poverty
59068,1,1,2,0.0,1,0,0,0.06475140009684106,1,Medium Poverty
59069,1,1,1,0.0,1,0,1,0.05014483130903828,1,Medium Poverty
59070,1,1,3,0.0,1,1,1,0.19621051918706603,0,Low Poverty (Wealthy)
59071,1,0,1,0.0,1,0,0,-0.03749458141777837,2,High Poverty (Poorest)
59072,1,0,3,0.0,1,1,0,0.10857110646024938,0,Low Poverty (Wealthy)
59073,1,0,0,0.0,1,0,1,-0.05210115020558115,2,High Poverty (Poorest)
59075,1,1,2,0.0,1,0,0,0.06475140009684106,1,Medium Poverty
59076,1,0,3,0.0,1,0,0,0.05014483130903828,1,Medium Poverty
59077,1,1,0,0.0,1,0,1,0.006325124945629954,2,High Poverty (Poorest)
59078,1,0,3,0.0,1,1,1,0.13778424403585493,0,Low Poverty (Wealthy)
59079,1,1,1,0.0,1,1,0,0.07935796888464383,0,Low Poverty (Wealthy)
59080,1,1,3,0.0,1,1,0,0.1669973816114605,0,Low Poverty (Wealthy)
59081,1,1,2,0.0,1,1,1,0.1523908128236577,0,Low Poverty (Wealthy)
59083,3,0,1,0.0,1,0,0,-0.06670771899338393,2,High Poverty (Poorest)
59084,1,0,0,0.0,1,1,1,0.006325124945629954,2,High Poverty (Poorest)
59085,1,0,1,0.0,1,1,1,0.05014483130903828,1,Medium Poverty
59086,1,1,0,0.0,1,1,0,0.03553826252123551,1,Medium Poverty
59087,1,1,0,0.0,1,1,0,0.03553826252123551,1,Medium Poverty
59088,1,1,0,0.0,1,0,0,-0.0228880126299756,2,High Poverty (Poorest)
59089,1,1,1,0.0,1,0,0,0.02093169373343273,1,Medium Poverty
59090,1,1,2,0.0,1,1,0,0.12317767524805216,0,Low Poverty (Wealthy)
59092,1,0,0,0.0,1,0,1,-0.05210115020558115,2,High Poverty (Poorest)
59093,1,1,0,0.0,1,0,0,-0.0228880126299756,2,High Poverty (Poorest)
59094,2,1,2,0.0,1,1,1,0.13778424403585493,0,Low Poverty (Wealthy)
59095,1,1,0,0.0,1,0,1,0.006325124945629954,2,High Poverty (Poorest)
59097,1,1,0,0.0,1,0,0,-0.0228880126299756,2,High Poverty (Poorest)
59098,1,0,0,0.0,1,0,0,-0.0813142877811867,2,High Poverty (Poorest)
59099,1,0,3,0.0,1,1,0,0.10857110646024938,0,Low Poverty (Wealthy)
59101,1,1,2,0.0,1,0,0,0.06475140009684106,1,Medium Poverty
59102,1,0,1,0.0,1,1,1,0.05014483130903828,1,Medium Poverty
59103,1,1,2,0.0,1,0,0,0.06475140009684106,1,Medium Poverty
59104,1,0,1,0.0,1,0,1,-0.008281443842172822,2,High Poverty (Poorest)
59105,1,1,2,0.0,1,0,1,0.09396453767244661,0,Low Poverty (Wealthy)
59106,1,0,2,0.0,1,1,1,0.09396453767244661,0,Low Poverty (Wealthy)
59108,1,1,2,0.0,1,0,1,0.09396453767244661,0,Low Poverty (Wealthy)
59110,1,1,1,0.0,1,1,1,0.10857110646024938,0,Low Poverty (Wealthy)
59111,1,0,0,0.0,1,1,0,-0.0228880126299756,2,High Poverty (Poorest)
59112,1,1,1,0.0,1,1,0,0.07935796888464383,0,Low Poverty (Wealthy)
59113,1,1,3,0.0,1,1,1,0.19621051918706603,0,Low Poverty (Wealthy)
59115,1,1,2,0.0,1,0,0,0.06475140009684106,1,Medium Poverty
59116,1,1,2,0.0,1,0,1,0.09396453767244661,0,Low Poverty (Wealthy)
59117,1,1,3,0.0,1,1,1,0.19621051918706603,0,Low Poverty (Wealthy)
59118,1,0,0,0.0,1,1,1,0.006325124945629954,2,High Poverty (Poorest)
59119,1,0,2,0.0,1,1,1,0.09396453767244661,0,Low Poverty (Wealthy)
59120,1,0,2,0.0,1,1,1,0.09396453767244661,0,Low Poverty (Wealthy)
59121,1,1,3,0.0,1,1,1,0.19621051918706603,0,Low Poverty (Wealthy)
59122,1,0,3,0.0,1,0,1,0.07935796888464383,0,Low Poverty (Wealthy)
59124,1,1,2,0.0,1,1,1,0.1523908128236577,0,Low Poverty (Wealthy)
59125,1,1,1,0.0,1,1,1,0.10857110646024938,0,Low Poverty (Wealthy)
59127,1,0,2,0.0,1,1,1,0.09396453767244661,0,Low Poverty (Wealthy)
59128,1,1,0,0.0,1,0,1,0.006325124945629954,2,High Poverty (Poorest)
59129,1,0,2,0.0,1,1,1,0.09396453767244661,0,Low Poverty (Wealthy)
59130,1,0,3,0.0,1,1,1,0.13778424403585493,0,Low Poverty (Wealthy)
59132,1,1,1,0.0,1,0,1,0.05014483130903828,1,Medium Poverty
59133,1,1,2,0.0,1,1,0,0.12317767524805216,0,Low Poverty (Wealthy)
59135,1,1,1,0.0,1,0,1,0.05014483130903828,1,Medium Poverty
59136,1,1,1,0.0,1,1,0,0.07935796888464383,0,Low Poverty (Wealthy)
59137,1,0,1,0.0,1,0,1,-0.008281443842172822,2,High Poverty (Poorest)
59138,1,1,2,0.0,1,0,1,0.09396453767244661,0,Low Poverty (Wealthy)
59140,1,1,3,0.0,1,0,1,0.13778424403585493,0,Low Poverty (Wealthy)
59142,1,1,3,0.0,1,1,0,0.1669973816114605,0,Low Poverty (Wealthy)
59143,1,0,0,0.0,1,0,1,-0.05210115020558115,2,High Poverty (Poorest)
59144,1,1,3,0.0,1,1,1,0.19621051918706603,0,Low Poverty (Wealthy)
59145,1,1,2,0.0,1,1,0,0.12317767524805216,0,Low Poverty (Wealthy)
59147,1,0,1,0.0,1,1,0,0.02093169373343273,1,Medium Poverty
59148,1,1,0,0.0,1,0,1,0.006325124945629954,2,High Poverty (Poorest)
59149,1,0,1,0.0,1,1,1,0.05014483130903828,1,Medium Poverty
59150,1,1,3,0.0,1,1,0,0.1669973816114605,0,Low Poverty (Wealthy)
59151,1,1,2,0.0,1,0,1,0.09396453767244661,0,Low Poverty (Wealthy)
59153,1,0,2,0.0,1,0,1,0.03553826252123551,1,Medium Poverty
59154,1,1,1,0.0,1,0,1,0.05014483130903828,1,Medium Poverty
59155,1,1,2,0.0,1,1,1,0.1523908128236577,0,Low Poverty (Wealthy)
59156,1,1,0,0.0,1,0,1,0.006325124945629954,2,High Poverty (Poorest)
59157,1,1,1,0.0,1,0,1,0.05014483130903828,1,Medium Poverty
59158,1,1,2,0.0,1,1,1,0.1523908128236577,0,Low Poverty (Wealthy)
59159,1,1,0,0.0,1,0,0,-0.0228880126299756,2,High Poverty (Poorest)
59160,1,1,2,0.0,1,1,0,0.12317767524805216,0,Low Poverty (Wealthy)
59161,1,0,1,0.0,1,1,1,0.05014483130903828,1,Medium Poverty
59162,1,1,2,0.0,1,0,1,0.09396453767244661,0,Low Poverty (Wealthy)
59163,1,0,1,0.0,1,1,1,0.05014483130903828,1,Medium Poverty
59164,1,1,2,0.0,1,0,1,0.09396453767244661,0,Low Poverty (Wealthy)
59165,1,1,0,0.0,1,0,1,0.006325124945629954,2,High Poverty (Poorest)
59168,1,0,0,0.0,1,1,1,0.006325124945629954,2,High Poverty (Poorest)
59169,1,1,3,0.0,1,0,0,0.10857110646024938,0,Low Poverty (Wealthy)
59170,1,1,1,0.0,1,1,1,0.10857110646024938,0,Low Poverty (Wealthy)
59171,1,0,2,0.0,1,0,0,0.006325124945629954,2,High Poverty (Poorest)
59172,1,1,3,0.0,1,0,1,0.13778424403585493,0,Low Poverty (Wealthy)
59173,1,1,1,0.0,1,1,0,0.07935796888464383,0,Low Poverty (Wealthy)
59174,1,0,1,0.0,1,0,1,-0.008281443842172822,2,High Poverty (Poorest)
59175,1,1,2,0.0,1,1,0,0.12317767524805216,0,Low Poverty (Wealthy)
59176,1,0,3,0.0,1,0,0,0.05014483130903828,1,Medium Poverty
59179,1,1,3,0.0,1,1,0,0.1669973816114605,0,Low Poverty (Wealthy)
59180,1,1,1,0.0,1,0,1,0.05014483130903828,1,Medium Poverty
59182,1,1,2,0.0,1,0,1,0.09396453767244661,0,Low Poverty (Wealthy)
59184,1,1,0,0.0,1,0,1,0.006325124945629954,2,High Poverty (Poorest)
59185,1,1,3,0.0,1,0,1,0.13778424403585493,0,Low Poverty (Wealthy)
59186,1,1,3,0.0,1,1,1,0.19621051918706603,0,Low Poverty (Wealthy)
59187,1,0,0,0.0,1,0,1,-0.05210115020558115,2,High Poverty (Poorest)
59188,1,1,1,0.0,1,0,1,0.05014483130903828,1,Medium Poverty
59189,1,0,0,0.0,1,0,0,-0.0813142877811867,2,High Poverty (Poorest)
59190,1,1,1,0.0,1,1,0,0.07935796888464383,0,Low Poverty (Wealthy)
59191,1,0,2,0.0,1,1,1,0.09396453767244661,0,Low Poverty (Wealthy)
59192,2,0,1,0.0,1,0,1,-0.0228880126299756,2,High Poverty (Poorest)
59212,1,0,0,0.0,1,0,1,-0.05210115020558115,2,High Poverty (Poorest)
59214,1,1,1,0.0,1,0,1,0.05014483130903828,1,Medium Poverty
60001,1,0,3,0.0,1,1,0,0.10857110646024938,0,Low Poverty (Wealthy)
60002,1,1,2,0.0,1,0,1,0.09396453767244661,0,Low Poverty (Wealthy)
60004,1,0,1,0.0,1,0,1,-0.008281443842172822,2,High Poverty (Poorest)
60005,1,0,0,0.0,1,1,1,0.006325124945629954,2,High Poverty (Poorest)
60006,2,1,3,0.0,1,1,1,0.18160395039926328,0,Low Poverty (Wealthy)
60008,2,1,2,0.0,1,0,1,0.07935796888464383,0,Low Poverty (Wealthy)
60009,1,0,1,0.0,1,1,1,0.05014483130903828,1,Medium Poverty
60010,1,1,0,0.0,1,0,0,-0.0228880126299756,2,High Poverty (Poorest)
60031,2,1,0,0.0,1,1,0,0.02093169373343273,1,Medium Poverty
60032,1,1,0,0.0,1,0,1,0.006325124945629954,2,High Poverty (Poorest)
60033,1,0,2,0.0,1,0,1,0.03553826252123551,1,Medium Poverty
60034,1,0,3,0.0,1,1,0,0.10857110646024938,0,Low Poverty (Wealthy)
60035,1,1,1,0.0,1,0,1,0.05014483130903828,1,Medium Poverty
60037,1,0,2,0.0,1,0,1,0.03553826252123551,1,Medium Poverty
60038,1,1,1,0.0,1,0,1,0.05014483130903828,1,Medium Poverty
60039,1,1,2,0.0,1,1,0,0.12317767524805216,0,Low Poverty (Wealthy)
60040,1,1,2,0.0,1,0,1,0.09396453767244661,0,Low Poverty (Wealthy)
60041,1,1,0,0.0,1,1,1,0.06475140009684106,1,Medium Poverty
60042,1,1,1,0.0,1,0,1,0.05014483130903828,1,Medium Poverty
60043,1,1,2,0.0,1,0,1,0.09396453767244661,0,Low Poverty (Wealthy)
60044,1,1,0,0.0,1,0,0,-0.0228880126299756,2,High Poverty (Poorest)
60045,1,1,1,0.0,1,0,1,0.05014483130903828,1,Medium Poverty
60047,2,1,1,0.0,1,1,0,0.06475140009684106,1,Medium Poverty
60048,2,1,3,0.0,1,1,0,0.1523908128236577,0,Low Poverty (Wealthy)
60049,1,1,1,0.0,1,0,1,0.05014483130903828,1,Medium Poverty
60050,1,1,2,0.0,1,0,1,0.09396453767244661,0,Low Poverty (Wealthy)
60051,1,1,1,0.0,1,1,1,0.10857110646024938,0,Low Poverty (Wealthy)
60052,2,1,2,0.0,1,1,0,0.10857110646024938,0,Low Poverty (Wealthy)
60053,1,1,2,0.0,1,1,1,0.1523908128236577,0,Low Poverty (Wealthy)
60054,8,1,3,0.0,1,1,1,0.09396453767244661,0,Low Poverty (Wealthy)
60055,1,0,1,0.0,1,0,1,-0.008281443842172822,2,High Poverty (Poorest)
60056,1,0,2,0.0,1,1,1,0.09396453767244661,0,Low Poverty (Wealthy)
60057,1,1,2,0.0,1,0,1,0.09396453767244661,0,Low Poverty (Wealthy)
60058,1,0,1,0.0,1,0,1,-0.008281443842172822,2,High Poverty (Poorest)
60059,1,0,0,0.0,1,1,0,-0.0228880126299756,2,High Poverty (Poorest)
60060,2,0,0,0.0,1,1,0,-0.03749458141777837,2,High Poverty (Poorest)
69001,1,0,0,0.0,1,1,0,-0.0228880126299756,2,High Poverty (Poorest)
69004,1,0,3,0.0,1,0,1,0.07935796888464383,0,Low Poverty (Wealthy)
69005,1,1,1,0.0,1,0,1,0.05014483130903828,1,Medium Poverty
69006,1,1,1,0.0,1,0,1,0.05014483130903828,1,Medium Poverty
69007,2,1,2,0.0,1,1,0,0.10857110646024938,0,Low Poverty (Wealthy)
69009,1,1,1,0.0,1,0,0,0.02093169373343273,1,Medium Poverty
69010,1,0,1,0.0,1,1,0,0.02093169373343273,1,Medium Poverty
69012,1,1,0,0.0,1,0,0,-0.0228880126299756,2,High Poverty (Poorest)
69013,1,1,3,0.0,1,1,1,0.19621051918706603,0,Low Poverty (Wealthy)
69014,1,0,3,0.0,1,1,1,0.13778424403585493,0,Low Poverty (Wealthy)
69016,4,1,3,0.0,1,0,1,0.09396453767244661,0,Low Poverty (Wealthy)
69017,1,1,1,0.0,1,0,1,0.05014483130903828,1,Medium Poverty
69020,1,1,2,0.0,1,1,1,0.1523908128236577,0,Low Poverty (Wealthy)
69021,1,1,0,0.0,1,0,1,0.006325124945629954,2,High Poverty (Poorest)
69022,1,1,0,0.0,1,1,0,0.03553826252123551,1,Medium Poverty
69023,1,0,0,0.0,1,1,1,0.006325124945629954,2,High Poverty (Poorest)
69025,1,1,2,0.0,1,0,1,0.09396453767244661,0,Low Poverty (Wealthy)
69026,1,0,1,0.0,1,1,1,0.05014483130903828,1,Medium Poverty
69027,1,1,1,0.0,1,0,0,0.02093169373343273,1,Medium Poverty
69028,1,1,0,0.0,1,1,0,0.03553826252123551,1,Medium Poverty
69029,1,1,1,0.0,1,0,0,0.02093169373343273,1,Medium Poverty
69030,1,1,2,0.0,1,1,1,0.1523908128236577,0,Low Poverty (Wealthy)
69031,1,0,1,0.0,1,0,1,-0.008281443842172822,2,High Poverty (Poorest)
69033,1,0,2,0.0,1,0,1,0.03553826252123551,1,Medium Poverty
69034,1,0,1,0.0,1,0,1,-0.008281443842172822,2,High Poverty (Poorest)
69036,1,0,2,0.0,1,1,0,0.06475140009684106,1,Medium Poverty
69037,1,1,2,0.0,1,0,1,0.09396453767244661,0,Low Poverty (Wealthy)
69038,1,1,1,0.0,1,1,1,0.10857110646024938,0,Low Poverty (Wealthy)
69040,1,0,1,0.0,1,0,1,-0.008281443842172822,2,High Poverty (Poorest)
69041,1,1,2,0.0,1,1,1,0.1523908128236577,0,Low Poverty (Wealthy)
69042,1,1,2,0.0,1,1,0,0.12317767524805216,0,Low Poverty (Wealthy)
69043,1,1,1,0.0,1,0,0,0.02093169373343273,1,Medium Poverty
69045,1,1,1,0.0,1,0,1,0.05014483130903828,1,Medium Poverty
69046,1,0,3,0.0,1,0,1,0.07935796888464383,0,Low Poverty (Wealthy)
69047,1,1,2,0.0,1,0,1,0.09396453767244661,0,Low Poverty (Wealthy)
69048,5,1,1,0.0,1,0,1,-0.008281443842172822,2,High Poverty (Poorest)
69049,1,1,1,0.0,1,1,1,0.10857110646024938,0,Low Poverty (Wealthy)
69050,1,0,1,0.0,1,0,1,-0.008281443842172822,2,High Poverty (Poorest)
69051,1,1,2,0.0,1,1,1,0.1523908128236577,0,Low Poverty (Wealthy)
69052,1,0,1,0.0,1,1,1,0.05014483130903828,1,Medium Poverty
70011,1,0,3,0.0,1,0,0,0.05014483130903828,1,Medium Poverty
70012,1,1,1,0.0,1,1,1,0.10857110646024938,0,Low Poverty (Wealthy)
70013,1,1,1,0.0,1,0,1,0.05014483130903828,1,Medium Poverty
70015,1,1,2,0.0,1,1,1,0.1523908128236577,0,Low Poverty (Wealthy)
70016,2,0,3,0.0,1,0,1,0.06475140009684106,1,Medium Poverty
70017,1,1,2,0.0,1,1,1,0.1523908128236577,0,Low Poverty (Wealthy)
70018,1,0,1,0.0,1,1,1,0.05014483130903828,1,Medium Poverty
70019,1,0,2,0.0,1,0,0,0.006325124945629954,2,High Poverty (Poorest)
70020,1,1,2,0.0,1,1,1,0.1523908128236577,0,Low Poverty (Wealthy)
70062,2,1,1,0.0,1,0,1,0.03553826252123551,1,Medium Poverty
70063,2,1,0,0.0,1,0,1,-0.008281443842172822,2,High Poverty (Poorest)
70064,1,1,1,0.0,1,1,0,0.07935796888464383,0,Low Poverty (Wealthy)
70066,1,1,1,0.0,1,0,0,0.02093169373343273,1,Medium Poverty
70067,1,1,3,0.0,1,1,0,0.1669973816114605,0,Low Poverty (Wealthy)
70068,1,0,1,0.0,1,0,1,-0.008281443842172822,2,High Poverty (Poorest)
70069,1,1,3,0.0,1,1,0,0.1669973816114605,0,Low Poverty (Wealthy)
70070,1,1,1,0.0,1,0,1,0.05014483130903828,1,Medium Poverty
70071,1,0,2,0.0,1,0,0,0.006325124945629954,2,High Poverty (Poorest)
70072,1,1,1,0.0,1,0,0,0.02093169373343273,1,Medium Poverty
70073,1,1,0,0.0,1,0,0,-0.0228880126299756,2,High Poverty (Poorest)
70074,2,0,1,0.0,1,0,0,-0.05210115020558115,2,High Poverty (Poorest)
70075,2,0,0,0.0,1,0,1,-0.06670771899338393,2,High Poverty (Poorest)
70076,2,1,2,0.0,1,0,1,0.07935796888464383,0,Low Poverty (Wealthy)
70077,1,0,1,0.0,1,0,1,-0.008281443842172822,2,High Poverty (Poorest)
70078,1,1,2,0.0,1,0,0,0.06475140009684106,1,Medium Poverty
70079,1,1,1,0.0,1,0,0,0.02093169373343273,1,Medium Poverty
70080,2,1,0,0.0,1,0,1,-0.008281443842172822,2,High Poverty (Poorest)
70121,1,1,1,0.0,1,1,1,0.10857110646024938,0,Low Poverty (Wealthy)
70122,2,1,3,0.0,1,0,0,0.09396453767244661,0,Low Poverty (Wealthy)
70123,3,0,2,0.0,1,0,1,0.006325124945629954,2,High Poverty (Poorest)
70124,1,1,1,0.0,1,0,1,0.05014483130903828,1,Medium Poverty
70125,1,1,1,0.0,1,1,0,0.07935796888464383,0,Low Poverty (Wealthy)
70126,2,0,0,0.0,1,0,1,-0.06670771899338393,2,High Poverty (Poorest)
70127,2,1,3,0.0,1,1,0,0.1523908128236577,0,Low Poverty (Wealthy)
70128,1,1,2,0.0,1,0,1,0.09396453767244661,0,Low Poverty (Wealthy)
70129,3,1,1,0.0,1,0,0,-0.008281443842172822,2,High Poverty (Poorest)
70130,8,1,2,0.0,1,1,1,0.05014483130903828,1,Medium Poverty
70131,1,1,0,0.0,1,0,0,-0.0228880126299756,2,High Poverty (Poorest)
70132,2,1,3,0.0,1,0,1,0.12317767524805216,0,Low Poverty (Wealthy)
70133,1,1,0,0.0,1,1,0,0.03553826252123551,1,Medium Poverty
70134,1,1,2,0.0,1,1,1,0.1523908128236577,0,Low Poverty (Wealthy)
70135,1,1,1,0.0,1,1,1,0.10857110646024938,0,Low Poverty (Wealthy)
70136,1,1,2,0.0,1,1,1,0.1523908128236577,0,Low Poverty (Wealthy)
70137,1,1,2,0.0,1,1,1,0.1523908128236577,0,Low Poverty (Wealthy)
70139,1,0,2,0.0,1,1,1,0.09396453767244661,0,Low Poverty (Wealthy)
70140,1,1,2,0.0,1,0,0,0.06475140009684106,1,Medium Poverty
70151,1,1,3,0.0,1,1,0,0.1669973816114605,0,Low Poverty (Wealthy)
70152,1,0,0,0.0,1,1,1,0.006325124945629954,2,High Poverty (Poorest)
70153,1,1,1,0.0,1,0,0,0.02093169373343273,1,Medium Poverty
70154,1,0,1,0.0,1,0,1,-0.008281443842172822,2,High Poverty (Poorest)
70155,1,0,3,0.0,1,0,0,0.05014483130903828,1,Medium Poverty
70156,1,1,1,0.0,1,1,1,0.10857110646024938,0,Low Poverty (Wealthy)
70157,1,0,2,0.0,1,0,1,0.03553826252123551,1,Medium Poverty
70158,2,1,2,0.0,1,1,1,0.13778424403585493,0,Low Poverty (Wealthy)
70159,4,1,1,0.0,1,0,1,0.006325124945629954,2,High Poverty (Poorest)
70160,2,1,1,0.0,1,1,0,0.06475140009684106,1,Medium Poverty
79002,1,0,1,0.0,1,0,1,-0.008281443842172822,2,High Poverty (Poorest)
79004,1,0,1,0.0,1,1,0,0.02093169373343273,1,Medium Poverty
79005,1,1,1,0.0,1,1,1,0.10857110646024938,0,Low Poverty (Wealthy)
79006,1,1,0,0.0,1,1,1,0.06475140009684106,1,Medium Poverty
79007,1,1,3,0.0,1,1,1,0.19621051918706603,0,Low Poverty (Wealthy)
79009,1,0,3,0.0,1,1,0,0.10857110646024938,0,Low Poverty (Wealthy)
79010,1,1,1,0.0,1,0,0,0.02093169373343273,1,Medium Poverty
79011,1,1,1,0.0,1,0,0,0.02093169373343273,1,Medium Poverty
79012,1,1,0,0.0,1,1,0,0.03553826252123551,1,Medium Poverty
79014,1,0,2,0.0,1,0,0,0.006325124945629954,2,High Poverty (Poorest)
79015,1,1,2,0.0,1,0,1,0.09396453767244661,0,Low Poverty (Wealthy)
79016,1,1,0,0.0,1,0,0,-0.0228880126299756,2,High Poverty (Poorest)
79017,1,1,0,0.0,1,0,1,0.006325124945629954,2,High Poverty (Poorest)
79018,1,0,2,0.0,1,0,1,0.03553826252123551,1,Medium Poverty
79019,1,1,2,0.0,1,1,1,0.1523908128236577,0,Low Poverty (Wealthy)
79020,1,1,0,0.0,1,0,0,-0.0228880126299756,2,High Poverty (Poorest)
79021,1,0,2,0.0,1,0,0,0.006325124945629954,2,High Poverty (Poorest)
79023,1,1,1,0.0,1,0,1,0.05014483130903828,1,Medium Poverty
79024,1,1,1,0.0,1,1,0,0.07935796888464383,0,Low Poverty (Wealthy)
79025,1,0,2,0.0,1,1,1,0.09396453767244661,0,Low Poverty (Wealthy)
79026,1,0,2,0.0,1,1,0,0.06475140009684106,1,Medium Poverty
79028,1,1,1,0.0,1,0,1,0.05014483130903828,1,Medium Poverty
79029,1,0,3,0.0,1,1,1,0.13778424403585493,0,Low Poverty (Wealthy)
79030,1,1,1,0.0,1,1,1,0.10857110646024938,0,Low Poverty (Wealthy)
79032,1,0,2,0.0,1,1,0,0.06475140009684106,1,Medium Poverty
79033,1,1,1,0.0,1,1,0,0.07935796888464383,0,Low Poverty (Wealthy)
79034,1,0,3,0.0,1,0,1,0.07935796888464383,0,Low Poverty (Wealthy)
79035,1,1,3,0.0,1,0,1,0.13778424403585493,0,Low Poverty (Wealthy)
79036,1,1,0,0.0,1,0,0,-0.0228880126299756,2,High Poverty (Poorest)
79038,1,1,3,0.0,1,0,0,0.10857110646024938,0,Low Poverty (Wealthy)
79039,1,1,2,0.0,1,1,0,0.12317767524805216,0,Low Poverty (Wealthy)
79040,1,0,2,0.0,1,1,1,0.09396453767244661,0,Low Poverty (Wealthy)
79041,1,1,1,0.0,1,1,0,0.07935796888464383,0,Low Poverty (Wealthy)
79042,1,0,2,0.0,1,0,1,0.03553826252123551,1,Medium Poverty
79043,1,0,3,0.0,1,0,1,0.07935796888464383,0,Low Poverty (Wealthy)
79045,1,0,1,0.0,1,0,1,-0.008281443842172822,2,High Poverty (Poorest)
79046,1,1,3,0.0,1,0,1,0.13778424403585493,0,Low Poverty (Wealthy)
79047,1,1,0,0.0,1,0,1,0.006325124945629954,2,High Poverty (Poorest)
79051,1,1,0,0.0,1,1,1,0.06475140009684106,1,Medium Poverty
79052,1,1,1,0.0,1,0,0,0.02093169373343273,1,Medium Poverty
79053,1,0,2,0.0,1,1,1,0.09396453767244661,0,Low Poverty (Wealthy)
79054,1,1,2,0.0,1,0,1,0.09396453767244661,0,Low Poverty (Wealthy)
79055,2,1,0,0.0,1,1,1,0.05014483130903828,1,Medium Poverty
79056,1,1,3,0.0,1,0,1,0.13778424403585493,0,Low Poverty (Wealthy)
79057,1,0,0,0.0,1,0,0,-0.0813142877811867,2,High Poverty (Poorest)
79058,1,1,0,0.0,1,1,1,0.06475140009684106,1,Medium Poverty
79059,1,1,0,0.0,1,1,0,0.03553826252123551,1,Medium Poverty
79060,1,0,2,0.0,1,0,1,0.03553826252123551,1,Medium Poverty
79061,1,0,3,0.0,1,0,0,0.05014483130903828,1,Medium Poverty
79062,1,1,2,0.0,1,0,1,0.09396453767244661,0,Low Poverty (Wealthy)
79064,1,1,2,0.0,1,1,0,0.12317767524805216,0,Low Poverty (Wealthy)
79065,1,0,0,0.0,1,1,1,0.006325124945629954,2,High Poverty (Poorest)
79067,1,1,1,0.0,1,0,1,0.05014483130903828,1,Medium Poverty
79068,1,0,1,0.0,1,0,0,-0.03749458141777837,2,High Poverty (Poorest)
79069,1,1,1,0.0,1,1,1,0.10857110646024938,0,Low Poverty (Wealthy)
79070,1,1,0,0.0,1,0,1,0.006325124945629954,2,High Poverty (Poorest)
79072,1,1,2,0.0,1,1,1,0.1523908128236577,0,Low Poverty (Wealthy)
79073,1,1,1,0.0,1,0,0,0.02093169373343273,1,Medium Poverty
79074,1,1,2,0.0,1,0,1,0.09396453767244661,0,Low Poverty (Wealthy)
79075,1,0,1,0.0,1,0,1,-0.008281443842172822,2,High Poverty (Poorest)
79077,1,1,0,0.0,1,0,1,0.006325124945629954,2,High Poverty (Poorest)
79078,1,1,2,0.0,1,0,1,0.09396453767244661,0,Low Poverty (Wealthy)
79080,1,1,0,0.0,1,1,1,0.06475140009684106,1,Medium Poverty
79081,1,0,3,0.0,1,1,0,0.10857110646024938,0,Low Poverty (Wealthy)
79082,1,0,2,0.0,1,1,0,0.06475140009684106,1,Medium Poverty
79083,1,0,0,0.0,1,1,0,-0.0228880126299756,2,High Poverty (Poorest)
79084,1,1,3,0.0,1,0,0,0.10857110646024938,0,Low Poverty (Wealthy)
79085,1,1,1,0.0,1,0,1,0.05014483130903828,1,Medium Poverty
79087,1,1,0,0.0,1,1,1,0.06475140009684106,1,Medium Poverty
79088,1,1,2,0.0,1,0,0,0.06475140009684106,1,Medium Poverty
79090,1,1,1,0.0,1,0,1,0.05014483130903828,1,Medium Poverty
79091,1,0,2,0.0,1,0,1,0.03553826252123551,1,Medium Poverty
79092,1,1,2,0.0,1,0,1,0.09396453767244661,0,Low Poverty (Wealthy)
79093,1,1,3,0.0,1,0,1,0.13778424403585493,0,Low Poverty (Wealthy)
79094,1,1,1,0.0,1,1,1,0.10857110646024938,0,Low Poverty (Wealthy)
79095,1,1,1,0.0,1,1,0,0.07935796888464383,0,Low Poverty (Wealthy)
79096,1,1,2,0.0,1,1,0,0.12317767524805216,0,Low Poverty (Wealthy)
79097,1,1,0,0.0,1,1,0,0.03553826252123551,1,Medium Poverty
79098,1,0,1,0.0,1,1,1,0.05014483130903828,1,Medium Poverty
79099,1,0,1,0.0,1,0,0,-0.03749458141777837,2,High Poverty (Poorest)
79101,1,1,0,0.0,1,0,1,0.006325124945629954,2,High Poverty (Poorest)
79102,1,1,1,0.0,1,1,0,0.07935796888464383,0,Low Poverty (Wealthy)
79104,1,1,3,0.0,1,0,1,0.13778424403585493,0,Low Poverty (Wealthy)
79105,1,1,3,0.0,1,0,0,0.10857110646024938,0,Low Poverty (Wealthy)
79106,1,0,0,0.0,1,0,0,-0.0813142877811867,2,High Poverty (Poorest)
79108,3,0,0,0.0,1,0,0,-0.11052742535679225,2,High Poverty (Poorest)
79109,1,1,1,0.0,1,0,1,0.05014483130903828,1,Medium Poverty
79110,1,1,3,0.0,1,0,0,0.10857110646024938,0,Low Poverty (Wealthy)
79111,1,0,0,0.0,1,0,1,-0.05210115020558115,2,High Poverty (Poorest)
79112,1,1,2,0.0,1,1,0,0.12317767524805216,0,Low Poverty (Wealthy)
79113,2,0,0,0.0,1,0,0,-0.09592085656898948,2,High Poverty (Poorest)
79114,1,1,2,0.0,1,1,1,0.1523908128236577,0,Low Poverty (Wealthy)
79116,1,0,1,0.0,1,0,0,-0.03749458141777837,2,High Poverty (Poorest)
79117,1,1,2,0.0,1,0,1,0.09396453767244661,0,Low Poverty (Wealthy)
79119,1,0,1,0.0,1,0,1,-0.008281443842172822,2,High Poverty (Poorest)
79120,1,1,2,0.0,1,0,0,0.06475140009684106,1,Medium Poverty
79121,1,0,1,0.0,1,1,0,0.02093169373343273,1,Medium Poverty
79122,1,0,2,0.0,1,1,0,0.06475140009684106,1,Medium Poverty
79123,1,1,3,0.0,1,1,1,0.19621051918706603,0,Low Poverty (Wealthy)
79124,1,1,0,0.0,1,1,1,0.06475140009684106,1,Medium Poverty
79125,1,1,3,0.0,1,0,1,0.13778424403585493,0,Low Poverty (Wealthy)
79127,1,0,2,0.0,1,0,1,0.03553826252123551,1,Medium Poverty
79128,1,1,0,0.0,1,0,0,-0.0228880126299756,2,High Poverty (Poorest)
79129,1,1,1,0.0,1,0,1,0.05014483130903828,1,Medium Poverty
79131,1,1,0,0.0,1,0,1,0.006325124945629954,2,High Poverty (Poorest)
79132,1,0,2,0.0,1,0,1,0.03553826252123551,1,Medium Poverty
79133,1,1,2,0.0,1,0,1,0.09396453767244661,0,Low Poverty (Wealthy)
79134,1,0,0,0.0,1,0,1,-0.05210115020558115,2,High Poverty (Poorest)
79136,1,0,1,0.0,1,0,0,-0.03749458141777837,2,High Poverty (Poorest)
79137,1,1,2,0.0,1,1,1,0.1523908128236577,0,Low Poverty (Wealthy)
79138,1,0,3,0.0,1,1,1,0.13778424403585493,0,Low Poverty (Wealthy)
79139,4,1,1,0.0,1,1,0,0.03553826252123551,1,Medium Poverty
79140,1,1,3,0.0,1,1,1,0.19621051918706603,0,Low Poverty (Wealthy)
79141,1,1,1,0.0,1,0,0,0.02093169373343273,1,Medium Poverty
79142,1,1,1,0.0,1,0,1,0.05014483130903828,1,Medium Poverty
79143,1,0,2,0.0,1,0,1,0.03553826252123551,1,Medium Poverty
80011,1,0,1,0.0,1,1,0,0.02093169373343273,1,Medium Poverty
80012,1,1,1,0.0,1,1,1,0.10857110646024938,0,Low Poverty (Wealthy)
80013,2,0,1,0.0,1,0,1,-0.0228880126299756,2,High Poverty (Poorest)
80015,1,1,2,0.0,1,0,1,0.09396453767244661,0,Low Poverty (Wealthy)
80016,1,0,2,0.0,1,1,0,0.06475140009684106,1,Medium Poverty
80017,1,0,1,0.0,1,0,0,-0.03749458141777837,2,High Poverty (Poorest)
80018,1,1,1,0.0,1,1,0,0.07935796888464383,0,Low Poverty (Wealthy)
80019,1,0,1,0.0,1,0,0,-0.03749458141777837,2,High Poverty (Poorest)
80020,1,1,2,0.0,1,0,1,0.09396453767244661,0,Low Poverty (Wealthy)
80091,1,1,1,0.0,1,1,1,0.10857110646024938,0,Low Poverty (Wealthy)
80092,1,1,2,0.0,1,1,1,0.1523908128236577,0,Low Poverty (Wealthy)
80093,1,0,1,0.0,1,1,1,0.05014483130903828,1,Medium Poverty
80095,1,0,1,0.0,1,0,1,-0.008281443842172822,2,High Poverty (Poorest)
80097,1,0,0,0.0,1,0,1,-0.05210115020558115,2,High Poverty (Poorest)
80098,1,1,1,0.0,1,1,1,0.10857110646024938,0,Low Poverty (Wealthy)
80099,2,1,3,0.0,1,0,1,0.12317767524805216,0,Low Poverty (Wealthy)
80100,1,0,1,0.0,1,0,1,-0.008281443842172822,2,High Poverty (Poorest)
80102,1,1,0,0.0,1,1,0,0.03553826252123551,1,Medium Poverty
80103,1,0,1,0.0,1,0,0,-0.03749458141777837,2,High Poverty (Poorest)
80104,1,1,1,0.0,1,0,1,0.05014483130903828,1,Medium Poverty
80105,1,1,0,0.0,1,1,1,0.06475140009684106,1,Medium Poverty
80106,5,1,1,0.0,1,1,1,0.05014483130903828,1,Medium Poverty
80107,1,1,1,0.0,1,0,1,0.05014483130903828,1,Medium Poverty
80108,1,1,2,0.0,1,0,0,0.06475140009684106,1,Medium Poverty
80109,1,0,1,0.0,1,1,1,0.05014483130903828,1,Medium Poverty
80110,2,1,1,0.0,1,1,0,0.06475140009684106,1,Medium Poverty
89001,1,0,3,0.0,1,1,1,0.13778424403585493,0,Low Poverty (Wealthy)
89002,1,1,1,0.0,1,0,1,0.05014483130903828,1,Medium Poverty
89003,1,1,1,0.0,1,0,0,0.02093169373343273,1,Medium Poverty
89004,1,1,1,0.0,1,1,1,0.10857110646024938,0,Low Poverty (Wealthy)
89005,1,1,1,0.0,1,1,1,0.10857110646024938,0,Low Poverty (Wealthy)
89006,1,1,2,0.0,1,1,0,0.12317767524805216,0,Low Poverty (Wealthy)
89007,1,1,1,0.0,1,0,1,0.05014483130903828,1,Medium Poverty
89009,2,1,2,0.0,1,0,1,0.07935796888464383,0,Low Poverty (Wealthy)
89010,1,0,0,0.0,1,0,1,-0.05210115020558115,2,High Poverty (Poorest)
89011,1,0,1,0.0,1,1,0,0.02093169373343273,1,Medium Poverty
89015,1,0,2,0.0,1,1,0,0.06475140009684106,1,Medium Poverty
89016,1,0,1,0.0,1,0,1,-0.008281443842172822,2,High Poverty (Poorest)
89017,1,1,2,0.0,1,0,0,0.06475140009684106,1,Medium Poverty
89019,1,0,1,0.0,1,0,1,-0.008281443842172822,2,High Poverty (Poorest)
89020,2,1,2,0.0,1,0,0,0.05014483130903828,1,Medium Poverty
89021,1,0,0,0.0,1,1,1,0.006325124945629954,2,High Poverty (Poorest)
89022,1,0,3,0.0,1,1,1,0.13778424403585493,0,Low Poverty (Wealthy)
89023,1,1,0,0.0,1,0,0,-0.0228880126299756,2,High Poverty (Poorest)
89024,1,1,3,0.0,1,0,0,0.10857110646024938,0,Low Poverty (Wealthy)
89028,1,1,1,0.0,1,1,1,0.10857110646024938,0,Low Poverty (Wealthy)
90001,1,1,2,0.0,1,0,1,0.09396453767244661,0,Low Poverty (Wealthy)
90002,1,1,1,0.0,1,0,0,0.02093169373343273,1,Medium Poverty
90003,3,0,3,0.0,1,1,1,0.10857110646024938,0,Low Poverty (Wealthy)
90004,1,1,0,0.0,1,1,0,0.03553826252123551,1,Medium Poverty
90005,1,1,0,0.0,1,1,1,0.06475140009684106,1,Medium Poverty
90006,1,1,1,0.0,1,0,1,0.05014483130903828,1,Medium Poverty
90007,1,0,0,0.0,1,0,0,-0.0813142877811867,2,High Poverty (Poorest)
90009,1,1,0,0.0,1,0,1,0.006325124945629954,2,High Poverty (Poorest)
90010,1,0,3,0.0,1,0,0,0.05014483130903828,1,Medium Poverty
90021,4,0,3,0.0,1,1,0,0.06475140009684106,1,Medium Poverty
90022,1,0,1,0.0,1,0,0,-0.03749458141777837,2,High Poverty (Poorest)
90025,1,1,3,0.0,1,1,1,0.19621051918706603,0,Low Poverty (Wealthy)
90027,1,1,1,0.0,1,0,1,0.05014483130903828,1,Medium Poverty
90028,1,1,1,0.0,1,0,1,0.05014483130903828,1,Medium Poverty
90029,1,1,2,0.0,1,1,0,0.12317767524805216,0,Low Poverty (Wealthy)
90030,1,1,2,0.0,1,0,0,0.06475140009684106,1,Medium Poverty
90041,1,0,3,0.0,1,0,1,0.07935796888464383,0,Low Poverty (Wealthy)
90042,2,1,1,0.0,1,0,0,0.006325124945629954,2,High Poverty (Poorest)
90043,1,1,2,0.0,1,0,1,0.09396453767244661,0,Low Poverty (Wealthy)
90044,1,0,0,0.0,1,0,0,-0.0813142877811867,2,High Poverty (Poorest)
90046,1,1,0,0.0,1,0,1,0.006325124945629954,2,High Poverty (Poorest)
90047,1,1,0,0.0,1,1,0,0.03553826252123551,1,Medium Poverty
90048,2,1,3,0.0,1,1,1,0.18160395039926328,0,Low Poverty (Wealthy)
90091,6,1,2,0.0,1,0,0,-0.008281443842172822,2,High Poverty (Poorest)
90092,1,1,2,0.0,1,0,0,0.06475140009684106,1,Medium Poverty
90093,1,1,1,0.0,1,1,0,0.07935796888464383,0,Low Poverty (Wealthy)
90094,2,1,1,0.0,1,0,0,0.006325124945629954,2,High Poverty (Poorest)
90095,1,1,0,0.0,1,1,0,0.03553826252123551,1,Medium Poverty
90096,5,0,1,0.0,1,1,1,-0.008281443842172822,2,High Poverty (Poorest)
90097,1,1,1,0.0,1,0,1,0.05014483130903828,1,Medium Poverty
90098,1,1,2,0.0,1,1,1,0.1523908128236577,0,Low Poverty (Wealthy)
90099,1,0,1,0.0,1,1,1,0.05014483130903828,1,Medium Poverty
90100,1,1,0,0.0,1,1,1,0.06475140009684106,1,Medium Poverty
99001,1,1,0,0.0,1,0,1,0.006325124945629954,2,High Poverty (Poorest)
99002,1,1,0,0.0,1,0,1,0.006325124945629954,2,High Poverty (Poorest)
99003,1,0,1,0.0,1,1,1,0.05014483130903828,1,Medium Poverty
99004,1,1,3,0.0,1,0,1,0.13778424403585493,0,Low Poverty (Wealthy)
99005,6,1,2,0.0,1,1,0,0.05014483130903828,1,Medium Poverty
99006,1,0,2,0.0,1,0,0,0.006325124945629954,2,High Poverty (Poorest)
99008,1,0,1,0.0,1,0,1,-0.008281443842172822,2,High Poverty (Poorest)
99010,1,1,1,0.0,1,1,0,0.07935796888464383,0,Low Poverty (Wealthy)
99011,1,0,0,0.0,1,1,1,0.006325124945629954,2,High Poverty (Poorest)
99013,1,1,3,0.0,1,1,1,0.19621051918706603,0,Low Poverty (Wealthy)
99014,1,1,2,0.0,1,1,0,0.12317767524805216,0,Low Poverty (Wealthy)
99015,1,0,0,0.0,1,0,0,-0.0813142877811867,2,High Poverty (Poorest)
99016,1,1,1,0.0,1,0,1,0.05014483130903828,1,Medium Poverty
99017,4,1,1,0.0,1,1,1,0.06475140009684106,1,Medium Poverty
99019,1,1,2,0.0,1,0,0,0.06475140009684106,1,Medium Poverty
99020,1,1,3,0.0,1,1,1,0.19621051918706603,0,Low Poverty (Wealthy)
99021,1,1,2,0.0,1,0,1,0.09396453767244661,0,Low Poverty (Wealthy)
99023,1,0,1,0.0,1,0,0,-0.03749458141777837,2,High Poverty (Poorest)
99026,1,1,0,0.0,1,0,0,-0.0228880126299756,2,High Poverty (Poorest)
99027,1,1,0,0.0,1,0,1,0.006325124945629954,2,High Poverty (Poorest)
99029,1,0,0,0.0,1,1,0,-0.0228880126299756,2,High Poverty (Poorest)
99030,1,1,0,0.0,1,1,1,0.06475140009684106,1,Medium Poverty
99031,1,0,2,0.0,1,1,1,0.09396453767244661,0,Low Poverty (Wealthy)
99032,1,1,2,0.0,1,0,1,0.09396453767244661,0,Low Poverty (Wealthy)
99033,1,0,0,0.0,1,0,1,-0.05210115020558115,2,High Poverty (Poorest)
99034,1,1,2,0.0,1,0,1,0.09396453767244661,0,Low Poverty (Wealthy)
99035,1,1,0,0.0,1,0,0,-0.0228880126299756,2,High Poverty (Poorest)
99036,1,0,1,0.0,1,0,0,-0.03749458141777837,2,High Poverty (Poorest)
99037,1,0,1,0.0,1,0,1,-0.008281443842172822,2,High Poverty (Poorest)
99038,1,0,1,0.0,1,0,1,-0.008281443842172822,2,High Poverty (Poorest)
99040,1,1,1,0.0,1,0,0,0.02093169373343273,1,Medium Poverty
99041,1,0,1,0.0,1,0,1,-0.008281443842172822,2,High Poverty (Poorest)
99043,1,1,1,0.0,1,0,0,0.02093169373343273,1,Medium Poverty
99044,1,1,3,0.0,1,0,0,0.10857110646024938,0,Low Poverty (Wealthy)
99045,1,0,0,0.0,1,0,0,-0.0813142877811867,2,High Poverty (Poorest)
99046,1,1,0,0.0,1,1,1,0.06475140009684106,1,Medium Poverty
99048,1,1,0,0.0,1,0,1,0.006325124945629954,2,High Poverty (Poorest)
99051,1,0,2,0.0,1,1,0,0.06475140009684106,1,Medium Poverty
99052,1,0,0,0.0,1,0,0,-0.0813142877811867,2,High Poverty (Poorest)
99053,1,0,2,0.0,1,1,0,0.06475140009684106,1,Medium Poverty
99054,1,1,1,0.0,1,0,1,0.05014483130903828,1,Medium Poverty
99055,1,1,1,0.0,1,1,0,0.07935796888464383,0,Low Poverty (Wealthy)
99056,1,1,2,0.0,1,0,1,0.09396453767244661,0,Low Poverty (Wealthy)
99058,1,1,0,0.0,1,1,0,0.03553826252123551,1,Medium Poverty
99059,1,1,0,0.0,1,0,1,0.006325124945629954,2,High Poverty (Poorest)
99061,1,1,1,0.0,1,0,0,0.02093169373343273,1,Medium Poverty
99062,1,1,2,0.0,1,1,1,0.1523908128236577,0,Low Poverty (Wealthy)
99064,1,0,1,0.0,1,0,0,-0.03749458141777837,2,High Poverty (Poorest)
99065,1,0,0,0.0,1,1,0,-0.0228880126299756,2,High Poverty (Poorest)
99066,3,0,3,0.0,1,0,1,0.05014483130903828,1,Medium Poverty
99068,1,0,0,0.0,1,0,1,-0.05210115020558115,2,High Poverty (Poorest)
99070,1,1,2,0.0,1,1,1,0.1523908128236577,0,Low Poverty (Wealthy)
99071,1,1,2,0.0,1,0,1,0.09396453767244661,0,Low Poverty (Wealthy)
99072,1,0,1,0.0,1,0,1,-0.008281443842172822,2,High Poverty (Poorest)
99074,1,0,0,0.0,1,1,1,0.006325124945629954,2,High Poverty (Poorest)
99075,1,1,0,0.0,1,1,0,0.03553826252123551,1,Medium Poverty
99076,1,1,2,0.0,1,1,1,0.1523908128236577,0,Low Poverty (Wealthy)
99077,1,0,2,0.0,1,0,1,0.03553826252123551,1,Medium Poverty
99079,1,1,2,0.0,1,0,0,0.06475140009684106,1,Medium Poverty
99080,1,0,3,0.0,1,0,1,0.07935796888464383,0,Low Poverty (Wealthy)
99081,2,0,2,0.0,1,0,0,-0.008281443842172822,2,High Poverty (Poorest)
99082,1,1,0,0.0,1,1,0,0.03553826252123551,1,Medium Poverty
99083,1,1,1,0.0,1,0,1,0.05014483130903828,1,Medium Poverty
99088,1,0,2,0.0,1,0,1,0.03553826252123551,1,Medium Poverty
99094,1,1,1,0.0,1,0,0,0.02093169373343273,1,Medium Poverty
99096,1,1,0,0.0,1,1,0,0.03553826252123551,1,Medium Poverty
99098,1,1,2,0.0,1,1,1,0.1523908128236577,0,Low Poverty (Wealthy)
100031,1,1,1,0.0,1,1,0,0.07935796888464383,0,Low Poverty (Wealthy)
100032,1,1,3,0.0,1,0,1,0.13778424403585493,0,Low Poverty (Wealthy)
100034,1,1,2,0.0,1,1,1,0.1523908128236577,0,Low Poverty (Wealthy)
100035,1,1,0,0.0,1,1,1,0.06475140009684106,1,Medium Poverty
100036,2,0,3,0.0,1,0,1,0.06475140009684106,1,Medium Poverty
100037,1,0,1,0.0,1,0,1,-0.008281443842172822,2,High Poverty (Poorest)
100038,1,0,1,0.0,1,0,1,-0.008281443842172822,2,High Poverty (Poorest)
100039,1,1,1,0.0,1,0,1,0.05014483130903828,1,Medium Poverty
100040,1,0,0,0.0,1,1,1,0.006325124945629954,2,High Poverty (Poorest)
100111,1,1,1,0.0,1,0,1,0.05014483130903828,1,Medium Poverty
100113,1,1,0,0.0,1,0,1,0.006325124945629954,2,High Poverty (Poorest)
100115,1,0,1,0.0,1,1,0,0.02093169373343273,1,Medium Poverty
100117,1,1,1,0.0,1,1,0,0.07935796888464383,0,Low Poverty (Wealthy)
100118,1,1,2,0.0,1,1,0,0.12317767524805216,0,Low Poverty (Wealthy)
100119,1,1,2,0.0,1,0,0,0.06475140009684106,1,Medium Poverty
100120,1,0,0,0.0,1,0,0,-0.0813142877811867,2,High Poverty (Poorest)
100131,1,1,1,0.0,1,0,1,0.05014483130903828,1,Medium Poverty
100132,2,1,1,0.0,1,0,1,0.03553826252123551,1,Medium Poverty
100133,2,1,0,0.0,1,0,1,-0.008281443842172822,2,High Poverty (Poorest)
100134,1,1,2,0.0,1,0,1,0.09396453767244661,0,Low Poverty (Wealthy)
100135,1,1,2,0.0,1,0,1,0.09396453767244661,0,Low Poverty (Wealthy)
100136,1,1,0,0.0,1,0,1,0.006325124945629954,2,High Poverty (Poorest)
100138,2,1,1,0.0,1,0,1,0.03553826252123551,1,Medium Poverty
109005,2,1,0,0.0,1,1,0,0.02093169373343273,1,Medium Poverty
109006,1,0,2,0.0,1,1,1,0.09396453767244661,0,Low Poverty (Wealthy)
109007,1,1,0,0.0,1,0,1,0.006325124945629954,2,High Poverty (Poorest)
109008,1,1,3,0.0,1,0,0,0.10857110646024938,0,Low Poverty (Wealthy)
109009,1,1,2,0.0,1,0,1,0.09396453767244661,0,Low Poverty (Wealthy)
109011,1,0,1,0.0,1,0,1,-0.008281443842172822,2,High Poverty (Poorest)
109012,1,1,2,0.0,1,0,0,0.06475140009684106,1,Medium Poverty
109013,1,1,3,0.0,1,1,1,0.19621051918706603,0,Low Poverty (Wealthy)
109014,1,1,2,0.0,1,1,0,0.12317767524805216,0,Low Poverty (Wealthy)
109016,1,0,0,0.0,1,1,0,-0.0228880126299756,2,High Poverty (Poorest)
109017,1,1,1,0.0,1,1,1,0.10857110646024938,0,Low Poverty (Wealthy)
109018,1,1,2,0.0,1,1,1,0.1523908128236577,0,Low Poverty (Wealthy)
109019,1,0,2,0.0,1,0,1,0.03553826252123551,1,Medium Poverty
109020,1,1,2,0.0,1,1,1,0.1523908128236577,0,Low Poverty (Wealthy)
109021,1,1,3,0.0,1,0,0,0.10857110646024938,0,Low Poverty (Wealthy)
109022,1,1,3,0.0,1,1,1,0.19621051918706603,0,Low Poverty (Wealthy)
109023,1,1,3,0.0,1,0,1,0.13778424403585493,0,Low Poverty (Wealthy)
109025,1,1,0,0.0,1,0,1,0.006325124945629954,2,High Poverty (Poorest)
109026,1,1,1,0.0,1,1,0,0.07935796888464383,0,Low Poverty (Wealthy)
109028,2,1,2,0.0,1,0,1,0.07935796888464383,0,Low Poverty (Wealthy)
109029,1,1,2,0.0,1,0,1,0.09396453767244661,0,Low Poverty (Wealthy)
109031,1,0,2,0.0,1,0,1,0.03553826252123551,1,Medium Poverty
109032,1,1,0,0.0,1,0,1,0.006325124945629954,2,High Poverty (Poorest)
109033,1,1,2,0.0,1,1,0,0.12317767524805216,0,Low Poverty (Wealthy)
109034,1,1,2,0.0,1,1,1,0.1523908128236577,0,Low Poverty (Wealthy)
109035,1,1,0,0.0,1,0,1,0.006325124945629954,2,High Poverty (Poorest)
109037,2,1,1,0.0,1,0,0,0.006325124945629954,2,High Poverty (Poorest)
109038,1,1,0,0.0,1,1,1,0.06475140009684106,1,Medium Poverty
109040,1,0,1,0.0,1,0,1,-0.008281443842172822,2,High Poverty (Poorest)
109041,3,1,0,0.0,1,0,1,-0.0228880126299756,2,High Poverty (Poorest)
109042,1,0,1,0.0,1,0,1,-0.008281443842172822,2,High Poverty (Poorest)
109043,1,0,1,0.0,1,1,0,0.02093169373343273,1,Medium Poverty
109046,1,1,2,0.0,1,0,1,0.09396453767244661,0,Low Poverty (Wealthy)
109047,1,1,2,0.0,1,0,1,0.09396453767244661,0,Low Poverty (Wealthy)
109048,2,1,2,0.0,1,0,0,0.05014483130903828,1,Medium Poverty
109049,1,1,1,0.0,1,0,0,0.02093169373343273,1,Medium Poverty
109052,1,1,0,0.0,1,0,0,-0.0228880126299756,2,High Poverty (Poorest)
109053,1,0,3,0.0,1,0,1,0.07935796888464383,0,Low Poverty (Wealthy)
109054,1,1,0,0.0,1,0,1,0.006325124945629954,2,High Poverty (Poorest)
109055,1,0,3,0.0,1,0,1,0.07935796888464383,0,Low Poverty (Wealthy)
109056,1,0,2,0.0,1,0,1,0.03553826252123551,1,Medium Poverty
109057,1,1,1,0.0,1,1,1,0.10857110646024938,0,Low Poverty (Wealthy)
109058,1,1,3,0.0,1,1,0,0.1669973816114605,0,Low Poverty (Wealthy)
109059,3,1,0,0.0,1,0,1,-0.0228880126299756,2,High Poverty (Poorest)
109060,1,1,1,0.0,1,0,1,0.05014483130903828,1,Medium Poverty
109061,1,1,2,0.0,1,0,1,0.09396453767244661,0,Low Poverty (Wealthy)
109062,1,1,1,0.0,1,1,1,0.10857110646024938,0,Low Poverty (Wealthy)
109064,1,1,3,0.0,1,1,1,0.19621051918706603,0,Low Poverty (Wealthy)
109065,2,1,0,0.0,1,0,1,-0.008281443842172822,2,High Poverty (Poorest)
109066,1,0,1,0.0,1,1,0,0.02093169373343273,1,Medium Poverty
109067,1,0,2,0.0,1,1,1,0.09396453767244661,0,Low Poverty (Wealthy)
109068,1,1,2,0.0,1,1,0,0.12317767524805216,0,Low Poverty (Wealthy)
109069,1,1,1,0.0,1,0,0,0.02093169373343273,1,Medium Poverty
109071,1,1,1,0.0,1,0,1,0.05014483130903828,1,Medium Poverty
109074,1,1,2,0.0,1,0,0,0.06475140009684106,1,Medium Poverty
109076,1,1,0,0.0,1,1,0,0.03553826252123551,1,Medium Poverty
109077,1,1,2,0.0,1,1,0,0.12317767524805216,0,Low Poverty (Wealthy)
109078,1,1,2,0.0,1,0,1,0.09396453767244661,0,Low Poverty (Wealthy)
109080,1,1,2,0.0,1,0,1,0.09396453767244661,0,Low Poverty (Wealthy)
109081,1,1,2,0.0,1,0,1,0.09396453767244661,0,Low Poverty (Wealthy)
109082,1,0,1,0.0,1,0,0,-0.03749458141777837,2,High Poverty (Poorest)
109083,1,0,2,0.0,1,0,1,0.03553826252123551,1,Medium Poverty
109085,1,0,3,0.0,1,0,1,0.07935796888464383,0,Low Poverty (Wealthy)
109087,1,1,1,0.0,1,0,0,0.02093169373343273,1,Medium Poverty
109088,1,1,3,0.0,1,1,1,0.19621051918706603,0,Low Poverty (Wealthy)
109089,1,0,1,0.0,1,0,1,-0.008281443842172822,2,High Poverty (Poorest)
109091,1,1,0,0.0,1,0,0,-0.0228880126299756,2,High Poverty (Poorest)
109092,1,0,1,0.0,1,0,1,-0.008281443842172822,2,High Poverty (Poorest)
109093,1,1,3,0.0,1,1,1,0.19621051918706603,0,Low Poverty (Wealthy)
109095,1,1,1,0.0,1,0,0,0.02093169373343273,1,Medium Poverty
109099,1,0,3,0.0,1,1,0,0.10857110646024938,0,Low Poverty (Wealthy)
109100,1,1,3,0.0,1,0,0,0.10857110646024938,0,Low Poverty (Wealthy)
109101,1,0,1,0.0,1,1,0,0.02093169373343273,1,Medium Poverty
109103,1,0,0,0.0,1,1,1,0.006325124945629954,2,High Poverty (Poorest)
109104,1,0,2,0.0,1,0,1,0.03553826252123551,1,Medium Poverty
109106,1,1,1,0.0,1,1,0,0.07935796888464383,0,Low Poverty (Wealthy)
109107,1,1,2,0.0,1,0,1,0.09396453767244661,0,Low Poverty (Wealthy)
109110,1,0,1,0.0,1,0,0,-0.03749458141777837,2,High Poverty (Poorest)
109112,1,1,1,0.0,1,0,0,0.02093169373343273,1,Medium Poverty
109114,1,1,2,0.0,1,0,0,0.06475140009684106,1,Medium Poverty
109115,2,0,1,0.0,1,1,1,0.03553826252123551,1,Medium Poverty
109117,1,1,1,0.0,1,1,1,0.10857110646024938,0,Low Poverty (Wealthy)
109118,1,0,1,0.0,1,0,0,-0.03749458141777837,2,High Poverty (Poorest)
109119,1,0,1,0.0,1,0,0,-0.03749458141777837,2,High Poverty (Poorest)
109121,1,1,1,0.0,1,0,1,0.05014483130903828,1,Medium Poverty
109122,1,0,2,0.0,1,1,1,0.09396453767244661,0,Low Poverty (Wealthy)
109123,1,1,1,0.0,1,0,0,0.02093169373343273,1,Medium Poverty
109124,1,1,1,0.0,1,1,0,0.07935796888464383,0,Low Poverty (Wealthy)
109126,1,0,2,0.0,1,0,1,0.03553826252123551,1,Medium Poverty
109127,1,1,1,0.0,1,0,1,0.05014483130903828,1,Medium Poverty
109128,1,0,1,0.0,1,1,0,0.02093169373343273,1,Medium Poverty
109129,1,1,3,0.0,1,0,1,0.13778424403585493,0,Low Poverty (Wealthy)
109131,1,1,2,0.0,1,0,1,0.09396453767244661,0,Low Poverty (Wealthy)
109132,1,1,2,0.0,1,0,1,0.09396453767244661,0,Low Poverty (Wealthy)
109133,1,1,2,0.0,1,0,1,0.09396453767244661,0,Low Poverty (Wealthy)
109134,2,0,0,0.0,1,1,1,-0.008281443842172822,2,High Poverty (Poorest)
109135,1,1,2,0.0,1,0,1,0.09396453767244661,0,Low Poverty (Wealthy)
109136,1,1,1,0.0,1,0,0,0.02093169373343273,1,Medium Poverty
109137,1,1,1,0.0,1,0,0,0.02093169373343273,1,Medium Poverty
109139,1,1,1,0.0,1,0,1,0.05014483130903828,1,Medium Poverty
109141,2,1,0,0.0,1,1,0,0.02093169373343273,1,Medium Poverty
109142,1,0,0,0.0,1,1,1,0.006325124945629954,2,High Poverty (Poorest)
109145,2,0,3,0.0,1,1,1,0.12317767524805216,0,Low Poverty (Wealthy)
109147,1,1,1,0.0,1,0,1,0.05014483130903828,1,Medium Poverty
109148,1,1,1,0.0,1,0,1,0.05014483130903828,1,Medium Poverty
109149,1,1,0,0.0,1,0,0,-0.0228880126299756,2,High Poverty (Poorest)
109150,1,1,0,0.0,1,1,1,0.06475140009684106,1,Medium Poverty
109151,1,1,2,0.0,1,0,1,0.09396453767244661,0,Low Poverty (Wealthy)
109152,1,0,1,0.0,1,0,0,-0.03749458141777837,2,High Poverty (Poorest)
109153,1,1,1,0.0,1,1,1,0.10857110646024938,0,Low Poverty (Wealthy)
109154,1,0,1,0.0,1,0,0,-0.03749458141777837,2,High Poverty (Poorest)
109155,1,1,2,0.0,1,0,1,0.09396453767244661,0,Low Poverty (Wealthy)
109156,1,1,0,0.0,1,0,1,0.006325124945629954,2,High Poverty (Poorest)
109157,1,1,0,0.0,1,0,0,-0.0228880126299756,2,High Poverty (Poorest)
109166,1,0,1,0.0,1,0,1,-0.008281443842172822,2,High Poverty (Poorest)
109169,2,1,1,0.0,1,0,1,0.03553826252123551,1,Medium Poverty
109170,1,1,1,0.0,1,0,0,0.02093169373343273,1,Medium Poverty
109171,1,1,2,0.0,1,0,0,0.06475140009684106,1,Medium Poverty
109173,1,0,2,0.0,1,1,1,0.09396453767244661,0,Low Poverty (Wealthy)
109176,1,1,2,0.0,1,0,1,0.09396453767244661,0,Low Poverty (Wealthy)
110001,1,1,1,0.0,1,1,1,0.10857110646024938,0,Low Poverty (Wealthy)
110002,1,0,0,0.0,1,0,1,-0.05210115020558115,2,High Poverty (Poorest)
110003,2,0,1,0.0,1,0,1,-0.0228880126299756,2,High Poverty (Poorest)
110004,2,0,3,0.0,1,1,1,0.12317767524805216,0,Low Poverty (Wealthy)
110005,2,1,2,0.0,1,0,1,0.07935796888464383,0,Low Poverty (Wealthy)
110006,3,1,2,0.0,1,0,1,0.06475140009684106,1,Medium Poverty
110007,1,1,0,0.0,1,1,0,0.03553826252123551,1,Medium Poverty
110008,2,0,1,0.0,1,0,0,-0.05210115020558115,2,High Poverty (Poorest)
110009,1,1,0,0.0,1,0,1,0.006325124945629954,2,High Poverty (Poorest)
110010,1,1,2,0.0,1,0,0,0.06475140009684106,1,Medium Poverty
110021,1,1,3,0.0,1,1,1,0.19621051918706603,0,Low Poverty (Wealthy)
110022,1,1,3,0.0,1,1,1,0.19621051918706603,0,Low Poverty (Wealthy)
110023,2,0,1,0.0,1,0,0,-0.05210115020558115,2,High Poverty (Poorest)
110024,1,1,1,0.0,1,0,1,0.05014483130903828,1,Medium Poverty
110025,1,1,3,0.0,1,0,1,0.13778424403585493,0,Low Poverty (Wealthy)
110026,3,1,2,0.0,1,0,1,0.06475140009684106,1,Medium Poverty
110027,1,1,0,0.0,1,0,0,-0.0228880126299756,2,High Poverty (Poorest)
110028,1,1,1,0.0,1,0,0,0.02093169373343273,1,Medium Poverty
110029,1,1,1,0.0,1,0,1,0.05014483130903828,1,Medium Poverty
110030,2,0,1,0.0,1,0,1,-0.0228880126299756,2,High Poverty (Poorest)
110081,1,0,1,0.0,1,1,0,0.02093169373343273,1,Medium Poverty
110082,1,1,2,0.0,1,0,0,0.06475140009684106,1,Medium Poverty
110083,2,1,1,0.0,1,0,1,0.03553826252123551,1,Medium Poverty
110084,1,0,0,0.0,1,0,1,-0.05210115020558115,2,High Poverty (Poorest)
110085,1,0,1,0.0,1,1,1,0.05014483130903828,1,Medium Poverty
110086,1,0,2,0.0,1,1,1,0.09396453767244661,0,Low Poverty (Wealthy)
110087,2,1,2,0.0,1,1,1,0.13778424403585493,0,Low Poverty (Wealthy)
110088,2,0,1,0.0,1,0,0,-0.05210115020558115,2,High Poverty (Poorest)
110089,1,0,3,0.0,1,1,1,0.13778424403585493,0,Low Poverty (Wealthy)
110090,1,0,3,0.0,1,0,0,0.05014483130903828,1,Medium Poverty
110111,1,1,1,0.0,1,0,1,0.05014483130903828,1,Medium Poverty
110112,1,0,0,0.0,1,0,1,-0.05210115020558115,2,High Poverty (Poorest)
110113,1,1,2,0.0,1,1,0,0.12317767524805216,0,Low Poverty (Wealthy)
110114,1,0,2,0.0,1,1,1,0.09396453767244661,0,Low Poverty (Wealthy)
110115,2,1,3,0.0,1,1,1,0.18160395039926328,0,Low Poverty (Wealthy)
110116,2,0,3,0.0,1,1,0,0.09396453767244661,0,Low Poverty (Wealthy)
110117,1,1,2,0.0,1,0,1,0.09396453767244661,0,Low Poverty (Wealthy)
110118,1,1,1,0.0,1,0,0,0.02093169373343273,1,Medium Poverty
110119,1,1,0,0.0,1,0,1,0.006325124945629954,2,High Poverty (Poorest)
110120,1,1,1,0.0,1,1,1,0.10857110646024938,0,Low Poverty (Wealthy)
110121,2,0,1,0.0,1,0,0,-0.05210115020558115,2,High Poverty (Poorest)
110122,1,0,2,0.0,1,1,1,0.09396453767244661,0,Low Poverty (Wealthy)
110123,1,1,2,0.0,1,0,0,0.06475140009684106,1,Medium Poverty
110124,1,1,2,0.0,1,0,1,0.09396453767244661,0,Low Poverty (Wealthy)
110125,1,1,1,0.0,1,0,1,0.05014483130903828,1,Medium Poverty
110126,1,1,2,0.0,1,0,0,0.06475140009684106,1,Medium Poverty
110127,1,1,0,0.0,1,1,0,0.03553826252123551,1,Medium Poverty
110128,1,1,1,0.0,1,0,1,0.05014483130903828,1,Medium Poverty
110129,1,0,2,0.0,1,0,1,0.03553826252123551,1,Medium Poverty
110130,1,1,2,0.0,1,0,0,0.06475140009684106,1,Medium Poverty
110131,1,1,3,0.0,1,0,1,0.13778424403585493,0,Low Poverty (Wealthy)
110132,8,0,1,0.0,1,0,0,-0.1397405629323978,2,High Poverty (Poorest)
110133,1,1,1,0.0,1,0,0,0.02093169373343273,1,Medium Poverty
110134,1,0,1,0.0,1,1,1,0.05014483130903828,1,Medium Poverty
110135,1,1,1,0.0,1,0,0,0.02093169373343273,1,Medium Poverty
110136,1,0,3,0.0,1,0,1,0.07935796888464383,0,Low Poverty (Wealthy)
110137,1,1,2,0.0,1,0,1,0.09396453767244661,0,Low Poverty (Wealthy)
110138,1,1,3,0.0,1,0,1,0.13778424403585493,0,Low Poverty (Wealthy)
110139,1,0,1,0.0,1,0,1,-0.008281443842172822,2,High Poverty (Poorest)
110140,1,1,3,0.0,1,0,1,0.13778424403585493,0,Low Poverty (Wealthy)
119001,1,1,0,0.0,1,0,1,0.006325124945629954,2,High Poverty (Poorest)
119002,1,1,3,0.0,1,1,1,0.19621051918706603,0,Low Poverty (Wealthy)
119003,1,0,1,0.0,1,0,1,-0.008281443842172822,2,High Poverty (Poorest)
119005,1,1,1,0.0,1,1,1,0.10857110646024938,0,Low Poverty (Wealthy)
119006,1,0,1,0.0,1,1,0,0.02093169373343273,1,Medium Poverty
119008,1,1,3,0.0,1,0,1,0.13778424403585493,0,Low Poverty (Wealthy)
119010,1,1,0,0.0,1,0,1,0.006325124945629954,2,High Poverty (Poorest)
119011,1,1,1,0.0,1,0,1,0.05014483130903828,1,Medium Poverty
119012,1,1,3,0.0,1,0,1,0.13778424403585493,0,Low Poverty (Wealthy)
119013,1,1,1,0.0,1,1,1,0.10857110646024938,0,Low Poverty (Wealthy)
119014,1,1,0,0.0,1,1,1,0.06475140009684106,1,Medium Poverty
119015,1,0,1,0.0,1,0,0,-0.03749458141777837,2,High Poverty (Poorest)
119016,101,1,1,0.0,1,0,1,-1.4105120474712394,2,High Poverty (Poorest)
119017,1,0,3,0.0,1,0,0,0.05014483130903828,1,Medium Poverty
119019,1,1,2,0.0,1,0,1,0.09396453767244661,0,Low Poverty (Wealthy)
119020,1,1,1,0.0,1,1,1,0.10857110646024938,0,Low Poverty (Wealthy)
119021,1,1,3,0.0,1,0,0,0.10857110646024938,0,Low Poverty (Wealthy)
119022,1,0,1,0.0,1,0,0,-0.03749458141777837,2,High Poverty (Poorest)
119023,1,0,0,0.0,1,1,1,0.006325124945629954,2,High Poverty (Poorest)
119025,1,0,1,0.0,1,0,0,-0.03749458141777837,2,High Poverty (Poorest)
119026,1,1,1,0.0,1,0,0,0.02093169373343273,1,Medium Poverty
119027,1,0,0,0.0,1,0,1,-0.05210115020558115,2,High Poverty (Poorest)
119028,1,1,3,0.0,1,0,0,0.10857110646024938,0,Low Poverty (Wealthy)
119029,1,1,2,0.0,1,1,1,0.1523908128236577,0,Low Poverty (Wealthy)
119030,1,0,1,0.0,1,1,1,0.05014483130903828,1,Medium Poverty
119031,1,1,2,0.0,1,0,0,0.06475140009684106,1,Medium Poverty
119032,1,1,2,0.0,1,1,0,0.12317767524805216,0,Low Poverty (Wealthy)
119033,1,1,3,0.0,1,0,1,0.13778424403585493,0,Low Poverty (Wealthy)
119034,1,1,3,0.0,1,1,1,0.19621051918706603,0,Low Poverty (Wealthy)
119035,1,1,1,0.0,1,1,1,0.10857110646024938,0,Low Poverty (Wealthy)
119036,1,1,2,0.0,1,0,1,0.09396453767244661,0,Low Poverty (Wealthy)
119037,1,1,2,0.0,1,1,1,0.1523908128236577,0,Low Poverty (Wealthy)
119038,1,1,2,0.0,1,0,0,0.06475140009684106,1,Medium Poverty
119040,1,0,0,0.0,1,0,0,-0.0813142877811867,2,High Poverty (Poorest)
119041,1,1,0,0.0,1,1,0,0.03553826252123551,1,Medium Poverty
119043,1,0,1,0.0,1,1,0,0.02093169373343273,1,Medium Poverty
119044,1,1,1,0.0,1,1,1,0.10857110646024938,0,Low Poverty (Wealthy)
119045,1,1,0,0.0,1,1,1,0.06475140009684106,1,Medium Poverty
119046,1,1,2,0.0,1,0,0,0.06475140009684106,1,Medium Poverty
119047,1,1,0,0.0,1,0,1,0.006325124945629954,2,High Poverty (Poorest)
119048,1,1,2,0.0,1,1,0,0.12317767524805216,0,Low Poverty (Wealthy)
119049,1,1,1,0.0,1,0,1,0.05014483130903828,1,Medium Poverty
119050,1,0,3,0.0,1,1,1,0.13778424403585493,0,Low Poverty (Wealthy)
119052,1,0,1,0.0,1,0,1,-0.008281443842172822,2,High Poverty (Poorest)
119053,1,1,0,0.0,1,1,1,0.06475140009684106,1,Medium Poverty
119054,1,0,2,0.0,1,0,0,0.006325124945629954,2,High Poverty (Poorest)
119057,8,1,2,0.0,1,1,1,0.05014483130903828,1,Medium Poverty
119058,1,0,3,0.0,1,0,1,0.07935796888464383,0,Low Poverty (Wealthy)
120001,1,1,1,0.0,1,1,1,0.10857110646024938,0,Low Poverty (Wealthy)
120002,1,1,1,0.0,1,0,1,0.05014483130903828,1,Medium Poverty
120003,1,1,3,0.0,1,0,1,0.13778424403585493,0,Low Poverty (Wealthy)
120004,1,0,0,0.0,1,1,1,0.006325124945629954,2,High Poverty (Poorest)
120005,1,1,2,0.0,1,1,1,0.1523908128236577,0,Low Poverty (Wealthy)
120006,1,1,1,0.0,1,1,0,0.07935796888464383,0,Low Poverty (Wealthy)
120007,1,1,0,0.0,1,0,1,0.006325124945629954,2,High Poverty (Poorest)
120010,3,1,1,0.0,1,0,1,0.02093169373343273,1,Medium Poverty
120041,2,1,1,0.0,1,0,1,0.03553826252123551,1,Medium Poverty
120042,1,0,2,0.0,1,0,0,0.006325124945629954,2,High Poverty (Poorest)
120043,1,1,3,0.0,1,1,1,0.19621051918706603,0,Low Poverty (Wealthy)
120044,1,1,1,0.0,1,0,0,0.02093169373343273,1,Medium Poverty
120045,1,0,2,0.0,1,0,1,0.03553826252123551,1,Medium Poverty
120046,2,1,0,0.0,1,0,1,-0.008281443842172822,2,High Poverty (Poorest)
120047,2,0,1,0.0,1,0,1,-0.0228880126299756,2,High Poverty (Poorest)
120048,1,0,0,0.0,1,0,1,-0.05210115020558115,2,High Poverty (Poorest)
120049,2,0,3,0.0,1,0,0,0.03553826252123551,1,Medium Poverty
120050,1,1,2,0.0,1,0,0,0.06475140009684106,1,Medium Poverty
120052,1,1,2,0.0,1,0,1,0.09396453767244661,0,Low Poverty (Wealthy)
120053,1,1,2,0.0,1,1,0,0.12317767524805216,0,Low Poverty (Wealthy)
120054,1,1,2,0.0,1,0,1,0.09396453767244661,0,Low Poverty (Wealthy)
120055,7,0,3,0.0,1,0,0,-0.03749458141777837,2,High Poverty (Poorest)
120056,1,1,2,0.0,1,1,1,0.1523908128236577,0,Low Poverty (Wealthy)
120057,1,1,3,0.0,1,1,1,0.19621051918706603,0,Low Poverty (Wealthy)
120058,1,0,1,0.0,1,1,0,0.02093169373343273,1,Medium Poverty
120059,1,1,0,0.0,1,1,0,0.03553826252123551,1,Medium Poverty
120060,1,0,1,0.0,1,0,1,-0.008281443842172822,2,High Poverty (Poorest)
120091,1,1,0,0.0,1,1,1,0.06475140009684106,1,Medium Poverty
120092,1,1,2,0.0,1,0,1,0.09396453767244661,0,Low Poverty (Wealthy)
120093,1,0,1,0.0,1,0,1,-0.008281443842172822,2,High Poverty (Poorest)
120094,1,0,2,0.0,1,1,1,0.09396453767244661,0,Low Poverty (Wealthy)
120096,1,1,0,0.0,1,0,0,-0.0228880126299756,2,High Poverty (Poorest)
120099,1,1,0,0.0,1,1,1,0.06475140009684106,1,Medium Poverty
120100,1,0,1,0.0,1,1,0,0.02093169373343273,1,Medium Poverty
129001,1,1,3,0.0,1,0,0,0.10857110646024938,0,Low Poverty (Wealthy)
129002,1,0,1,0.0,1,1,1,0.05014483130903828,1,Medium Poverty
129003,1,1,1,0.0,1,0,0,0.02093169373343273,1,Medium Poverty
129005,1,1,2,0.0,1,0,0,0.06475140009684106,1,Medium Poverty
129006,1,0,2,0.0,1,1,0,0.06475140009684106,1,Medium Poverty
129007,1,0,1,0.0,1,0,1,-0.008281443842172822,2,High Poverty (Poorest)
129009,1,0,1,0.0,1,1,1,0.05014483130903828,1,Medium Poverty
129010,1,0,1,0.0,1,0,1,-0.008281443842172822,2,High Poverty (Poorest)
129011,1,0,3,0.0,1,0,1,0.07935796888464383,0,Low Poverty (Wealthy)
129012,1,1,0,0.0,1,1,1,0.06475140009684106,1,Medium Poverty
129014,1,0,1,0.0,1,0,0,-0.03749458141777837,2,High Poverty (Poorest)
129015,1,1,0,0.0,1,0,1,0.006325124945629954,2,High Poverty (Poorest)
129016,8,1,1,0.0,1,0,0,-0.0813142877811867,2,High Poverty (Poorest)
129017,1,1,2,0.0,1,1,0,0.12317767524805216,0,Low Poverty (Wealthy)
129020,1,1,1,0.0,1,0,0,0.02093169373343273,1,Medium Poverty
129021,1,0,0,0.0,1,1,1,0.006325124945629954,2,High Poverty (Poorest)
129022,1,1,1,0.0,1,0,0,0.02093169373343273,1,Medium Poverty
129023,1,1,0,0.0,1,1,0,0.03553826252123551,1,Medium Poverty
129024,1,1,0,0.0,1,1,0,0.03553826252123551,1,Medium Poverty
129025,1,0,2,0.0,1,0,0,0.006325124945629954,2,High Poverty (Poorest)
129026,1,1,2,0.0,1,0,1,0.09396453767244661,0,Low Poverty (Wealthy)
129027,1,1,3,0.0,1,1,1,0.19621051918706603,0,Low Poverty (Wealthy)
129028,1,0,3,0.0,1,1,1,0.13778424403585493,0,Low Poverty (Wealthy)
129029,1,1,2,0.0,1,0,0,0.06475140009684106,1,Medium Poverty
129030,1,1,0,0.0,1,1,0,0.03553826252123551,1,Medium Poverty
129031,1,1,2,0.0,1,1,1,0.1523908128236577,0,Low Poverty (Wealthy)
129032,1,1,2,0.0,1,1,0,0.12317767524805216,0,Low Poverty (Wealthy)
129033,1,1,2,0.0,1,1,1,0.1523908128236577,0,Low Poverty (Wealthy)
129034,1,0,1,0.0,1,0,0,-0.03749458141777837,2,High Poverty (Poorest)
129038,1,1,1,0.0,1,1,1,0.10857110646024938,0,Low Poverty (Wealthy)
129039,1,1,2,0.0,1,0,0,0.06475140009684106,1,Medium Poverty
129040,1,0,2,0.0,1,0,1,0.03553826252123551,1,Medium Poverty
129041,1,0,3,0.0,1,0,1,0.07935796888464383,0,Low Poverty (Wealthy)
129042,1,1,0,0.0,1,0,1,0.006325124945629954,2,High Poverty (Poorest)
129043,1,0,1,0.0,1,0,0,-0.03749458141777837,2,High Poverty (Poorest)
129044,1,1,1,0.0,1,0,1,0.05014483130903828,1,Medium Poverty
129046,1,0,2,0.0,1,0,1,0.03553826252123551,1,Medium Poverty
129047,1,0,0,0.0,1,1,0,-0.0228880126299756,2,High Poverty (Poorest)
129048,1,0,0,0.0,1,0,0,-0.0813142877811867,2,High Poverty (Poorest)
129050,1,1,3,0.0,1,0,1,0.13778424403585493,0,Low Poverty (Wealthy)
129051,1,1,0,0.0,1,0,0,-0.0228880126299756,2,High Poverty (Poorest)
129052,1,1,2,0.0,1,0,1,0.09396453767244661,0,Low Poverty (Wealthy)
129053,1,1,1,0.0,1,0,0,0.02093169373343273,1,Medium Poverty
129054,1,0,2,0.0,1,0,1,0.03553826252123551,1,Medium Poverty
129055,2,1,2,0.0,1,1,0,0.10857110646024938,0,Low Poverty (Wealthy)
129056,1,1,3,0.0,1,1,1,0.19621051918706603,0,Low Poverty (Wealthy)
129057,1,1,3,0.0,1,1,0,0.1669973816114605,0,Low Poverty (Wealthy)
129059,1,0,0,0.0,1,0,0,-0.0813142877811867,2,High Poverty (Poorest)
129060,1,1,0,0.0,1,0,0,-0.0228880126299756,2,High Poverty (Poorest)
129061,1,0,1,0.0,1,0,1,-0.008281443842172822,2,High Poverty (Poorest)
129062,1,0,2,0.0,1,1,0,0.06475140009684106,1,Medium Poverty
129063,1,1,3,0.0,1,0,1,0.13778424403585493,0,Low Poverty (Wealthy)
129064,1,1,1,0.0,1,0,0,0.02093169373343273,1,Medium Poverty
129067,1,1,2,0.0,1,0,0,0.06475140009684106,1,Medium Poverty
129068,1,1,0,0.0,1,0,1,0.006325124945629954,2,High Poverty (Poorest)
129069,1,1,2,0.0,1,1,1,0.1523908128236577,0,Low Poverty (Wealthy)
129070,2,1,3,0.0,1,1,1,0.18160395039926328,0,Low Poverty (Wealthy)
129072,1,1,1,0.0,1,1,1,0.10857110646024938,0,Low Poverty (Wealthy)
129073,1,1,1,0.0,1,0,1,0.05014483130903828,1,Medium Poverty
129074,1,1,0,0.0,1,1,1,0.06475140009684106,1,Medium Poverty
129076,1,0,2,0.0,1,1,1,0.09396453767244661,0,Low Poverty (Wealthy)
129077,1,1,1,0.0,1,1,0,0.07935796888464383,0,Low Poverty (Wealthy)
129079,1,1,0,0.0,1,0,1,0.006325124945629954,2,High Poverty (Poorest)
129080,2,0,1,0.0,1,0,1,-0.0228880126299756,2,High Poverty (Poorest)
129081,2,1,1,0.0,1,1,1,0.09396453767244661,0,Low Poverty (Wealthy)
129083,1,0,1,0.0,1,0,0,-0.03749458141777837,2,High Poverty (Poorest)
129084,1,1,2,0.0,1,1,0,0.12317767524805216,0,Low Poverty (Wealthy)
129086,1,1,0,0.0,1,1,1,0.06475140009684106,1,Medium Poverty
129087,1,1,2,0.0,1,0,0,0.06475140009684106,1,Medium Poverty
129088,1,1,2,0.0,1,0,1,0.09396453767244661,0,Low Poverty (Wealthy)
129089,1,1,1,0.0,1,0,0,0.02093169373343273,1,Medium Poverty
129090,1,1,0,0.0,1,1,1,0.06475140009684106,1,Medium Poverty
129091,1,1,2,0.0,1,1,0,0.12317767524805216,0,Low Poverty (Wealthy)
129092,1,0,3,0.0,1,0,1,0.07935796888464383,0,Low Poverty (Wealthy)
129094,1,1,1,0.0,1,0,0,0.02093169373343273,1,Medium Poverty
129095,1,0,1,0.0,1,0,1,-0.008281443842172822,2,High Poverty (Poorest)
129096,1,1,0,0.0,1,1,1,0.06475140009684106,1,Medium Poverty
129098,1,1,2,0.0,1,0,0,0.06475140009684106,1,Medium Poverty
129099,1,1,0,0.0,1,0,1,0.006325124945629954,2,High Poverty (Poorest)
129101,1,0,1,0.0,1,1,0,0.02093169373343273,1,Medium Poverty
129104,1,0,2,0.0,1,0,0,0.006325124945629954,2,High Poverty (Poorest)
129106,1,1,2,0.0,1,0,1,0.09396453767244661,0,Low Poverty (Wealthy)
129109,1,0,1,0.0,1,0,1,-0.008281443842172822,2,High Poverty (Poorest)
129110,1,0,1,0.0,1,0,0,-0.03749458141777837,2,High Poverty (Poorest)
129111,1,0,2,0.0,1,0,0,0.006325124945629954,2,High Poverty (Poorest)
129112,1,1,0,0.0,1,1,0,0.03553826252123551,1,Medium Poverty
129113,1,1,0,0.0,1,1,1,0.06475140009684106,1,Medium Poverty
129114,1,1,3,0.0,1,1,0,0.1669973816114605,0,Low Poverty (Wealthy)
129116,1,0,0,0.0,1,1,1,0.006325124945629954,2,High Poverty (Poorest)
129117,1,0,2,0.0,1,0,1,0.03553826252123551,1,Medium Poverty
129122,2,1,3,0.0,1,0,0,0.09396453767244661,0,Low Poverty (Wealthy)
129123,2,1,1,0.0,1,0,0,0.006325124945629954,2,High Poverty (Poorest)
129124,1,0,1,0.0,1,1,1,0.05014483130903828,1,Medium Poverty
129127,1,0,2,0.0,1,1,0,0.06475140009684106,1,Medium Poverty
129128,1,0,3,0.0,1,0,0,0.05014483130903828,1,Medium Poverty
129129,1,1,3,0.0,1,0,0,0.10857110646024938,0,Low Poverty (Wealthy)
129131,1,1,2,0.0,1,0,1,0.09396453767244661,0,Low Poverty (Wealthy)
129132,1,0,0,0.0,1,0,1,-0.05210115020558115,2,High Poverty (Poorest)
129134,1,0,2,0.0,1,1,0,0.06475140009684106,1,Medium Poverty
129135,1,0,1,0.0,1,0,0,-0.03749458141777837,2,High Poverty (Poorest)
129136,1,1,1,0.0,1,1,1,0.10857110646024938,0,Low Poverty (Wealthy)
129137,1,0,0,0.0,1,0,1,-0.05210115020558115,2,High Poverty (Poorest)
129139,1,1,0,0.0,1,1,1,0.06475140009684106,1,Medium Poverty
129141,1,1,2,0.0,1,1,1,0.1523908128236577,0,Low Poverty (Wealthy)
129142,1,1,1,0.0,1,1,1,0.10857110646024938,0,Low Poverty (Wealthy)
129143,1,0,1,0.0,1,0,1,-0.008281443842172822,2,High Poverty (Poorest)
129145,1,0,1,0.0,1,0,0,-0.03749458141777837,2,High Poverty (Poorest)
129146,1,1,3,0.0,1,0,0,0.10857110646024938,0,Low Poverty (Wealthy)
129147,1,1,2,0.0,1,0,1,0.09396453767244661,0,Low Poverty (Wealthy)
129148,1,1,1,0.0,1,1,1,0.10857110646024938,0,Low Poverty (Wealthy)
129152,1,1,0,0.0,1,1,1,0.06475140009684106,1,Medium Poverty
129153,1,0,1,0.0,1,0,0,-0.03749458141777837,2,High Poverty (Poorest)
129154,1,1,3,0.0,1,0,1,0.13778424403585493,0,Low Poverty (Wealthy)
129156,1,1,2,0.0,1,0,1,0.09396453767244661,0,Low Poverty (Wealthy)
129168,1,0,1,0.0,1,1,0,0.02093169373343273,1,Medium Poverty
129170,2,1,2,0.0,1,1,1,0.13778424403585493,0,Low Poverty (Wealthy)
129173,1,1,1,0.0,1,0,1,0.05014483130903828,1,Medium Poverty
129174,1,1,2,0.0,1,0,1,0.09396453767244661,0,Low Poverty (Wealthy)
129176,1,1,1,0.0,1,1,1,0.10857110646024938,0,Low Poverty (Wealthy)
129180,1,1,0,0.0,1,1,1,0.06475140009684106,1,Medium Poverty
129182,1,1,0,0.0,1,0,1,0.006325124945629954,2,High Poverty (Poorest)
130021,1,0,1,0.0,1,1,0,0.02093169373343273,1,Medium Poverty
130023,1,0,3,0.0,1,1,0,0.10857110646024938,0,Low Poverty (Wealthy)
130024,1,1,1,0.0,1,0,1,0.05014483130903828,1,Medium Poverty
130025,1,0,3,0.0,1,0,1,0.07935796888464383,0,Low Poverty (Wealthy)
130026,1,1,2,0.0,1,0,1,0.09396453767244661,0,Low Poverty (Wealthy)
130027,1,1,1,0.0,1,0,1,0.05014483130903828,1,Medium Poverty
130029,1,1,0,0.0,1,0,0,-0.0228880126299756,2,High Poverty (Poorest)
130030,1,1,0,0.0,1,0,1,0.006325124945629954,2,High Poverty (Poorest)
130032,1,1,2,0.0,1,0,0,0.06475140009684106,1,Medium Poverty
130033,1,0,0,0.0,1,0,1,-0.05210115020558115,2,High Poverty (Poorest)
130034,1,0,1,0.0,1,0,1,-0.008281443842172822,2,High Poverty (Poorest)
130035,1,0,1,0.0,1,0,1,-0.008281443842172822,2,High Poverty (Poorest)
130036,1,1,2,0.0,1,1,0,0.12317767524805216,0,Low Poverty (Wealthy)
130038,1,1,0,0.0,1,1,0,0.03553826252123551,1,Medium Poverty
130039,1,0,1,0.0,1,0,1,-0.008281443842172822,2,High Poverty (Poorest)
130040,3,1,1,0.0,1,0,1,0.02093169373343273,1,Medium Poverty
130051,1,1,1,0.0,1,1,1,0.10857110646024938,0,Low Poverty (Wealthy)
130052,1,1,2,0.0,1,0,0,0.06475140009684106,1,Medium Poverty
130053,4,1,0,0.0,1,1,1,0.02093169373343273,1,Medium Poverty
130054,1,0,2,0.0,1,0,1,0.03553826252123551,1,Medium Poverty
130055,1,1,2,0.0,1,1,0,0.12317767524805216,0,Low Poverty (Wealthy)
130056,1,1,2,0.0,1,0,1,0.09396453767244661,0,Low Poverty (Wealthy)
130057,1,1,2,0.0,1,1,0,0.12317767524805216,0,Low Poverty (Wealthy)
130059,1,1,1,0.0,1,1,1,0.10857110646024938,0,Low Poverty (Wealthy)
130060,1,1,0,0.0,1,1,1,0.06475140009684106,1,Medium Poverty
139002,1,1,2,0.0,1,1,1,0.1523908128236577,0,Low Poverty (Wealthy)
139005,1,0,1,0.0,1,0,1,-0.008281443842172822,2,High Poverty (Poorest)
139007,1,1,2,0.0,1,0,1,0.09396453767244661,0,Low Poverty (Wealthy)
139008,1,1,1,0.0,1,0,0,0.02093169373343273,1,Medium Poverty
139009,1,1,3,0.0,1,0,1,0.13778424403585493,0,Low Poverty (Wealthy)
139010,1,0,2,0.0,1,0,1,0.03553826252123551,1,Medium Poverty
139011,1,0,0,0.0,1,1,0,-0.0228880126299756,2,High Poverty (Poorest)
139012,1,0,1,0.0,1,1,0,0.02093169373343273,1,Medium Poverty
139013,1,1,2,0.0,1,0,1,0.09396453767244661,0,Low Poverty (Wealthy)
139015,1,1,2,0.0,1,0,0,0.06475140009684106,1,Medium Poverty
139016,1,0,1,0.0,1,0,0,-0.03749458141777837,2,High Poverty (Poorest)
139018,1,1,3,0.0,1,1,1,0.19621051918706603,0,Low Poverty (Wealthy)
139020,1,1,1,0.0,1,0,0,0.02093169373343273,1,Medium Poverty
139021,1,1,1,0.0,1,1,1,0.10857110646024938,0,Low Poverty (Wealthy)
139022,1,1,3,0.0,1,1,0,0.1669973816114605,0,Low Poverty (Wealthy)
139023,1,1,3,0.0,1,1,1,0.19621051918706603,0,Low Poverty (Wealthy)
139024,1,1,2,0.0,1,0,1,0.09396453767244661,0,Low Poverty (Wealthy)
139025,1,0,3,0.0,1,0,1,0.07935796888464383,0,Low Poverty (Wealthy)
139026,1,1,0,0.0,1,1,0,0.03553826252123551,1,Medium Poverty
139027,1,1,3,0.0,1,1,1,0.19621051918706603,0,Low Poverty (Wealthy)
139029,1,1,1,0.0,1,1,1,0.10857110646024938,0,Low Poverty (Wealthy)
139030,1,1,0,0.0,1,0,1,0.006325124945629954,2,High Poverty (Poorest)
139031,1,1,1,0.0,1,1,0,0.07935796888464383,0,Low Poverty (Wealthy)
139032,1,0,1,0.0,1,0,0,-0.03749458141777837,2,High Poverty (Poorest)
139033,1,1,1,0.0,1,1,1,0.10857110646024938,0,Low Poverty (Wealthy)
139034,1,0,1,0.0,1,1,0,0.02093169373343273,1,Medium Poverty
139035,1,0,0,0.0,1,1,1,0.006325124945629954,2,High Poverty (Poorest)
139036,1,1,1,0.0,1,1,0,0.07935796888464383,0,Low Poverty (Wealthy)
139037,1,1,2,0.0,1,0,1,0.09396453767244661,0,Low Poverty (Wealthy)
139038,1,0,1,0.0,1,1,1,0.05014483130903828,1,Medium Poverty
139039,1,1,1,0.0,1,1,1,0.10857110646024938,0,Low Poverty (Wealthy)
139041,1,1,2,0.0,1,0,1,0.09396453767244661,0,Low Poverty (Wealthy)
139042,1,0,3,0.0,1,1,1,0.13778424403585493,0,Low Poverty (Wealthy)
139043,1,1,2,0.0,1,0,1,0.09396453767244661,0,Low Poverty (Wealthy)
139044,1,1,1,0.0,1,1,1,0.10857110646024938,0,Low Poverty (Wealthy)
139046,1,1,2,0.0,1,0,1,0.09396453767244661,0,Low Poverty (Wealthy)
139047,1,0,0,0.0,1,1,1,0.006325124945629954,2,High Poverty (Poorest)
139048,1,1,0,0.0,1,0,0,-0.0228880126299756,2,High Poverty (Poorest)
139049,1,1,1,0.0,1,0,1,0.05014483130903828,1,Medium Poverty
139050,1,1,2,0.0,1,0,0,0.06475140009684106,1,Medium Poverty
139052,1,0,1,0.0,1,0,1,-0.008281443842172822,2,High Poverty (Poorest)
139053,1,1,0,0.0,1,1,1,0.06475140009684106,1,Medium Poverty
139054,1,0,0,0.0,1,0,1,-0.05210115020558115,2,High Poverty (Poorest)
139055,1,1,3,0.0,1,1,1,0.19621051918706603,0,Low Poverty (Wealthy)
139057,1,0,2,0.0,1,1,1,0.09396453767244661,0,Low Poverty (Wealthy)
139058,1,1,1,0.0,1,1,0,0.07935796888464383,0,Low Poverty (Wealthy)
139059,1,1,2,0.0,1,1,1,0.1523908128236577,0,Low Poverty (Wealthy)
139062,1,0,1,0.0,1,0,0,-0.03749458141777837,2,High Poverty (Poorest)
139063,1,0,2,0.0,1,0,1,0.03553826252123551,1,Medium Poverty
139064,1,0,1,0.0,1,0,0,-0.03749458141777837,2,High Poverty (Poorest)
139067,1,1,3,0.0,1,0,0,0.10857110646024938,0,Low Poverty (Wealthy)
139068,1,1,1,0.0,1,1,1,0.10857110646024938,0,Low Poverty (Wealthy)
139070,1301,1,2,0.0,1,0,0,-18.923788024046765,2,High Poverty (Poorest)
139071,1,1,0,0.0,1,1,1,0.06475140009684106,1,Medium Poverty
139072,1,1,1,0.0,1,0,0,0.02093169373343273,1,Medium Poverty
139074,1,1,1,0.0,1,1,1,0.10857110646024938,0,Low Poverty (Wealthy)
139075,2,1,1,0.0,1,0,1,0.03553826252123551,1,Medium Poverty
139076,1,1,0,0.0,1,0,0,-0.0228880126299756,2,High Poverty (Poorest)
139078,1,1,2,0.0,1,1,0,0.12317767524805216,0,Low Poverty (Wealthy)
139079,1,1,1,0.0,1,0,1,0.05014483130903828,1,Medium Poverty
139080,1,0,2,0.0,1,1,0,0.06475140009684106,1,Medium Poverty
139082,1,1,2,0.0,1,0,1,0.09396453767244661,0,Low Poverty (Wealthy)
139083,1,1,2,0.0,1,0,0,0.06475140009684106,1,Medium Poverty
139084,1,1,2,0.0,1,1,0,0.12317767524805216,0,Low Poverty (Wealthy)
139085,1,0,2,0.0,1,0,1,0.03553826252123551,1,Medium Poverty
139086,1,1,1,0.0,1,1,0,0.07935796888464383,0,Low Poverty (Wealthy)
139087,1,1,2,0.0,1,0,1,0.09396453767244661,0,Low Poverty (Wealthy)
139089,1,1,1,0.0,1,1,0,0.07935796888464383,0,Low Poverty (Wealthy)
139090,1,0,2,0.0,1,0,0,0.006325124945629954,2,High Poverty (Poorest)
139092,3,1,2,0.0,1,0,1,0.06475140009684106,1,Medium Poverty
139094,1,1,1,0.0,1,0,1,0.05014483130903828,1,Medium Poverty
139095,1,1,1,0.0,1,0,1,0.05014483130903828,1,Medium Poverty
139096,1,1,1,0.0,1,0,0,0.02093169373343273,1,Medium Poverty
139098,1,1,2,0.0,1,1,1,0.1523908128236577,0,Low Poverty (Wealthy)
139099,1,1,3,0.0,1,1,1,0.19621051918706603,0,Low Poverty (Wealthy)
139102,1,0,1,0.0,1,0,0,-0.03749458141777837,2,High Poverty (Poorest)
139103,1,1,2,0.0,1,0,1,0.09396453767244661,0,Low Poverty (Wealthy)
139104,1,1,3,0.0,1,0,1,0.13778424403585493,0,Low Poverty (Wealthy)
139105,1,0,0,0.0,1,0,0,-0.0813142877811867,2,High Poverty (Poorest)
139106,1,0,1,0.0,1,0,1,-0.008281443842172822,2,High Poverty (Poorest)
139107,1,0,2,0.0,1,0,1,0.03553826252123551,1,Medium Poverty
139108,1,1,2,0.0,1,1,0,0.12317767524805216,0,Low Poverty (Wealthy)
139109,1,1,3,0.0,1,1,1,0.19621051918706603,0,Low Poverty (Wealthy)
139111,1,1,1,0.0,1,0,0,0.02093169373343273,1,Medium Poverty
139112,1,1,0,0.0,1,0,1,0.006325124945629954,2,High Poverty (Poorest)
139113,2,1,1,0.0,1,1,1,0.09396453767244661,0,Low Poverty (Wealthy)
139114,1,0,1,0.0,1,0,1,-0.008281443842172822,2,High Poverty (Poorest)
139115,1,0,1,0.0,1,1,1,0.05014483130903828,1,Medium Poverty
139116,1,1,2,0.0,1,1,0,0.12317767524805216,0,Low Poverty (Wealthy)
139119,1,0,0,0.0,1,0,1,-0.05210115020558115,2,High Poverty (Poorest)
139120,1,0,2,0.0,1,0,1,0.03553826252123551,1,Medium Poverty
139121,1,1,1,0.0,1,1,1,0.10857110646024938,0,Low Poverty (Wealthy)
139123,1,1,2,0.0,1,1,1,0.1523908128236577,0,Low Poverty (Wealthy)
139124,1,1,0,0.0,1,0,0,-0.0228880126299756,2,High Poverty (Poorest)
139125,1,1,1,0.0,1,1,0,0.07935796888464383,0,Low Poverty (Wealthy)
139130,301,1,0,0.0,1,0,0,-4.404858648970809,2,High Poverty (Poorest)
139134,1,1,3,0.0,1,0,1,0.13778424403585493,0,Low Poverty (Wealthy)
139144,1,1,2,0.0,1,1,0,0.12317767524805216,0,Low Poverty (Wealthy)
139145,1,1,1,0.0,1,1,1,0.10857110646024938,0,Low Poverty (Wealthy)
139146,2,0,1,0.0,1,1,1,0.03553826252123551,1,Medium Poverty
139148,1,1,3,0.0,1,1,0,0.1669973816114605,0,Low Poverty (Wealthy)
139149,1,1,1,0.0,1,0,1,0.05014483130903828,1,Medium Poverty
139150,1,1,0,0.0,1,0,1,0.006325124945629954,2,High Poverty (Poorest)
139151,1,1,2,0.0,1,0,1,0.09396453767244661,0,Low Poverty (Wealthy)
139152,1,1,3,0.0,1,0,0,0.10857110646024938,0,Low Poverty (Wealthy)
139153,2,0,0,0.0,1,1,0,-0.03749458141777837,2,High Poverty (Poorest)
139155,1,1,1,0.0,1,0,0,0.02093169373343273,1,Medium Poverty
139156,1,0,3,0.0,1,1,0,0.10857110646024938,0,Low Poverty (Wealthy)
140001,2,0,0,0.0,1,1,1,-0.008281443842172822,2,High Poverty (Poorest)
140003,2,0,0,0.0,1,0,1,-0.06670771899338393,2,High Poverty (Poorest)
140004,1,1,2,0.0,1,0,0,0.06475140009684106,1,Medium Poverty
140006,2,0,3,0.0,1,1,1,0.12317767524805216,0,Low Poverty (Wealthy)
140007,1,1,1,0.0,1,1,1,0.10857110646024938,0,Low Poverty (Wealthy)
140009,1,0,3,0.0,1,1,0,0.10857110646024938,0,Low Poverty (Wealthy)
140010,1,1,2,0.0,1,0,0,0.06475140009684106,1,Medium Poverty
140021,4,0,0,0.0,1,0,1,-0.09592085656898948,2,High Poverty (Poorest)
140022,2,1,3,0.0,1,0,1,0.12317767524805216,0,Low Poverty (Wealthy)
140023,1,1,1,0.0,1,0,1,0.05014483130903828,1,Medium Poverty
140024,2,1,1,0.0,1,1,0,0.06475140009684106,1,Medium Poverty
140025,1,0,2,0.0,1,1,0,0.06475140009684106,1,Medium Poverty
140026,2,1,1,0.0,1,0,0,0.006325124945629954,2,High Poverty (Poorest)
140027,1,1,0,0.0,1,0,1,0.006325124945629954,2,High Poverty (Poorest)
140030,1,1,0,0.0,1,0,1,0.006325124945629954,2,High Poverty (Poorest)
140062,1,0,1,0.0,1,1,0,0.02093169373343273,1,Medium Poverty
140063,1,0,2,0.0,1,0,1,0.03553826252123551,1,Medium Poverty
140065,1,1,2,0.0,1,1,1,0.1523908128236577,0,Low Poverty (Wealthy)
140066,1,1,3,0.0,1,0,1,0.13778424403585493,0,Low Poverty (Wealthy)
140067,2,1,1,0.0,1,1,1,0.09396453767244661,0,Low Poverty (Wealthy)
140068,2,1,1,0.0,1,0,0,0.006325124945629954,2,High Poverty (Poorest)
140069,1,1,0,0.0,1,0,1,0.006325124945629954,2,High Poverty (Poorest)
140070,2,0,0,0.0,1,1,0,-0.03749458141777837,2,High Poverty (Poorest)
140072,1,1,1,0.0,1,0,0,0.02093169373343273,1,Medium Poverty
140073,2,0,2,0.0,1,0,1,0.02093169373343273,1,Medium Poverty
140074,1,1,3,0.0,1,0,1,0.13778424403585493,0,Low Poverty (Wealthy)
140075,2,1,3,0.0,1,0,1,0.12317767524805216,0,Low Poverty (Wealthy)
140076,1,1,1,0.0,1,0,1,0.05014483130903828,1,Medium Poverty
140078,1,0,3,0.0,1,1,1,0.13778424403585493,0,Low Poverty (Wealthy)
140079,1,0,1,0.0,1,1,1,0.05014483130903828,1,Medium Poverty
140080,1,0,0,0.0,1,0,0,-0.0813142877811867,2,High Poverty (Poorest)
140082,1,0,3,0.0,1,0,1,0.07935796888464383,0,Low Poverty (Wealthy)
140083,1,0,2,0.0,1,0,1,0.03553826252123551,1,Medium Poverty
140084,2,1,0,0.0,1,0,1,-0.008281443842172822,2,High Poverty (Poorest)
140085,1,0,1,0.0,1,0,1,-0.008281443842172822,2,High Poverty (Poorest)
140086,2,0,1,0.0,1,1,1,0.03553826252123551,1,Medium Poverty
140087,1,1,2,0.0,1,0,1,0.09396453767244661,0,Low Poverty (Wealthy)
140089,1,1,1,0.0,1,0,1,0.05014483130903828,1,Medium Poverty
140090,1,1,3,0.0,1,1,1,0.19621051918706603,0,Low Poverty (Wealthy)
140121,3,0,0,0.0,1,1,0,-0.05210115020558115,2,High Poverty (Poorest)
140122,1,1,1,0.0,1,1,1,0.10857110646024938,0,Low Poverty (Wealthy)
140123,1,0,1,0.0,1,1,1,0.05014483130903828,1,Medium Poverty
140124,1,0,1,0.0,1,1,1,0.05014483130903828,1,Medium Poverty
140125,2,1,1,0.0,1,0,1,0.03553826252123551,1,Medium Poverty
140126,1,0,2,0.0,1,0,1,0.03553826252123551,1,Medium Poverty
140127,1,1,3,0.0,1,0,1,0.13778424403585493,0,Low Poverty (Wealthy)
140128,2,1,3,0.0,1,1,1,0.18160395039926328,0,Low Poverty (Wealthy)
140129,4,0,2,0.0,1,1,0,0.02093169373343273,1,Medium Poverty
140130,1,1,3,0.0,1,0,1,0.13778424403585493,0,Low Poverty (Wealthy)
149001,1,0,2,0.0,1,1,1,0.09396453767244661,0,Low Poverty (Wealthy)
149002,1,1,2,0.0,1,1,0,0.12317767524805216,0,Low Poverty (Wealthy)
149003,1,1,1,0.0,1,1,1,0.10857110646024938,0,Low Poverty (Wealthy)
149004,1,1,1,0.0,1,1,1,0.10857110646024938,0,Low Poverty (Wealthy)
149005,1,1,1,0.0,1,1,1,0.10857110646024938,0,Low Poverty (Wealthy)
149006,1,0,1,0.0,1,0,0,-0.03749458141777837,2,High Poverty (Poorest)
149007,1,1,1,0.0,1,0,0,0.02093169373343273,1,Medium Poverty
149008,1,0,3,0.0,1,0,1,0.07935796888464383,0,Low Poverty (Wealthy)
149011,1,1,1,0.0,1,0,0,0.02093169373343273,1,Medium Poverty
149013,1,1,0,0.0,1,0,1,0.006325124945629954,2,High Poverty (Poorest)
149015,1,0,1,0.0,1,1,0,0.02093169373343273,1,Medium Poverty
149016,1,1,0,0.0,1,1,1,0.06475140009684106,1,Medium Poverty
149017,1,0,0,0.0,1,1,0,-0.0228880126299756,2,High Poverty (Poorest)
149018,1,1,1,0.0,1,0,0,0.02093169373343273,1,Medium Poverty
149019,1,1,1,0.0,1,0,1,0.05014483130903828,1,Medium Poverty
149020,1,1,1,0.0,1,0,0,0.02093169373343273,1,Medium Poverty
149021,1,1,2,0.0,1,0,1,0.09396453767244661,0,Low Poverty (Wealthy)
149022,1,0,2,0.0,1,0,1,0.03553826252123551,1,Medium Poverty
149023,1,0,1,0.0,1,0,1,-0.008281443842172822,2,High Poverty (Poorest)
149025,1,0,1,0.0,1,0,1,-0.008281443842172822,2,High Poverty (Poorest)
149026,1,0,1,0.0,1,1,0,0.02093169373343273,1,Medium Poverty
149028,1,0,2,0.0,1,0,0,0.006325124945629954,2,High Poverty (Poorest)
149029,1,1,0,0.0,1,1,1,0.06475140009684106,1,Medium Poverty
149030,1,1,0,0.0,1,0,1,0.006325124945629954,2,High Poverty (Poorest)
149031,1,1,2,0.0,1,1,1,0.1523908128236577,0,Low Poverty (Wealthy)
149032,1,0,1,0.0,1,0,1,-0.008281443842172822,2,High Poverty (Poorest)
149033,1,1,0,0.0,1,0,1,0.006325124945629954,2,High Poverty (Poorest)
149034,1,1,1,0.0,1,0,0,0.02093169373343273,1,Medium Poverty
149036,1,0,3,0.0,1,1,1,0.13778424403585493,0,Low Poverty (Wealthy)
149037,1,1,3,0.0,1,0,1,0.13778424403585493,0,Low Poverty (Wealthy)
149038,1,1,2,0.0,1,0,1,0.09396453767244661,0,Low Poverty (Wealthy)
149039,1,0,1,0.0,1,1,1,0.05014483130903828,1,Medium Poverty
149040,1,1,1,0.0,1,0,0,0.02093169373343273,1,Medium Poverty
149044,1,1,3,0.0,1,0,0,0.10857110646024938,0,Low Poverty (Wealthy)
149045,1,0,3,0.0,1,0,1,0.07935796888464383,0,Low Poverty (Wealthy)
149046,1,1,1,0.0,1,1,1,0.10857110646024938,0,Low Poverty (Wealthy)
149047,1,1,2,0.0,1,0,1,0.09396453767244661,0,Low Poverty (Wealthy)
149048,1,1,0,0.0,1,0,0,-0.0228880126299756,2,High Poverty (Poorest)
149049,2,1,1,0.0,1,0,0,0.006325124945629954,2,High Poverty (Poorest)
149051,1,1,2,0.0,1,0,1,0.09396453767244661,0,Low Poverty (Wealthy)
149052,1,1,1,0.0,1,1,0,0.07935796888464383,0,Low Poverty (Wealthy)
149053,1,1,3,0.0,1,0,1,0.13778424403585493,0,Low Poverty (Wealthy)
149054,1,0,0,0.0,1,0,1,-0.05210115020558115,2,High Poverty (Poorest)
149055,2,1,1,0.0,1,0,1,0.03553826252123551,1,Medium Poverty
149056,1,1,3,0.0,1,0,0,0.10857110646024938,0,Low Poverty (Wealthy)
149057,1,1,3,0.0,1,0,1,0.13778424403585493,0,Low Poverty (Wealthy)
149059,1,0,0,0.0,1,0,0,-0.0813142877811867,2,High Poverty (Poorest)
149060,1,1,1,0.0,1,0,0,0.02093169373343273,1,Medium Poverty
149061,1,0,2,0.0,1,1,0,0.06475140009684106,1,Medium Poverty
149062,1,0,0,0.0,1,0,0,-0.0813142877811867,2,High Poverty (Poorest)
149063,1,0,3,0.0,1,0,1,0.07935796888464383,0,Low Poverty (Wealthy)
149065,1,0,3,0.0,1,0,0,0.05014483130903828,1,Medium Poverty
149068,1,1,0,0.0,1,0,0,-0.0228880126299756,2,High Poverty (Poorest)
149070,1,1,0,0.0,1,1,1,0.06475140009684106,1,Medium Poverty
149072,1,0,0,0.0,1,0,0,-0.0813142877811867,2,High Poverty (Poorest)
149073,1,1,3,0.0,1,0,1,0.13778424403585493,0,Low Poverty (Wealthy)
149074,1,1,0,0.0,1,1,0,0.03553826252123551,1,Medium Poverty
149076,1,1,1,0.0,1,0,0,0.02093169373343273,1,Medium Poverty
149077,1,0,1,0.0,1,0,1,-0.008281443842172822,2,High Poverty (Poorest)
149078,1,1,2,0.0,1,0,0,0.06475140009684106,1,Medium Poverty
149079,1,1,0,0.0,1,0,1,0.006325124945629954,2,High Poverty (Poorest)
149080,1,1,1,0.0,1,1,0,0.07935796888464383,0,Low Poverty (Wealthy)
149082,1,0,3,0.0,1,0,0,0.05014483130903828,1,Medium Poverty
149083,1,0,3,0.0,1,0,0,0.05014483130903828,1,Medium Poverty
149084,1,1,2,0.0,1,0,0,0.06475140009684106,1,Medium Poverty
149085,1,1,0,0.0,1,0,0,-0.0228880126299756,2,High Poverty (Poorest)
149086,1,1,1,0.0,1,1,1,0.10857110646024938,0,Low Poverty (Wealthy)
149087,1,1,2,0.0,1,0,1,0.09396453767244661,0,Low Poverty (Wealthy)
149088,2,0,1,0.0,1,1,0,0.006325124945629954,2,High Poverty (Poorest)
149089,1,1,3,0.0,1,0,1,0.13778424403585493,0,Low Poverty (Wealthy)
149090,2,1,2,0.0,1,1,1,0.13778424403585493,0,Low Poverty (Wealthy)
149091,1,1,0,0.0,1,0,1,0.006325124945629954,2,High Poverty (Poorest)
149093,1,1,3,0.0,1,0,1,0.13778424403585493,0,Low Poverty (Wealthy)
149094,1,1,3,0.0,1,1,1,0.19621051918706603,0,Low Poverty (Wealthy)
149096,1,0,0,0.0,1,1,0,-0.0228880126299756,2,High Poverty (Poorest)
149097,2,1,1,0.0,1,0,0,0.006325124945629954,2,High Poverty (Poorest)
149098,1,0,1,0.0,1,0,1,-0.008281443842172822,2,High Poverty (Poorest)
149099,1,1,1,0.0,1,0,1,0.05014483130903828,1,Medium Poverty
149102,1,1,0,0.0,1,1,1,0.06475140009684106,1,Medium Poverty
149103,1,1,2,0.0,1,0,1,0.09396453767244661,0,Low Poverty (Wealthy)
149104,1,1,3,0.0,1,1,1,0.19621051918706603,0,Low Poverty (Wealthy)
149105,1,1,1,0.0,1,1,1,0.10857110646024938,0,Low Poverty (Wealthy)
149107,1,1,0,0.0,1,1,1,0.06475140009684106,1,Medium Poverty
149108,1,1,2,0.0,1,0,1,0.09396453767244661,0,Low Poverty (Wealthy)
149109,1,0,1,0.0,1,0,0,-0.03749458141777837,2,High Poverty (Poorest)
149110,2,1,3,0.0,1,1,0,0.1523908128236577,0,Low Poverty (Wealthy)
149111,1,1,1,0.0,1,1,0,0.07935796888464383,0,Low Poverty (Wealthy)
149112,1,0,0,0.0,1,1,1,0.006325124945629954,2,High Poverty (Poorest)
149114,1,1,0,0.0,1,0,0,-0.0228880126299756,2,High Poverty (Poorest)
149115,1,1,2,0.0,1,1,1,0.1523908128236577,0,Low Poverty (Wealthy)
149116,1,0,1,0.0,1,0,0,-0.03749458141777837,2,High Poverty (Poorest)
149119,1,1,2,0.0,1,0,1,0.09396453767244661,0,Low Poverty (Wealthy)
149120,1,0,1,0.0,1,1,0,0.02093169373343273,1,Medium Poverty
149122,1,0,1,0.0,1,0,0,-0.03749458141777837,2,High Poverty (Poorest)
149123,1,0,1,0.0,1,1,1,0.05014483130903828,1,Medium Poverty
149125,1,1,3,0.0,1,0,1,0.13778424403585493,0,Low Poverty (Wealthy)
149126,1,1,3,0.0,1,0,1,0.13778424403585493,0,Low Poverty (Wealthy)
149127,1,0,1,0.0,1,0,1,-0.008281443842172822,2,High Poverty (Poorest)
149128,1,1,1,0.0,1,0,0,0.02093169373343273,1,Medium Poverty
149129,1,1,0,0.0,1,0,0,-0.0228880126299756,2,High Poverty (Poorest)
149130,1,0,1,0.0,1,1,1,0.05014483130903828,1,Medium Poverty
149132,1,1,1,0.0,1,1,1,0.10857110646024938,0,Low Poverty (Wealthy)
149133,1,1,3,0.0,1,0,1,0.13778424403585493,0,Low Poverty (Wealthy)
149134,1,1,3,0.0,1,0,1,0.13778424403585493,0,Low Poverty (Wealthy)
149135,1,1,1,0.0,1,1,1,0.10857110646024938,0,Low Poverty (Wealthy)
149136,1,1,1,0.0,1,1,0,0.07935796888464383,0,Low Poverty (Wealthy)
149138,1,1,3,0.0,1,1,1,0.19621051918706603,0,Low Poverty (Wealthy)
149139,1,1,2,0.0,1,1,1,0.1523908128236577,0,Low Poverty (Wealthy)
149140,1,1,0,0.0,1,0,1,0.006325124945629954,2,High Poverty (Poorest)
149142,1,0,1,0.0,1,0,0,-0.03749458141777837,2,High Poverty (Poorest)
149143,1,1,1,0.0,1,0,0,0.02093169373343273,1,Medium Poverty
149155,1,1,1,0.0,1,0,0,0.02093169373343273,1,Medium Poverty
149156,1,0,0,0.0,1,1,0,-0.0228880126299756,2,High Poverty (Poorest)
149162,1,0,0,0.0,1,0,1,-0.05210115020558115,2,High Poverty (Poorest)
150001,1,1,2,0.0,1,1,0,0.12317767524805216,0,Low Poverty (Wealthy)
150002,1,1,1,0.0,1,1,0,0.07935796888464383,0,Low Poverty (Wealthy)
150003,1,1,0,0.0,1,1,0,0.03553826252123551,1,Medium Poverty
150004,1,1,1,0.0,1,1,1,0.10857110646024938,0,Low Poverty (Wealthy)
150005,1,0,2,0.0,1,0,1,0.03553826252123551,1,Medium Poverty
150007,1,1,3,0.0,1,1,0,0.1669973816114605,0,Low Poverty (Wealthy)
150008,1,0,1,0.0,1,0,0,-0.03749458141777837,2,High Poverty (Poorest)
150010,1,1,1,0.0,1,0,0,0.02093169373343273,1,Medium Poverty
150012,5,1,3,0.0,1,1,1,0.13778424403585493,0,Low Poverty (Wealthy)
150013,1,1,1,0.0,1,0,0,0.02093169373343273,1,Medium Poverty
150014,1,1,1,0.0,1,1,1,0.10857110646024938,0,Low Poverty (Wealthy)
150015,1,0,1,0.0,1,1,1,0.05014483130903828,1,Medium Poverty
150016,1,1,0,0.0,1,1,0,0.03553826252123551,1,Medium Poverty
150017,1,1,1,0.0,1,0,1,0.05014483130903828,1,Medium Poverty
150018,1,1,3,0.0,1,1,0,0.1669973816114605,0,Low Poverty (Wealthy)
150019,1,1,2,0.0,1,0,1,0.09396453767244661,0,Low Poverty (Wealthy)
150020,1,1,1,0.0,1,1,0,0.07935796888464383,0,Low Poverty (Wealthy)
150021,1,1,3,0.0,1,0,1,0.13778424403585493,0,Low Poverty (Wealthy)
150022,1,0,0,0.0,1,1,1,0.006325124945629954,2,High Poverty (Poorest)
150023,1,0,1,0.0,1,0,1,-0.008281443842172822,2,High Poverty (Poorest)
150024,1,1,2,0.0,1,0,0,0.06475140009684106,1,Medium Poverty
150025,1,1,2,0.0,1,0,0,0.06475140009684106,1,Medium Poverty
150026,2,0,0,0.0,1,0,1,-0.06670771899338393,2,High Poverty (Poorest)
150027,1,0,1,0.0,1,1,1,0.05014483130903828,1,Medium Poverty
150028,1,0,2,0.0,1,0,1,0.03553826252123551,1,Medium Poverty
150029,1,0,2,0.0,1,0,0,0.006325124945629954,2,High Poverty (Poorest)
150030,2,1,2,0.0,1,0,0,0.05014483130903828,1,Medium Poverty
150061,1,1,1,0.0,1,0,1,0.05014483130903828,1,Medium Poverty
150062,1,1,0,0.0,1,0,0,-0.0228880126299756,2,High Poverty (Poorest)
150063,1,1,1,0.0,1,1,0,0.07935796888464383,0,Low Poverty (Wealthy)
150064,4,1,0,0.0,1,0,0,-0.06670771899338393,2,High Poverty (Poorest)
150065,1,1,3,0.0,1,0,1,0.13778424403585493,0,Low Poverty (Wealthy)
150066,2,1,1,0.0,1,0,1,0.03553826252123551,1,Medium Poverty
150067,1,1,1,0.0,1,0,1,0.05014483130903828,1,Medium Poverty
150068,1,1,2,0.0,1,0,0,0.06475140009684106,1,Medium Poverty
150069,1,0,1,0.0,1,0,1,-0.008281443842172822,2,High Poverty (Poorest)
150070,1,1,1,0.0,1,1,1,0.10857110646024938,0,Low Poverty (Wealthy)
150071,1,0,2,0.0,1,0,0,0.006325124945629954,2,High Poverty (Poorest)
150072,2,1,3,0.0,1,0,1,0.12317767524805216,0,Low Poverty (Wealthy)
150073,1,0,2,0.0,1,0,1,0.03553826252123551,1,Medium Poverty
150075,2,0,0,0.0,1,1,0,-0.03749458141777837,2,High Poverty (Poorest)
150076,1,1,2,0.0,1,1,1,0.1523908128236577,0,Low Poverty (Wealthy)
150077,7,0,2,0.0,1,0,0,-0.0813142877811867,2,High Poverty (Poorest)
150078,1,1,0,0.0,1,1,1,0.06475140009684106,1,Medium Poverty
150079,1,0,1,0.0,1,0,0,-0.03749458141777837,2,High Poverty (Poorest)
150080,1,1,3,0.0,1,0,0,0.10857110646024938,0,Low Poverty (Wealthy)
159001,1,1,0,0.0,1,0,0,-0.0228880126299756,2,High Poverty (Poorest)
159002,2,1,2,0.0,1,0,1,0.07935796888464383,0,Low Poverty (Wealthy)
159003,1,0,1,0.0,1,0,1,-0.008281443842172822,2,High Poverty (Poorest)
159004,1,0,1,0.0,1,0,1,-0.008281443842172822,2,High Poverty (Poorest)
159005,1,0,0,0.0,1,0,1,-0.05210115020558115,2,High Poverty (Poorest)
159006,1,0,2,0.0,1,0,1,0.03553826252123551,1,Medium Poverty
159007,1,1,1,0.0,1,0,0,0.02093169373343273,1,Medium Poverty
159010,1,1,1,0.0,1,0,1,0.05014483130903828,1,Medium Poverty
159011,1,1,2,0.0,1,1,0,0.12317767524805216,0,Low Poverty (Wealthy)
159012,1,1,2,0.0,1,0,0,0.06475140009684106,1,Medium Poverty
159013,1,1,3,0.0,1,1,1,0.19621051918706603,0,Low Poverty (Wealthy)
159014,1,1,1,0.0,1,1,0,0.07935796888464383,0,Low Poverty (Wealthy)
159015,1,0,1,0.0,1,0,0,-0.03749458141777837,2,High Poverty (Poorest)
159016,1,1,3,0.0,1,0,1,0.13778424403585493,0,Low Poverty (Wealthy)
159017,1,1,2,0.0,1,0,1,0.09396453767244661,0,Low Poverty (Wealthy)
159018,1,1,1,0.0,1,0,1,0.05014483130903828,1,Medium Poverty
159019,1,0,0,0.0,1,0,1,-0.05210115020558115,2,High Poverty (Poorest)
159021,1,1,2,0.0,1,0,1,0.09396453767244661,0,Low Poverty (Wealthy)
159022,1,1,1,0.0,1,0,1,0.05014483130903828,1,Medium Poverty
159023,1,1,2,0.0,1,1,0,0.12317767524805216,0,Low Poverty (Wealthy)
159025,1,1,1,0.0,1,0,0,0.02093169373343273,1,Medium Poverty
159026,1,1,0,0.0,1,1,1,0.06475140009684106,1,Medium Poverty
159027,1,1,2,0.0,1,0,0,0.06475140009684106,1,Medium Poverty
159028,1,0,0,0.0,1,1,1,0.006325124945629954,2,High Poverty (Poorest)
159029,1,1,1,0.0,1,0,1,0.05014483130903828,1,Medium Poverty
159032,1,0,1,0.0,1,0,0,-0.03749458141777837,2,High Poverty (Poorest)
159033,1,1,1,0.0,1,1,0,0.07935796888464383,0,Low Poverty (Wealthy)
159034,1,1,2,0.0,1,1,0,0.12317767524805216,0,Low Poverty (Wealthy)
159035,2,0,2,0.0,1,0,0,-0.008281443842172822,2,High Poverty (Poorest)
159036,1,1,2,0.0,1,0,0,0.06475140009684106,1,Medium Poverty
159037,1,0,0,0.0,1,1,1,0.006325124945629954,2,High Poverty (Poorest)
159038,1,1,0,0.0,1,1,1,0.06475140009684106,1,Medium Poverty
159039,1,1,1,0.0,1,0,1,0.05014483130903828,1,Medium Poverty
159040,1,1,3,0.0,1,0,0,0.10857110646024938,0,Low Poverty (Wealthy)
159042,1,0,2,0.0,1,1,0,0.06475140009684106,1,Medium Poverty
159043,1,1,2,0.0,1,0,1,0.09396453767244661,0,Low Poverty (Wealthy)
159045,1,1,1,0.0,1,1,1,0.10857110646024938,0,Low Poverty (Wealthy)
159047,1,0,1,0.0,1,0,1,-0.008281443842172822,2,High Poverty (Poorest)
159048,1,1,1,0.0,1,1,1,0.10857110646024938,0,Low Poverty (Wealthy)
159049,1,0,0,0.0,1,1,1,0.006325124945629954,2,High Poverty (Poorest)
159050,1,1,0,0.0,1,1,1,0.06475140009684106,1,Medium Poverty
159051,1,0,3,0.0,1,0,0,0.05014483130903828,1,Medium Poverty
159052,1,1,1,0.0,1,0,1,0.05014483130903828,1,Medium Poverty
159053,1,1,1,0.0,1,0,0,0.02093169373343273,1,Medium Poverty
159055,1,0,0,0.0,1,1,1,0.006325124945629954,2,High Poverty (Poorest)
159056,1,0,3,0.0,1,1,1,0.13778424403585493,0,Low Poverty (Wealthy)
159057,1,0,2,0.0,1,0,0,0.006325124945629954,2,High Poverty (Poorest)
159059,2,1,2,0.0,1,1,0,0.10857110646024938,0,Low Poverty (Wealthy)
159060,1,0,3,0.0,1,1,0,0.10857110646024938,0,Low Poverty (Wealthy)
159061,1,1,1,0.0,1,0,0,0.02093169373343273,1,Medium Poverty
159062,1,0,2,0.0,1,0,0,0.006325124945629954,2,High Poverty (Poorest)
159063,1,0,0,0.0,1,1,0,-0.0228880126299756,2,High Poverty (Poorest)
159064,1,1,0,0.0,1,0,0,-0.0228880126299756,2,High Poverty (Poorest)
159065,1,0,2,0.0,1,1,0,0.06475140009684106,1,Medium Poverty
159066,1,1,2,0.0,1,0,1,0.09396453767244661,0,Low Poverty (Wealthy)
159067,1,1,1,0.0,1,1,0,0.07935796888464383,0,Low Poverty (Wealthy)
159068,1,1,1,0.0,1,0,0,0.02093169373343273,1,Medium Poverty
159071,1601,1,1,0.0,1,0,1,-23.3203652291754,2,High Poverty (Poorest)
159072,3,1,0,0.0,1,0,1,-0.0228880126299756,2,High Poverty (Poorest)
159073,2,0,1,0.0,1,0,1,-0.0228880126299756,2,High Poverty (Poorest)
159074,2,0,1,0.0,1,0,0,-0.05210115020558115,2,High Poverty (Poorest)
159076,1,0,1,0.0,1,0,1,-0.008281443842172822,2,High Poverty (Poorest)
159078,1,1,2,0.0,1,1,1,0.1523908128236577,0,Low Poverty (Wealthy)
159079,2,0,1,0.0,1,1,1,0.03553826252123551,1,Medium Poverty
159081,1,1,0,0.0,1,0,1,0.006325124945629954,2,High Poverty (Poorest)
159082,1,1,1,0.0,1,1,1,0.10857110646024938,0,Low Poverty (Wealthy)
159083,1,1,3,0.0,1,0,1,0.13778424403585493,0,Low Poverty (Wealthy)
159084,1,1,1,0.0,1,1,1,0.10857110646024938,0,Low Poverty (Wealthy)
159085,1,0,0,0.0,1,1,1,0.006325124945629954,2,High Poverty (Poorest)
159086,1,1,1,0.0,1,0,1,0.05014483130903828,1,Medium Poverty
159087,1,1,2,0.0,1,1,1,0.1523908128236577,0,Low Poverty (Wealthy)
159088,1,0,2,0.0,1,1,0,0.06475140009684106,1,Medium Poverty
159089,1,0,2,0.0,1,0,1,0.03553826252123551,1,Medium Poverty
159090,1,1,3,0.0,1,1,0,0.1669973816114605,0,Low Poverty (Wealthy)
159093,1,1,2,0.0,1,1,1,0.1523908128236577,0,Low Poverty (Wealthy)
159094,1,1,2,0.0,1,0,1,0.09396453767244661,0,Low Poverty (Wealthy)
159095,1,1,1,0.0,1,1,0,0.07935796888464383,0,Low Poverty (Wealthy)
159096,1,1,0,0.0,1,1,1,0.06475140009684106,1,Medium Poverty
159097,1,1,3,0.0,1,0,0,0.10857110646024938,0,Low Poverty (Wealthy)
159098,1,1,1,0.0,1,0,0,0.02093169373343273,1,Medium Poverty
159099,1,0,0,0.0,1,0,0,-0.0813142877811867,2,High Poverty (Poorest)
159100,1,1,2,0.0,1,1,0,0.12317767524805216,0,Low Poverty (Wealthy)
159101,1,1,1,0.0,1,1,0,0.07935796888464383,0,Low Poverty (Wealthy)
159102,1,1,2,0.0,1,0,1,0.09396453767244661,0,Low Poverty (Wealthy)
159105,1,1,2,0.0,1,1,1,0.1523908128236577,0,Low Poverty (Wealthy)
159106,1,1,1,0.0,1,1,0,0.07935796888464383,0,Low Poverty (Wealthy)
159107,1,1,2,0.0,1,1,1,0.1523908128236577,0,Low Poverty (Wealthy)
159111,1,1,1,0.0,1,0,0,0.02093169373343273,1,Medium Poverty
159112,1,1,1,0.0,1,0,0,0.02093169373343273,1,Medium Poverty
159119,1,1,1,0.0,1,1,0,0.07935796888464383,0,Low Poverty (Wealthy)
160001,1,0,2,0.0,1,0,1,0.03553826252123551,1,Medium Poverty
160002,1,1,2,0.0,1,1,1,0.1523908128236577,0,Low Poverty (Wealthy)
160003,1,0,1,0.0,1,1,0,0.02093169373343273,1,Medium Poverty
160004,1,1,2,0.0,1,0,0,0.06475140009684106,1,Medium Poverty
160005,1,1,0,0.0,1,1,0,0.03553826252123551,1,Medium Poverty
160006,1,1,3,0.0,1,0,1,0.13778424403585493,0,Low Poverty (Wealthy)
160007,1,1,1,0.0,1,0,1,0.05014483130903828,1,Medium Poverty
160008,1,1,2,0.0,1,0,0,0.06475140009684106,1,Medium Poverty
160009,1,1,0,0.0,1,0,1,0.006325124945629954,2,High Poverty (Poorest)
160010,1,1,1,0.0,1,0,0,0.02093169373343273,1,Medium Poverty
160018,2,1,1,0.0,1,1,1,0.09396453767244661,0,Low Poverty (Wealthy)
160019,4,0,3,0.0,1,1,1,0.09396453767244661,0,Low Poverty (Wealthy)
160024,3,0,1,0.0,1,0,1,-0.03749458141777837,2,High Poverty (Poorest)
160032,1,1,3,0.0,1,1,1,0.19621051918706603,0,Low Poverty (Wealthy)
160035,1,1,1,0.0,1,0,1,0.05014483130903828,1,Medium Poverty
160036,1,0,1,0.0,1,0,0,-0.03749458141777837,2,High Poverty (Poorest)
160041,2,0,0,0.0,1,1,0,-0.03749458141777837,2,High Poverty (Poorest)
160051,1,0,2,0.0,1,1,1,0.09396453767244661,0,Low Poverty (Wealthy)
160053,1,1,1,0.0,1,1,0,0.07935796888464383,0,Low Poverty (Wealthy)
160054,1,0,3,0.0,1,0,0,0.05014483130903828,1,Medium Poverty
160055,1,1,3,0.0,1,1,1,0.19621051918706603,0,Low Poverty (Wealthy)
160056,1,0,3,0.0,1,1,1,0.13778424403585493,0,Low Poverty (Wealthy)
160057,1,1,1,0.0,1,1,1,0.10857110646024938,0,Low Poverty (Wealthy)
160058,2,0,2,0.0,1,0,1,0.02093169373343273,1,Medium Poverty
160059,1,0,2,0.0,1,0,1,0.03553826252123551,1,Medium Poverty
160060,2,1,0,0.0,1,1,0,0.02093169373343273,1,Medium Poverty
160144,1,0,2,0.0,1,1,1,0.09396453767244661,0,Low Poverty (Wealthy)
160145,2,0,0,0.0,1,0,1,-0.06670771899338393,2,High Poverty (Poorest)
160146,2,0,1,0.0,1,0,0,-0.05210115020558115,2,High Poverty (Poorest)
160147,2,0,0,0.0,1,0,0,-0.09592085656898948,2,High Poverty (Poorest)
160148,1,0,0,0.0,1,0,0,-0.0813142877811867,2,High Poverty (Poorest)
160149,1,0,1,0.0,1,0,1,-0.008281443842172822,2,High Poverty (Poorest)
160150,1,1,1,0.0,1,0,1,0.05014483130903828,1,Medium Poverty
160151,1,1,2,0.0,1,0,1,0.09396453767244661,0,Low Poverty (Wealthy)
160152,1,1,0,0.0,1,0,1,0.006325124945629954,2,High Poverty (Poorest)
160153,1,0,1,0.0,1,0,0,-0.03749458141777837,2,High Poverty (Poorest)
169001,1,1,0,0.0,1,0,1,0.006325124945629954,2,High Poverty (Poorest)
169002,1,1,2,0.0,1,0,1,0.09396453767244661,0,Low Poverty (Wealthy)
169003,1,0,2,0.0,1,1,0,0.06475140009684106,1,Medium Poverty
169004,1,1,2,0.0,1,0,1,0.09396453767244661,0,Low Poverty (Wealthy)
169007,1,0,2,0.0,1,1,0,0.06475140009684106,1,Medium Poverty
169008,1,0,1,0.0,1,0,1,-0.008281443842172822,2,High Poverty (Poorest)
169009,1,1,2,0.0,1,1,1,0.1523908128236577,0,Low Poverty (Wealthy)
169010,1,1,1,0.0,1,0,1,0.05014483130903828,1,Medium Poverty
169011,1,1,1,0.0,1,0,1,0.05014483130903828,1,Medium Poverty
169012,1,1,2,0.0,1,0,0,0.06475140009684106,1,Medium Poverty
169013,1,1,0,0.0,1,1,1,0.06475140009684106,1,Medium Poverty
169014,1,0,2,0.0,1,0,0,0.006325124945629954,2,High Poverty (Poorest)
169016,1,0,2,0.0,1,0,1,0.03553826252123551,1,Medium Poverty
169017,1,1,1,0.0,1,0,1,0.05014483130903828,1,Medium Poverty
169018,1,1,0,0.0,1,1,1,0.06475140009684106,1,Medium Poverty
169020,1,1,0,0.0,1,0,0,-0.0228880126299756,2,High Poverty (Poorest)
169021,1,1,3,0.0,1,0,1,0.13778424403585493,0,Low Poverty (Wealthy)
169022,1,1,2,0.0,1,0,1,0.09396453767244661,0,Low Poverty (Wealthy)
169024,1,1,0,0.0,1,0,1,0.006325124945629954,2,High Poverty (Poorest)
169026,1,0,1,0.0,1,1,0,0.02093169373343273,1,Medium Poverty
169027,1,1,2,0.0,1,0,0,0.06475140009684106,1,Medium Poverty
169028,1,1,2,0.0,1,0,0,0.06475140009684106,1,Medium Poverty
169029,1,1,0,0.0,1,1,1,0.06475140009684106,1,Medium Poverty
169030,1,0,1,0.0,1,1,1,0.05014483130903828,1,Medium Poverty
169032,1,1,3,0.0,1,0,1,0.13778424403585493,0,Low Poverty (Wealthy)
169033,2,0,0,0.0,1,1,0,-0.03749458141777837,2,High Poverty (Poorest)
169035,1,0,1,0.0,1,0,0,-0.03749458141777837,2,High Poverty (Poorest)
169036,1,0,3,0.0,1,0,1,0.07935796888464383,0,Low Poverty (Wealthy)
169038,1,1,2,0.0,1,1,1,0.1523908128236577,0,Low Poverty (Wealthy)
169040,1,1,1,0.0,1,1,1,0.10857110646024938,0,Low Poverty (Wealthy)
169041,1,0,0,0.0,1,0,1,-0.05210115020558115,2,High Poverty (Poorest)
169042,1,1,0,0.0,1,0,1,0.006325124945629954,2,High Poverty (Poorest)
169043,1,1,1,0.0,1,0,1,0.05014483130903828,1,Medium Poverty
169044,1,1,3,0.0,1,0,1,0.13778424403585493,0,Low Poverty (Wealthy)
169045,1,0,1,0.0,1,0,1,-0.008281443842172822,2,High Poverty (Poorest)
169046,1,1,2,0.0,1,0,0,0.06475140009684106,1,Medium Poverty
169047,2,1,3,0.0,1,1,0,0.1523908128236577,0,Low Poverty (Wealthy)
169048,1,0,1,0.0,1,1,0,0.02093169373343273,1,Medium Poverty
169049,1,0,0,0.0,1,0,1,-0.05210115020558115,2,High Poverty (Poorest)
169050,1,1,1,0.0,1,0,0,0.02093169373343273,1,Medium Poverty
169051,1,1,3,0.0,1,0,0,0.10857110646024938,0,Low Poverty (Wealthy)
169054,1,1,2,0.0,1,0,0,0.06475140009684106,1,Medium Poverty
169056,1,1,0,0.0,1,0,1,0.006325124945629954,2,High Poverty (Poorest)
169057,1,1,2,0.0,1,1,0,0.12317767524805216,0,Low Poverty (Wealthy)
169058,1,1,2,0.0,1,0,1,0.09396453767244661,0,Low Poverty (Wealthy)
169059,1,0,3,0.0,1,1,0,0.10857110646024938,0,Low Poverty (Wealthy)
169060,1,1,0,0.0,1,1,0,0.03553826252123551,1,Medium Poverty
169061,2,1,1,0.0,1,0,1,0.03553826252123551,1,Medium Poverty
169065,1,1,3,0.0,1,0,0,0.10857110646024938,0,Low Poverty (Wealthy)
169066,1,1,1,0.0,1,1,0,0.07935796888464383,0,Low Poverty (Wealthy)
169067,1,1,1,0.0,1,1,0,0.07935796888464383,0,Low Poverty (Wealthy)
169068,1,0,0,0.0,1,1,1,0.006325124945629954,2,High Poverty (Poorest)
169069,1501,1,1,0.0,1,0,1,-21.859708350395124,2,High Poverty (Poorest)
169070,1,0,1,0.0,1,0,0,-0.03749458141777837,2,High Poverty (Poorest)
169071,1,1,3,0.0,1,0,0,0.10857110646024938,0,Low Poverty (Wealthy)
169072,2,0,1,0.0,1,1,1,0.03553826252123551,1,Medium Poverty
169073,1,0,1,0.0,1,1,1,0.05014483130903828,1,Medium Poverty
169075,1,1,2,0.0,1,1,1,0.1523908128236577,0,Low Poverty (Wealthy)
169077,1,0,0,0.0,1,0,1,-0.05210115020558115,2,High Poverty (Poorest)
169078,1,1,1,0.0,1,1,1,0.10857110646024938,0,Low Poverty (Wealthy)
169079,1,1,2,0.0,1,0,1,0.09396453767244661,0,Low Poverty (Wealthy)
169080,1,0,3,0.0,1,0,1,0.07935796888464383,0,Low Poverty (Wealthy)
169083,1,0,2,0.0,1,0,1,0.03553826252123551,1,Medium Poverty
169084,1,1,2,0.0,1,1,0,0.12317767524805216,0,Low Poverty (Wealthy)
169085,401,0,0,0.0,1,1,1,-5.836302390175481,2,High Poverty (Poorest)
169088,1,1,3,0.0,1,0,1,0.13778424403585493,0,Low Poverty (Wealthy)
169089,1,1,0,0.0,1,1,0,0.03553826252123551,1,Medium Poverty
169091,1,1,2,0.0,1,0,1,0.09396453767244661,0,Low Poverty (Wealthy)
169092,1,1,1,0.0,1,0,1,0.05014483130903828,1,Medium Poverty
169094,1,1,3,0.0,1,0,1,0.13778424403585493,0,Low Poverty (Wealthy)
169095,1,1,2,0.0,1,0,1,0.09396453767244661,0,Low Poverty (Wealthy)
169096,1,0,2,0.0,1,0,1,0.03553826252123551,1,Medium Poverty
169097,1,0,1,0.0,1,0,0,-0.03749458141777837,2,High Poverty (Poorest)
169099,1,1,1,0.0,1,1,1,0.10857110646024938,0,Low Poverty (Wealthy)
169101,1,1,2,0.0,1,0,1,0.09396453767244661,0,Low Poverty (Wealthy)
169103,3,1,2,0.0,1,1,0,0.09396453767244661,0,Low Poverty (Wealthy)
169104,1,1,0,0.0,1,0,0,-0.0228880126299756,2,High Poverty (Poorest)
169105,1,1,3,0.0,1,1,1,0.19621051918706603,0,Low Poverty (Wealthy)
169107,1,1,3,0.0,1,1,0,0.1669973816114605,0,Low Poverty (Wealthy)
169108,1,1,1,0.0,1,1,1,0.10857110646024938,0,Low Poverty (Wealthy)
169109,1,0,2,0.0,1,0,0,0.006325124945629954,2,High Poverty (Poorest)
169111,1,1,1,0.0,1,1,0,0.07935796888464383,0,Low Poverty (Wealthy)
169113,1,1,1,0.0,1,0,1,0.05014483130903828,1,Medium Poverty
169114,1,1,1,0.0,1,1,0,0.07935796888464383,0,Low Poverty (Wealthy)
169115,1,1,2,0.0,1,0,1,0.09396453767244661,0,Low Poverty (Wealthy)
169116,1,1,2,0.0,1,0,1,0.09396453767244661,0,Low Poverty (Wealthy)
169117,1,1,1,0.0,1,0,0,0.02093169373343273,1,Medium Poverty
169119,1,0,2,0.0,1,1,0,0.06475140009684106,1,Medium Poverty
169120,1,1,2,0.0,1,0,0,0.06475140009684106,1,Medium Poverty
169121,1,0,2,0.0,1,1,0,0.06475140009684106,1,Medium Poverty
169122,1,1,0,0.0,1,1,1,0.06475140009684106,1,Medium Poverty
169124,2,0,3,0.0,1,1,1,0.12317767524805216,0,Low Poverty (Wealthy)
169125,1,0,1,0.0,1,0,0,-0.03749458141777837,2,High Poverty (Poorest)
169126,1,0,1,0.0,1,1,1,0.05014483130903828,1,Medium Poverty
169127,1,1,1,0.0,1,0,0,0.02093169373343273,1,Medium Poverty
169128,1,1,1,0.0,1,0,0,0.02093169373343273,1,Medium Poverty
169129,1,0,3,0.0,1,1,0,0.10857110646024938,0,Low Poverty (Wealthy)
169130,2,0,1,0.0,1,1,1,0.03553826252123551,1,Medium Poverty
169131,1,1,2,0.0,1,1,1,0.1523908128236577,0,Low Poverty (Wealthy)
169133,1,0,0,0.0,1,0,1,-0.05210115020558115,2,High Poverty (Poorest)
169134,1,1,1,0.0,1,0,0,0.02093169373343273,1,Medium Poverty
169136,1,1,3,0.0,1,0,0,0.10857110646024938,0,Low Poverty (Wealthy)
169137,1,1,2,0.0,1,0,1,0.09396453767244661,0,Low Poverty (Wealthy)
169138,1,0,1,0.0,1,0,1,-0.008281443842172822,2,High Poverty (Poorest)
169139,1,1,1,0.0,1,0,1,0.05014483130903828,1,Medium Poverty
169141,1,1,1,0.0,1,1,0,0.07935796888464383,0,Low Poverty (Wealthy)
169142,1,1,1,0.0,1,1,0,0.07935796888464383,0,Low Poverty (Wealthy)
169144,1,0,2,0.0,1,1,1,0.09396453767244661,0,Low Poverty (Wealthy)
169145,1,1,2,0.0,1,1,1,0.1523908128236577,0,Low Poverty (Wealthy)
169147,1,0,1,0.0,1,0,1,-0.008281443842172822,2,High Poverty (Poorest)
169148,1,1,3,0.0,1,0,1,0.13778424403585493,0,Low Poverty (Wealthy)
169149,1,1,2,0.0,1,1,1,0.1523908128236577,0,Low Poverty (Wealthy)
169150,1,1,1,0.0,1,0,1,0.05014483130903828,1,Medium Poverty
169153,2,0,1,0.0,1,0,1,-0.0228880126299756,2,High Poverty (Poorest)
169154,4,0,2,0.0,1,0,1,-0.008281443842172822,2,High Poverty (Poorest)
169156,1,1,2,0.0,1,0,1,0.09396453767244661,0,Low Poverty (Wealthy)
169160,1,0,1,0.0,1,1,0,0.02093169373343273,1,Medium Poverty
169166,1,0,1,0.0,1,1,0,0.02093169373343273,1,Medium Poverty
169170,1,1,0,0.0,1,1,1,0.06475140009684106,1,Medium Poverty
169171,1,1,2,0.0,1,0,1,0.09396453767244661,0,Low Poverty (Wealthy)
169172,1,0,1,0.0,1,0,1,-0.008281443842172822,2,High Poverty (Poorest)
169179,1,1,0,0.0,1,1,0,0.03553826252123551,1,Medium Poverty
169181,1,0,2,0.0,1,0,0,0.006325124945629954,2,High Poverty (Poorest)
169202,1,1,3,0.0,1,0,1,0.13778424403585493,0,Low Poverty (Wealthy)
170041,1,0,3,0.0,1,1,0,0.10857110646024938,0,Low Poverty (Wealthy)
170042,2,1,1,0.0,1,1,0,0.06475140009684106,1,Medium Poverty
170043,1,1,0,0.0,1,1,0,0.03553826252123551,1,Medium Poverty
170044,2,1,1,0.0,1,0,1,0.03553826252123551,1,Medium Poverty
170045,1,1,0,0.0,1,0,0,-0.0228880126299756,2,High Poverty (Poorest)
170046,1,0,3,0.0,1,1,1,0.13778424403585493,0,Low Poverty (Wealthy)
170047,1,1,0,0.0,1,0,1,0.006325124945629954,2,High Poverty (Poorest)
170048,1,1,1,0.0,1,1,1,0.10857110646024938,0,Low Poverty (Wealthy)
170049,1,1,1,0.0,1,0,1,0.05014483130903828,1,Medium Poverty
170050,3,0,1,0.0,1,1,0,-0.008281443842172822,2,High Poverty (Poorest)
170081,1,1,2,0.0,1,1,0,0.12317767524805216,0,Low Poverty (Wealthy)
170082,2,0,1,0.0,1,0,0,-0.05210115020558115,2,High Poverty (Poorest)
170083,1,1,0,0.0,1,0,1,0.006325124945629954,2,High Poverty (Poorest)
170085,1,1,1,0.0,1,1,0,0.07935796888464383,0,Low Poverty (Wealthy)
170086,1,1,1,0.0,1,1,0,0.07935796888464383,0,Low Poverty (Wealthy)
170087,2,1,0,0.0,1,0,1,-0.008281443842172822,2,High Poverty (Poorest)
170088,2,1,2,0.0,1,1,0,0.10857110646024938,0,Low Poverty (Wealthy)
170089,1,0,2,0.0,1,0,0,0.006325124945629954,2,High Poverty (Poorest)
170090,1,0,2,0.0,1,0,1,0.03553826252123551,1,Medium Poverty
179001,1,0,3,0.0,1,0,1,0.07935796888464383,0,Low Poverty (Wealthy)
179002,1,0,3,0.0,1,1,0,0.10857110646024938,0,Low Poverty (Wealthy)
179003,1,0,3,0.0,1,0,0,0.05014483130903828,1,Medium Poverty
179004,1,0,1,0.0,1,0,1,-0.008281443842172822,2,High Poverty (Poorest)
179005,1,1,0,0.0,1,1,0,0.03553826252123551,1,Medium Poverty
179006,1,1,1,0.0,1,0,1,0.05014483130903828,1,Medium Poverty
179008,1,0,3,0.0,1,0,0,0.05014483130903828,1,Medium Poverty
179010,1,1,3,0.0,1,0,1,0.13778424403585493,0,Low Poverty (Wealthy)
179011,1,0,3,0.0,1,1,0,0.10857110646024938,0,Low Poverty (Wealthy)
179012,1,1,0,0.0,1,0,1,0.006325124945629954,2,High Poverty (Poorest)
179013,1,1,3,0.0,1,1,0,0.1669973816114605,0,Low Poverty (Wealthy)
179015,1,1,1,0.0,1,1,1,0.10857110646024938,0,Low Poverty (Wealthy)
179017,1,1,0,0.0,1,1,0,0.03553826252123551,1,Medium Poverty
179018,1,1,1,0.0,1,1,0,0.07935796888464383,0,Low Poverty (Wealthy)
179019,1,1,0,0.0,1,0,1,0.006325124945629954,2,High Poverty (Poorest)
179020,1,1,1,0.0,1,0,1,0.05014483130903828,1,Medium Poverty
179021,1,1,1,0.0,1,1,1,0.10857110646024938,0,Low Poverty (Wealthy)
179022,1,1,1,0.0,1,1,1,0.10857110646024938,0,Low Poverty (Wealthy)
179023,1,0,2,0.0,1,0,1,0.03553826252123551,1,Medium Poverty
179024,1,1,3,0.0,1,0,1,0.13778424403585493,0,Low Poverty (Wealthy)
179025,1,0,2,0.0,1,0,1,0.03553826252123551,1,Medium Poverty
179026,1,1,1,0.0,1,0,1,0.05014483130903828,1,Medium Poverty
179028,1,1,2,0.0,1,0,0,0.06475140009684106,1,Medium Poverty
179030,1,0,3,0.0,1,0,1,0.07935796888464383,0,Low Poverty (Wealthy)
179031,1,1,0,0.0,1,0,1,0.006325124945629954,2,High Poverty (Poorest)
179032,1,1,1,0.0,1,0,0,0.02093169373343273,1,Medium Poverty
179033,1,1,1,0.0,1,0,1,0.05014483130903828,1,Medium Poverty
179034,1,1,0,0.0,1,1,0,0.03553826252123551,1,Medium Poverty
179035,1,1,2,0.0,1,1,1,0.1523908128236577,0,Low Poverty (Wealthy)
179036,1,0,3,0.0,1,1,0,0.10857110646024938,0,Low Poverty (Wealthy)
179037,2,1,0,0.0,1,0,0,-0.03749458141777837,2,High Poverty (Poorest)
179039,1,0,2,0.0,1,0,1,0.03553826252123551,1,Medium Poverty
179041,1,1,3,0.0,1,1,1,0.19621051918706603,0,Low Poverty (Wealthy)
179042,1,0,3,0.0,1,1,1,0.13778424403585493,0,Low Poverty (Wealthy)
179043,1,1,1,0.0,1,0,1,0.05014483130903828,1,Medium Poverty
179044,1,1,3,0.0,1,0,1,0.13778424403585493,0,Low Poverty (Wealthy)
179045,1,0,1,0.0,1,0,0,-0.03749458141777837,2,High Poverty (Poorest)
179046,1,1,2,0.0,1,0,1,0.09396453767244661,0,Low Poverty (Wealthy)
179047,1,1,0,0.0,1,0,1,0.006325124945629954,2,High Poverty (Poorest)
179048,1,1,0,0.0,1,1,1,0.06475140009684106,1,Medium Poverty
179049,1,1,2,0.0,1,0,0,0.06475140009684106,1,Medium Poverty
179050,2,1,1,0.0,1,1,1,0.09396453767244661,0,Low Poverty (Wealthy)
179053,1,1,1,0.0,1,1,0,0.07935796888464383,0,Low Poverty (Wealthy)
179054,1,0,0,0.0,1,1,1,0.006325124945629954,2,High Poverty (Poorest)
179055,1,0,2,0.0,1,1,1,0.09396453767244661,0,Low Poverty (Wealthy)
179056,1,1,0,0.0,1,1,1,0.06475140009684106,1,Medium Poverty
179058,1,1,2,0.0,1,0,1,0.09396453767244661,0,Low Poverty (Wealthy)
179059,1,1,0,0.0,1,1,0,0.03553826252123551,1,Medium Poverty
179060,1,1,0,0.0,1,1,1,0.06475140009684106,1,Medium Poverty
179061,1,1,1,0.0,1,0,1,0.05014483130903828,1,Medium Poverty
179062,1,1,1,0.0,1,1,0,0.07935796888464383,0,Low Poverty (Wealthy)
179063,1,1,1,0.0,1,1,1,0.10857110646024938,0,Low Poverty (Wealthy)
179064,1,1,1,0.0,1,1,0,0.07935796888464383,0,Low Poverty (Wealthy)
179065,1,1,3,0.0,1,0,1,0.13778424403585493,0,Low Poverty (Wealthy)
179067,1,1,2,0.0,1,0,1,0.09396453767244661,0,Low Poverty (Wealthy)
179068,1,1,0,0.0,1,0,1,0.006325124945629954,2,High Poverty (Poorest)
179069,1,1,1,0.0,1,0,0,0.02093169373343273,1,Medium Poverty
179070,1,0,3,0.0,1,0,0,0.05014483130903828,1,Medium Poverty
179072,1,0,1,0.0,1,0,1,-0.008281443842172822,2,High Poverty (Poorest)
179073,1,1,0,0.0,1,1,1,0.06475140009684106,1,Medium Poverty
179074,1,1,2,0.0,1,0,0,0.06475140009684106,1,Medium Poverty
179075,1,1,2,0.0,1,0,0,0.06475140009684106,1,Medium Poverty
179076,1,1,2,0.0,1,0,0,0.06475140009684106,1,Medium Poverty
179077,1,0,0,0.0,1,0,1,-0.05210115020558115,2,High Poverty (Poorest)
179079,1,1,0,0.0,1,0,1,0.006325124945629954,2,High Poverty (Poorest)
179080,2,1,2,0.0,1,0,1,0.07935796888464383,0,Low Poverty (Wealthy)
179081,1,1,1,0.0,1,0,1,0.05014483130903828,1,Medium Poverty
179082,1,1,1,0.0,1,0,1,0.05014483130903828,1,Medium Poverty
179084,1,1,1,0.0,1,0,1,0.05014483130903828,1,Medium Poverty
179085,1,0,1,0.0,1,0,0,-0.03749458141777837,2,High Poverty (Poorest)
179086,1,1,3,0.0,1,0,1,0.13778424403585493,0,Low Poverty (Wealthy)
179087,1,1,2,0.0,1,0,1,0.09396453767244661,0,Low Poverty (Wealthy)
179089,1,1,2,0.0,1,0,1,0.09396453767244661,0,Low Poverty (Wealthy)
179091,2,1,0,0.0,1,1,1,0.05014483130903828,1,Medium Poverty
179092,1,0,0,0.0,1,1,1,0.006325124945629954,2,High Poverty (Poorest)
179093,1,0,1,0.0,1,0,1,-0.008281443842172822,2,High Poverty (Poorest)
179095,1,1,0,0.0,1,0,1,0.006325124945629954,2,High Poverty (Poorest)
179096,1,1,3,0.0,1,1,0,0.1669973816114605,0,Low Poverty (Wealthy)
179097,1,0,0,0.0,1,0,1,-0.05210115020558115,2,High Poverty (Poorest)
179098,1,0,1,0.0,1,1,1,0.05014483130903828,1,Medium Poverty
179100,1,1,1,0.0,1,1,0,0.07935796888464383,0,Low Poverty (Wealthy)
179101,1,0,2,0.0,1,1,1,0.09396453767244661,0,Low Poverty (Wealthy)
179102,1,1,0,0.0,1,1,1,0.06475140009684106,1,Medium Poverty
179103,1,1,1,0.0,1,1,0,0.07935796888464383,0,Low Poverty (Wealthy)
179104,1,1,1,0.0,1,1,1,0.10857110646024938,0,Low Poverty (Wealthy)
179105,1,0,3,0.0,1,1,1,0.13778424403585493,0,Low Poverty (Wealthy)
179106,1,0,0,0.0,1,1,1,0.006325124945629954,2,High Poverty (Poorest)
179108,1,1,3,0.0,1,1,0,0.1669973816114605,0,Low Poverty (Wealthy)
179124,1,1,2,0.0,1,0,1,0.09396453767244661,0,Low Poverty (Wealthy)
180001,1,1,1,0.0,1,0,0,0.02093169373343273,1,Medium Poverty
180002,1,0,2,0.0,1,1,1,0.09396453767244661,0,Low Poverty (Wealthy)
180003,1,1,0,0.0,1,0,1,0.006325124945629954,2,High Poverty (Poorest)
180004,4,1,3,0.0,1,1,1,0.1523908128236577,0,Low Poverty (Wealthy)
180005,3,1,1,0.0,1,1,0,0.05014483130903828,1,Medium Poverty
180006,2,1,1,0.0,1,1,0,0.06475140009684106,1,Medium Poverty
180007,1,1,1,0.0,1,1,0,0.07935796888464383,0,Low Poverty (Wealthy)
180008,1,1,0,0.0,1,1,0,0.03553826252123551,1,Medium Poverty
180009,1,0,3,0.0,1,0,1,0.07935796888464383,0,Low Poverty (Wealthy)
180031,1,1,0,0.0,1,1,1,0.06475140009684106,1,Medium Poverty
180032,1,0,2,0.0,1,0,1,0.03553826252123551,1,Medium Poverty
180033,1,1,1,0.0,1,0,1,0.05014483130903828,1,Medium Poverty
180034,1,1,3,0.0,1,0,0,0.10857110646024938,0,Low Poverty (Wealthy)
180035,1,0,1,0.0,1,0,0,-0.03749458141777837,2,High Poverty (Poorest)
180036,1,0,1,0.0,1,0,0,-0.03749458141777837,2,High Poverty (Poorest)
180037,11,0,1,0.0,1,0,1,-0.1543471317202006,2,High Poverty (Poorest)
180038,1,1,2,0.0,1,1,1,0.1523908128236577,0,Low Poverty (Wealthy)
180039,1,1,0,0.0,1,1,0,0.03553826252123551,1,Medium Poverty
180040,1,0,0,0.0,1,0,0,-0.0813142877811867,2,High Poverty (Poorest)
180041,1,1,1,0.0,1,0,1,0.05014483130903828,1,Medium Poverty
180042,1,1,2,0.0,1,1,1,0.1523908128236577,0,Low Poverty (Wealthy)
180043,1,0,0,0.0,1,1,1,0.006325124945629954,2,High Poverty (Poorest)
180044,1,0,2,0.0,1,1,1,0.09396453767244661,0,Low Poverty (Wealthy)
180045,1,1,1,0.0,1,0,0,0.02093169373343273,1,Medium Poverty
180046,2,1,3,0.0,1,1,1,0.18160395039926328,0,Low Poverty (Wealthy)
180047,1,1,3,0.0,1,0,1,0.13778424403585493,0,Low Poverty (Wealthy)
180049,1,0,1,0.0,1,1,0,0.02093169373343273,1,Medium Poverty
180050,1,0,1,0.0,1,0,1,-0.008281443842172822,2,High Poverty (Poorest)
180091,1,1,1,0.0,1,0,1,0.05014483130903828,1,Medium Poverty
180092,1,0,0,0.0,1,0,0,-0.0813142877811867,2,High Poverty (Poorest)
180093,1,0,1,0.0,1,0,1,-0.008281443842172822,2,High Poverty (Poorest)
180094,1,0,2,0.0,1,0,0,0.006325124945629954,2,High Poverty (Poorest)
180095,1,1,1,0.0,1,1,0,0.07935796888464383,0,Low Poverty (Wealthy)
180096,1,1,3,0.0,1,1,1,0.19621051918706603,0,Low Poverty (Wealthy)
180097,1,1,1,0.0,1,0,0,0.02093169373343273,1,Medium Poverty
180098,1,1,2,0.0,1,0,1,0.09396453767244661,0,Low Poverty (Wealthy)
180099,1,0,1,0.0,1,0,1,-0.008281443842172822,2,High Poverty (Poorest)
180100,2,1,1,0.0,1,1,0,0.06475140009684106,1,Medium Poverty
189003,1,0,1,0.0,1,0,1,-0.008281443842172822,2,High Poverty (Poorest)
189005,1,1,1,0.0,1,0,1,0.05014483130903828,1,Medium Poverty
189006,1,1,1,0.0,1,0,1,0.05014483130903828,1,Medium Poverty
189007,1,1,2,0.0,1,1,1,0.1523908128236577,0,Low Poverty (Wealthy)
189009,1,1,3,0.0,1,0,0,0.10857110646024938,0,Low Poverty (Wealthy)
189010,1,1,1,0.0,1,0,1,0.05014483130903828,1,Medium Poverty
189011,1,0,0,0.0,1,1,1,0.006325124945629954,2,High Poverty (Poorest)
189012,1,1,1,0.0,1,1,1,0.10857110646024938,0,Low Poverty (Wealthy)
189014,1,1,1,0.0,1,1,0,0.07935796888464383,0,Low Poverty (Wealthy)
189015,1,1,0,0.0,1,0,1,0.006325124945629954,2,High Poverty (Poorest)
189016,1,1,2,0.0,1,0,0,0.06475140009684106,1,Medium Poverty
189017,1,1,3,0.0,1,1,1,0.19621051918706603,0,Low Poverty (Wealthy)
189018,1,0,3,0.0,1,1,1,0.13778424403585493,0,Low Poverty (Wealthy)
189019,1,1,0,0.0,1,0,1,0.006325124945629954,2,High Poverty (Poorest)
189020,1,0,3,0.0,1,0,1,0.07935796888464383,0,Low Poverty (Wealthy)
189021,1,1,2,0.0,1,0,0,0.06475140009684106,1,Medium Poverty
189023,1,1,1,0.0,1,0,0,0.02093169373343273,1,Medium Poverty
189024,1,1,1,0.0,1,1,0,0.07935796888464383,0,Low Poverty (Wealthy)
189025,1,1,2,0.0,1,1,0,0.12317767524805216,0,Low Poverty (Wealthy)
189028,1,1,1,0.0,1,0,0,0.02093169373343273,1,Medium Poverty
189029,1,0,1,0.0,1,0,1,-0.008281443842172822,2,High Poverty (Poorest)
189031,1,1,1,0.0,1,1,1,0.10857110646024938,0,Low Poverty (Wealthy)
189032,1,0,2,0.0,1,0,0,0.006325124945629954,2,High Poverty (Poorest)
189033,1,1,0,0.0,1,1,1,0.06475140009684106,1,Medium Poverty
189034,1,0,3,0.0,1,1,1,0.13778424403585493,0,Low Poverty (Wealthy)
189035,1,0,2,0.0,1,1,1,0.09396453767244661,0,Low Poverty (Wealthy)
189036,1,1,2,0.0,1,0,1,0.09396453767244661,0,Low Poverty (Wealthy)
189037,1,0,0,0.0,1,0,0,-0.0813142877811867,2,High Poverty (Poorest)
189038,2,1,2,0.0,1,0,1,0.07935796888464383,0,Low Poverty (Wealthy)
189039,1,0,0,0.0,1,0,1,-0.05210115020558115,2,High Poverty (Poorest)
189040,1,0,0,0.0,1,0,0,-0.0813142877811867,2,High Poverty (Poorest)
189041,1,1,1,0.0,1,1,0,0.07935796888464383,0,Low Poverty (Wealthy)
189042,1,0,1,0.0,1,1,0,0.02093169373343273,1,Medium Poverty
189043,1,0,2,0.0,1,1,0,0.06475140009684106,1,Medium Poverty
189045,1,1,0,0.0,1,0,1,0.006325124945629954,2,High Poverty (Poorest)
189047,1,0,1,0.0,1,1,1,0.05014483130903828,1,Medium Poverty
189048,1,1,0,0.0,1,1,0,0.03553826252123551,1,Medium Poverty
189049,1,0,3,0.0,1,0,1,0.07935796888464383,0,Low Poverty (Wealthy)
189051,1,0,2,0.0,1,1,1,0.09396453767244661,0,Low Poverty (Wealthy)
189052,1,1,2,0.0,1,0,0,0.06475140009684106,1,Medium Poverty
189053,1,0,1,0.0,1,0,0,-0.03749458141777837,2,High Poverty (Poorest)
189054,1,0,0,0.0,1,0,0,-0.0813142877811867,2,High Poverty (Poorest)
189055,1,1,3,0.0,1,1,0,0.1669973816114605,0,Low Poverty (Wealthy)
189056,1,0,1,0.0,1,1,0,0.02093169373343273,1,Medium Poverty
189057,1,1,1,0.0,1,0,0,0.02093169373343273,1,Medium Poverty
189058,1,0,2,0.0,1,0,1,0.03553826252123551,1,Medium Poverty
189060,1,1,0,0.0,1,0,1,0.006325124945629954,2,High Poverty (Poorest)
189062,1,1,2,0.0,1,0,0,0.06475140009684106,1,Medium Poverty
189064,1,1,1,0.0,1,0,0,0.02093169373343273,1,Medium Poverty
189065,1,1,1,0.0,1,0,1,0.05014483130903828,1,Medium Poverty
189066,1,1,0,0.0,1,0,1,0.006325124945629954,2,High Poverty (Poorest)
189067,2,1,0,0.0,1,1,1,0.05014483130903828,1,Medium Poverty
189068,1,0,3,0.0,1,0,1,0.07935796888464383,0,Low Poverty (Wealthy)
189069,1,1,2,0.0,1,1,0,0.12317767524805216,0,Low Poverty (Wealthy)
189070,1,1,1,0.0,1,0,0,0.02093169373343273,1,Medium Poverty
189071,1,1,0,0.0,1,0,1,0.006325124945629954,2,High Poverty (Poorest)
189072,1,1,2,0.0,1,0,0,0.06475140009684106,1,Medium Poverty
189073,1,1,2,0.0,1,0,1,0.09396453767244661,0,Low Poverty (Wealthy)
189074,1,0,1,0.0,1,0,1,-0.008281443842172822,2,High Poverty (Poorest)
189075,1301,0,1,0.0,1,1,1,-18.93839459283457,2,High Poverty (Poorest)
189076,1,1,1,0.0,1,1,0,0.07935796888464383,0,Low Poverty (Wealthy)
189077,1,1,2,0.0,1,0,1,0.09396453767244661,0,Low Poverty (Wealthy)
189078,1,1,3,0.0,1,0,1,0.13778424403585493,0,Low Poverty (Wealthy)
189079,1,1,0,0.0,1,1,0,0.03553826252123551,1,Medium Poverty
189080,1,1,2,0.0,1,0,0,0.06475140009684106,1,Medium Poverty
189081,1,1,1,0.0,1,1,1,0.10857110646024938,0,Low Poverty (Wealthy)
189085,1,0,1,0.0,1,1,1,0.05014483130903828,1,Medium Poverty
189086,1,0,1,0.0,1,1,1,0.05014483130903828,1,Medium Poverty
189087,2,1,2,0.0,1,0,0,0.05014483130903828,1,Medium Poverty
189089,1,1,1,0.0,1,0,1,0.05014483130903828,1,Medium Poverty
189090,1,0,1,0.0,1,0,1,-0.008281443842172822,2,High Poverty (Poorest)
189091,1,1,1,0.0,1,1,1,0.10857110646024938,0,Low Poverty (Wealthy)
189093,2,1,0,0.0,1,1,1,0.05014483130903828,1,Medium Poverty
189094,1,1,0,0.0,1,1,1,0.06475140009684106,1,Medium Poverty
189095,1,1,2,0.0,1,1,1,0.1523908128236577,0,Low Poverty (Wealthy)
189096,1,1,0,0.0,1,1,0,0.03553826252123551,1,Medium Poverty
189097,1,0,2,0.0,1,1,1,0.09396453767244661,0,Low Poverty (Wealthy)
189099,1,1,1,0.0,1,1,1,0.10857110646024938,0,Low Poverty (Wealthy)
189100,1,1,1,0.0,1,1,0,0.07935796888464383,0,Low Poverty (Wealthy)
189101,1,0,1,0.0,1,0,1,-0.008281443842172822,2,High Poverty (Poorest)
189102,1,1,1,0.0,1,0,1,0.05014483130903828,1,Medium Poverty
189103,1,1,0,0.0,1,1,0,0.03553826252123551,1,Medium Poverty
189104,1,1,1,0.0,1,0,0,0.02093169373343273,1,Medium Poverty
189105,1,1,2,0.0,1,0,1,0.09396453767244661,0,Low Poverty (Wealthy)
189106,1,0,2,0.0,1,1,0,0.06475140009684106,1,Medium Poverty
189108,1,1,1,0.0,1,1,1,0.10857110646024938,0,Low Poverty (Wealthy)
189109,1,1,1,0.0,1,1,0,0.07935796888464383,0,Low Poverty (Wealthy)
189110,1,1,0,0.0,1,0,1,0.006325124945629954,2,High Poverty (Poorest)
189112,1,0,1,0.0,1,1,0,0.02093169373343273,1,Medium Poverty
189116,1,1,0,0.0,1,0,0,-0.0228880126299756,2,High Poverty (Poorest)
189117,1,1,3,0.0,1,1,1,0.19621051918706603,0,Low Poverty (Wealthy)
189118,1,0,1,0.0,1,0,1,-0.008281443842172822,2,High Poverty (Poorest)
189119,1,0,1,0.0,1,1,0,0.02093169373343273,1,Medium Poverty
189120,1,1,1,0.0,1,1,0,0.07935796888464383,0,Low Poverty (Wealthy)
189121,1,1,0,0.0,1,0,1,0.006325124945629954,2,High Poverty (Poorest)
189122,1,0,2,0.0,1,1,1,0.09396453767244661,0,Low Poverty (Wealthy)
189125,1,1,0,0.0,1,1,1,0.06475140009684106,1,Medium Poverty
189126,1,1,0,0.0,1,0,1,0.006325124945629954,2,High Poverty (Poorest)
189127,1,1,2,0.0,1,0,1,0.09396453767244661,0,Low Poverty (Wealthy)
189128,1,0,1,0.0,1,0,1,-0.008281443842172822,2,High Poverty (Poorest)
189129,1,1,2,0.0,1,0,1,0.09396453767244661,0,Low Poverty (Wealthy)
189130,1,0,2,0.0,1,1,1,0.09396453767244661,0,Low Poverty (Wealthy)
189131,1,1,1,0.0,1,1,0,0.07935796888464383,0,Low Poverty (Wealthy)
189132,1,0,2,0.0,1,0,0,0.006325124945629954,2,High Poverty (Poorest)
189133,1,0,0,0.0,1,0,0,-0.0813142877811867,2,High Poverty (Poorest)
189134,1,1,1,0.0,1,0,0,0.02093169373343273,1,Medium Poverty
189136,3,0,1,0.0,1,0,0,-0.06670771899338393,2,High Poverty (Poorest)
189137,1,1,1,0.0,1,0,1,0.05014483130903828,1,Medium Poverty
189139,1,0,2,0.0,1,0,1,0.03553826252123551,1,Medium Poverty
189140,1,1,3,0.0,1,0,1,0.13778424403585493,0,Low Poverty (Wealthy)
189141,1,0,3,0.0,1,1,0,0.10857110646024938,0,Low Poverty (Wealthy)
189142,1,0,2,0.0,1,1,0,0.06475140009684106,1,Medium Poverty
189143,1,0,1,0.0,1,0,1,-0.008281443842172822,2,High Poverty (Poorest)
189144,1,1,1,0.0,1,1,0,0.07935796888464383,0,Low Poverty (Wealthy)
189147,1,1,1,0.0,1,1,1,0.10857110646024938,0,Low Poverty (Wealthy)
189148,1,1,1,0.0,1,1,1,0.10857110646024938,0,Low Poverty (Wealthy)
189150,1,1,1,0.0,1,0,0,0.02093169373343273,1,Medium Poverty
189151,1,1,3,0.0,1,1,0,0.1669973816114605,0,Low Poverty (Wealthy)
189152,1,0,1,0.0,1,1,1,0.05014483130903828,1,Medium Poverty
189154,1,1,1,0.0,1,0,1,0.05014483130903828,1,Medium Poverty
189155,1,1,1,0.0,1,0,1,0.05014483130903828,1,Medium Poverty
189156,1,1,2,0.0,1,1,1,0.1523908128236577,0,Low Poverty (Wealthy)
189157,1,1,2,0.0,1,1,0,0.12317767524805216,0,Low Poverty (Wealthy)
189158,1,0,2,0.0,1,1,1,0.09396453767244661,0,Low Poverty (Wealthy)
189159,1,1,1,0.0,1,1,0,0.07935796888464383,0,Low Poverty (Wealthy)
189160,1,1,2,0.0,1,1,0,0.12317767524805216,0,Low Poverty (Wealthy)
189161,1,1,0,0.0,1,0,1,0.006325124945629954,2,High Poverty (Poorest)
189162,1,1,3,0.0,1,0,1,0.13778424403585493,0,Low Poverty (Wealthy)
189164,1,0,1,0.0,1,1,0,0.02093169373343273,1,Medium Poverty
189165,1,0,1,0.0,1,0,0,-0.03749458141777837,2,High Poverty (Poorest)
189167,1,1,1,0.0,1,0,0,0.02093169373343273,1,Medium Poverty
189168,1,1,2,0.0,1,1,0,0.12317767524805216,0,Low Poverty (Wealthy)
189169,1,0,0,0.0,1,1,0,-0.0228880126299756,2,High Poverty (Poorest)
189170,1,0,3,0.0,1,0,1,0.07935796888464383,0,Low Poverty (Wealthy)
189171,1,0,1,0.0,1,0,1,-0.008281443842172822,2,High Poverty (Poorest)
189173,1,0,1,0.0,1,0,1,-0.008281443842172822,2,High Poverty (Poorest)
189174,1,1,0,0.0,1,0,1,0.006325124945629954,2,High Poverty (Poorest)
189175,1,1,1,0.0,1,1,1,0.10857110646024938,0,Low Poverty (Wealthy)
189176,1,0,1,0.0,1,0,1,-0.008281443842172822,2,High Poverty (Poorest)
189178,1,1,1,0.0,1,1,1,0.10857110646024938,0,Low Poverty (Wealthy)
189179,1,0,2,0.0,1,1,0,0.06475140009684106,1,Medium Poverty
189180,1,0,1,0.0,1,1,1,0.05014483130903828,1,Medium Poverty
189181,1,1,3,0.0,1,0,1,0.13778424403585493,0,Low Poverty (Wealthy)
189183,2,1,2,0.0,1,0,1,0.07935796888464383,0,Low Poverty (Wealthy)
189184,1,1,2,0.0,1,0,1,0.09396453767244661,0,Low Poverty (Wealthy)
189185,1,0,0,0.0,1,0,1,-0.05210115020558115,2,High Poverty (Poorest)
189186,1,1,1,0.0,1,1,1,0.10857110646024938,0,Low Poverty (Wealthy)
189187,1,1,1,0.0,1,0,0,0.02093169373343273,1,Medium Poverty
189188,1,1,2,0.0,1,1,1,0.1523908128236577,0,Low Poverty (Wealthy)
189189,1,1,3,0.0,1,0,0,0.10857110646024938,0,Low Poverty (Wealthy)
189191,1,1,0,0.0,1,0,0,-0.0228880126299756,2,High Poverty (Poorest)
189192,1,0,0,0.0,1,1,0,-0.0228880126299756,2,High Poverty (Poorest)
189193,1,0,3,0.0,1,0,1,0.07935796888464383,0,Low Poverty (Wealthy)
189194,1,0,1,0.0,1,0,0,-0.03749458141777837,2,High Poverty (Poorest)
189195,1,0,2,0.0,1,0,1,0.03553826252123551,1,Medium Poverty
189196,1,1,1,0.0,1,0,0,0.02093169373343273,1,Medium Poverty
189197,1,1,2,0.0,1,1,1,0.1523908128236577,0,Low Poverty (Wealthy)
189199,1,1,0,0.0,1,0,1,0.006325124945629954,2,High Poverty (Poorest)
189200,1,0,0,0.0,1,0,0,-0.0813142877811867,2,High Poverty (Poorest)
189202,1,1,2,0.0,1,0,0,0.06475140009684106,1,Medium Poverty
189203,1,1,3,0.0,1,1,1,0.19621051918706603,0,Low Poverty (Wealthy)
189204,1,1,1,0.0,1,0,1,0.05014483130903828,1,Medium Poverty
189205,1,1,1,0.0,1,0,1,0.05014483130903828,1,Medium Poverty
189206,1,1,2,0.0,1,0,0,0.06475140009684106,1,Medium Poverty
189207,1,1,3,0.0,1,0,1,0.13778424403585493,0,Low Poverty (Wealthy)
189209,1,0,2,0.0,1,0,1,0.03553826252123551,1,Medium Poverty
189210,1,1,3,0.0,1,0,0,0.10857110646024938,0,Low Poverty (Wealthy)
189212,1,0,0,0.0,1,0,1,-0.05210115020558115,2,High Poverty (Poorest)
189213,1,0,0,0.0,1,0,0,-0.0813142877811867,2,High Poverty (Poorest)
189214,1,0,2,0.0,1,0,1,0.03553826252123551,1,Medium Poverty
189216,1,1,2,0.0,1,1,1,0.1523908128236577,0,Low Poverty (Wealthy)
189218,1,1,1,0.0,1,1,0,0.07935796888464383,0,Low Poverty (Wealthy)
189222,1,1,1,0.0,1,0,0,0.02093169373343273,1,Medium Poverty
189235,1,0,2,0.0,1,0,0,0.006325124945629954,2,High Poverty (Poorest)
189236,1,1,0,0.0,1,1,1,0.06475140009684106,1,Medium Poverty
189242,1,1,1,0.0,1,1,1,0.10857110646024938,0,Low Poverty (Wealthy)
189252,1,1,1,0.0,1,0,1,0.05014483130903828,1,Medium Poverty
190011,2,1,2,0.0,1,1,1,0.13778424403585493,0,Low Poverty (Wealthy)
190012,2,0,2,0.0,1,0,0,-0.008281443842172822,2,High Poverty (Poorest)
190013,1,0,1,0.0,1,0,1,-0.008281443842172822,2,High Poverty (Poorest)
190014,1,1,2,0.0,1,1,1,0.1523908128236577,0,Low Poverty (Wealthy)
190015,1,0,2,0.0,1,1,1,0.09396453767244661,0,Low Poverty (Wealthy)
190016,1,1,1,0.0,1,1,0,0.07935796888464383,0,Low Poverty (Wealthy)
190017,1,1,2,0.0,1,0,0,0.06475140009684106,1,Medium Poverty
190018,1,1,1,0.0,1,0,1,0.05014483130903828,1,Medium Poverty
190019,1,0,0,0.0,1,1,1,0.006325124945629954,2,High Poverty (Poorest)
190020,2,0,0,0.0,1,0,0,-0.09592085656898948,2,High Poverty (Poorest)
190081,1,0,1,0.0,1,0,1,-0.008281443842172822,2,High Poverty (Poorest)
190082,1,1,1,0.0,1,0,1,0.05014483130903828,1,Medium Poverty
190083,1,1,2,0.0,1,0,0,0.06475140009684106,1,Medium Poverty
190084,1,0,2,0.0,1,0,1,0.03553826252123551,1,Medium Poverty
190085,1,1,2,0.0,1,1,1,0.1523908128236577,0,Low Poverty (Wealthy)
190086,1,1,1,0.0,1,1,0,0.07935796888464383,0,Low Poverty (Wealthy)
190087,2,0,1,0.0,1,0,1,-0.0228880126299756,2,High Poverty (Poorest)
190088,1,1,1,0.0,1,1,1,0.10857110646024938,0,Low Poverty (Wealthy)
190089,1,1,0,0.0,1,0,1,0.006325124945629954,2,High Poverty (Poorest)
190090,1,0,0,0.0,1,1,0,-0.0228880126299756,2,High Poverty (Poorest)
190111,1,0,2,0.0,1,0,0,0.006325124945629954,2,High Poverty (Poorest)
190112,1,1,3,0.0,1,1,1,0.19621051918706603,0,Low Poverty (Wealthy)
190113,2,1,0,0.0,1,1,0,0.02093169373343273,1,Medium Poverty
190114,1,1,0,0.0,1,0,1,0.006325124945629954,2,High Poverty (Poorest)
190115,2,1,2,0.0,1,0,0,0.05014483130903828,1,Medium Poverty
190116,1,0,1,0.0,1,1,0,0.02093169373343273,1,Medium Poverty
190117,1,0,2,0.0,1,0,1,0.03553826252123551,1,Medium Poverty
190118,1,1,2,0.0,1,1,1,0.1523908128236577,0,Low Poverty (Wealthy)
190119,2,0,3,0.0,1,1,1,0.12317767524805216,0,Low Poverty (Wealthy)
190131,1,0,1,0.0,1,0,0,-0.03749458141777837,2,High Poverty (Poorest)
190132,1,1,2,0.0,1,1,1,0.1523908128236577,0,Low Poverty (Wealthy)
190133,1,1,1,0.0,1,1,0,0.07935796888464383,0,Low Poverty (Wealthy)
190134,1,1,2,0.0,1,1,1,0.1523908128236577,0,Low Poverty (Wealthy)
190135,1,1,1,0.0,1,0,1,0.05014483130903828,1,Medium Poverty
190136,1,0,0,0.0,1,0,0,-0.0813142877811867,2,High Poverty (Poorest)
190137,2,1,1,0.0,1,0,1,0.03553826252123551,1,Medium Poverty
190138,1,0,1,0.0,1,1,0,0.02093169373343273,1,Medium Poverty
190139,1,1,2,0.0,1,1,1,0.1523908128236577,0,Low Poverty (Wealthy)
190140,1,1,2,0.0,1,1,1,0.1523908128236577,0,Low Poverty (Wealthy)
190161,1,1,2,0.0,1,0,1,0.09396453767244661,0,Low Poverty (Wealthy)
190162,1,1,0,0.0,1,0,1,0.006325124945629954,2,High Poverty (Poorest)
190163,1,1,2,0.0,1,1,0,0.12317767524805216,0,Low Poverty (Wealthy)
190164,2,0,1,0.0,1,1,0,0.006325124945629954,2,High Poverty (Poorest)
190165,1,1,3,0.0,1,1,0,0.1669973816114605,0,Low Poverty (Wealthy)
190166,1,1,3,0.0,1,1,1,0.19621051918706603,0,Low Poverty (Wealthy)
190167,1,0,0,0.0,1,1,1,0.006325124945629954,2,High Poverty (Poorest)
190168,1,1,2,0.0,1,1,0,0.12317767524805216,0,Low Poverty (Wealthy)
190169,2,1,0,0.0,1,1,1,0.05014483130903828,1,Medium Poverty
190170,1,0,1,0.0,1,0,0,-0.03749458141777837,2,High Poverty (Poorest)
190171,2,1,1,0.0,1,1,0,0.06475140009684106,1,Medium Poverty
190172,2,1,0,0.0,1,1,1,0.05014483130903828,1,Medium Poverty
190173,1,1,2,0.0,1,0,1,0.09396453767244661,0,Low Poverty (Wealthy)
190174,2,1,0,0.0,1,0,1,-0.008281443842172822,2,High Poverty (Poorest)
190175,1,1,0,0.0,1,0,0,-0.0228880126299756,2,High Poverty (Poorest)
190176,1,1,2,0.0,1,0,1,0.09396453767244661,0,Low Poverty (Wealthy)
190177,1,1,2,0.0,1,0,0,0.06475140009684106,1,Medium Poverty
190178,1,0,3,0.0,1,0,0,0.05014483130903828,1,Medium Poverty
190179,1,1,2,0.0,1,0,1,0.09396453767244661,0,Low Poverty (Wealthy)
190180,1,1,2,0.0,1,0,1,0.09396453767244661,0,Low Poverty (Wealthy)
190191,1,0,1,0.0,1,1,0,0.02093169373343273,1,Medium Poverty
190192,1,1,0,0.0,1,0,0,-0.0228880126299756,2,High Poverty (Poorest)
190193,1,1,0,0.0,1,0,1,0.006325124945629954,2,High Poverty (Poorest)
190194,1,0,1,0.0,1,0,0,-0.03749458141777837,2,High Poverty (Poorest)
190195,1,1,2,0.0,1,0,1,0.09396453767244661,0,Low Poverty (Wealthy)
190196,1,1,1,0.0,1,0,1,0.05014483130903828,1,Medium Poverty
190197,1,1,2,0.0,1,1,0,0.12317767524805216,0,Low Poverty (Wealthy)
190198,1,0,1,0.0,1,1,1,0.05014483130903828,1,Medium Poverty
190199,1,0,0,0.0,1,0,1,-0.05210115020558115,2,High Poverty (Poorest)
190200,1,1,0,0.0,1,1,0,0.03553826252123551,1,Medium Poverty
199001,1,1,2,0.0,1,0,1,0.09396453767244661,0,Low Poverty (Wealthy)
199002,1,0,2,0.0,1,1,0,0.06475140009684106,1,Medium Poverty
199004,1,1,3,0.0,1,1,1,0.19621051918706603,0,Low Poverty (Wealthy)
199005,1,0,0,0.0,1,0,0,-0.0813142877811867,2,High Poverty (Poorest)
199006,1,0,3,0.0,1,1,1,0.13778424403585493,0,Low Poverty (Wealthy)
199007,1,1,1,0.0,1,1,0,0.07935796888464383,0,Low Poverty (Wealthy)
199008,1,1,0,0.0,1,1,0,0.03553826252123551,1,Medium Poverty
199011,1,0,3,0.0,1,1,1,0.13778424403585493,0,Low Poverty (Wealthy)
199012,1,1,1,0.0,1,1,0,0.07935796888464383,0,Low Poverty (Wealthy)
199013,1,0,2,0.0,1,0,0,0.006325124945629954,2,High Poverty (Poorest)
199014,1,1,0,0.0,1,1,0,0.03553826252123551,1,Medium Poverty
199015,1,1,2,0.0,1,1,0,0.12317767524805216,0,Low Poverty (Wealthy)
199016,1,0,3,0.0,1,1,1,0.13778424403585493,0,Low Poverty (Wealthy)
199018,1,0,1,0.0,1,1,1,0.05014483130903828,1,Medium Poverty
199019,1,1,2,0.0,1,0,0,0.06475140009684106,1,Medium Poverty
199021,1,1,0,0.0,1,0,1,0.006325124945629954,2,High Poverty (Poorest)
199022,1,1,2,0.0,1,0,1,0.09396453767244661,0,Low Poverty (Wealthy)
199023,1,0,1,0.0,1,0,1,-0.008281443842172822,2,High Poverty (Poorest)
199024,1,1,1,0.0,1,0,0,0.02093169373343273,1,Medium Poverty
199025,1,1,1,0.0,1,1,1,0.10857110646024938,0,Low Poverty (Wealthy)
199026,1,1,0,0.0,1,1,1,0.06475140009684106,1,Medium Poverty
199027,1,1,3,0.0,1,1,1,0.19621051918706603,0,Low Poverty (Wealthy)
199030,1,1,1,0.0,1,0,1,0.05014483130903828,1,Medium Poverty
199031,1,1,1,0.0,1,1,0,0.07935796888464383,0,Low Poverty (Wealthy)
199032,1,1,1,0.0,1,1,1,0.10857110646024938,0,Low Poverty (Wealthy)
199033,1,1,1,0.0,1,1,1,0.10857110646024938,0,Low Poverty (Wealthy)
199034,1,1,2,0.0,1,0,1,0.09396453767244661,0,Low Poverty (Wealthy)
199035,1,0,3,0.0,1,0,0,0.05014483130903828,1,Medium Poverty
199036,1,1,1,0.0,1,1,1,0.10857110646024938,0,Low Poverty (Wealthy)
199037,1,1,3,0.0,1,0,1,0.13778424403585493,0,Low Poverty (Wealthy)
199038,1,1,2,0.0,1,1,1,0.1523908128236577,0,Low Poverty (Wealthy)
199040,1,0,0,0.0,1,1,1,0.006325124945629954,2,High Poverty (Poorest)
199041,1,0,2,0.0,1,1,1,0.09396453767244661,0,Low Poverty (Wealthy)
199042,1,1,1,0.0,1,1,0,0.07935796888464383,0,Low Poverty (Wealthy)
199044,1,0,2,0.0,1,1,1,0.09396453767244661,0,Low Poverty (Wealthy)
199045,1,1,3,0.0,1,1,0,0.1669973816114605,0,Low Poverty (Wealthy)
199046,1,0,1,0.0,1,0,1,-0.008281443842172822,2,High Poverty (Poorest)
199047,1,0,3,0.0,1,0,0,0.05014483130903828,1,Medium Poverty
199048,1,0,2,0.0,1,0,1,0.03553826252123551,1,Medium Poverty
199051,1,0,1,0.0,1,0,1,-0.008281443842172822,2,High Poverty (Poorest)
199052,1,1,2,0.0,1,0,1,0.09396453767244661,0,Low Poverty (Wealthy)
199053,1,0,1,0.0,1,0,0,-0.03749458141777837,2,High Poverty (Poorest)
199054,1,1,3,0.0,1,1,1,0.19621051918706603,0,Low Poverty (Wealthy)
199055,1,1,2,0.0,1,0,0,0.06475140009684106,1,Medium Poverty
199056,1,1,0,0.0,1,0,0,-0.0228880126299756,2,High Poverty (Poorest)
199057,1,1,1,0.0,1,1,0,0.07935796888464383,0,Low Poverty (Wealthy)
199058,1,1,2,0.0,1,1,1,0.1523908128236577,0,Low Poverty (Wealthy)
199059,1,1,0,0.0,1,1,1,0.06475140009684106,1,Medium Poverty
199060,1,0,0,0.0,1,1,1,0.006325124945629954,2,High Poverty (Poorest)
199061,1,1,1,0.0,1,0,1,0.05014483130903828,1,Medium Poverty
199062,1,1,1,0.0,1,0,0,0.02093169373343273,1,Medium Poverty
199064,1,1,1,0.0,1,0,1,0.05014483130903828,1,Medium Poverty
199065,1,1,1,0.0,1,0,0,0.02093169373343273,1,Medium Poverty
199066,1,1,0,0.0,1,0,0,-0.0228880126299756,2,High Poverty (Poorest)
199067,1,1,2,0.0,1,1,0,0.12317767524805216,0,Low Poverty (Wealthy)
199068,1,1,1,0.0,1,0,1,0.05014483130903828,1,Medium Poverty
199069,1,1,1,0.0,1,0,1,0.05014483130903828,1,Medium Poverty
199071,1,0,1,0.0,1,0,0,-0.03749458141777837,2,High Poverty (Poorest)
199072,1,1,2,0.0,1,1,1,0.1523908128236577,0,Low Poverty (Wealthy)
199073,1,0,0,0.0,1,0,1,-0.05210115020558115,2,High Poverty (Poorest)
199074,1,0,0,0.0,1,0,0,-0.0813142877811867,2,High Poverty (Poorest)
199075,1,1,0,0.0,1,0,1,0.006325124945629954,2,High Poverty (Poorest)
199077,2,0,2,0.0,1,0,1,0.02093169373343273,1,Medium Poverty
199078,1,0,2,0.0,1,0,1,0.03553826252123551,1,Medium Poverty
199079,1,0,2,0.0,1,0,1,0.03553826252123551,1,Medium Poverty
199080,1,1,2,0.0,1,0,1,0.09396453767244661,0,Low Poverty (Wealthy)
199081,1,1,2,0.0,1,1,0,0.12317767524805216,0,Low Poverty (Wealthy)
199082,1,1,1,0.0,1,0,1,0.05014483130903828,1,Medium Poverty
199083,1,1,2,0.0,1,1,1,0.1523908128236577,0,Low Poverty (Wealthy)
199085,1,1,0,0.0,1,0,0,-0.0228880126299756,2,High Poverty (Poorest)
199086,1,0,2,0.0,1,0,1,0.03553826252123551,1,Medium Poverty
199087,1,1,2,0.0,1,0,1,0.09396453767244661,0,Low Poverty (Wealthy)
199088,1,1,1,0.0,1,0,0,0.02093169373343273,1,Medium Poverty
199090,1,1,1,0.0,1,0,1,0.05014483130903828,1,Medium Poverty
199091,1,0,1,0.0,1,0,1,-0.008281443842172822,2,High Poverty (Poorest)
199092,2,1,2,0.0,1,1,0,0.10857110646024938,0,Low Poverty (Wealthy)
199093,1,1,2,0.0,1,1,0,0.12317767524805216,0,Low Poverty (Wealthy)
199094,1,0,3,0.0,1,1,0,0.10857110646024938,0,Low Poverty (Wealthy)
199095,1,1,1,0.0,1,0,1,0.05014483130903828,1,Medium Poverty
199097,1,0,2,0.0,1,1,1,0.09396453767244661,0,Low Poverty (Wealthy)
200011,1,0,2,0.0,1,0,1,0.03553826252123551,1,Medium Poverty
200013,1,1,3,0.0,1,1,0,0.1669973816114605,0,Low Poverty (Wealthy)
200014,1,0,1,0.0,1,0,0,-0.03749458141777837,2,High Poverty (Poorest)
200015,1,1,1,0.0,1,0,0,0.02093169373343273,1,Medium Poverty
200016,1,1,2,0.0,1,1,1,0.1523908128236577,0,Low Poverty (Wealthy)
200020,1,0,2,0.0,1,1,1,0.09396453767244661,0,Low Poverty (Wealthy)
200071,1,1,3,0.0,1,0,1,0.13778424403585493,0,Low Poverty (Wealthy)
200072,1,0,0,0.0,1,0,0,-0.0813142877811867,2,High Poverty (Poorest)
200074,1,0,0,0.0,1,0,1,-0.05210115020558115,2,High Poverty (Poorest)
200075,1,0,3,0.0,1,1,1,0.13778424403585493,0,Low Poverty (Wealthy)
200076,1,0,1,0.0,1,0,0,-0.03749458141777837,2,High Poverty (Poorest)
200077,1,0,2,0.0,1,1,1,0.09396453767244661,0,Low Poverty (Wealthy)
200078,2,1,1,0.0,1,0,0,0.006325124945629954,2,High Poverty (Poorest)
200079,1,1,0,0.0,1,0,0,-0.0228880126299756,2,High Poverty (Poorest)
200101,1,0,2,0.0,1,1,0,0.06475140009684106,1,Medium Poverty
200102,2,1,2,0.0,1,0,1,0.07935796888464383,0,Low Poverty (Wealthy)
200103,1,1,1,0.0,1,0,1,0.05014483130903828,1,Medium Poverty
200104,1,1,1,0.0,1,0,0,0.02093169373343273,1,Medium Poverty
200105,1,1,2,0.0,1,1,0,0.12317767524805216,0,Low Poverty (Wealthy)
200106,2,0,0,0.0,1,1,1,-0.008281443842172822,2,High Poverty (Poorest)
200107,2,0,3,0.0,1,1,1,0.12317767524805216,0,Low Poverty (Wealthy)
200108,1,1,1,0.0,1,1,1,0.10857110646024938,0,Low Poverty (Wealthy)
200109,1,1,2,0.0,1,1,0,0.12317767524805216,0,Low Poverty (Wealthy)
200110,2,0,3,0.0,1,0,0,0.03553826252123551,1,Medium Poverty
200161,2,1,2,0.0,1,0,0,0.05014483130903828,1,Medium Poverty
200162,1,1,1,0.0,1,1,0,0.07935796888464383,0,Low Poverty (Wealthy)
200164,1,1,2,0.0,1,1,1,0.1523908128236577,0,Low Poverty (Wealthy)
200165,2,1,1,0.0,1,0,1,0.03553826252123551,1,Medium Poverty
200166,1,1,1,0.0,1,0,1,0.05014483130903828,1,Medium Poverty
200167,1,1,3,0.0,1,0,1,0.13778424403585493,0,Low Poverty (Wealthy)
200168,1,1,2,0.0,1,0,0,0.06475140009684106,1,Medium Poverty
200169,1,1,2,0.0,1,0,0,0.06475140009684106,1,Medium Poverty
200170,2,0,1,0.0,1,1,1,0.03553826252123551,1,Medium Poverty
200181,1,1,0,0.0,1,0,0,-0.0228880126299756,2,High Poverty (Poorest)
200182,1,1,0,0.0,1,1,0,0.03553826252123551,1,Medium Poverty
200183,1,0,2,0.0,1,1,0,0.06475140009684106,1,Medium Poverty
200184,2,1,2,0.0,1,1,0,0.10857110646024938,0,Low Poverty (Wealthy)
200185,1,1,1,0.0,1,0,0,0.02093169373343273,1,Medium Poverty
200186,1,1,2,0.0,1,0,1,0.09396453767244661,0,Low Poverty (Wealthy)
200187,1,0,0,0.0,1,0,1,-0.05210115020558115,2,High Poverty (Poorest)
200188,2,0,1,0.0,1,0,0,-0.05210115020558115,2,High Poverty (Poorest)
200189,1,1,1,0.0,1,0,0,0.02093169373343273,1,Medium Poverty
200190,1,0,1,0.0,1,1,1,0.05014483130903828,1,Medium Poverty
209014,1,1,0,0.0,1,0,0,-0.0228880126299756,2,High Poverty (Poorest)
209015,1,1,3,0.0,1,1,0,0.1669973816114605,0,Low Poverty (Wealthy)
209016,1,0,1,0.0,1,1,0,0.02093169373343273,1,Medium Poverty
209017,1,1,3,0.0,1,1,0,0.1669973816114605,0,Low Poverty (Wealthy)
209018,1,1,1,0.0,1,1,1,0.10857110646024938,0,Low Poverty (Wealthy)
209019,1,1,3,0.0,1,0,1,0.13778424403585493,0,Low Poverty (Wealthy)
209020,1,1,2,0.0,1,1,0,0.12317767524805216,0,Low Poverty (Wealthy)
209021,1,1,3,0.0,1,0,0,0.10857110646024938,0,Low Poverty (Wealthy)
209022,1,1,0,0.0,1,1,0,0.03553826252123551,1,Medium Poverty
209023,1,1,2,0.0,1,0,0,0.06475140009684106,1,Medium Poverty
209025,1,1,3,0.0,1,0,1,0.13778424403585493,0,Low Poverty (Wealthy)
209026,1,1,0,0.0,1,0,1,0.006325124945629954,2,High Poverty (Poorest)
209027,1,1,0,0.0,1,0,1,0.006325124945629954,2,High Poverty (Poorest)
209028,2,1,1,0.0,1,0,1,0.03553826252123551,1,Medium Poverty
209029,1,1,3,0.0,1,0,1,0.13778424403585493,0,Low Poverty (Wealthy)
209030,1,0,1,0.0,1,1,1,0.05014483130903828,1,Medium Poverty
209031,1,1,1,0.0,1,0,0,0.02093169373343273,1,Medium Poverty
209033,1,0,0,0.0,1,0,0,-0.0813142877811867,2,High Poverty (Poorest)
209035,1,0,0,0.0,1,0,1,-0.05210115020558115,2,High Poverty (Poorest)
209036,1,0,2,0.0,1,0,0,0.006325124945629954,2,High Poverty (Poorest)
209037,1,1,0,0.0,1,0,1,0.006325124945629954,2,High Poverty (Poorest)
209038,1,1,2,0.0,1,1,1,0.1523908128236577,0,Low Poverty (Wealthy)
209041,1,1,3,0.0,1,0,1,0.13778424403585493,0,Low Poverty (Wealthy)
209042,1,1,1,0.0,1,0,0,0.02093169373343273,1,Medium Poverty
209043,1,1,2,0.0,1,0,1,0.09396453767244661,0,Low Poverty (Wealthy)
209044,1,1,0,0.0,1,0,0,-0.0228880126299756,2,High Poverty (Poorest)
209045,1,1,2,0.0,1,0,1,0.09396453767244661,0,Low Poverty (Wealthy)
209046,1,1,0,0.0,1,1,0,0.03553826252123551,1,Medium Poverty
209047,1,0,2,0.0,1,0,1,0.03553826252123551,1,Medium Poverty
209048,1,1,1,0.0,1,0,1,0.05014483130903828,1,Medium Poverty
209062,1,1,1,0.0,1,1,1,0.10857110646024938,0,Low Poverty (Wealthy)
209063,1,1,2,0.0,1,0,1,0.09396453767244661,0,Low Poverty (Wealthy)
209064,2,0,0,0.0,1,1,1,-0.008281443842172822,2,High Poverty (Poorest)
209066,1,1,2,0.0,1,0,1,0.09396453767244661,0,Low Poverty (Wealthy)
209067,1,0,1,0.0,1,0,1,-0.008281443842172822,2,High Poverty (Poorest)
209068,1,1,2,0.0,1,1,0,0.12317767524805216,0,Low Poverty (Wealthy)
209069,1,1,0,0.0,1,0,1,0.006325124945629954,2,High Poverty (Poorest)
209070,1,1,2,0.0,1,1,1,0.1523908128236577,0,Low Poverty (Wealthy)
209071,1,0,0,0.0,1,0,1,-0.05210115020558115,2,High Poverty (Poorest)
209072,1,1,1,0.0,1,1,0,0.07935796888464383,0,Low Poverty (Wealthy)
209073,1,1,1,0.0,1,1,1,0.10857110646024938,0,Low Poverty (Wealthy)
209075,1,1,2,0.0,1,1,0,0.12317767524805216,0,Low Poverty (Wealthy)
209077,1,1,1,0.0,1,1,0,0.07935796888464383,0,Low Poverty (Wealthy)
209078,1,0,3,0.0,1,1,1,0.13778424403585493,0,Low Poverty (Wealthy)
209079,1,1,3,0.0,1,0,0,0.10857110646024938,0,Low Poverty (Wealthy)
209080,1,1,0,0.0,1,0,0,-0.0228880126299756,2,High Poverty (Poorest)
209081,1,1,2,0.0,1,0,1,0.09396453767244661,0,Low Poverty (Wealthy)
209082,1,0,0,0.0,1,0,0,-0.0813142877811867,2,High Poverty (Poorest)
209083,1,1,1,0.0,1,1,0,0.07935796888464383,0,Low Poverty (Wealthy)
209084,1,1,2,0.0,1,0,0,0.06475140009684106,1,Medium Poverty
209085,1,1,2,0.0,1,0,1,0.09396453767244661,0,Low Poverty (Wealthy)
209086,1,0,2,0.0,1,1,1,0.09396453767244661,0,Low Poverty (Wealthy)
209087,1,1,1,0.0,1,0,1,0.05014483130903828,1,Medium Poverty
209088,1,0,1,0.0,1,0,0,-0.03749458141777837,2,High Poverty (Poorest)
209089,1,0,0,0.0,1,0,0,-0.0813142877811867,2,High Poverty (Poorest)
209090,1,0,2,0.0,1,0,0,0.006325124945629954,2,High Poverty (Poorest)
209091,1,1,1,0.0,1,1,1,0.10857110646024938,0,Low Poverty (Wealthy)
209094,1,1,2,0.0,1,0,1,0.09396453767244661,0,Low Poverty (Wealthy)
209095,1,1,1,0.0,1,0,0,0.02093169373343273,1,Medium Poverty
209096,1,0,1,0.0,1,1,0,0.02093169373343273,1,Medium Poverty
209098,1,1,1,0.0,1,0,0,0.02093169373343273,1,Medium Poverty
209099,1,1,0,0.0,1,1,1,0.06475140009684106,1,Medium Poverty
209100,1,1,1,0.0,1,1,1,0.10857110646024938,0,Low Poverty (Wealthy)
209101,1,1,2,0.0,1,0,1,0.09396453767244661,0,Low Poverty (Wealthy)
209102,1,0,3,0.0,1,0,1,0.07935796888464383,0,Low Poverty (Wealthy)
209103,1,1,1,0.0,1,0,1,0.05014483130903828,1,Medium Poverty
209105,1,0,1,0.0,1,1,0,0.02093169373343273,1,Medium Poverty
209106,1,1,0,0.0,1,0,0,-0.0228880126299756,2,High Poverty (Poorest)
209107,1,0,3,0.0,1,0,1,0.07935796888464383,0,Low Poverty (Wealthy)
209108,1,0,0,0.0,1,1,1,0.006325124945629954,2,High Poverty (Poorest)
209121,1,1,3,0.0,1,0,1,0.13778424403585493,0,Low Poverty (Wealthy)
209122,1,1,1,0.0,1,0,1,0.05014483130903828,1,Medium Poverty
209123,1,0,1,0.0,1,1,1,0.05014483130903828,1,Medium Poverty
209124,1,1,3,0.0,1,0,1,0.13778424403585493,0,Low Poverty (Wealthy)
209125,1,1,0,0.0,1,1,1,0.06475140009684106,1,Medium Poverty
209126,1,0,2,0.0,1,1,1,0.09396453767244661,0,Low Poverty (Wealthy)
209127,1,1,1,0.0,1,0,0,0.02093169373343273,1,Medium Poverty
209128,1,0,1,0.0,1,1,1,0.05014483130903828,1,Medium Poverty
209130,2,1,1,0.0,1,0,1,0.03553826252123551,1,Medium Poverty
209131,1,1,2,0.0,1,1,0,0.12317767524805216,0,Low Poverty (Wealthy)
210001,1,0,2,0.0,1,0,1,0.03553826252123551,1,Medium Poverty
210002,1,0,0,0.0,1,0,1,-0.05210115020558115,2,High Poverty (Poorest)
210003,1,1,3,0.0,1,0,0,0.10857110646024938,0,Low Poverty (Wealthy)
210004,1,1,0,0.0,1,0,1,0.006325124945629954,2,High Poverty (Poorest)
210005,1,1,1,0.0,1,1,0,0.07935796888464383,0,Low Poverty (Wealthy)
210006,1,1,1,0.0,1,1,1,0.10857110646024938,0,Low Poverty (Wealthy)
210007,2,1,0,0.0,1,1,1,0.05014483130903828,1,Medium Poverty
210008,1,0,0,0.0,1,0,0,-0.0813142877811867,2,High Poverty (Poorest)
210009,2,1,3,0.0,1,0,0,0.09396453767244661,0,Low Poverty (Wealthy)
210010,1,1,1,0.0,1,1,1,0.10857110646024938,0,Low Poverty (Wealthy)
210051,3,0,0,0.0,1,0,0,-0.11052742535679225,2,High Poverty (Poorest)
210052,3,0,0,0.0,1,1,0,-0.05210115020558115,2,High Poverty (Poorest)
210053,1,0,2,0.0,1,1,1,0.09396453767244661,0,Low Poverty (Wealthy)
210054,1,1,3,0.0,1,0,0,0.10857110646024938,0,Low Poverty (Wealthy)
210055,1,1,1,0.0,1,1,0,0.07935796888464383,0,Low Poverty (Wealthy)
210056,1,0,0,0.0,1,1,1,0.006325124945629954,2,High Poverty (Poorest)
210057,1,1,1,0.0,1,1,1,0.10857110646024938,0,Low Poverty (Wealthy)
210058,1,0,0,0.0,1,0,1,-0.05210115020558115,2,High Poverty (Poorest)
210060,1,1,0,0.0,1,0,1,0.006325124945629954,2,High Poverty (Poorest)
219001,1,0,1,0.0,1,0,0,-0.03749458141777837,2,High Poverty (Poorest)
219002,1,1,1,0.0,1,0,0,0.02093169373343273,1,Medium Poverty
219003,1,1,1,0.0,1,0,0,0.02093169373343273,1,Medium Poverty
219004,1,1,1,0.0,1,1,1,0.10857110646024938,0,Low Poverty (Wealthy)
219005,1,1,3,0.0,1,1,1,0.19621051918706603,0,Low Poverty (Wealthy)
219006,1,0,3,0.0,1,0,1,0.07935796888464383,0,Low Poverty (Wealthy)
219007,1,1,2,0.0,1,0,1,0.09396453767244661,0,Low Poverty (Wealthy)
219008,1,0,1,0.0,1,1,1,0.05014483130903828,1,Medium Poverty
219009,1,0,1,0.0,1,0,0,-0.03749458141777837,2,High Poverty (Poorest)
219010,1,1,1,0.0,1,1,1,0.10857110646024938,0,Low Poverty (Wealthy)
219014,1,0,2,0.0,1,1,0,0.06475140009684106,1,Medium Poverty
219015,1,0,1,0.0,1,1,0,0.02093169373343273,1,Medium Poverty
219017,1,1,3,0.0,1,1,1,0.19621051918706603,0,Low Poverty (Wealthy)
219018,1,1,3,0.0,1,1,1,0.19621051918706603,0,Low Poverty (Wealthy)
219020,1,1,1,0.0,1,0,1,0.05014483130903828,1,Medium Poverty
219022,1,0,2,0.0,1,0,1,0.03553826252123551,1,Medium Poverty
219023,1,0,0,0.0,1,0,0,-0.0813142877811867,2,High Poverty (Poorest)
219024,1,1,1,0.0,1,0,1,0.05014483130903828,1,Medium Poverty
219025,1,0,1,0.0,1,1,1,0.05014483130903828,1,Medium Poverty
219026,1,0,1,0.0,1,0,0,-0.03749458141777837,2,High Poverty (Poorest)
219027,1,1,3,0.0,1,1,1,0.19621051918706603,0,Low Poverty (Wealthy)
219028,1,1,0,0.0,1,0,1,0.006325124945629954,2,High Poverty (Poorest)
219031,1,1,1,0.0,1,0,1,0.05014483130903828,1,Medium Poverty
219032,1,0,2,0.0,1,1,1,0.09396453767244661,0,Low Poverty (Wealthy)
219033,1,0,2,0.0,1,0,1,0.03553826252123551,1,Medium Poverty
219034,1,1,1,0.0,1,1,1,0.10857110646024938,0,Low Poverty (Wealthy)
219035,1,0,3,0.0,1,1,0,0.10857110646024938,0,Low Poverty (Wealthy)
219036,1,1,2,0.0,1,0,0,0.06475140009684106,1,Medium Poverty
219038,1,1,1,0.0,1,0,0,0.02093169373343273,1,Medium Poverty
219039,1,1,0,0.0,1,0,0,-0.0228880126299756,2,High Poverty (Poorest)
219040,1,0,1,0.0,1,1,1,0.05014483130903828,1,Medium Poverty
219041,1,0,2,0.0,1,1,1,0.09396453767244661,0,Low Poverty (Wealthy)
219042,1,1,2,0.0,1,0,0,0.06475140009684106,1,Medium Poverty
219043,1,1,2,0.0,1,1,0,0.12317767524805216,0,Low Poverty (Wealthy)
219045,1,1,1,0.0,1,0,0,0.02093169373343273,1,Medium Poverty
219047,1,0,0,0.0,1,1,1,0.006325124945629954,2,High Poverty (Poorest)
219049,1,0,0,0.0,1,1,1,0.006325124945629954,2,High Poverty (Poorest)
219051,1,1,1,0.0,1,1,1,0.10857110646024938,0,Low Poverty (Wealthy)
219052,1,1,2,0.0,1,1,1,0.1523908128236577,0,Low Poverty (Wealthy)
219054,1,1,2,0.0,1,0,0,0.06475140009684106,1,Medium Poverty
219055,1,0,1,0.0,1,1,0,0.02093169373343273,1,Medium Poverty
219056,1,1,1,0.0,1,0,0,0.02093169373343273,1,Medium Poverty
219057,1,1,1,0.0,1,1,0,0.07935796888464383,0,Low Poverty (Wealthy)
219058,1,1,1,0.0,1,0,1,0.05014483130903828,1,Medium Poverty
219059,1,1,1,0.0,1,1,1,0.10857110646024938,0,Low Poverty (Wealthy)
219060,1,0,0,0.0,1,1,1,0.006325124945629954,2,High Poverty (Poorest)
219076,1,1,0,0.0,1,1,1,0.06475140009684106,1,Medium Poverty
220011,4,0,0,0.0,1,0,0,-0.12513399414459503,2,High Poverty (Poorest)
220012,1,1,0,0.0,1,1,0,0.03553826252123551,1,Medium Poverty
220013,1,1,0,0.0,1,1,1,0.06475140009684106,1,Medium Poverty
220014,2,1,2,0.0,1,1,1,0.13778424403585493,0,Low Poverty (Wealthy)
220015,2,1,1,0.0,1,0,0,0.006325124945629954,2,High Poverty (Poorest)
220016,1,0,3,0.0,1,0,1,0.07935796888464383,0,Low Poverty (Wealthy)
220017,1,1,0,0.0,1,0,1,0.006325124945629954,2,High Poverty (Poorest)
220018,1,1,1,0.0,1,0,1,0.05014483130903828,1,Medium Poverty
220019,13,0,1,0.0,1,0,1,-0.18356026929580613,2,High Poverty (Poorest)
220020,1,0,0,0.0,1,0,1,-0.05210115020558115,2,High Poverty (Poorest)
220021,1,1,2,0.0,1,0,1,0.09396453767244661,0,Low Poverty (Wealthy)
220022,1,0,0,0.0,1,0,1,-0.05210115020558115,2,High Poverty (Poorest)
220024,1,1,3,0.0,1,0,1,0.13778424403585493,0,Low Poverty (Wealthy)
220025,2,1,3,0.0,1,1,0,0.1523908128236577,0,Low Poverty (Wealthy)
220026,1,1,1,0.0,1,0,1,0.05014483130903828,1,Medium Poverty
220027,1,0,1,0.0,1,0,0,-0.03749458141777837,2,High Poverty (Poorest)
220028,1,1,2,0.0,1,0,0,0.06475140009684106,1,Medium Poverty
220029,1,1,1,0.0,1,1,1,0.10857110646024938,0,Low Poverty (Wealthy)
220051,1,0,2,0.0,1,1,1,0.09396453767244661,0,Low Poverty (Wealthy)
220052,1,1,0,0.0,1,0,0,-0.0228880126299756,2,High Poverty (Poorest)
220053,2,1,0,0.0,1,0,0,-0.03749458141777837,2,High Poverty (Poorest)
220054,1,1,1,0.0,1,1,0,0.07935796888464383,0,Low Poverty (Wealthy)
220055,2,0,1,0.0,1,0,1,-0.0228880126299756,2,High Poverty (Poorest)
220056,2,1,3,0.0,1,0,0,0.09396453767244661,0,Low Poverty (Wealthy)
220057,1,0,0,0.0,1,0,0,-0.0813142877811867,2,High Poverty (Poorest)
220059,4,0,2,0.0,1,0,1,-0.008281443842172822,2,High Poverty (Poorest)
220060,2,1,1,0.0,1,1,0,0.06475140009684106,1,Medium Poverty
220111,4,1,1,0.0,1,0,1,0.006325124945629954,2,High Poverty (Poorest)
220112,3,0,1,0.0,1,1,1,0.02093169373343273,1,Medium Poverty
220113,1,0,1,0.0,1,1,0,0.02093169373343273,1,Medium Poverty
220114,1,0,0,0.0,1,0,1,-0.05210115020558115,2,High Poverty (Poorest)
220115,3,0,1,0.0,1,0,1,-0.03749458141777837,2,High Poverty (Poorest)
220116,1,0,2,0.0,1,0,1,0.03553826252123551,1,Medium Poverty
220117,5,0,1,0.0,1,0,1,-0.06670771899338393,2,High Poverty (Poorest)
220118,2,1,1,0.0,1,0,0,0.006325124945629954,2,High Poverty (Poorest)
220119,1,1,2,0.0,1,1,1,0.1523908128236577,0,Low Poverty (Wealthy)
220120,1,1,2,0.0,1,0,1,0.09396453767244661,0,Low Poverty (Wealthy)
229002,1,1,1,0.0,1,1,0,0.07935796888464383,0,Low Poverty (Wealthy)
229003,1,0,1,0.0,1,0,0,-0.03749458141777837,2,High Poverty (Poorest)
229004,1,1,3,0.0,1,1,0,0.1669973816114605,0,Low Poverty (Wealthy)
229005,1,1,2,0.0,1,1,0,0.12317767524805216,0,Low Poverty (Wealthy)
229006,1,1,1,0.0,1,0,1,0.05014483130903828,1,Medium Poverty
229007,1,1,1,0.0,1,0,0,0.02093169373343273,1,Medium Poverty
229009,1,1,2,0.0,1,0,0,0.06475140009684106,1,Medium Poverty
229010,1,1,0,0.0,1,0,1,0.006325124945629954,2,High Poverty (Poorest)
229011,1,0,3,0.0,1,0,0,0.05014483130903828,1,Medium Poverty
229012,1,1,0,0.0,1,0,1,0.006325124945629954,2,High Poverty (Poorest)
229014,1,1,2,0.0,1,0,1,0.09396453767244661,0,Low Poverty (Wealthy)
229015,1,1,1,0.0,1,1,0,0.07935796888464383,0,Low Poverty (Wealthy)
229016,1,1,1,0.0,1,0,1,0.05014483130903828,1,Medium Poverty
229017,1,0,3,0.0,1,0,1,0.07935796888464383,0,Low Poverty (Wealthy)
229018,1,1,1,0.0,1,0,0,0.02093169373343273,1,Medium Poverty
229020,2,1,1,0.0,1,0,0,0.006325124945629954,2,High Poverty (Poorest)
229021,1,1,0,0.0,1,0,1,0.006325124945629954,2,High Poverty (Poorest)
229023,1,1,0,0.0,1,1,1,0.06475140009684106,1,Medium Poverty
229024,1,0,1,0.0,1,0,1,-0.008281443842172822,2,High Poverty (Poorest)
229025,1,1,2,0.0,1,0,0,0.06475140009684106,1,Medium Poverty
229026,1,1,0,0.0,1,0,1,0.006325124945629954,2,High Poverty (Poorest)
229028,1,1,0,0.0,1,0,1,0.006325124945629954,2,High Poverty (Poorest)
229029,1,1,1,0.0,1,0,1,0.05014483130903828,1,Medium Poverty
229031,1,1,2,0.0,1,1,1,0.1523908128236577,0,Low Poverty (Wealthy)
229032,1,1,2,0.0,1,0,1,0.09396453767244661,0,Low Poverty (Wealthy)
229033,1,0,0,0.0,1,0,1,-0.05210115020558115,2,High Poverty (Poorest)
229035,1,1,0,0.0,1,1,1,0.06475140009684106,1,Medium Poverty
229036,1,1,3,0.0,1,0,1,0.13778424403585493,0,Low Poverty (Wealthy)
229037,2,1,1,0.0,1,0,0,0.006325124945629954,2,High Poverty (Poorest)
229038,1,1,3,0.0,1,1,1,0.19621051918706603,0,Low Poverty (Wealthy)
229039,1,1,3,0.0,1,0,1,0.13778424403585493,0,Low Poverty (Wealthy)
229040,1,0,2,0.0,1,1,0,0.06475140009684106,1,Medium Poverty
229041,1,1,0,0.0,1,0,1,0.006325124945629954,2,High Poverty (Poorest)
229042,1,0,2,0.0,1,0,0,0.006325124945629954,2,High Poverty (Poorest)
229044,1,1,2,0.0,1,0,1,0.09396453767244661,0,Low Poverty (Wealthy)
229046,1,0,2,0.0,1,0,1,0.03553826252123551,1,Medium Poverty
229047,1,0,1,0.0,1,0,0,-0.03749458141777837,2,High Poverty (Poorest)
229048,1,1,1,0.0,1,0,1,0.05014483130903828,1,Medium Poverty
229049,1,0,0,0.0,1,1,0,-0.0228880126299756,2,High Poverty (Poorest)
229050,1,1,1,0.0,1,1,1,0.10857110646024938,0,Low Poverty (Wealthy)
229051,1,1,2,0.0,1,0,1,0.09396453767244661,0,Low Poverty (Wealthy)
229052,1,0,1,0.0,1,0,0,-0.03749458141777837,2,High Poverty (Poorest)
229053,1,1,1,0.0,1,1,0,0.07935796888464383,0,Low Poverty (Wealthy)
229056,1,1,1,0.0,1,1,0,0.07935796888464383,0,Low Poverty (Wealthy)
229057,1,1,2,0.0,1,0,1,0.09396453767244661,0,Low Poverty (Wealthy)
229058,1,0,3,0.0,1,1,1,0.13778424403585493,0,Low Poverty (Wealthy)
229059,1,0,0,0.0,1,0,0,-0.0813142877811867,2,High Poverty (Poorest)
229060,1,0,1,0.0,1,0,0,-0.03749458141777837,2,High Poverty (Poorest)
229061,1,0,0,0.0,1,0,0,-0.0813142877811867,2,High Poverty (Poorest)
229063,1,0,2,0.0,1,1,1,0.09396453767244661,0,Low Poverty (Wealthy)
229064,1,1,2,0.0,1,1,1,0.1523908128236577,0,Low Poverty (Wealthy)
229065,1,1,3,0.0,1,1,0,0.1669973816114605,0,Low Poverty (Wealthy)
229070,1,1,1,0.0,1,0,1,0.05014483130903828,1,Medium Poverty
229071,1,1,3,0.0,1,1,0,0.1669973816114605,0,Low Poverty (Wealthy)
229072,1,0,0,0.0,1,0,1,-0.05210115020558115,2,High Poverty (Poorest)
229087,1,0,2,0.0,1,0,1,0.03553826252123551,1,Medium Poverty
229090,1,0,0,0.0,1,0,1,-0.05210115020558115,2,High Poverty (Poorest)
229094,1,0,3,0.0,1,0,1,0.07935796888464383,0,Low Poverty (Wealthy)
230011,1,1,1,0.0,1,1,1,0.10857110646024938,0,Low Poverty (Wealthy)
230013,1,1,2,0.0,1,0,1,0.09396453767244661,0,Low Poverty (Wealthy)
230014,1,1,2,0.0,1,1,1,0.1523908128236577,0,Low Poverty (Wealthy)
230015,2,1,0,0.0,1,0,0,-0.03749458141777837,2,High Poverty (Poorest)
230016,1,1,0,0.0,1,0,0,-0.0228880126299756,2,High Poverty (Poorest)
230017,1,1,3,0.0,1,1,0,0.1669973816114605,0,Low Poverty (Wealthy)
230018,1,0,1,0.0,1,0,1,-0.008281443842172822,2,High Poverty (Poorest)
230019,1,1,0,0.0,1,1,0,0.03553826252123551,1,Medium Poverty
230020,1,1,1,0.0,1,1,0,0.07935796888464383,0,Low Poverty (Wealthy)
230071,1,0,2,0.0,1,0,1,0.03553826252123551,1,Medium Poverty
230072,1,1,0,0.0,1,1,0,0.03553826252123551,1,Medium Poverty
230073,1,1,1,0.0,1,0,1,0.05014483130903828,1,Medium Poverty
230074,1,1,0,0.0,1,1,1,0.06475140009684106,1,Medium Poverty
230075,1,1,1,0.0,1,0,1,0.05014483130903828,1,Medium Poverty
230076,1,0,3,0.0,1,0,1,0.07935796888464383,0,Low Poverty (Wealthy)
230077,3,1,3,0.0,1,0,1,0.10857110646024938,0,Low Poverty (Wealthy)
230078,1,1,2,0.0,1,0,1,0.09396453767244661,0,Low Poverty (Wealthy)
230079,1,1,0,0.0,1,1,0,0.03553826252123551,1,Medium Poverty
230080,1,0,3,0.0,1,1,1,0.13778424403585493,0,Low Poverty (Wealthy)
230081,1,1,1,0.0,1,1,0,0.07935796888464383,0,Low Poverty (Wealthy)
230083,2,1,0,0.0,1,0,0,-0.03749458141777837,2,High Poverty (Poorest)
230084,1,1,3,0.0,1,1,1,0.19621051918706603,0,Low Poverty (Wealthy)
230086,2,1,2,0.0,1,0,0,0.05014483130903828,1,Medium Poverty
230087,1,1,2,0.0,1,0,0,0.06475140009684106,1,Medium Poverty
230088,1,1,2,0.0,1,0,0,0.06475140009684106,1,Medium Poverty
230089,1,1,1,0.0,1,0,0,0.02093169373343273,1,Medium Poverty
230090,1,0,1,0.0,1,1,0,0.02093169373343273,1,Medium Poverty
230091,1,1,2,0.0,1,0,0,0.06475140009684106,1,Medium Poverty
230092,1,0,1,0.0,1,0,1,-0.008281443842172822,2,High Poverty (Poorest)
230093,1,1,1,0.0,1,1,1,0.10857110646024938,0,Low Poverty (Wealthy)
230095,1,0,2,0.0,1,1,0,0.06475140009684106,1,Medium Poverty
230097,1,0,2,0.0,1,1,1,0.09396453767244661,0,Low Poverty (Wealthy)
230098,1,0,1,0.0,1,0,0,-0.03749458141777837,2,High Poverty (Poorest)
230099,1,0,2,0.0,1,1,0,0.06475140009684106,1,Medium Poverty
239001,1,1,2,0.0,1,0,0,0.06475140009684106,1,Medium Poverty
239002,1,1,2,0.0,1,0,1,0.09396453767244661,0,Low Poverty (Wealthy)
239003,3,1,1,0.0,1,1,1,0.07935796888464383,0,Low Poverty (Wealthy)
239004,1,0,1,0.0,1,1,1,0.05014483130903828,1,Medium Poverty
239005,1,0,1,0.0,1,1,1,0.05014483130903828,1,Medium Poverty
239009,1,0,0,0.0,1,0,1,-0.05210115020558115,2,High Poverty (Poorest)
239010,1,0,1,0.0,1,1,1,0.05014483130903828,1,Medium Poverty
239012,1,1,1,0.0,1,1,1,0.10857110646024938,0,Low Poverty (Wealthy)
239013,1,0,1,0.0,1,0,0,-0.03749458141777837,2,High Poverty (Poorest)
239014,1,1,3,0.0,1,0,0,0.10857110646024938,0,Low Poverty (Wealthy)
239015,1,0,0,0.0,1,1,1,0.006325124945629954,2,High Poverty (Poorest)
239016,1,0,2,0.0,1,0,1,0.03553826252123551,1,Medium Poverty
239017,1,1,2,0.0,1,1,0,0.12317767524805216,0,Low Poverty (Wealthy)
239018,1,1,0,0.0,1,0,0,-0.0228880126299756,2,High Poverty (Poorest)
239021,1,0,3,0.0,1,1,1,0.13778424403585493,0,Low Poverty (Wealthy)
239022,1,0,2,0.0,1,1,1,0.09396453767244661,0,Low Poverty (Wealthy)
239023,1,1,1,0.0,1,0,0,0.02093169373343273,1,Medium Poverty
239024,1,0,2,0.0,1,1,1,0.09396453767244661,0,Low Poverty (Wealthy)
239025,1,0,1,0.0,1,0,1,-0.008281443842172822,2,High Poverty (Poorest)
239026,1,1,2,0.0,1,0,1,0.09396453767244661,0,Low Poverty (Wealthy)
239027,1,1,0,0.0,1,0,1,0.006325124945629954,2,High Poverty (Poorest)
239028,1,1,2,0.0,1,0,1,0.09396453767244661,0,Low Poverty (Wealthy)
239029,1,1,1,0.0,1,1,0,0.07935796888464383,0,Low Poverty (Wealthy)
239032,1,1,2,0.0,1,1,0,0.12317767524805216,0,Low Poverty (Wealthy)
239033,1,1,1,0.0,1,0,1,0.05014483130903828,1,Medium Poverty
239037,1,1,2,0.0,1,0,1,0.09396453767244661,0,Low Poverty (Wealthy)
239039,1,1,2,0.0,1,0,0,0.06475140009684106,1,Medium Poverty
239042,1,0,1,0.0,1,1,1,0.05014483130903828,1,Medium Poverty
239043,1,1,2,0.0,1,1,1,0.1523908128236577,0,Low Poverty (Wealthy)
239044,1,1,1,0.0,1,1,0,0.07935796888464383,0,Low Poverty (Wealthy)
239045,2,1,3,0.0,1,1,0,0.1523908128236577,0,Low Poverty (Wealthy)
239046,1501,1,1,0.0,1,0,0,-21.88892148797073,2,High Poverty (Poorest)
239047,1,1,2,0.0,1,0,1,0.09396453767244661,0,Low Poverty (Wealthy)
239048,1,0,2,0.0,1,1,1,0.09396453767244661,0,Low Poverty (Wealthy)
239049,1,1,1,0.0,1,1,1,0.10857110646024938,0,Low Poverty (Wealthy)
239050,1,0,1,0.0,1,1,1,0.05014483130903828,1,Medium Poverty
239052,1,0,1,0.0,1,1,1,0.05014483130903828,1,Medium Poverty
239053,1,0,2,0.0,1,1,1,0.09396453767244661,0,Low Poverty (Wealthy)
239054,1,1,1,0.0,1,1,1,0.10857110646024938,0,Low Poverty (Wealthy)
239055,1,0,1,0.0,1,1,1,0.05014483130903828,1,Medium Poverty
239058,1,1,2,0.0,1,1,1,0.1523908128236577,0,Low Poverty (Wealthy)
239059,1,1,1,0.0,1,0,0,0.02093169373343273,1,Medium Poverty
239061,1,0,2,0.0,1,0,1,0.03553826252123551,1,Medium Poverty
239062,1,1,1,0.0,1,0,0,0.02093169373343273,1,Medium Poverty
239063,1,1,0,0.0,1,1,1,0.06475140009684106,1,Medium Poverty
239064,1,0,2,0.0,1,0,1,0.03553826252123551,1,Medium Poverty
239065,1,1,0,0.0,1,0,0,-0.0228880126299756,2,High Poverty (Poorest)
239066,1,0,1,0.0,1,0,0,-0.03749458141777837,2,High Poverty (Poorest)
239068,1,1,3,0.0,1,1,1,0.19621051918706603,0,Low Poverty (Wealthy)
239070,1,1,1,0.0,1,0,1,0.05014483130903828,1,Medium Poverty
239071,1,1,3,0.0,1,0,0,0.10857110646024938,0,Low Poverty (Wealthy)
239072,1,1,3,0.0,1,0,1,0.13778424403585493,0,Low Poverty (Wealthy)
239074,1,0,1,0.0,1,1,0,0.02093169373343273,1,Medium Poverty
239076,1,0,0,0.0,1,0,0,-0.0813142877811867,2,High Poverty (Poorest)
239077,1,1,2,0.0,1,0,0,0.06475140009684106,1,Medium Poverty
239081,1,1,1,0.0,1,1,0,0.07935796888464383,0,Low Poverty (Wealthy)
239083,1,1,0,0.0,1,0,1,0.006325124945629954,2,High Poverty (Poorest)
239084,1,1,2,0.0,1,0,1,0.09396453767244661,0,Low Poverty (Wealthy)
239085,1,1,0,0.0,1,1,1,0.06475140009684106,1,Medium Poverty
239086,1,1,3,0.0,1,0,1,0.13778424403585493,0,Low Poverty (Wealthy)
239087,2,0,0,0.0,1,1,0,-0.03749458141777837,2,High Poverty (Poorest)
239088,1,1,0,0.0,1,0,1,0.006325124945629954,2,High Poverty (Poorest)
239089,1,1,0,0.0,1,0,0,-0.0228880126299756,2,High Poverty (Poorest)
239090,1,0,3,0.0,1,1,1,0.13778424403585493,0,Low Poverty (Wealthy)
239092,1,1,2,0.0,1,1,1,0.1523908128236577,0,Low Poverty (Wealthy)
239093,1,1,2,0.0,1,0,0,0.06475140009684106,1,Medium Poverty
239095,1,1,1,0.0,1,0,1,0.05014483130903828,1,Medium Poverty
239096,1,0,1,0.0,1,1,0,0.02093169373343273,1,Medium Poverty
239097,1,1,1,0.0,1,1,0,0.07935796888464383,0,Low Poverty (Wealthy)
239099,1,1,1,0.0,1,0,0,0.02093169373343273,1,Medium Poverty
239100,2,1,2,0.0,1,1,0,0.10857110646024938,0,Low Poverty (Wealthy)
239101,1,0,2,0.0,1,0,0,0.006325124945629954,2,High Poverty (Poorest)
239103,1,0,1,0.0,1,0,0,-0.03749458141777837,2,High Poverty (Poorest)
239104,1,1,3,0.0,1,0,1,0.13778424403585493,0,Low Poverty (Wealthy)
239106,1,1,0,0.0,1,0,0,-0.0228880126299756,2,High Poverty (Poorest)
239108,1,1,3,0.0,1,0,1,0.13778424403585493,0,Low Poverty (Wealthy)
239110,1301,1,0,0.0,1,0,1,-18.982214299197977,2,High Poverty (Poorest)
239111,1,0,1,0.0,1,0,1,-0.008281443842172822,2,High Poverty (Poorest)
239112,1301,1,1,0.0,1,0,0,-18.967607730410176,2,High Poverty (Poorest)
239113,1,0,1,0.0,1,0,0,-0.03749458141777837,2,High Poverty (Poorest)
239114,1,1,2,0.0,1,0,1,0.09396453767244661,0,Low Poverty (Wealthy)
239116,1,1,1,0.0,1,1,1,0.10857110646024938,0,Low Poverty (Wealthy)
239117,1,1,1,0.0,1,0,1,0.05014483130903828,1,Medium Poverty
239118,1,1,2,0.0,1,1,0,0.12317767524805216,0,Low Poverty (Wealthy)
239120,1,1,2,0.0,1,0,1,0.09396453767244661,0,Low Poverty (Wealthy)
239121,1,0,2,0.0,1,0,0,0.006325124945629954,2,High Poverty (Poorest)
239122,2,0,1,0.0,1,0,1,-0.0228880126299756,2,High Poverty (Poorest)
239123,1,1,2,0.0,1,1,1,0.1523908128236577,0,Low Poverty (Wealthy)
239124,1,1,2,0.0,1,0,0,0.06475140009684106,1,Medium Poverty
239125,1,0,1,0.0,1,0,1,-0.008281443842172822,2,High Poverty (Poorest)
239127,1,1,1,0.0,1,1,0,0.07935796888464383,0,Low Poverty (Wealthy)
239128,1,1,1,0.0,1,1,1,0.10857110646024938,0,Low Poverty (Wealthy)
239129,1,1,0,0.0,1,1,1,0.06475140009684106,1,Medium Poverty
239130,1,1,1,0.0,1,0,1,0.05014483130903828,1,Medium Poverty
239131,1,1,0,0.0,1,0,0,-0.0228880126299756,2,High Poverty (Poorest)
239132,1,0,2,0.0,1,1,0,0.06475140009684106,1,Medium Poverty
239133,1,0,2,0.0,1,0,1,0.03553826252123551,1,Medium Poverty
239135,1101,1,3,0.0,1,1,1,-15.871015147395987,2,High Poverty (Poorest)
239136,1,1,2,0.0,1,1,1,0.1523908128236577,0,Low Poverty (Wealthy)
239137,1,0,0,0.0,1,1,0,-0.0228880126299756,2,High Poverty (Poorest)
239138,1,1,3,0.0,1,0,0,0.10857110646024938,0,Low Poverty (Wealthy)
239140,1,1,3,0.0,1,0,1,0.13778424403585493,0,Low Poverty (Wealthy)
239141,1,1,1,0.0,1,1,1,0.10857110646024938,0,Low Poverty (Wealthy)
239142,1,0,2,0.0,1,0,1,0.03553826252123551,1,Medium Poverty
239143,1,1,3,0.0,1,0,1,0.13778424403585493,0,Low Poverty (Wealthy)
239144,1,1,1,0.0,1,0,1,0.05014483130903828,1,Medium Poverty
239146,1,1,3,0.0,1,0,0,0.10857110646024938,0,Low Poverty (Wealthy)
239147,1,1,0,0.0,1,0,0,-0.0228880126299756,2,High Poverty (Poorest)
239148,1,1,0,0.0,1,1,1,0.06475140009684106,1,Medium Poverty
239149,1,1,1,0.0,1,0,1,0.05014483130903828,1,Medium Poverty
239150,1,0,2,0.0,1,0,1,0.03553826252123551,1,Medium Poverty
239151,1,1,2,0.0,1,0,1,0.09396453767244661,0,Low Poverty (Wealthy)
239152,1,1,3,0.0,1,0,0,0.10857110646024938,0,Low Poverty (Wealthy)
239155,1301,1,1,0.0,1,1,0,-18.909181455258963,2,High Poverty (Poorest)
239156,1,0,0,0.0,1,1,1,0.006325124945629954,2,High Poverty (Poorest)
239158,1,0,2,0.0,1,0,1,0.03553826252123551,1,Medium Poverty
239159,1,1,2,0.0,1,1,1,0.1523908128236577,0,Low Poverty (Wealthy)
239160,1,1,0,0.0,1,0,1,0.006325124945629954,2,High Poverty (Poorest)
239161,1,1,1,0.0,1,1,1,0.10857110646024938,0,Low Poverty (Wealthy)
239162,1,1,2,0.0,1,0,0,0.06475140009684106,1,Medium Poverty
239163,1,1,2,0.0,1,0,1,0.09396453767244661,0,Low Poverty (Wealthy)
239164,1,1,1,0.0,1,0,1,0.05014483130903828,1,Medium Poverty
239165,1,1,1,0.0,1,1,1,0.10857110646024938,0,Low Poverty (Wealthy)
239167,1,1,3,0.0,1,0,1,0.13778424403585493,0,Low Poverty (Wealthy)
239168,1,1,2,0.0,1,1,0,0.12317767524805216,0,Low Poverty (Wealthy)
239169,1,0,1,0.0,1,0,0,-0.03749458141777837,2,High Poverty (Poorest)
239170,1,1,1,0.0,1,1,0,0.07935796888464383,0,Low Poverty (Wealthy)
239171,1,1,2,0.0,1,0,0,0.06475140009684106,1,Medium Poverty
239172,1,0,1,0.0,1,1,1,0.05014483130903828,1,Medium Poverty
239173,1,0,0,0.0,1,0,1,-0.05210115020558115,2,High Poverty (Poorest)
239175,1,0,1,0.0,1,0,1,-0.008281443842172822,2,High Poverty (Poorest)
239176,1,0,1,0.0,1,1,1,0.05014483130903828,1,Medium Poverty
239177,1,0,2,0.0,1,1,0,0.06475140009684106,1,Medium Poverty
239178,1,1,0,0.0,1,1,1,0.06475140009684106,1,Medium Poverty
239180,1,1,2,0.0,1,0,0,0.06475140009684106,1,Medium Poverty
239181,1,1,1,0.0,1,0,0,0.02093169373343273,1,Medium Poverty
239182,1,0,0,0.0,1,0,1,-0.05210115020558115,2,High Poverty (Poorest)
239183,2,0,0,0.0,1,0,1,-0.06670771899338393,2,High Poverty (Poorest)
239184,1,1,3,0.0,1,0,1,0.13778424403585493,0,Low Poverty (Wealthy)
239186,1,1,3,0.0,1,0,0,0.10857110646024938,0,Low Poverty (Wealthy)
239187,1,1,1,0.0,1,1,1,0.10857110646024938,0,Low Poverty (Wealthy)
239188,1,1,2,0.0,1,1,0,0.12317767524805216,0,Low Poverty (Wealthy)
239189,1,1,2,0.0,1,0,0,0.06475140009684106,1,Medium Poverty
239190,1,0,3,0.0,1,0,1,0.07935796888464383,0,Low Poverty (Wealthy)
239197,1,1,1,0.0,1,0,1,0.05014483130903828,1,Medium Poverty
239199,1,0,2,0.0,1,1,1,0.09396453767244661,0,Low Poverty (Wealthy)
239204,1,1,0,0.0,1,0,1,0.006325124945629954,2,High Poverty (Poorest)
239205,1,1,1,0.0,1,1,1,0.10857110646024938,0,Low Poverty (Wealthy)
239209,1,0,3,0.0,1,0,1,0.07935796888464383,0,Low Poverty (Wealthy)
239210,1,0,1,0.0,1,0,1,-0.008281443842172822,2,High Poverty (Poorest)
239211,1,0,1,0.0,1,1,1,0.05014483130903828,1,Medium Poverty
239212,1,1,0,0.0,1,1,1,0.06475140009684106,1,Medium Poverty
239213,1,0,2,0.0,1,0,1,0.03553826252123551,1,Medium Poverty
239214,1,1,2,0.0,1,0,0,0.06475140009684106,1,Medium Poverty
239216,1,0,1,0.0,1,1,1,0.05014483130903828,1,Medium Poverty
239217,1,1,3,0.0,1,0,1,0.13778424403585493,0,Low Poverty (Wealthy)
239218,1,1,0,0.0,1,1,0,0.03553826252123551,1,Medium Poverty
239219,1,1,1,0.0,1,1,1,0.10857110646024938,0,Low Poverty (Wealthy)
239221,1,1,3,0.0,1,1,0,0.1669973816114605,0,Low Poverty (Wealthy)
239222,1,0,1,0.0,1,0,1,-0.008281443842172822,2,High Poverty (Poorest)
240051,1,0,1,0.0,1,0,1,-0.008281443842172822,2,High Poverty (Poorest)
240052,1,1,1,0.0,1,1,0,0.07935796888464383,0,Low Poverty (Wealthy)
240053,1,1,2,0.0,1,0,1,0.09396453767244661,0,Low Poverty (Wealthy)
240055,1,1,0,0.0,1,0,1,0.006325124945629954,2,High Poverty (Poorest)
240056,1,0,3,0.0,1,1,1,0.13778424403585493,0,Low Poverty (Wealthy)
240057,1,0,2,0.0,1,0,0,0.006325124945629954,2,High Poverty (Poorest)
240059,1,0,0,0.0,1,1,1,0.006325124945629954,2,High Poverty (Poorest)
240060,1,1,2,0.0,1,1,1,0.1523908128236577,0,Low Poverty (Wealthy)
240072,1,0,1,0.0,1,1,1,0.05014483130903828,1,Medium Poverty
240073,1,1,1,0.0,1,1,1,0.10857110646024938,0,Low Poverty (Wealthy)
240074,1,0,2,0.0,1,0,1,0.03553826252123551,1,Medium Poverty
240075,1,1,3,0.0,1,0,1,0.13778424403585493,0,Low Poverty (Wealthy)
240077,1,0,0,0.0,1,1,1,0.006325124945629954,2,High Poverty (Poorest)
240078,1,1,1,0.0,1,0,0,0.02093169373343273,1,Medium Poverty
240080,1,1,1,0.0,1,1,1,0.10857110646024938,0,Low Poverty (Wealthy)
240081,1,0,1,0.0,1,1,1,0.05014483130903828,1,Medium Poverty
240083,2,1,1,0.0,1,0,1,0.03553826252123551,1,Medium Poverty
240084,1,1,0,0.0,1,1,0,0.03553826252123551,1,Medium Poverty
240085,1,1,2,0.0,1,0,0,0.06475140009684106,1,Medium Poverty
240086,1,1,1,0.0,1,0,0,0.02093169373343273,1,Medium Poverty
240087,1,0,0,0.0,1,1,0,-0.0228880126299756,2,High Poverty (Poorest)
240088,1,1,2,0.0,1,1,1,0.1523908128236577,0,Low Poverty (Wealthy)
240089,1,0,2,0.0,1,0,0,0.006325124945629954,2,High Poverty (Poorest)
240090,5,0,1,0.0,1,0,1,-0.06670771899338393,2,High Poverty (Poorest)
240113,1,1,1,0.0,1,0,0,0.02093169373343273,1,Medium Poverty
240114,2,0,2,0.0,1,0,0,-0.008281443842172822,2,High Poverty (Poorest)
240115,2,1,1,0.0,1,0,1,0.03553826252123551,1,Medium Poverty
240116,201,1,1,0.0,1,0,0,-2.9003820638271223,2,High Poverty (Poorest)
240117,1,1,2,0.0,1,1,1,0.1523908128236577,0,Low Poverty (Wealthy)
240118,1,1,0,0.0,1,1,0,0.03553826252123551,1,Medium Poverty
240119,1,0,0,0.0,1,0,1,-0.05210115020558115,2,High Poverty (Poorest)
240122,1,0,0,0.0,1,0,1,-0.05210115020558115,2,High Poverty (Poorest)
240123,4,1,0,0.0,1,1,1,0.02093169373343273,1,Medium Poverty
240124,1,0,0,0.0,1,1,0,-0.0228880126299756,2,High Poverty (Poorest)
240125,1,0,3,0.0,1,1,1,0.13778424403585493,0,Low Poverty (Wealthy)
240126,1,1,1,0.0,1,0,1,0.05014483130903828,1,Medium Poverty
240127,2,1,0,0.0,1,0,1,-0.008281443842172822,2,High Poverty (Poorest)
240128,2,1,1,0.0,1,0,1,0.03553826252123551,1,Medium Poverty
240129,1,0,3,0.0,1,1,0,0.10857110646024938,0,Low Poverty (Wealthy)
249001,1,1,1,0.0,1,0,1,0.05014483130903828,1,Medium Poverty
249006,1,0,1,0.0,1,0,0,-0.03749458141777837,2,High Poverty (Poorest)
249008,1,0,3,0.0,1,0,0,0.05014483130903828,1,Medium Poverty
249009,1,1,1,0.0,1,0,1,0.05014483130903828,1,Medium Poverty
249010,1,1,1,0.0,1,1,0,0.07935796888464383,0,Low Poverty (Wealthy)
249012,1,1,1,0.0,1,0,0,0.02093169373343273,1,Medium Poverty
249013,1,0,1,0.0,1,1,0,0.02093169373343273,1,Medium Poverty
249015,2,1,1,0.0,1,0,1,0.03553826252123551,1,Medium Poverty
249016,1,1,2,0.0,1,0,1,0.09396453767244661,0,Low Poverty (Wealthy)
249019,1,1,1,0.0,1,0,1,0.05014483130903828,1,Medium Poverty
249021,1,1,2,0.0,1,0,0,0.06475140009684106,1,Medium Poverty
249022,2,1,0,0.0,1,0,1,-0.008281443842172822,2,High Poverty (Poorest)
249023,1,1,0,0.0,1,1,1,0.06475140009684106,1,Medium Poverty
249025,1,1,1,0.0,1,1,1,0.10857110646024938,0,Low Poverty (Wealthy)
249026,1,1,3,0.0,1,0,0,0.10857110646024938,0,Low Poverty (Wealthy)
249027,1,1,1,0.0,1,0,1,0.05014483130903828,1,Medium Poverty
249029,1,1,2,0.0,1,1,1,0.1523908128236577,0,Low Poverty (Wealthy)
249031,1,1,1,0.0,1,0,0,0.02093169373343273,1,Medium Poverty
249032,1,1,0,0.0,1,0,0,-0.0228880126299756,2,High Poverty (Poorest)
249033,1,0,0,0.0,1,0,0,-0.0813142877811867,2,High Poverty (Poorest)
249034,1,1,1,0.0,1,1,1,0.10857110646024938,0,Low Poverty (Wealthy)
249035,1,1,0,0.0,1,0,0,-0.0228880126299756,2,High Poverty (Poorest)
249037,1,1,0,0.0,1,0,1,0.006325124945629954,2,High Poverty (Poorest)
249038,1,0,2,0.0,1,0,0,0.006325124945629954,2,High Poverty (Poorest)
249040,1,1,0,0.0,1,0,1,0.006325124945629954,2,High Poverty (Poorest)
249041,1,0,2,0.0,1,0,0,0.006325124945629954,2,High Poverty (Poorest)
249042,1,1,1,0.0,1,1,1,0.10857110646024938,0,Low Poverty (Wealthy)
249046,1,1,1,0.0,1,1,1,0.10857110646024938,0,Low Poverty (Wealthy)
249047,2,1,2,0.0,1,0,0,0.05014483130903828,1,Medium Poverty
249048,1,1,1,0.0,1,0,1,0.05014483130903828,1,Medium Poverty
249049,1,1,1,0.0,1,1,0,0.07935796888464383,0,Low Poverty (Wealthy)
249051,1,1,2,0.0,1,1,1,0.1523908128236577,0,Low Poverty (Wealthy)
249053,1,0,3,0.0,1,0,1,0.07935796888464383,0,Low Poverty (Wealthy)
249056,1,1,0,0.0,1,0,0,-0.0228880126299756,2,High Poverty (Poorest)
249057,2,1,0,0.0,1,0,0,-0.03749458141777837,2,High Poverty (Poorest)
249058,1,1,3,0.0,1,0,0,0.10857110646024938,0,Low Poverty (Wealthy)
249059,1,1,1,0.0,1,0,1,0.05014483130903828,1,Medium Poverty
249061,1,1,2,0.0,1,1,1,0.1523908128236577,0,Low Poverty (Wealthy)
249063,1,0,1,0.0,1,0,1,-0.008281443842172822,2,High Poverty (Poorest)
249065,2,1,0,0.0,1,1,0,0.02093169373343273,1,Medium Poverty
249066,1,1,2,0.0,1,1,0,0.12317767524805216,0,Low Poverty (Wealthy)
249067,1,1,1,0.0,1,1,1,0.10857110646024938,0,Low Poverty (Wealthy)
249068,1,1,1,0.0,1,0,0,0.02093169373343273,1,Medium Poverty
249069,3,0,1,0.0,1,0,1,-0.03749458141777837,2,High Poverty (Poorest)
249070,1,0,2,0.0,1,1,0,0.06475140009684106,1,Medium Poverty
249071,1,1,2,0.0,1,1,0,0.12317767524805216,0,Low Poverty (Wealthy)
249072,1,1,0,0.0,1,1,1,0.06475140009684106,1,Medium Poverty
249073,1,0,1,0.0,1,0,1,-0.008281443842172822,2,High Poverty (Poorest)
249074,1,1,2,0.0,1,0,1,0.09396453767244661,0,Low Poverty (Wealthy)
249075,1,1,2,0.0,1,1,0,0.12317767524805216,0,Low Poverty (Wealthy)
249077,1,1,2,0.0,1,0,0,0.06475140009684106,1,Medium Poverty
249078,1,1,0,0.0,1,0,1,0.006325124945629954,2,High Poverty (Poorest)
249079,1,0,2,0.0,1,0,1,0.03553826252123551,1,Medium Poverty
249081,1,0,2,0.0,1,0,1,0.03553826252123551,1,Medium Poverty
249083,1,1,0,0.0,1,0,0,-0.0228880126299756,2,High Poverty (Poorest)
249084,1,1,1,0.0,1,0,1,0.05014483130903828,1,Medium Poverty
249085,1,1,1,0.0,1,0,1,0.05014483130903828,1,Medium Poverty
249088,1,1,2,0.0,1,1,1,0.1523908128236577,0,Low Poverty (Wealthy)
249089,1,1,1,0.0,1,0,1,0.05014483130903828,1,Medium Poverty
249090,1,1,2,0.0,1,0,1,0.09396453767244661,0,Low Poverty (Wealthy)
249091,1,1,3,0.0,1,1,1,0.19621051918706603,0,Low Poverty (Wealthy)
249093,1,1,2,0.0,1,0,1,0.09396453767244661,0,Low Poverty (Wealthy)
249094,1,1,3,0.0,1,0,1,0.13778424403585493,0,Low Poverty (Wealthy)
249095,1,0,3,0.0,1,1,1,0.13778424403585493,0,Low Poverty (Wealthy)
249096,1,1,0,0.0,1,1,1,0.06475140009684106,1,Medium Poverty
249098,1,0,2,0.0,1,0,1,0.03553826252123551,1,Medium Poverty
249102,1,1,1,0.0,1,0,0,0.02093169373343273,1,Medium Poverty
249103,1,1,3,0.0,1,1,0,0.1669973816114605,0,Low Poverty (Wealthy)
249104,1,1,1,0.0,1,0,0,0.02093169373343273,1,Medium Poverty
249105,1,1,3,0.0,1,1,0,0.1669973816114605,0,Low Poverty (Wealthy)
249106,1,0,2,0.0,1,1,0,0.06475140009684106,1,Medium Poverty
249107,1,0,2,0.0,1,1,0,0.06475140009684106,1,Medium Poverty
249108,1,1,0,0.0,1,0,0,-0.0228880126299756,2,High Poverty (Poorest)
249109,1,0,0,0.0,1,0,1,-0.05210115020558115,2,High Poverty (Poorest)
249111,1,1,2,0.0,1,1,0,0.12317767524805216,0,Low Poverty (Wealthy)
249112,1,1,0,0.0,1,0,0,-0.0228880126299756,2,High Poverty (Poorest)
249113,1,1,2,0.0,1,0,1,0.09396453767244661,0,Low Poverty (Wealthy)
249114,1,1,0,0.0,1,1,1,0.06475140009684106,1,Medium Poverty
249115,1,0,2,0.0,1,0,1,0.03553826252123551,1,Medium Poverty
249116,1,1,1,0.0,1,0,1,0.05014483130903828,1,Medium Poverty
249117,1,1,2,0.0,1,1,1,0.1523908128236577,0,Low Poverty (Wealthy)
249119,1,0,2,0.0,1,0,1,0.03553826252123551,1,Medium Poverty
249120,1,1,1,0.0,1,0,1,0.05014483130903828,1,Medium Poverty
249121,2,0,0,0.0,1,0,1,-0.06670771899338393,2,High Poverty (Poorest)
249122,1,1,0,0.0,1,1,1,0.06475140009684106,1,Medium Poverty
249124,1,1,2,0.0,1,0,1,0.09396453767244661,0,Low Poverty (Wealthy)
249125,1,0,1,0.0,1,0,1,-0.008281443842172822,2,High Poverty (Poorest)
249126,1,1,2,0.0,1,1,0,0.12317767524805216,0,Low Poverty (Wealthy)
249127,1,1,1,0.0,1,1,1,0.10857110646024938,0,Low Poverty (Wealthy)
249130,1,1,1,0.0,1,0,1,0.05014483130903828,1,Medium Poverty
249131,1,1,1,0.0,1,1,1,0.10857110646024938,0,Low Poverty (Wealthy)
249133,1,1,0,0.0,1,0,1,0.006325124945629954,2,High Poverty (Poorest)
249135,1,0,1,0.0,1,1,1,0.05014483130903828,1,Medium Poverty
249136,1,0,3,0.0,1,0,1,0.07935796888464383,0,Low Poverty (Wealthy)
249139,1,0,3,0.0,1,0,1,0.07935796888464383,0,Low Poverty (Wealthy)
249141,1,1,1,0.0,1,1,0,0.07935796888464383,0,Low Poverty (Wealthy)
249142,1,1,2,0.0,1,0,1,0.09396453767244661,0,Low Poverty (Wealthy)
249143,1,1,2,0.0,1,0,0,0.06475140009684106,1,Medium Poverty
249144,1,1,1,0.0,1,0,0,0.02093169373343273,1,Medium Poverty
249145,1,0,0,0.0,1,1,1,0.006325124945629954,2,High Poverty (Poorest)
249147,1,1,0,0.0,1,0,0,-0.0228880126299756,2,High Poverty (Poorest)
249148,1,0,1,0.0,1,0,1,-0.008281443842172822,2,High Poverty (Poorest)
249149,1,0,3,0.0,1,0,0,0.05014483130903828,1,Medium Poverty
249150,1,0,2,0.0,1,0,0,0.006325124945629954,2,High Poverty (Poorest)
249151,1,1,0,0.0,1,0,1,0.006325124945629954,2,High Poverty (Poorest)
249152,1,0,0,0.0,1,0,0,-0.0813142877811867,2,High Poverty (Poorest)
249154,1,0,2,0.0,1,0,1,0.03553826252123551,1,Medium Poverty
249155,1,0,2,0.0,1,0,1,0.03553826252123551,1,Medium Poverty
249156,1,0,2,0.0,1,1,1,0.09396453767244661,0,Low Poverty (Wealthy)
249157,1,1,2,0.0,1,1,1,0.1523908128236577,0,Low Poverty (Wealthy)
249159,1,1,0,0.0,1,1,1,0.06475140009684106,1,Medium Poverty
249161,1,1,2,0.0,1,0,1,0.09396453767244661,0,Low Poverty (Wealthy)
249162,1,1,2,0.0,1,1,1,0.1523908128236577,0,Low Poverty (Wealthy)
249163,1,0,1,0.0,1,0,0,-0.03749458141777837,2,High Poverty (Poorest)
249164,1,1,2,0.0,1,1,1,0.1523908128236577,0,Low Poverty (Wealthy)
249166,1,0,1,0.0,1,0,1,-0.008281443842172822,2,High Poverty (Poorest)
249167,1,0,0,0.0,1,0,1,-0.05210115020558115,2,High Poverty (Poorest)
249182,1,0,1,0.0,1,0,1,-0.008281443842172822,2,High Poverty (Poorest)
249183,1,0,0,0.0,1,0,1,-0.05210115020558115,2,High Poverty (Poorest)
249185,3,0,1,0.0,1,1,1,0.02093169373343273,1,Medium Poverty
249186,1,1,1,0.0,1,1,1,0.10857110646024938,0,Low Poverty (Wealthy)
249187,1,1,1,0.0,1,1,0,0.07935796888464383,0,Low Poverty (Wealthy)
249188,1,0,1,0.0,1,1,0,0.02093169373343273,1,Medium Poverty
249189,1,0,1,0.0,1,0,1,-0.008281443842172822,2,High Poverty (Poorest)
249190,1,1,0,0.0,1,0,1,0.006325124945629954,2,High Poverty (Poorest)
249191,1,0,2,0.0,1,1,0,0.06475140009684106,1,Medium Poverty
249192,1,0,1,0.0,1,0,0,-0.03749458141777837,2,High Poverty (Poorest)
249195,1,1,1,0.0,1,1,0,0.07935796888464383,0,Low Poverty (Wealthy)
249196,1,0,3,0.0,1,0,1,0.07935796888464383,0,Low Poverty (Wealthy)
249198,1,0,2,0.0,1,0,1,0.03553826252123551,1,Medium Poverty
249199,1,1,3,0.0,1,1,1,0.19621051918706603,0,Low Poverty (Wealthy)
249201,3,0,1,0.0,1,0,0,-0.06670771899338393,2,High Poverty (Poorest)
249202,1,1,0,0.0,1,0,0,-0.0228880126299756,2,High Poverty (Poorest)
249203,1,1,2,0.0,1,0,0,0.06475140009684106,1,Medium Poverty
249204,1,0,1,0.0,1,1,0,0.02093169373343273,1,Medium Poverty
249205,2,1,1,0.0,1,0,1,0.03553826252123551,1,Medium Poverty
249208,1,1,0,0.0,1,0,1,0.006325124945629954,2,High Poverty (Poorest)
249210,1,0,2,0.0,1,0,0,0.006325124945629954,2,High Poverty (Poorest)
249211,1,1,0,0.0,1,0,0,-0.0228880126299756,2,High Poverty (Poorest)
249213,1,0,3,0.0,1,0,0,0.05014483130903828,1,Medium Poverty
249214,1,1,3,0.0,1,0,1,0.13778424403585493,0,Low Poverty (Wealthy)
249215,1,0,1,0.0,1,1,0,0.02093169373343273,1,Medium Poverty
249216,1,1,2,0.0,1,1,0,0.12317767524805216,0,Low Poverty (Wealthy)
249218,2,0,2,0.0,1,0,0,-0.008281443842172822,2,High Poverty (Poorest)
249219,1,1,2,0.0,1,1,1,0.1523908128236577,0,Low Poverty (Wealthy)
249221,1,0,1,0.0,1,0,1,-0.008281443842172822,2,High Poverty (Poorest)
249222,1,1,2,0.0,1,0,1,0.09396453767244661,0,Low Poverty (Wealthy)
249223,1,1,1,0.0,1,0,0,0.02093169373343273,1,Medium Poverty
249224,1,1,3,0.0,1,0,1,0.13778424403585493,0,Low Poverty (Wealthy)
249225,1,1,1,0.0,1,0,1,0.05014483130903828,1,Medium Poverty
249226,1,1,1,0.0,1,0,0,0.02093169373343273,1,Medium Poverty
249228,1,1,2,0.0,1,1,0,0.12317767524805216,0,Low Poverty (Wealthy)
249232,1,1,2,0.0,1,0,1,0.09396453767244661,0,Low Poverty (Wealthy)
249233,1,0,2,0.0,1,1,0,0.06475140009684106,1,Medium Poverty
249234,2,1,0,0.0,1,0,1,-0.008281443842172822,2,High Poverty (Poorest)
249235,1,1,1,0.0,1,0,1,0.05014483130903828,1,Medium Poverty
249236,1,1,3,0.0,1,0,1,0.13778424403585493,0,Low Poverty (Wealthy)
249238,1,1,2,0.0,1,0,0,0.06475140009684106,1,Medium Poverty
249239,1,1,2,0.0,1,1,1,0.1523908128236577,0,Low Poverty (Wealthy)
249240,1,0,0,0.0,1,1,1,0.006325124945629954,2,High Poverty (Poorest)
249241,1,1,1,0.0,1,0,0,0.02093169373343273,1,Medium Poverty
249242,1,1,2,0.0,1,1,1,0.1523908128236577,0,Low Poverty (Wealthy)
249243,1,1,2,0.0,1,1,0,0.12317767524805216,0,Low Poverty (Wealthy)
249244,1,1,0,0.0,1,1,0,0.03553826252123551,1,Medium Poverty
249247,1,1,3,0.0,1,0,1,0.13778424403585493,0,Low Poverty (Wealthy)
249250,1,1,1,0.0,1,1,0,0.07935796888464383,0,Low Poverty (Wealthy)
249253,1,1,0,0.0,1,0,0,-0.0228880126299756,2,High Poverty (Poorest)
249257,1,1,1,0.0,1,1,0,0.07935796888464383,0,Low Poverty (Wealthy)
249258,1,0,1,0.0,1,0,1,-0.008281443842172822,2,High Poverty (Poorest)
249264,1,1,1,0.0,1,0,1,0.05014483130903828,1,Medium Poverty
249267,1,1,0,0.0,1,0,0,-0.0228880126299756,2,High Poverty (Poorest)
249275,1,0,0,0.0,1,0,1,-0.05210115020558115,2,High Poverty (Poorest)
249276,1,0,2,0.0,1,1,0,0.06475140009684106,1,Medium Poverty
249278,1,1,0,0.0,1,0,1,0.006325124945629954,2,High Poverty (Poorest)
249279,1,0,1,0.0,1,0,1,-0.008281443842172822,2,High Poverty (Poorest)
250011,1,1,1,0.0,1,1,1,0.10857110646024938,0,Low Poverty (Wealthy)
250012,1,1,1,0.0,1,0,1,0.05014483130903828,1,Medium Poverty
250013,2,1,2,0.0,1,0,1,0.07935796888464383,0,Low Poverty (Wealthy)
250014,2,1,1,0.0,1,0,0,0.006325124945629954,2,High Poverty (Poorest)
250015,1,0,2,0.0,1,0,1,0.03553826252123551,1,Medium Poverty
250016,2,1,2,0.0,1,0,0,0.05014483130903828,1,Medium Poverty
250017,1,1,0,0.0,1,0,1,0.006325124945629954,2,High Poverty (Poorest)
250018,1,1,0,0.0,1,1,0,0.03553826252123551,1,Medium Poverty
250019,1,0,1,0.0,1,1,0,0.02093169373343273,1,Medium Poverty
250020,1,1,1,0.0,1,0,0,0.02093169373343273,1,Medium Poverty
259001,1,0,2,0.0,1,0,0,0.006325124945629954,2,High Poverty (Poorest)
259002,1,0,2,0.0,1,0,1,0.03553826252123551,1,Medium Poverty
259003,1,0,1,0.0,1,1,1,0.05014483130903828,1,Medium Poverty
259004,1,0,0,0.0,1,0,1,-0.05210115020558115,2,High Poverty (Poorest)
259007,1,1,1,0.0,1,1,1,0.10857110646024938,0,Low Poverty (Wealthy)
259008,1,0,2,0.0,1,0,1,0.03553826252123551,1,Medium Poverty
259009,2,1,1,0.0,1,1,0,0.06475140009684106,1,Medium Poverty
259010,1,1,1,0.0,1,0,0,0.02093169373343273,1,Medium Poverty
259011,1,1,0,0.0,1,1,0,0.03553826252123551,1,Medium Poverty
259012,1,0,2,0.0,1,0,0,0.006325124945629954,2,High Poverty (Poorest)
260051,1,1,3,0.0,1,1,0,0.1669973816114605,0,Low Poverty (Wealthy)
260052,1,1,1,0.0,1,0,0,0.02093169373343273,1,Medium Poverty
260053,1,1,1,0.0,1,0,0,0.02093169373343273,1,Medium Poverty
260054,1,0,3,0.0,1,0,0,0.05014483130903828,1,Medium Poverty
260055,1,1,1,0.0,1,1,1,0.10857110646024938,0,Low Poverty (Wealthy)
260056,1,1,2,0.0,1,1,0,0.12317767524805216,0,Low Poverty (Wealthy)
260057,1,1,0,0.0,1,0,1,0.006325124945629954,2,High Poverty (Poorest)
260058,1,0,2,0.0,1,0,1,0.03553826252123551,1,Medium Poverty
260059,1,1,0,0.0,1,0,1,0.006325124945629954,2,High Poverty (Poorest)
260060,1,0,3,0.0,1,1,0,0.10857110646024938,0,Low Poverty (Wealthy)
260081,1,0,2,0.0,1,1,0,0.06475140009684106,1,Medium Poverty
260082,1,1,2,0.0,1,1,0,0.12317767524805216,0,Low Poverty (Wealthy)
260083,1,0,2,0.0,1,0,0,0.006325124945629954,2,High Poverty (Poorest)
260084,4,0,2,0.0,1,1,0,0.02093169373343273,1,Medium Poverty
260085,1,0,1,0.0,1,1,1,0.05014483130903828,1,Medium Poverty
260086,1,1,3,0.0,1,1,1,0.19621051918706603,0,Low Poverty (Wealthy)
260087,1,1,3,0.0,1,0,1,0.13778424403585493,0,Low Poverty (Wealthy)
260088,2,1,1,0.0,1,1,1,0.09396453767244661,0,Low Poverty (Wealthy)
260089,1,1,3,0.0,1,0,0,0.10857110646024938,0,Low Poverty (Wealthy)
260090,1,0,2,0.0,1,0,1,0.03553826252123551,1,Medium Poverty
260111,1,1,1,0.0,1,0,0,0.02093169373343273,1,Medium Poverty
260112,1,1,1,0.0,1,0,1,0.05014483130903828,1,Medium Poverty
260113,1,0,1,0.0,1,0,1,-0.008281443842172822,2,High Poverty (Poorest)
260114,1,1,0,0.0,1,0,1,0.006325124945629954,2,High Poverty (Poorest)
260115,2,1,1,0.0,1,0,0,0.006325124945629954,2,High Poverty (Poorest)
260116,1,0,1,0.0,1,1,1,0.05014483130903828,1,Medium Poverty
260117,1,0,1,0.0,1,0,0,-0.03749458141777837,2,High Poverty (Poorest)
260118,1,0,1,0.0,1,0,0,-0.03749458141777837,2,High Poverty (Poorest)
260119,1,0,3,0.0,1,0,0,0.05014483130903828,1,Medium Poverty
260120,2,1,1,0.0,1,1,0,0.06475140009684106,1,Medium Poverty
260151,1,1,1,0.0,1,1,1,0.10857110646024938,0,Low Poverty (Wealthy)
260152,1,1,0,0.0,1,0,1,0.006325124945629954,2,High Poverty (Poorest)
260153,1,1,0,0.0,1,1,0,0.03553826252123551,1,Medium Poverty
260154,1,0,2,0.0,1,0,1,0.03553826252123551,1,Medium Poverty
260155,1,1,2,0.0,1,1,1,0.1523908128236577,0,Low Poverty (Wealthy)
260156,1,1,2,0.0,1,0,1,0.09396453767244661,0,Low Poverty (Wealthy)
260157,1,1,0,0.0,1,0,1,0.006325124945629954,2,High Poverty (Poorest)
260158,1,1,2,0.0,1,0,0,0.06475140009684106,1,Medium Poverty
260159,1,1,1,0.0,1,0,0,0.02093169373343273,1,Medium Poverty
260160,1,1,1,0.0,1,0,1,0.05014483130903828,1,Medium Poverty
260161,2,1,0,0.0,1,1,1,0.05014483130903828,1,Medium Poverty
260162,1,0,0,0.0,1,1,1,0.006325124945629954,2,High Poverty (Poorest)
260163,1,0,1,0.0,1,0,1,-0.008281443842172822,2,High Poverty (Poorest)
260164,1,0,0,0.0,1,0,1,-0.05210115020558115,2,High Poverty (Poorest)
260165,1,0,3,0.0,1,0,0,0.05014483130903828,1,Medium Poverty
260166,1,1,1,0.0,1,0,0,0.02093169373343273,1,Medium Poverty
260167,1,1,0,0.0,1,1,0,0.03553826252123551,1,Medium Poverty
260168,1,1,0,0.0,1,0,1,0.006325124945629954,2,High Poverty (Poorest)
260169,1,1,2,0.0,1,1,1,0.1523908128236577,0,Low Poverty (Wealthy)
260170,2,1,0,0.0,1,0,1,-0.008281443842172822,2,High Poverty (Poorest)
269001,1,0,3,0.0,1,0,1,0.07935796888464383,0,Low Poverty (Wealthy)
269002,1,0,3,0.0,1,0,1,0.07935796888464383,0,Low Poverty (Wealthy)
269004,1,1,1,0.0,1,0,1,0.05014483130903828,1,Medium Poverty
269005,2,1,1,0.0,1,0,1,0.03553826252123551,1,Medium Poverty
269006,1,1,0,0.0,1,1,0,0.03553826252123551,1,Medium Poverty
269007,1,0,2,0.0,1,0,1,0.03553826252123551,1,Medium Poverty
269009,1,0,1,0.0,1,0,1,-0.008281443842172822,2,High Poverty (Poorest)
269010,1,1,1,0.0,1,1,0,0.07935796888464383,0,Low Poverty (Wealthy)
269011,1,0,1,0.0,1,0,0,-0.03749458141777837,2,High Poverty (Poorest)
269012,1,0,2,0.0,1,1,1,0.09396453767244661,0,Low Poverty (Wealthy)
269013,1,1,1,0.0,1,0,0,0.02093169373343273,1,Medium Poverty
269014,1,0,0,0.0,1,0,1,-0.05210115020558115,2,High Poverty (Poorest)
269015,1,1,2,0.0,1,1,0,0.12317767524805216,0,Low Poverty (Wealthy)
269017,1,0,2,0.0,1,1,1,0.09396453767244661,0,Low Poverty (Wealthy)
269018,1,0,3,0.0,1,0,1,0.07935796888464383,0,Low Poverty (Wealthy)
269019,1,1,0,0.0,1,0,0,-0.0228880126299756,2,High Poverty (Poorest)
269020,1,1,2,0.0,1,1,1,0.1523908128236577,0,Low Poverty (Wealthy)
269021,2,1,2,0.0,1,0,1,0.07935796888464383,0,Low Poverty (Wealthy)
269023,1,1,0,0.0,1,0,1,0.006325124945629954,2,High Poverty (Poorest)
269024,1,0,2,0.0,1,1,1,0.09396453767244661,0,Low Poverty (Wealthy)
269025,1,1,1,0.0,1,1,1,0.10857110646024938,0,Low Poverty (Wealthy)
269026,1,0,3,0.0,1,1,0,0.10857110646024938,0,Low Poverty (Wealthy)
269027,1,1,0,0.0,1,1,1,0.06475140009684106,1,Medium Poverty
269028,1,1,2,0.0,1,1,1,0.1523908128236577,0,Low Poverty (Wealthy)
269030,1,1,1,0.0,1,1,0,0.07935796888464383,0,Low Poverty (Wealthy)
269031,1,1,3,0.0,1,1,0,0.1669973816114605,0,Low Poverty (Wealthy)
269033,1,0,1,0.0,1,0,0,-0.03749458141777837,2,High Poverty (Poorest)
269034,1,0,3,0.0,1,0,1,0.07935796888464383,0,Low Poverty (Wealthy)
269035,1,1,3,0.0,1,1,1,0.19621051918706603,0,Low Poverty (Wealthy)
269036,1,1,1,0.0,1,1,0,0.07935796888464383,0,Low Poverty (Wealthy)
269037,1,1,2,0.0,1,0,1,0.09396453767244661,0,Low Poverty (Wealthy)
269038,1,0,3,0.0,1,0,1,0.07935796888464383,0,Low Poverty (Wealthy)
269039,1,0,1,0.0,1,1,0,0.02093169373343273,1,Medium Poverty
269040,1,0,1,0.0,1,0,1,-0.008281443842172822,2,High Poverty (Poorest)
269041,1,1,1,0.0,1,0,1,0.05014483130903828,1,Medium Poverty
269042,1,1,1,0.0,1,1,1,0.10857110646024938,0,Low Poverty (Wealthy)
269043,1,1,0,0.0,1,1,0,0.03553826252123551,1,Medium Poverty
269044,1,0,1,0.0,1,1,0,0.02093169373343273,1,Medium Poverty
269046,1,1,1,0.0,1,1,0,0.07935796888464383,0,Low Poverty (Wealthy)
269047,1,1,1,0.0,1,0,1,0.05014483130903828,1,Medium Poverty
269049,1,0,0,0.0,1,1,1,0.006325124945629954,2,High Poverty (Poorest)
269050,1,1,3,0.0,1,0,1,0.13778424403585493,0,Low Poverty (Wealthy)
269051,1,1,2,0.0,1,1,0,0.12317767524805216,0,Low Poverty (Wealthy)
269052,1,1,0,0.0,1,0,0,-0.0228880126299756,2,High Poverty (Poorest)
269053,1,1,2,0.0,1,0,1,0.09396453767244661,0,Low Poverty (Wealthy)
269054,1,0,2,0.0,1,0,1,0.03553826252123551,1,Medium Poverty
269055,1,0,3,0.0,1,0,1,0.07935796888464383,0,Low Poverty (Wealthy)
269056,1,1,0,0.0,1,1,1,0.06475140009684106,1,Medium Poverty
269059,1,0,1,0.0,1,1,0,0.02093169373343273,1,Medium Poverty
269060,1,1,3,0.0,1,1,0,0.1669973816114605,0,Low Poverty (Wealthy)
269061,1,1,3,0.0,1,1,0,0.1669973816114605,0,Low Poverty (Wealthy)
269062,1,1,2,0.0,1,0,0,0.06475140009684106,1,Medium Poverty
269063,1,1,2,0.0,1,1,0,0.12317767524805216,0,Low Poverty (Wealthy)
269064,1,0,0,0.0,1,1,0,-0.0228880126299756,2,High Poverty (Poorest)
269066,1,0,1,0.0,1,1,0,0.02093169373343273,1,Medium Poverty
269067,1,0,1,0.0,1,0,0,-0.03749458141777837,2,High Poverty (Poorest)
269068,1,1,0,0.0,1,1,1,0.06475140009684106,1,Medium Poverty
269069,1,0,2,0.0,1,1,0,0.06475140009684106,1,Medium Poverty
269070,1,0,0,0.0,1,0,1,-0.05210115020558115,2,High Poverty (Poorest)
269071,2,1,1,0.0,1,1,1,0.09396453767244661,0,Low Poverty (Wealthy)
269073,1,1,3,0.0,1,1,1,0.19621051918706603,0,Low Poverty (Wealthy)
269074,1,0,0,0.0,1,0,1,-0.05210115020558115,2,High Poverty (Poorest)
269075,1,1,3,0.0,1,1,0,0.1669973816114605,0,Low Poverty (Wealthy)
269076,1,1,3,0.0,1,1,1,0.19621051918706603,0,Low Poverty (Wealthy)
269077,2,0,2,0.0,1,1,1,0.07935796888464383,0,Low Poverty (Wealthy)
269079,1,0,0,0.0,1,0,1,-0.05210115020558115,2,High Poverty (Poorest)
269081,1,0,1,0.0,1,1,0,0.02093169373343273,1,Medium Poverty
269082,1,1,1,0.0,1,0,0,0.02093169373343273,1,Medium Poverty
269083,1,0,1,0.0,1,0,0,-0.03749458141777837,2,High Poverty (Poorest)
269084,1,1,1,0.0,1,1,1,0.10857110646024938,0,Low Poverty (Wealthy)
269085,1,1,3,0.0,1,1,1,0.19621051918706603,0,Low Poverty (Wealthy)
269086,1,1,0,0.0,1,1,0,0.03553826252123551,1,Medium Poverty
269087,1,0,2,0.0,1,0,1,0.03553826252123551,1,Medium Poverty
269088,1,1,0,0.0,1,0,1,0.006325124945629954,2,High Poverty (Poorest)
269089,1,1,2,0.0,1,1,1,0.1523908128236577,0,Low Poverty (Wealthy)
269090,1,1,3,0.0,1,0,1,0.13778424403585493,0,Low Poverty (Wealthy)
269092,1,1,1,0.0,1,1,1,0.10857110646024938,0,Low Poverty (Wealthy)
269093,1,1,0,0.0,1,1,0,0.03553826252123551,1,Medium Poverty
269094,1,1,2,0.0,1,1,1,0.1523908128236577,0,Low Poverty (Wealthy)
269095,1,1,2,0.0,1,0,0,0.06475140009684106,1,Medium Poverty
269096,1,1,2,0.0,1,1,1,0.1523908128236577,0,Low Poverty (Wealthy)
269097,1,0,1,0.0,1,1,1,0.05014483130903828,1,Medium Poverty
269098,1,0,1,0.0,1,0,1,-0.008281443842172822,2,High Poverty (Poorest)
269099,1,0,3,0.0,1,0,1,0.07935796888464383,0,Low Poverty (Wealthy)
269100,1,1,3,0.0,1,0,0,0.10857110646024938,0,Low Poverty (Wealthy)
269101,1,1,1,0.0,1,0,0,0.02093169373343273,1,Medium Poverty
269102,1,1,2,0.0,1,1,1,0.1523908128236577,0,Low Poverty (Wealthy)
269104,1,1,1,0.0,1,1,0,0.07935796888464383,0,Low Poverty (Wealthy)
269105,1,1,1,0.0,1,1,1,0.10857110646024938,0,Low Poverty (Wealthy)
269106,1,1,0,0.0,1,0,0,-0.0228880126299756,2,High Poverty (Poorest)
270001,1,0,1,0.0,1,1,0,0.02093169373343273,1,Medium Poverty
270002,1,1,1,0.0,1,0,0,0.02093169373343273,1,Medium Poverty
270003,1,0,0,0.0,1,1,1,0.006325124945629954,2,High Poverty (Poorest)
270004,1,0,1,0.0,1,1,1,0.05014483130903828,1,Medium Poverty
270005,1,0,2,0.0,1,1,0,0.06475140009684106,1,Medium Poverty
270006,1,0,2,0.0,1,1,0,0.06475140009684106,1,Medium Poverty
270007,1,1,2,0.0,1,1,1,0.1523908128236577,0,Low Poverty (Wealthy)
270008,1,1,3,0.0,1,1,0,0.1669973816114605,0,Low Poverty (Wealthy)
270009,1,0,0,0.0,1,1,1,0.006325124945629954,2,High Poverty (Poorest)
270010,1,1,2,0.0,1,0,1,0.09396453767244661,0,Low Poverty (Wealthy)
270023,1,1,2,0.0,1,1,1,0.1523908128236577,0,Low Poverty (Wealthy)
270024,1,0,1,0.0,1,1,1,0.05014483130903828,1,Medium Poverty
270025,5,1,1,0.0,1,0,1,-0.008281443842172822,2,High Poverty (Poorest)
270028,1,0,0,0.0,1,0,1,-0.05210115020558115,2,High Poverty (Poorest)
270029,1,1,3,0.0,1,1,1,0.19621051918706603,0,Low Poverty (Wealthy)
270030,1,1,1,0.0,1,0,1,0.05014483130903828,1,Medium Poverty
270041,3,0,3,0.0,1,0,0,0.02093169373343273,1,Medium Poverty
270044,1,0,2,0.0,1,1,1,0.09396453767244661,0,Low Poverty (Wealthy)
270045,1,1,2,0.0,1,1,0,0.12317767524805216,0,Low Poverty (Wealthy)
270046,1,1,2,0.0,1,1,1,0.1523908128236577,0,Low Poverty (Wealthy)
270047,1,0,2,0.0,1,0,1,0.03553826252123551,1,Medium Poverty
270049,1,1,1,0.0,1,0,0,0.02093169373343273,1,Medium Poverty
270051,1,1,1,0.0,1,0,0,0.02093169373343273,1,Medium Poverty
270052,1,1,2,0.0,1,0,1,0.09396453767244661,0,Low Poverty (Wealthy)
270053,1,1,1,0.0,1,0,1,0.05014483130903828,1,Medium Poverty
270054,1,1,1,0.0,1,1,1,0.10857110646024938,0,Low Poverty (Wealthy)
270055,1,1,0,0.0,1,0,1,0.006325124945629954,2,High Poverty (Poorest)
270056,1,1,3,0.0,1,0,0,0.10857110646024938,0,Low Poverty (Wealthy)
270057,2,1,0,0.0,1,0,1,-0.008281443842172822,2,High Poverty (Poorest)
270059,1,0,2,0.0,1,0,1,0.03553826252123551,1,Medium Poverty
270061,1,0,1,0.0,1,0,1,-0.008281443842172822,2,High Poverty (Poorest)
270062,1,1,1,0.0,1,0,0,0.02093169373343273,1,Medium Poverty
270063,2,1,2,0.0,1,1,1,0.13778424403585493,0,Low Poverty (Wealthy)
270064,1,0,0,0.0,1,0,0,-0.0813142877811867,2,High Poverty (Poorest)
270065,9,1,2,0.0,1,0,0,-0.05210115020558115,2,High Poverty (Poorest)
270066,1,1,2,0.0,1,0,1,0.09396453767244661,0,Low Poverty (Wealthy)
270067,1,0,2,0.0,1,0,0,0.006325124945629954,2,High Poverty (Poorest)
270068,2,1,0,0.0,1,0,0,-0.03749458141777837,2,High Poverty (Poorest)
270069,1,0,3,0.0,1,0,1,0.07935796888464383,0,Low Poverty (Wealthy)
270070,1,0,2,0.0,1,0,1,0.03553826252123551,1,Medium Poverty
270091,1,1,3,0.0,1,1,1,0.19621051918706603,0,Low Poverty (Wealthy)
270092,1,1,1,0.0,1,0,1,0.05014483130903828,1,Medium Poverty
270093,2,0,1,0.0,1,0,1,-0.0228880126299756,2,High Poverty (Poorest)
270094,1,1,3,0.0,1,0,0,0.10857110646024938,0,Low Poverty (Wealthy)
270095,2,1,3,0.0,1,0,0,0.09396453767244661,0,Low Poverty (Wealthy)
270096,1,0,1,0.0,1,0,0,-0.03749458141777837,2,High Poverty (Poorest)
270097,2,0,1,0.0,1,0,1,-0.0228880126299756,2,High Poverty (Poorest)
270098,1,1,1,0.0,1,0,0,0.02093169373343273,1,Medium Poverty
270099,1,0,1,0.0,1,0,0,-0.03749458141777837,2,High Poverty (Poorest)
270100,2,1,1,0.0,1,0,1,0.03553826252123551,1,Medium Poverty
279001,1,1,1,0.0,1,0,1,0.05014483130903828,1,Medium Poverty
279002,1,1,3,0.0,1,0,1,0.13778424403585493,0,Low Poverty (Wealthy)
279004,1,0,0,0.0,1,1,1,0.006325124945629954,2,High Poverty (Poorest)
279005,1,1,2,0.0,1,1,0,0.12317767524805216,0,Low Poverty (Wealthy)
279006,1,1,0,0.0,1,1,1,0.06475140009684106,1,Medium Poverty
279007,1,0,1,0.0,1,1,1,0.05014483130903828,1,Medium Poverty
279008,1,0,0,0.0,1,1,1,0.006325124945629954,2,High Poverty (Poorest)
279009,1,0,1,0.0,1,1,0,0.02093169373343273,1,Medium Poverty
279010,1,1,2,0.0,1,1,1,0.1523908128236577,0,Low Poverty (Wealthy)
279011,1,1,3,0.0,1,0,1,0.13778424403585493,0,Low Poverty (Wealthy)
279015,1,0,1,0.0,1,0,0,-0.03749458141777837,2,High Poverty (Poorest)
279016,1,1,1,0.0,1,1,1,0.10857110646024938,0,Low Poverty (Wealthy)
279017,1,0,1,0.0,1,1,0,0.02093169373343273,1,Medium Poverty
279018,1,1,3,0.0,1,0,1,0.13778424403585493,0,Low Poverty (Wealthy)
279019,1,1,2,0.0,1,1,1,0.1523908128236577,0,Low Poverty (Wealthy)
279022,1,1,1,0.0,1,0,0,0.02093169373343273,1,Medium Poverty
279023,1,1,2,0.0,1,0,0,0.06475140009684106,1,Medium Poverty
279024,1,1,2,0.0,1,0,0,0.06475140009684106,1,Medium Poverty
279025,1,1,0,0.0,1,0,0,-0.0228880126299756,2,High Poverty (Poorest)
279028,1,1,1,0.0,1,0,0,0.02093169373343273,1,Medium Poverty
279029,1,1,3,0.0,1,1,0,0.1669973816114605,0,Low Poverty (Wealthy)
279030,1,0,2,0.0,1,1,1,0.09396453767244661,0,Low Poverty (Wealthy)
279031,1,0,1,0.0,1,1,0,0.02093169373343273,1,Medium Poverty
279032,1,0,1,0.0,1,0,1,-0.008281443842172822,2,High Poverty (Poorest)
279034,1,1,1,0.0,1,1,1,0.10857110646024938,0,Low Poverty (Wealthy)
279036,1,1,1,0.0,1,0,1,0.05014483130903828,1,Medium Poverty
279037,1,1,2,0.0,1,0,1,0.09396453767244661,0,Low Poverty (Wealthy)
279038,1,0,1,0.0,1,1,0,0.02093169373343273,1,Medium Poverty
279040,1,1,2,0.0,1,0,0,0.06475140009684106,1,Medium Poverty
279042,1,1,3,0.0,1,0,1,0.13778424403585493,0,Low Poverty (Wealthy)
279043,1,1,0,0.0,1,0,1,0.006325124945629954,2,High Poverty (Poorest)
279044,1,1,1,0.0,1,1,1,0.10857110646024938,0,Low Poverty (Wealthy)
279045,1,1,1,0.0,1,0,1,0.05014483130903828,1,Medium Poverty
279047,2,0,2,0.0,1,1,1,0.07935796888464383,0,Low Poverty (Wealthy)
279048,1,1,1,0.0,1,1,1,0.10857110646024938,0,Low Poverty (Wealthy)
279049,1,0,2,0.0,1,1,1,0.09396453767244661,0,Low Poverty (Wealthy)
279051,1,1,3,0.0,1,1,0,0.1669973816114605,0,Low Poverty (Wealthy)
279052,1,1,1,0.0,1,0,0,0.02093169373343273,1,Medium Poverty
279053,2,1,3,0.0,1,0,1,0.12317767524805216,0,Low Poverty (Wealthy)
279054,1,0,3,0.0,1,0,1,0.07935796888464383,0,Low Poverty (Wealthy)
279056,1,1,0,0.0,1,0,1,0.006325124945629954,2,High Poverty (Poorest)
279057,1,1,1,0.0,1,1,0,0.07935796888464383,0,Low Poverty (Wealthy)
279058,1,0,3,0.0,1,0,1,0.07935796888464383,0,Low Poverty (Wealthy)
279059,2,1,3,0.0,1,0,0,0.09396453767244661,0,Low Poverty (Wealthy)
279060,1,1,0,0.0,1,1,1,0.06475140009684106,1,Medium Poverty
279061,1,1,0,0.0,1,1,0,0.03553826252123551,1,Medium Poverty
279065,401,1,0,0.0,1,1,0,-5.807089252599875,2,High Poverty (Poorest)
279066,1,0,3,0.0,1,1,0,0.10857110646024938,0,Low Poverty (Wealthy)
279067,1,1,0,0.0,1,1,0,0.03553826252123551,1,Medium Poverty
279068,1,0,1,0.0,1,1,1,0.05014483130903828,1,Medium Poverty
279069,1,1,2,0.0,1,0,0,0.06475140009684106,1,Medium Poverty
279073,1,1,0,0.0,1,1,0,0.03553826252123551,1,Medium Poverty
279074,1,1,2,0.0,1,0,1,0.09396453767244661,0,Low Poverty (Wealthy)
279078,2,0,1,0.0,1,0,1,-0.0228880126299756,2,High Poverty (Poorest)
279080,1,1,3,0.0,1,0,0,0.10857110646024938,0,Low Poverty (Wealthy)
279081,4,1,1,0.0,1,1,0,0.03553826252123551,1,Medium Poverty
279082,1,1,2,0.0,1,1,1,0.1523908128236577,0,Low Poverty (Wealthy)
279083,1,1,2,0.0,1,0,1,0.09396453767244661,0,Low Poverty (Wealthy)
279084,1,1,1,0.0,1,0,0,0.02093169373343273,1,Medium Poverty
279087,1,1,0,0.0,1,1,1,0.06475140009684106,1,Medium Poverty
279088,1,1,1,0.0,1,1,0,0.07935796888464383,0,Low Poverty (Wealthy)
279089,1,0,1,0.0,1,0,0,-0.03749458141777837,2,High Poverty (Poorest)
279090,1,0,2,0.0,1,0,1,0.03553826252123551,1,Medium Poverty
279091,2,1,2,0.0,1,1,1,0.13778424403585493,0,Low Poverty (Wealthy)
279092,1,1,1,0.0,1,0,0,0.02093169373343273,1,Medium Poverty
279093,1,1,2,0.0,1,1,1,0.1523908128236577,0,Low Poverty (Wealthy)
279094,1,1,2,0.0,1,0,0,0.06475140009684106,1,Medium Poverty
279095,1,0,2,0.0,1,0,0,0.006325124945629954,2,High Poverty (Poorest)
279096,1,1,1,0.0,1,0,0,0.02093169373343273,1,Medium Poverty
279097,1,0,1,0.0,1,0,0,-0.03749458141777837,2,High Poverty (Poorest)
279098,1,0,1,0.0,1,0,1,-0.008281443842172822,2,High Poverty (Poorest)
279100,1,1,1,0.0,1,0,1,0.05014483130903828,1,Medium Poverty
279101,1,0,1,0.0,1,1,0,0.02093169373343273,1,Medium Poverty
279103,101,1,1,0.0,1,0,1,-1.4105120474712394,2,High Poverty (Poorest)
279105,1,0,0,0.0,1,1,1,0.006325124945629954,2,High Poverty (Poorest)
279107,1,1,2,0.0,1,0,1,0.09396453767244661,0,Low Poverty (Wealthy)
279112,1,1,1,0.0,1,1,1,0.10857110646024938,0,Low Poverty (Wealthy)
279114,1,0,0,0.0,1,0,0,-0.0813142877811867,2,High Poverty (Poorest)
279118,2,1,1,0.0,1,0,1,0.03553826252123551,1,Medium Poverty
279121,1,1,1,0.0,1,0,1,0.05014483130903828,1,Medium Poverty
279125,1,1,2,0.0,1,0,1,0.09396453767244661,0,Low Poverty (Wealthy)
280031,1,0,1,0.0,1,1,1,0.05014483130903828,1,Medium Poverty
280033,1,1,1,0.0,1,1,0,0.07935796888464383,0,Low Poverty (Wealthy)
280036,1,1,1,0.0,1,1,1,0.10857110646024938,0,Low Poverty (Wealthy)
280037,2,1,1,0.0,1,0,0,0.006325124945629954,2,High Poverty (Poorest)
280038,1,1,0,0.0,1,1,0,0.03553826252123551,1,Medium Poverty
280039,5,1,3,0.0,1,1,0,0.10857110646024938,0,Low Poverty (Wealthy)
280083,1,1,1,0.0,1,1,1,0.10857110646024938,0,Low Poverty (Wealthy)
280084,4,1,1,0.0,1,1,0,0.03553826252123551,1,Medium Poverty
280085,1,1,0,0.0,1,0,1,0.006325124945629954,2,High Poverty (Poorest)
280086,1,1,1,0.0,1,0,0,0.02093169373343273,1,Medium Poverty
280087,1,1,2,0.0,1,0,1,0.09396453767244661,0,Low Poverty (Wealthy)
280088,1,1,2,0.0,1,1,0,0.12317767524805216,0,Low Poverty (Wealthy)
280089,1,1,2,0.0,1,0,1,0.09396453767244661,0,Low Poverty (Wealthy)
280090,1,0,0,0.0,1,1,1,0.006325124945629954,2,High Poverty (Poorest)
280111,2,1,1,0.0,1,0,1,0.03553826252123551,1,Medium Poverty
280112,1,1,2,0.0,1,0,0,0.06475140009684106,1,Medium Poverty
280113,2,1,3,0.0,1,0,1,0.12317767524805216,0,Low Poverty (Wealthy)
280114,2,1,0,0.0,1,0,1,-0.008281443842172822,2,High Poverty (Poorest)
280116,1,1,1,0.0,1,1,1,0.10857110646024938,0,Low Poverty (Wealthy)
280117,1,1,1,0.0,1,0,0,0.02093169373343273,1,Medium Poverty
280118,1,0,0,0.0,1,1,1,0.006325124945629954,2,High Poverty (Poorest)
280119,1,1,1,0.0,1,0,0,0.02093169373343273,1,Medium Poverty
280120,4,1,0,0.0,1,0,1,-0.03749458141777837,2,High Poverty (Poorest)
289001,1,1,2,0.0,1,1,1,0.1523908128236577,0,Low Poverty (Wealthy)
289002,1,0,1,0.0,1,0,0,-0.03749458141777837,2,High Poverty (Poorest)
289003,1,1,0,0.0,1,1,1,0.06475140009684106,1,Medium Poverty
289005,1,0,0,0.0,1,1,1,0.006325124945629954,2,High Poverty (Poorest)
289006,1,0,2,0.0,1,1,1,0.09396453767244661,0,Low Poverty (Wealthy)
289007,1,0,0,0.0,1,0,0,-0.0813142877811867,2,High Poverty (Poorest)
289008,1,0,2,0.0,1,0,1,0.03553826252123551,1,Medium Poverty
289009,1,1,1,0.0,1,1,1,0.10857110646024938,0,Low Poverty (Wealthy)
289010,1,1,2,0.0,1,1,0,0.12317767524805216,0,Low Poverty (Wealthy)
289011,1,1,1,0.0,1,1,0,0.07935796888464383,0,Low Poverty (Wealthy)
289014,3,1,0,0.0,1,0,1,-0.0228880126299756,2,High Poverty (Poorest)
289015,1,0,1,0.0,1,0,0,-0.03749458141777837,2,High Poverty (Poorest)
289016,1,1,0,0.0,1,0,1,0.006325124945629954,2,High Poverty (Poorest)
289017,1,1,1,0.0,1,1,0,0.07935796888464383,0,Low Poverty (Wealthy)
289019,1,1,2,0.0,1,0,0,0.06475140009684106,1,Medium Poverty
289020,1,1,1,0.0,1,0,1,0.05014483130903828,1,Medium Poverty
289021,1,1,0,0.0,1,1,1,0.06475140009684106,1,Medium Poverty
289022,1,0,1,0.0,1,0,1,-0.008281443842172822,2,High Poverty (Poorest)
289025,1,1,2,0.0,1,0,1,0.09396453767244661,0,Low Poverty (Wealthy)
289027,1,0,3,0.0,1,0,1,0.07935796888464383,0,Low Poverty (Wealthy)
289028,1,1,2,0.0,1,0,0,0.06475140009684106,1,Medium Poverty
289030,1,1,1,0.0,1,0,1,0.05014483130903828,1,Medium Poverty
289031,1,1,2,0.0,1,0,0,0.06475140009684106,1,Medium Poverty
289032,1,0,3,0.0,1,0,1,0.07935796888464383,0,Low Poverty (Wealthy)
289034,1,1,2,0.0,1,0,0,0.06475140009684106,1,Medium Poverty
289036,1,0,1,0.0,1,0,0,-0.03749458141777837,2,High Poverty (Poorest)
289037,1,1,1,0.0,1,1,1,0.10857110646024938,0,Low Poverty (Wealthy)
289041,1,0,1,0.0,1,0,0,-0.03749458141777837,2,High Poverty (Poorest)
289042,1,0,1,0.0,1,0,0,-0.03749458141777837,2,High Poverty (Poorest)
289043,1,1,2,0.0,1,0,1,0.09396453767244661,0,Low Poverty (Wealthy)
289044,1,1,1,0.0,1,0,1,0.05014483130903828,1,Medium Poverty
289046,1,0,0,0.0,1,0,1,-0.05210115020558115,2,High Poverty (Poorest)
289047,1,0,2,0.0,1,0,1,0.03553826252123551,1,Medium Poverty
289048,1,1,2,0.0,1,1,0,0.12317767524805216,0,Low Poverty (Wealthy)
289049,1,1,1,0.0,1,0,1,0.05014483130903828,1,Medium Poverty
289050,1,1,2,0.0,1,1,0,0.12317767524805216,0,Low Poverty (Wealthy)
289051,1,0,1,0.0,1,0,1,-0.008281443842172822,2,High Poverty (Poorest)
289052,1,1,3,0.0,1,0,1,0.13778424403585493,0,Low Poverty (Wealthy)
289053,1,0,2,0.0,1,0,1,0.03553826252123551,1,Medium Poverty
289055,1,0,1,0.0,1,1,1,0.05014483130903828,1,Medium Poverty
289056,2,1,2,0.0,1,0,0,0.05014483130903828,1,Medium Poverty
289059,1,1,3,0.0,1,0,1,0.13778424403585493,0,Low Poverty (Wealthy)
289061,1,0,1,0.0,1,0,1,-0.008281443842172822,2,High Poverty (Poorest)
289062,1,0,1,0.0,1,0,0,-0.03749458141777837,2,High Poverty (Poorest)
289063,1,0,2,0.0,1,1,0,0.06475140009684106,1,Medium Poverty
289064,1,1,1,0.0,1,0,1,0.05014483130903828,1,Medium Poverty
289065,1,1,1,0.0,1,1,1,0.10857110646024938,0,Low Poverty (Wealthy)
289066,1,0,3,0.0,1,1,0,0.10857110646024938,0,Low Poverty (Wealthy)
289067,1,0,2,0.0,1,0,1,0.03553826252123551,1,Medium Poverty
289071,1,1,1,0.0,1,0,0,0.02093169373343273,1,Medium Poverty
289072,1,1,1,0.0,1,1,0,0.07935796888464383,0,Low Poverty (Wealthy)
289073,1,1,1,0.0,1,0,1,0.05014483130903828,1,Medium Poverty
289077,1,0,1,0.0,1,0,0,-0.03749458141777837,2,High Poverty (Poorest)
289080,1,0,0,0.0,1,1,1,0.006325124945629954,2,High Poverty (Poorest)
289081,1,1,2,0.0,1,1,0,0.12317767524805216,0,Low Poverty (Wealthy)
289082,1,1,1,0.0,1,1,0,0.07935796888464383,0,Low Poverty (Wealthy)
289083,1,0,1,0.0,1,1,0,0.02093169373343273,1,Medium Poverty
289084,1,1,1,0.0,1,0,1,0.05014483130903828,1,Medium Poverty
289088,1,0,3,0.0,1,0,1,0.07935796888464383,0,Low Poverty (Wealthy)
289097,1,1,1,0.0,1,0,1,0.05014483130903828,1,Medium Poverty
289098,1,0,0,0.0,1,1,0,-0.0228880126299756,2,High Poverty (Poorest)
289102,1,0,0,0.0,1,1,1,0.006325124945629954,2,High Poverty (Poorest)
290001,1,1,2,0.0,1,0,1,0.09396453767244661,0,Low Poverty (Wealthy)
290002,1,1,2,0.0,1,0,1,0.09396453767244661,0,Low Poverty (Wealthy)
290003,1,1,1,0.0,1,0,1,0.05014483130903828,1,Medium Poverty
290005,2,1,1,0.0,1,1,1,0.09396453767244661,0,Low Poverty (Wealthy)
290006,1,0,0,0.0,1,0,0,-0.0813142877811867,2,High Poverty (Poorest)
290007,1,1,1,0.0,1,0,1,0.05014483130903828,1,Medium Poverty
290009,1,0,1,0.0,1,1,1,0.05014483130903828,1,Medium Poverty
290010,1,1,0,0.0,1,1,1,0.06475140009684106,1,Medium Poverty
290031,1,1,0,0.0,1,0,0,-0.0228880126299756,2,High Poverty (Poorest)
290032,1,1,0,0.0,1,1,0,0.03553826252123551,1,Medium Poverty
290034,3,0,0,0.0,1,0,1,-0.0813142877811867,2,High Poverty (Poorest)
290036,2,1,2,0.0,1,0,0,0.05014483130903828,1,Medium Poverty
290037,1,1,0,0.0,1,0,0,-0.0228880126299756,2,High Poverty (Poorest)
290038,1,1,1,0.0,1,1,1,0.10857110646024938,0,Low Poverty (Wealthy)
290039,1,0,0,0.0,1,1,1,0.006325124945629954,2,High Poverty (Poorest)
290040,1,0,3,0.0,1,0,1,0.07935796888464383,0,Low Poverty (Wealthy)
290042,1,1,3,0.0,1,1,1,0.19621051918706603,0,Low Poverty (Wealthy)
290043,1,1,1,0.0,1,0,0,0.02093169373343273,1,Medium Poverty
290045,2,0,1,0.0,1,1,1,0.03553826252123551,1,Medium Poverty
290046,1,1,1,0.0,1,1,0,0.07935796888464383,0,Low Poverty (Wealthy)
290047,2,0,1,0.0,1,0,1,-0.0228880126299756,2,High Poverty (Poorest)
290048,1,1,0,0.0,1,0,1,0.006325124945629954,2,High Poverty (Poorest)
290049,2,0,2,0.0,1,1,0,0.05014483130903828,1,Medium Poverty
290050,1,0,1,0.0,1,0,0,-0.03749458141777837,2,High Poverty (Poorest)
290072,1,1,3,0.0,1,1,1,0.19621051918706603,0,Low Poverty (Wealthy)
290073,1,0,0,0.0,1,0,0,-0.0813142877811867,2,High Poverty (Poorest)
290075,1,1,2,0.0,1,1,0,0.12317767524805216,0,Low Poverty (Wealthy)
290078,1,1,2,0.0,1,0,1,0.09396453767244661,0,Low Poverty (Wealthy)
290080,2,0,0,0.0,1,0,1,-0.06670771899338393,2,High Poverty (Poorest)
290081,1,1,1,0.0,1,0,0,0.02093169373343273,1,Medium Poverty
290082,2,1,0,0.0,1,1,1,0.05014483130903828,1,Medium Poverty
290083,1,0,1,0.0,1,0,1,-0.008281443842172822,2,High Poverty (Poorest)
290084,1,1,1,0.0,1,0,0,0.02093169373343273,1,Medium Poverty
290085,1,1,2,0.0,1,1,1,0.1523908128236577,0,Low Poverty (Wealthy)
290086,1,1,1,0.0,1,1,0,0.07935796888464383,0,Low Poverty (Wealthy)
290087,1,0,3,0.0,1,0,1,0.07935796888464383,0,Low Poverty (Wealthy)
290088,1,0,0,0.0,1,1,1,0.006325124945629954,2,High Poverty (Poorest)
290090,1,0,3,0.0,1,1,1,0.13778424403585493,0,Low Poverty (Wealthy)
290171,1,1,1,0.0,1,0,1,0.05014483130903828,1,Medium Poverty
290172,1,1,2,0.0,1,0,0,0.06475140009684106,1,Medium Poverty
290173,1,1,1,0.0,1,1,0,0.07935796888464383,0,Low Poverty (Wealthy)
290176,1,0,0,0.0,1,1,1,0.006325124945629954,2,High Poverty (Poorest)
290177,1,0,3,0.0,1,0,1,0.07935796888464383,0,Low Poverty (Wealthy)
290178,1,1,1,0.0,1,0,0,0.02093169373343273,1,Medium Poverty
290179,1,1,2,0.0,1,0,1,0.09396453767244661,0,Low Poverty (Wealthy)
290180,1,0,2,0.0,1,0,0,0.006325124945629954,2,High Poverty (Poorest)
299001,1,1,1,0.0,1,0,0,0.02093169373343273,1,Medium Poverty
299004,2,0,1,0.0,1,0,1,-0.0228880126299756,2,High Poverty (Poorest)
299005,1,1,2,0.0,1,1,0,0.12317767524805216,0,Low Poverty (Wealthy)
299006,1,1,0,0.0,1,1,1,0.06475140009684106,1,Medium Poverty
299007,1,0,2,0.0,1,0,0,0.006325124945629954,2,High Poverty (Poorest)
299008,1,0,3,0.0,1,0,0,0.05014483130903828,1,Medium Poverty
299009,1,1,0,0.0,1,0,1,0.006325124945629954,2,High Poverty (Poorest)
299010,1,0,0,0.0,1,0,1,-0.05210115020558115,2,High Poverty (Poorest)
299011,1,1,2,0.0,1,1,1,0.1523908128236577,0,Low Poverty (Wealthy)
299012,1,1,1,0.0,1,1,1,0.10857110646024938,0,Low Poverty (Wealthy)
299013,1,1,1,0.0,1,0,0,0.02093169373343273,1,Medium Poverty
299014,1,1,0,0.0,1,0,1,0.006325124945629954,2,High Poverty (Poorest)
299015,1,1,1,0.0,1,0,1,0.05014483130903828,1,Medium Poverty
299018,1,0,0,0.0,1,1,1,0.006325124945629954,2,High Poverty (Poorest)
299020,1,1,1,0.0,1,0,0,0.02093169373343273,1,Medium Poverty
299022,2,1,2,0.0,1,1,0,0.10857110646024938,0,Low Poverty (Wealthy)
299025,1,1,1,0.0,1,1,1,0.10857110646024938,0,Low Poverty (Wealthy)
299027,1,0,1,0.0,1,0,1,-0.008281443842172822,2,High Poverty (Poorest)
299028,1,0,3,0.0,1,1,1,0.13778424403585493,0,Low Poverty (Wealthy)
299029,1,1,2,0.0,1,1,1,0.1523908128236577,0,Low Poverty (Wealthy)
299030,101,0,2,0.0,1,1,0,-1.3959054786834364,2,High Poverty (Poorest)
299032,1,1,1,0.0,1,1,1,0.10857110646024938,0,Low Poverty (Wealthy)
299033,1,1,2,0.0,1,0,1,0.09396453767244661,0,Low Poverty (Wealthy)
299034,1,1,0,0.0,1,0,1,0.006325124945629954,2,High Poverty (Poorest)
299035,1,1,0,0.0,1,1,0,0.03553826252123551,1,Medium Poverty
299036,1,1,1,0.0,1,1,0,0.07935796888464383,0,Low Poverty (Wealthy)
300011,1,1,1,0.0,1,1,0,0.07935796888464383,0,Low Poverty (Wealthy)
300012,1,0,2,0.0,1,0,1,0.03553826252123551,1,Medium Poverty
300014,2,1,1,0.0,1,1,0,0.06475140009684106,1,Medium Poverty
300016,1,1,2,0.0,1,0,0,0.06475140009684106,1,Medium Poverty
300017,1,1,2,0.0,1,0,1,0.09396453767244661,0,Low Poverty (Wealthy)
300018,1,1,2,0.0,1,0,0,0.06475140009684106,1,Medium Poverty
300019,1,0,1,0.0,1,0,0,-0.03749458141777837,2,High Poverty (Poorest)
300020,1,1,2,0.0,1,0,0,0.06475140009684106,1,Medium Poverty
300036,1,1,1,0.0,1,1,0,0.07935796888464383,0,Low Poverty (Wealthy)
300037,2,0,0,0.0,1,0,1,-0.06670771899338393,2,High Poverty (Poorest)
300038,1,1,3,0.0,1,0,1,0.13778424403585493,0,Low Poverty (Wealthy)
300040,1,1,0,0.0,1,0,1,0.006325124945629954,2,High Poverty (Poorest)
300091,1,1,0,0.0,1,0,1,0.006325124945629954,2,High Poverty (Poorest)
300092,1,1,3,0.0,1,1,1,0.19621051918706603,0,Low Poverty (Wealthy)
300094,1,1,1,0.0,1,0,1,0.05014483130903828,1,Medium Poverty
300095,1,0,2,0.0,1,0,0,0.006325124945629954,2,High Poverty (Poorest)
300096,1,1,1,0.0,1,1,0,0.07935796888464383,0,Low Poverty (Wealthy)
300097,1,0,1,0.0,1,1,1,0.05014483130903828,1,Medium Poverty
300098,1,1,1,0.0,1,1,0,0.07935796888464383,0,Low Poverty (Wealthy)
300099,1,1,1,0.0,1,1,0,0.07935796888464383,0,Low Poverty (Wealthy)
300100,2,0,1,0.0,1,1,1,0.03553826252123551,1,Medium Poverty
300131,1,0,2,0.0,1,0,1,0.03553826252123551,1,Medium Poverty
300135,2,1,1,0.0,1,1,0,0.06475140009684106,1,Medium Poverty
300136,1,0,3,0.0,1,1,0,0.10857110646024938,0,Low Poverty (Wealthy)
300137,1,1,0,0.0,1,0,0,-0.0228880126299756,2,High Poverty (Poorest)
300138,1,0,1,0.0,1,1,1,0.05014483130903828,1,Medium Poverty
300139,1,0,2,0.0,1,1,0,0.06475140009684106,1,Medium Poverty
300140,1,1,3,0.0,1,0,1,0.13778424403585493,0,Low Poverty (Wealthy)
300141,1,1,0,0.0,1,0,1,0.006325124945629954,2,High Poverty (Poorest)
300142,2,1,2,0.0,1,1,1,0.13778424403585493,0,Low Poverty (Wealthy)
300143,1,0,3,0.0,1,0,0,0.05014483130903828,1,Medium Poverty
300145,1,1,1,0.0,1,0,0,0.02093169373343273,1,Medium Poverty
300146,2,1,3,0.0,1,1,1,0.18160395039926328,0,Low Poverty (Wealthy)
300147,1,1,0,0.0,1,0,1,0.006325124945629954,2,High Poverty (Poorest)
300148,1,1,2,0.0,1,0,0,0.06475140009684106,1,Medium Poverty
300149,1,1,3,0.0,1,1,1,0.19621051918706603,0,Low Poverty (Wealthy)
300171,1,1,2,0.0,1,1,0,0.12317767524805216,0,Low Poverty (Wealthy)
300172,3,0,1,0.0,1,0,0,-0.06670771899338393,2,High Poverty (Poorest)
300173,1,1,0,0.0,1,1,1,0.06475140009684106,1,Medium Poverty
300175,1,0,3,0.0,1,0,0,0.05014483130903828,1,Medium Poverty
300176,1,1,1,0.0,1,0,1,0.05014483130903828,1,Medium Poverty
300177,1,0,0,0.0,1,0,1,-0.05210115020558115,2,High Poverty (Poorest)
300178,1,1,2,0.0,1,1,1,0.1523908128236577,0,Low Poverty (Wealthy)
300180,1,1,1,0.0,1,0,1,0.05014483130903828,1,Medium Poverty
309001,1,0,0,0.0,1,0,1,-0.05210115020558115,2,High Poverty (Poorest)
309002,1,0,1,0.0,1,1,0,0.02093169373343273,1,Medium Poverty
309003,1,0,0,0.0,1,0,1,-0.05210115020558115,2,High Poverty (Poorest)
309005,1,1,2,0.0,1,1,1,0.1523908128236577,0,Low Poverty (Wealthy)
309006,1,1,2,0.0,1,0,0,0.06475140009684106,1,Medium Poverty
309007,1,0,1,0.0,1,1,0,0.02093169373343273,1,Medium Poverty
309008,1,1,2,0.0,1,0,0,0.06475140009684106,1,Medium Poverty
309009,1,0,3,0.0,1,0,1,0.07935796888464383,0,Low Poverty (Wealthy)
309010,1,1,2,0.0,1,0,1,0.09396453767244661,0,Low Poverty (Wealthy)
309014,2,1,0,0.0,1,1,1,0.05014483130903828,1,Medium Poverty
309016,1,0,2,0.0,1,1,1,0.09396453767244661,0,Low Poverty (Wealthy)
309017,1,1,1,0.0,1,0,1,0.05014483130903828,1,Medium Poverty
309018,1,0,2,0.0,1,1,1,0.09396453767244661,0,Low Poverty (Wealthy)
309019,1,0,2,0.0,1,0,1,0.03553826252123551,1,Medium Poverty
309021,1,0,1,0.0,1,1,1,0.05014483130903828,1,Medium Poverty
309022,1,0,3,0.0,1,1,1,0.13778424403585493,0,Low Poverty (Wealthy)
309023,1,1,0,0.0,1,1,1,0.06475140009684106,1,Medium Poverty
309024,1,1,2,0.0,1,1,1,0.1523908128236577,0,Low Poverty (Wealthy)
309025,1,1,0,0.0,1,1,1,0.06475140009684106,1,Medium Poverty
309027,1,0,3,0.0,1,0,1,0.07935796888464383,0,Low Poverty (Wealthy)
309028,1,0,0,0.0,1,1,1,0.006325124945629954,2,High Poverty (Poorest)
309029,1,1,0,0.0,1,1,1,0.06475140009684106,1,Medium Poverty
309031,1,1,1,0.0,1,1,1,0.10857110646024938,0,Low Poverty (Wealthy)
309032,1,0,1,0.0,1,0,1,-0.008281443842172822,2,High Poverty (Poorest)
309033,1,1,1,0.0,1,0,1,0.05014483130903828,1,Medium Poverty
309035,1,1,2,0.0,1,0,0,0.06475140009684106,1,Medium Poverty
309036,1,1,1,0.0,1,1,0,0.07935796888464383,0,Low Poverty (Wealthy)
309037,1,1,0,0.0,1,0,1,0.006325124945629954,2,High Poverty (Poorest)
309039,1,0,1,0.0,1,0,1,-0.008281443842172822,2,High Poverty (Poorest)
309040,1,0,2,0.0,1,0,1,0.03553826252123551,1,Medium Poverty
309041,1,1,2,0.0,1,0,0,0.06475140009684106,1,Medium Poverty
309042,1,0,2,0.0,1,0,0,0.006325124945629954,2,High Poverty (Poorest)
309043,1,1,2,0.0,1,0,0,0.06475140009684106,1,Medium Poverty
309044,1,1,1,0.0,1,1,0,0.07935796888464383,0,Low Poverty (Wealthy)
309046,1,0,0,0.0,1,1,1,0.006325124945629954,2,High Poverty (Poorest)
309047,1,1,1,0.0,1,0,0,0.02093169373343273,1,Medium Poverty
309048,1,0,2,0.0,1,1,1,0.09396453767244661,0,Low Poverty (Wealthy)
309050,1,1,3,0.0,1,1,1,0.19621051918706603,0,Low Poverty (Wealthy)
309053,1,1,1,0.0,1,0,1,0.05014483130903828,1,Medium Poverty
309055,1,1,0,0.0,1,0,1,0.006325124945629954,2,High Poverty (Poorest)
309056,1,1,0,0.0,1,1,1,0.06475140009684106,1,Medium Poverty
309058,1,1,1,0.0,1,0,0,0.02093169373343273,1,Medium Poverty
309059,1,1,2,0.0,1,1,1,0.1523908128236577,0,Low Poverty (Wealthy)
309060,1,1,0,0.0,1,0,1,0.006325124945629954,2,High Poverty (Poorest)
309061,1,0,3,0.0,1,0,0,0.05014483130903828,1,Medium Poverty
309063,1,0,1,0.0,1,1,0,0.02093169373343273,1,Medium Poverty
309064,1,0,3,0.0,1,0,0,0.05014483130903828,1,Medium Poverty
309065,1,0,2,0.0,1,1,0,0.06475140009684106,1,Medium Poverty
309067,1,1,2,0.0,1,0,1,0.09396453767244661,0,Low Poverty (Wealthy)
309068,1,1,2,0.0,1,0,1,0.09396453767244661,0,Low Poverty (Wealthy)
309069,1,1,2,0.0,1,0,0,0.06475140009684106,1,Medium Poverty
309070,1,0,2,0.0,1,0,1,0.03553826252123551,1,Medium Poverty
309071,1,1,2,0.0,1,0,1,0.09396453767244661,0,Low Poverty (Wealthy)
309073,1,0,2,0.0,1,0,0,0.006325124945629954,2,High Poverty (Poorest)
309074,1,1,3,0.0,1,0,1,0.13778424403585493,0,Low Poverty (Wealthy)
309075,1,1,2,0.0,1,1,1,0.1523908128236577,0,Low Poverty (Wealthy)
309076,1,0,2,0.0,1,0,1,0.03553826252123551,1,Medium Poverty
309077,1,0,3,0.0,1,1,1,0.13778424403585493,0,Low Poverty (Wealthy)
309081,2,0,1,0.0,1,0,1,-0.0228880126299756,2,High Poverty (Poorest)
309082,1,1,0,0.0,1,0,0,-0.0228880126299756,2,High Poverty (Poorest)
309083,1,1,1,0.0,1,1,1,0.10857110646024938,0,Low Poverty (Wealthy)
309084,1,1,1,0.0,1,0,1,0.05014483130903828,1,Medium Poverty
309085,1,0,2,0.0,1,0,0,0.006325124945629954,2,High Poverty (Poorest)
309086,2,1,1,0.0,1,0,1,0.03553826252123551,1,Medium Poverty
309087,1,1,2,0.0,1,1,1,0.1523908128236577,0,Low Poverty (Wealthy)
309088,1,1,1,0.0,1,1,0,0.07935796888464383,0,Low Poverty (Wealthy)
309091,1,0,0,0.0,1,0,1,-0.05210115020558115,2,High Poverty (Poorest)
309092,1,0,2,0.0,1,0,0,0.006325124945629954,2,High Poverty (Poorest)
309093,1,1,2,0.0,1,1,1,0.1523908128236577,0,Low Poverty (Wealthy)
309094,1,1,0,0.0,1,0,0,-0.0228880126299756,2,High Poverty (Poorest)
309095,1,0,2,0.0,1,0,1,0.03553826252123551,1,Medium Poverty
309096,1,0,2,0.0,1,0,0,0.006325124945629954,2,High Poverty (Poorest)
309097,1,1,0,0.0,1,0,0,-0.0228880126299756,2,High Poverty (Poorest)
309098,1,1,0,0.0,1,0,0,-0.0228880126299756,2,High Poverty (Poorest)
309099,1,1,3,0.0,1,1,1,0.19621051918706603,0,Low Poverty (Wealthy)
309101,1,1,1,0.0,1,0,1,0.05014483130903828,1,Medium Poverty
309103,1,1,1,0.0,1,0,1,0.05014483130903828,1,Medium Poverty
309104,1,0,0,0.0,1,1,1,0.006325124945629954,2,High Poverty (Poorest)
309105,101,1,2,0.0,1,0,1,-1.3666923411078309,2,High Poverty (Poorest)
309108,1,1,2,0.0,1,0,0,0.06475140009684106,1,Medium Poverty
309109,1,1,2,0.0,1,0,1,0.09396453767244661,0,Low Poverty (Wealthy)
309112,1,1,0,0.0,1,1,0,0.03553826252123551,1,Medium Poverty
309113,1,0,3,0.0,1,0,1,0.07935796888464383,0,Low Poverty (Wealthy)
309114,1,0,1,0.0,1,0,1,-0.008281443842172822,2,High Poverty (Poorest)
309115,1,0,1,0.0,1,1,1,0.05014483130903828,1,Medium Poverty
309116,1,0,1,0.0,1,1,0,0.02093169373343273,1,Medium Poverty
309117,1,0,1,0.0,1,1,1,0.05014483130903828,1,Medium Poverty
309119,1,1,3,0.0,1,0,0,0.10857110646024938,0,Low Poverty (Wealthy)
309120,1,1,3,0.0,1,0,0,0.10857110646024938,0,Low Poverty (Wealthy)
309121,1,1,1,0.0,1,0,0,0.02093169373343273,1,Medium Poverty
309126,1,1,3,0.0,1,0,1,0.13778424403585493,0,Low Poverty (Wealthy)
309138,1,1,2,0.0,1,1,1,0.1523908128236577,0,Low Poverty (Wealthy)
310071,1,1,3,0.0,1,0,0,0.10857110646024938,0,Low Poverty (Wealthy)
310072,1,1,1,0.0,1,1,0,0.07935796888464383,0,Low Poverty (Wealthy)
310073,1,0,2,0.0,1,0,1,0.03553826252123551,1,Medium Poverty
310074,1,0,1,0.0,1,0,1,-0.008281443842172822,2,High Poverty (Poorest)
310075,1,1,2,0.0,1,1,0,0.12317767524805216,0,Low Poverty (Wealthy)
310076,1,1,0,0.0,1,0,0,-0.0228880126299756,2,High Poverty (Poorest)
310077,1,1,2,0.0,1,1,1,0.1523908128236577,0,Low Poverty (Wealthy)
310078,1,0,1,0.0,1,1,1,0.05014483130903828,1,Medium Poverty
310079,1,0,1,0.0,1,0,1,-0.008281443842172822,2,High Poverty (Poorest)
310080,1,1,2,0.0,1,0,1,0.09396453767244661,0,Low Poverty (Wealthy)
310081,1,0,3,0.0,1,0,0,0.05014483130903828,1,Medium Poverty
310082,1,1,2,0.0,1,1,0,0.12317767524805216,0,Low Poverty (Wealthy)
310083,1,1,3,0.0,1,0,0,0.10857110646024938,0,Low Poverty (Wealthy)
310084,1,1,1,0.0,1,1,0,0.07935796888464383,0,Low Poverty (Wealthy)
310085,1,1,1,0.0,1,0,1,0.05014483130903828,1,Medium Poverty
310086,1,1,1,0.0,1,1,1,0.10857110646024938,0,Low Poverty (Wealthy)
310087,1,1,0,0.0,1,1,1,0.06475140009684106,1,Medium Poverty
310088,1,1,2,0.0,1,0,0,0.06475140009684106,1,Medium Poverty
310089,1,1,2,0.0,1,0,1,0.09396453767244661,0,Low Poverty (Wealthy)
310090,1,0,2,0.0,1,0,1,0.03553826252123551,1,Medium Poverty
310091,1,0,2,0.0,1,0,0,0.006325124945629954,2,High Poverty (Poorest)
310092,1,0,2,0.0,1,0,1,0.03553826252123551,1,Medium Poverty
310093,1,1,0,0.0,1,0,0,-0.0228880126299756,2,High Poverty (Poorest)
310094,2,1,0,0.0,1,1,0,0.02093169373343273,1,Medium Poverty
310095,2,1,2,0.0,1,1,1,0.13778424403585493,0,Low Poverty (Wealthy)
310096,1,0,1,0.0,1,1,1,0.05014483130903828,1,Medium Poverty
310097,2,0,0,0.0,1,0,0,-0.09592085656898948,2,High Poverty (Poorest)
310098,1,1,1,0.0,1,1,0,0.07935796888464383,0,Low Poverty (Wealthy)
310099,1,0,2,0.0,1,0,1,0.03553826252123551,1,Medium Poverty
310100,1,1,1,0.0,1,0,1,0.05014483130903828,1,Medium Poverty
319001,1,1,2,0.0,1,0,1,0.09396453767244661,0,Low Poverty (Wealthy)
319002,1,1,2,0.0,1,0,0,0.06475140009684106,1,Medium Poverty
319004,1,0,1,0.0,1,0,0,-0.03749458141777837,2,High Poverty (Poorest)
319005,1,0,2,0.0,1,0,0,0.006325124945629954,2,High Poverty (Poorest)
319006,1,0,2,0.0,1,1,0,0.06475140009684106,1,Medium Poverty
319007,1,1,2,0.0,1,0,0,0.06475140009684106,1,Medium Poverty
319008,1,1,2,0.0,1,1,0,0.12317767524805216,0,Low Poverty (Wealthy)
319009,1,0,0,0.0,1,0,1,-0.05210115020558115,2,High Poverty (Poorest)
319010,1,1,2,0.0,1,0,0,0.06475140009684106,1,Medium Poverty
319012,1,1,1,0.0,1,0,1,0.05014483130903828,1,Medium Poverty
319025,1,0,3,0.0,1,1,0,0.10857110646024938,0,Low Poverty (Wealthy)
319026,1,1,2,0.0,1,0,1,0.09396453767244661,0,Low Poverty (Wealthy)
319027,1,1,2,0.0,1,0,0,0.06475140009684106,1,Medium Poverty
319029,1,0,1,0.0,1,0,1,-0.008281443842172822,2,High Poverty (Poorest)
319030,1,0,1,0.0,1,0,0,-0.03749458141777837,2,High Poverty (Poorest)
319031,1,1,1,0.0,1,1,1,0.10857110646024938,0,Low Poverty (Wealthy)
319032,1,1,1,0.0,1,0,1,0.05014483130903828,1,Medium Poverty
319033,1,1,1,0.0,1,0,1,0.05014483130903828,1,Medium Poverty
319034,1,1,1,0.0,1,1,0,0.07935796888464383,0,Low Poverty (Wealthy)
319036,1,1,0,0.0,1,0,1,0.006325124945629954,2,High Poverty (Poorest)
319037,1,1,3,0.0,1,1,1,0.19621051918706603,0,Low Poverty (Wealthy)
319038,1,1,0,0.0,1,1,0,0.03553826252123551,1,Medium Poverty
319039,1,1,3,0.0,1,1,1,0.19621051918706603,0,Low Poverty (Wealthy)
319040,1,0,3,0.0,1,0,1,0.07935796888464383,0,Low Poverty (Wealthy)
319041,1,1,1,0.0,1,1,1,0.10857110646024938,0,Low Poverty (Wealthy)
319042,1,1,2,0.0,1,0,1,0.09396453767244661,0,Low Poverty (Wealthy)
319043,1,1,1,0.0,1,1,1,0.10857110646024938,0,Low Poverty (Wealthy)
319044,1,1,2,0.0,1,0,1,0.09396453767244661,0,Low Poverty (Wealthy)
319048,1,0,1,0.0,1,0,1,-0.008281443842172822,2,High Poverty (Poorest)
319049,1,0,1,0.0,1,1,1,0.05014483130903828,1,Medium Poverty
319050,1,0,2,0.0,1,0,1,0.03553826252123551,1,Medium Poverty
319051,1,1,1,0.0,1,1,1,0.10857110646024938,0,Low Poverty (Wealthy)
319052,1,1,2,0.0,1,1,1,0.1523908128236577,0,Low Poverty (Wealthy)
319054,1,0,1,0.0,1,0,0,-0.03749458141777837,2,High Poverty (Poorest)
319056,1,1,1,0.0,1,0,0,0.02093169373343273,1,Medium Poverty
319057,1,1,0,0.0,1,0,0,-0.0228880126299756,2,High Poverty (Poorest)
319058,1,1,0,0.0,1,1,0,0.03553826252123551,1,Medium Poverty
319059,1,1,1,0.0,1,0,0,0.02093169373343273,1,Medium Poverty
319060,1,1,0,0.0,1,0,1,0.006325124945629954,2,High Poverty (Poorest)
319061,1,1,0,0.0,1,1,0,0.03553826252123551,1,Medium Poverty
319062,2,0,2,0.0,1,1,1,0.07935796888464383,0,Low Poverty (Wealthy)
319063,1,0,0,0.0,1,1,1,0.006325124945629954,2,High Poverty (Poorest)
319064,1,1,2,0.0,1,1,0,0.12317767524805216,0,Low Poverty (Wealthy)
319065,1,1,1,0.0,1,0,0,0.02093169373343273,1,Medium Poverty
319069,1,1,3,0.0,1,0,1,0.13778424403585493,0,Low Poverty (Wealthy)
319070,1,0,1,0.0,1,0,1,-0.008281443842172822,2,High Poverty (Poorest)
319071,1,0,1,0.0,1,1,1,0.05014483130903828,1,Medium Poverty
319072,1,1,1,0.0,1,1,1,0.10857110646024938,0,Low Poverty (Wealthy)
319079,1,0,1,0.0,1,1,1,0.05014483130903828,1,Medium Poverty
319083,1,1,2,0.0,1,1,1,0.1523908128236577,0,Low Poverty (Wealthy)
320001,1,1,0,0.0,1,0,1,0.006325124945629954,2,High Poverty (Poorest)
320002,1,1,3,0.0,1,0,1,0.13778424403585493,0,Low Poverty (Wealthy)
320007,1,1,1,0.0,1,0,1,0.05014483130903828,1,Medium Poverty
320008,1,1,1,0.0,1,0,0,0.02093169373343273,1,Medium Poverty
320009,1,0,2,0.0,1,1,1,0.09396453767244661,0,Low Poverty (Wealthy)
320010,1,1,1,0.0,1,0,1,0.05014483130903828,1,Medium Poverty
320051,2,1,2,0.0,1,1,1,0.13778424403585493,0,Low Poverty (Wealthy)
320052,1,1,1,0.0,1,1,0,0.07935796888464383,0,Low Poverty (Wealthy)
320054,1,1,2,0.0,1,0,0,0.06475140009684106,1,Medium Poverty
320055,1,1,0,0.0,1,0,0,-0.0228880126299756,2,High Poverty (Poorest)
320056,1,1,2,0.0,1,0,0,0.06475140009684106,1,Medium Poverty
320057,1,0,2,0.0,1,0,0,0.006325124945629954,2,High Poverty (Poorest)
320061,1,1,1,0.0,1,1,1,0.10857110646024938,0,Low Poverty (Wealthy)
320063,1,1,0,0.0,1,0,0,-0.0228880126299756,2,High Poverty (Poorest)
320074,2,1,1,0.0,1,1,0,0.06475140009684106,1,Medium Poverty
320075,1,1,3,0.0,1,1,0,0.1669973816114605,0,Low Poverty (Wealthy)
320076,1,0,1,0.0,1,0,1,-0.008281443842172822,2,High Poverty (Poorest)
320077,1,1,1,0.0,1,1,0,0.07935796888464383,0,Low Poverty (Wealthy)
320078,1,1,0,0.0,1,1,0,0.03553826252123551,1,Medium Poverty
320080,2,1,1,0.0,1,1,1,0.09396453767244661,0,Low Poverty (Wealthy)
320081,1,1,2,0.0,1,0,1,0.09396453767244661,0,Low Poverty (Wealthy)
320082,1,0,3,0.0,1,0,0,0.05014483130903828,1,Medium Poverty
320083,1,0,1,0.0,1,0,0,-0.03749458141777837,2,High Poverty (Poorest)
320181,1,1,2,0.0,1,0,0,0.06475140009684106,1,Medium Poverty
320182,1,0,1,0.0,1,1,1,0.05014483130903828,1,Medium Poverty
320183,1,1,0,0.0,1,1,0,0.03553826252123551,1,Medium Poverty
320184,1,0,1,0.0,1,1,1,0.05014483130903828,1,Medium Poverty
320185,1,0,2,0.0,1,0,0,0.006325124945629954,2,High Poverty (Poorest)
320186,1,1,3,0.0,1,0,1,0.13778424403585493,0,Low Poverty (Wealthy)
320191,1,1,3,0.0,1,1,0,0.1669973816114605,0,Low Poverty (Wealthy)
329001,1,1,1,0.0,1,0,0,0.02093169373343273,1,Medium Poverty
329002,1,1,1,0.0,1,0,1,0.05014483130903828,1,Medium Poverty
329003,1,0,1,0.0,1,0,0,-0.03749458141777837,2,High Poverty (Poorest)
329005,1,1,3,0.0,1,0,0,0.10857110646024938,0,Low Poverty (Wealthy)
329006,1,1,3,0.0,1,1,1,0.19621051918706603,0,Low Poverty (Wealthy)
329007,1,0,2,0.0,1,0,1,0.03553826252123551,1,Medium Poverty
329009,1,1,1,0.0,1,1,0,0.07935796888464383,0,Low Poverty (Wealthy)
329010,1,1,1,0.0,1,1,1,0.10857110646024938,0,Low Poverty (Wealthy)
329011,1,1,1,0.0,1,0,1,0.05014483130903828,1,Medium Poverty
329012,1,0,1,0.0,1,1,1,0.05014483130903828,1,Medium Poverty
329013,1,0,1,0.0,1,0,1,-0.008281443842172822,2,High Poverty (Poorest)
329014,1,0,0,0.0,1,1,1,0.006325124945629954,2,High Poverty (Poorest)
329015,1,1,0,0.0,1,0,0,-0.0228880126299756,2,High Poverty (Poorest)
329016,1,1,3,0.0,1,1,1,0.19621051918706603,0,Low Poverty (Wealthy)
329017,1,0,2,0.0,1,0,0,0.006325124945629954,2,High Poverty (Poorest)
329019,1,1,1,0.0,1,1,0,0.07935796888464383,0,Low Poverty (Wealthy)
329021,1,1,1,0.0,1,1,1,0.10857110646024938,0,Low Poverty (Wealthy)
329023,1,1,1,0.0,1,0,0,0.02093169373343273,1,Medium Poverty
329025,1,1,2,0.0,1,1,1,0.1523908128236577,0,Low Poverty (Wealthy)
329026,1,0,2,0.0,1,0,1,0.03553826252123551,1,Medium Poverty
329028,1,1,2,0.0,1,0,1,0.09396453767244661,0,Low Poverty (Wealthy)
329029,1,1,2,0.0,1,1,0,0.12317767524805216,0,Low Poverty (Wealthy)
329030,1,1,1,0.0,1,1,0,0.07935796888464383,0,Low Poverty (Wealthy)
329031,1,1,1,0.0,1,0,1,0.05014483130903828,1,Medium Poverty
329033,1,0,1,0.0,1,0,1,-0.008281443842172822,2,High Poverty (Poorest)
329034,1,1,1,0.0,1,1,0,0.07935796888464383,0,Low Poverty (Wealthy)
329035,1,0,2,0.0,1,1,0,0.06475140009684106,1,Medium Poverty
329036,1,1,1,0.0,1,0,1,0.05014483130903828,1,Medium Poverty
329037,1,1,0,0.0,1,0,0,-0.0228880126299756,2,High Poverty (Poorest)
329038,1,0,1,0.0,1,1,1,0.05014483130903828,1,Medium Poverty
329039,1,1,3,0.0,1,1,1,0.19621051918706603,0,Low Poverty (Wealthy)
329040,1,0,1,0.0,1,1,1,0.05014483130903828,1,Medium Poverty
329041,1,1,2,0.0,1,0,0,0.06475140009684106,1,Medium Poverty
329042,1301,1,1,0.0,1,1,0,-18.909181455258963,2,High Poverty (Poorest)
329046,1,1,0,0.0,1,1,0,0.03553826252123551,1,Medium Poverty
329047,1,1,1,0.0,1,0,1,0.05014483130903828,1,Medium Poverty
329048,1,1,2,0.0,1,0,1,0.09396453767244661,0,Low Poverty (Wealthy)
329049,1,1,1,0.0,1,1,1,0.10857110646024938,0,Low Poverty (Wealthy)
329050,1,1,3,0.0,1,0,1,0.13778424403585493,0,Low Poverty (Wealthy)
329053,1,1,1,0.0,1,1,0,0.07935796888464383,0,Low Poverty (Wealthy)
329054,1,0,0,0.0,1,1,1,0.006325124945629954,2,High Poverty (Poorest)
329055,1,1,3,0.0,1,1,1,0.19621051918706603,0,Low Poverty (Wealthy)
329056,1,0,1,0.0,1,1,1,0.05014483130903828,1,Medium Poverty
329057,1,1,2,0.0,1,0,0,0.06475140009684106,1,Medium Poverty
329058,1,0,2,0.0,1,0,1,0.03553826252123551,1,Medium Poverty
329059,1,0,1,0.0,1,1,1,0.05014483130903828,1,Medium Poverty
329060,1,1,2,0.0,1,0,1,0.09396453767244661,0,Low Poverty (Wealthy)
329061,1,1,0,0.0,1,0,0,-0.0228880126299756,2,High Poverty (Poorest)
329062,1,1,1,0.0,1,0,1,0.05014483130903828,1,Medium Poverty
329063,1,0,0,0.0,1,0,0,-0.0813142877811867,2,High Poverty (Poorest)
329065,1,1,2,0.0,1,1,1,0.1523908128236577,0,Low Poverty (Wealthy)
329066,1,1,1,0.0,1,0,1,0.05014483130903828,1,Medium Poverty
329067,1,1,2,0.0,1,0,1,0.09396453767244661,0,Low Poverty (Wealthy)
329070,1,0,3,0.0,1,1,1,0.13778424403585493,0,Low Poverty (Wealthy)
329071,1,1,1,0.0,1,1,1,0.10857110646024938,0,Low Poverty (Wealthy)
329073,1,0,1,0.0,1,1,0,0.02093169373343273,1,Medium Poverty
329074,1,1,1,0.0,1,1,0,0.07935796888464383,0,Low Poverty (Wealthy)
329075,1,1,1,0.0,1,1,1,0.10857110646024938,0,Low Poverty (Wealthy)
329076,1,1,1,0.0,1,1,1,0.10857110646024938,0,Low Poverty (Wealthy)
329077,1,1,2,0.0,1,0,0,0.06475140009684106,1,Medium Poverty
329079,1,1,3,0.0,1,1,0,0.1669973816114605,0,Low Poverty (Wealthy)
329080,1,1,3,0.0,1,0,1,0.13778424403585493,0,Low Poverty (Wealthy)
329081,1,1,3,0.0,1,1,1,0.19621051918706603,0,Low Poverty (Wealthy)
329082,1,1,3,0.0,1,0,1,0.13778424403585493,0,Low Poverty (Wealthy)
329085,1,1,1,0.0,1,0,0,0.02093169373343273,1,Medium Poverty
329087,1,1,2,0.0,1,0,1,0.09396453767244661,0,Low Poverty (Wealthy)
329088,1,1,3,0.0,1,0,1,0.13778424403585493,0,Low Poverty (Wealthy)
329089,1,1,1,0.0,1,1,1,0.10857110646024938,0,Low Poverty (Wealthy)
329090,1,1,3,0.0,1,1,1,0.19621051918706603,0,Low Poverty (Wealthy)
329091,2,1,1,0.0,1,1,0,0.06475140009684106,1,Medium Poverty
329092,1,0,2,0.0,1,1,1,0.09396453767244661,0,Low Poverty (Wealthy)
329093,1,1,2,0.0,1,0,0,0.06475140009684106,1,Medium Poverty
329095,1,1,3,0.0,1,1,0,0.1669973816114605,0,Low Poverty (Wealthy)
329096,1,0,1,0.0,1,0,1,-0.008281443842172822,2,High Poverty (Poorest)
329108,1,0,2,0.0,1,1,1,0.09396453767244661,0,Low Poverty (Wealthy)
330031,1,1,1,0.0,1,0,1,0.05014483130903828,1,Medium Poverty
330032,1,1,1,0.0,1,0,1,0.05014483130903828,1,Medium Poverty
330033,1,1,2,0.0,1,1,0,0.12317767524805216,0,Low Poverty (Wealthy)
330034,1,0,2,0.0,1,1,1,0.09396453767244661,0,Low Poverty (Wealthy)
330035,1,1,2,0.0,1,1,0,0.12317767524805216,0,Low Poverty (Wealthy)
330036,1,0,1,0.0,1,1,1,0.05014483130903828,1,Medium Poverty
330037,1,1,1,0.0,1,0,0,0.02093169373343273,1,Medium Poverty
330038,4,0,2,0.0,1,1,1,0.05014483130903828,1,Medium Poverty
330039,1,0,1,0.0,1,1,0,0.02093169373343273,1,Medium Poverty
330040,1,0,0,0.0,1,0,1,-0.05210115020558115,2,High Poverty (Poorest)
330051,1,1,3,0.0,1,0,1,0.13778424403585493,0,Low Poverty (Wealthy)
330052,1,0,1,0.0,1,0,1,-0.008281443842172822,2,High Poverty (Poorest)
330054,2,1,2,0.0,1,1,1,0.13778424403585493,0,Low Poverty (Wealthy)
330055,4,1,1,0.0,1,0,1,0.006325124945629954,2,High Poverty (Poorest)
330056,1,1,1,0.0,1,0,1,0.05014483130903828,1,Medium Poverty
330057,1,1,1,0.0,1,0,1,0.05014483130903828,1,Medium Poverty
330058,1,1,1,0.0,1,0,1,0.05014483130903828,1,Medium Poverty
330059,2,0,1,0.0,1,1,0,0.006325124945629954,2,High Poverty (Poorest)
330060,1,1,1,0.0,1,1,0,0.07935796888464383,0,Low Poverty (Wealthy)
330061,2,0,1,0.0,1,0,0,-0.05210115020558115,2,High Poverty (Poorest)
330062,1,0,0,0.0,1,0,0,-0.0813142877811867,2,High Poverty (Poorest)
330063,1,1,1,0.0,1,0,1,0.05014483130903828,1,Medium Poverty
330064,1,1,0,0.0,1,1,0,0.03553826252123551,1,Medium Poverty
330065,2,1,0,0.0,1,0,0,-0.03749458141777837,2,High Poverty (Poorest)
330066,1,1,3,0.0,1,0,0,0.10857110646024938,0,Low Poverty (Wealthy)
330067,1,1,2,0.0,1,1,1,0.1523908128236577,0,Low Poverty (Wealthy)
330068,1,0,2,0.0,1,0,1,0.03553826252123551,1,Medium Poverty
330069,2,0,1,0.0,1,1,0,0.006325124945629954,2,High Poverty (Poorest)
330070,1,0,3,0.0,1,0,1,0.07935796888464383,0,Low Poverty (Wealthy)
339001,1,0,2,0.0,1,1,0,0.06475140009684106,1,Medium Poverty
339002,1,1,2,0.0,1,0,1,0.09396453767244661,0,Low Poverty (Wealthy)
339003,1,1,1,0.0,1,0,1,0.05014483130903828,1,Medium Poverty
339004,2,0,3,0.0,1,0,0,0.03553826252123551,1,Medium Poverty
339005,1,1,2,0.0,1,1,1,0.1523908128236577,0,Low Poverty (Wealthy)
339006,1,1,3,0.0,1,1,1,0.19621051918706603,0,Low Poverty (Wealthy)
339009,1,0,0,0.0,1,0,1,-0.05210115020558115,2,High Poverty (Poorest)
339010,1,0,1,0.0,1,1,1,0.05014483130903828,1,Medium Poverty
339011,1,0,1,0.0,1,1,0,0.02093169373343273,1,Medium Poverty
339012,1,0,1,0.0,1,1,0,0.02093169373343273,1,Medium Poverty
339026,1,0,3,0.0,1,1,0,0.10857110646024938,0,Low Poverty (Wealthy)
339027,2,1,0,0.0,1,0,0,-0.03749458141777837,2,High Poverty (Poorest)
339028,1,0,0,0.0,1,1,0,-0.0228880126299756,2,High Poverty (Poorest)
339029,1,1,1,0.0,1,0,1,0.05014483130903828,1,Medium Poverty
339030,1,1,0,0.0,1,0,0,-0.0228880126299756,2,High Poverty (Poorest)
339031,1,1,1,0.0,1,0,1,0.05014483130903828,1,Medium Poverty
339032,1,1,2,0.0,1,1,1,0.1523908128236577,0,Low Poverty (Wealthy)
339033,1,0,2,0.0,1,1,1,0.09396453767244661,0,Low Poverty (Wealthy)
339034,1,1,0,0.0,1,1,1,0.06475140009684106,1,Medium Poverty
339036,1,1,1,0.0,1,1,1,0.10857110646024938,0,Low Poverty (Wealthy)
339037,1,0,1,0.0,1,1,1,0.05014483130903828,1,Medium Poverty
339038,1,0,0,0.0,1,0,1,-0.05210115020558115,2,High Poverty (Poorest)
339040,1,1,2,0.0,1,0,1,0.09396453767244661,0,Low Poverty (Wealthy)
339042,1,1,2,0.0,1,0,1,0.09396453767244661,0,Low Poverty (Wealthy)
339043,1,1,2,0.0,1,0,0,0.06475140009684106,1,Medium Poverty
339044,1,1,2,0.0,1,0,1,0.09396453767244661,0,Low Poverty (Wealthy)
339045,1,1,0,0.0,1,0,1,0.006325124945629954,2,High Poverty (Poorest)
339046,1,0,3,0.0,1,1,0,0.10857110646024938,0,Low Poverty (Wealthy)
339047,1,0,2,0.0,1,1,0,0.06475140009684106,1,Medium Poverty
339048,1,0,3,0.0,1,1,1,0.13778424403585493,0,Low Poverty (Wealthy)
340032,1,0,0,0.0,1,1,1,0.006325124945629954,2,High Poverty (Poorest)
340033,1,1,3,0.0,1,0,0,0.10857110646024938,0,Low Poverty (Wealthy)
340034,1,1,2,0.0,1,1,1,0.1523908128236577,0,Low Poverty (Wealthy)
340035,2,1,2,0.0,1,0,1,0.07935796888464383,0,Low Poverty (Wealthy)
340036,1,0,0,0.0,1,0,1,-0.05210115020558115,2,High Poverty (Poorest)
340037,1,1,2,0.0,1,1,1,0.1523908128236577,0,Low Poverty (Wealthy)
340038,1,0,3,0.0,1,0,1,0.07935796888464383,0,Low Poverty (Wealthy)
340039,1,0,2,0.0,1,0,1,0.03553826252123551,1,Medium Poverty
340040,1,0,2,0.0,1,0,0,0.006325124945629954,2,High Poverty (Poorest)
340051,2,1,3,0.0,1,1,1,0.18160395039926328,0,Low Poverty (Wealthy)
340052,1,1,1,0.0,1,1,1,0.10857110646024938,0,Low Poverty (Wealthy)
340053,1,1,2,0.0,1,0,1,0.09396453767244661,0,Low Poverty (Wealthy)
340054,1,1,1,0.0,1,1,1,0.10857110646024938,0,Low Poverty (Wealthy)
340056,1,1,3,0.0,1,0,0,0.10857110646024938,0,Low Poverty (Wealthy)
340057,12,0,0,0.0,1,0,1,-0.2127734068714117,2,High Poverty (Poorest)
340058,1,0,1,0.0,1,0,0,-0.03749458141777837,2,High Poverty (Poorest)
340059,1,0,2,0.0,1,1,0,0.06475140009684106,1,Medium Poverty
340060,1,1,2,0.0,1,0,0,0.06475140009684106,1,Medium Poverty
340081,1,1,2,0.0,1,0,0,0.06475140009684106,1,Medium Poverty
340082,1,0,3,0.0,1,0,1,0.07935796888464383,0,Low Poverty (Wealthy)
340083,1,1,3,0.0,1,0,0,0.10857110646024938,0,Low Poverty (Wealthy)
340085,1,1,0,0.0,1,1,0,0.03553826252123551,1,Medium Poverty
340086,1,0,1,0.0,1,0,1,-0.008281443842172822,2,High Poverty (Poorest)
340087,1,1,0,0.0,1,0,0,-0.0228880126299756,2,High Poverty (Poorest)
340088,1,1,1,0.0,1,0,0,0.02093169373343273,1,Medium Poverty
340089,1,1,1,0.0,1,0,0,0.02093169373343273,1,Medium Poverty
340090,13,0,3,0.0,1,1,0,-0.06670771899338393,2,High Poverty (Poorest)
349002,1,1,2,0.0,1,0,0,0.06475140009684106,1,Medium Poverty
349003,1,0,0,0.0,1,0,0,-0.0813142877811867,2,High Poverty (Poorest)
349004,1,1,0,0.0,1,0,1,0.006325124945629954,2,High Poverty (Poorest)
349005,1,1,2,0.0,1,0,0,0.06475140009684106,1,Medium Poverty
349007,1,1,1,0.0,1,1,0,0.07935796888464383,0,Low Poverty (Wealthy)
349008,1,1,1,0.0,1,1,1,0.10857110646024938,0,Low Poverty (Wealthy)
349009,1,1,3,0.0,1,1,1,0.19621051918706603,0,Low Poverty (Wealthy)
349010,1,1,3,0.0,1,0,1,0.13778424403585493,0,Low Poverty (Wealthy)
349011,1,0,1,0.0,1,1,1,0.05014483130903828,1,Medium Poverty
349012,2,1,3,0.0,1,1,0,0.1523908128236577,0,Low Poverty (Wealthy)
349014,1,0,1,0.0,1,0,1,-0.008281443842172822,2,High Poverty (Poorest)
349015,1,1,2,0.0,1,1,0,0.12317767524805216,0,Low Poverty (Wealthy)
349017,1,1,1,0.0,1,1,0,0.07935796888464383,0,Low Poverty (Wealthy)
349018,1,1,0,0.0,1,0,1,0.006325124945629954,2,High Poverty (Poorest)
349019,1,1,3,0.0,1,0,1,0.13778424403585493,0,Low Poverty (Wealthy)
349020,2,1,1,0.0,1,1,1,0.09396453767244661,0,Low Poverty (Wealthy)
349021,1,0,2,0.0,1,0,1,0.03553826252123551,1,Medium Poverty
349022,1,1,1,0.0,1,1,0,0.07935796888464383,0,Low Poverty (Wealthy)
349024,1,1,0,0.0,1,1,1,0.06475140009684106,1,Medium Poverty
349025,1,0,0,0.0,1,1,1,0.006325124945629954,2,High Poverty (Poorest)
349026,1,0,1,0.0,1,0,1,-0.008281443842172822,2,High Poverty (Poorest)
349027,1,1,2,0.0,1,0,1,0.09396453767244661,0,Low Poverty (Wealthy)
349028,1,1,1,0.0,1,0,1,0.05014483130903828,1,Medium Poverty
349029,1,1,2,0.0,1,1,0,0.12317767524805216,0,Low Poverty (Wealthy)
349030,1,1,2,0.0,1,1,1,0.1523908128236577,0,Low Poverty (Wealthy)
349031,1,0,2,0.0,1,1,0,0.06475140009684106,1,Medium Poverty
349032,1,1,1,0.0,1,0,0,0.02093169373343273,1,Medium Poverty
349034,1,1,3,0.0,1,1,1,0.19621051918706603,0,Low Poverty (Wealthy)
349036,1,1,1,0.0,1,1,0,0.07935796888464383,0,Low Poverty (Wealthy)
349037,1,1,1,0.0,1,0,1,0.05014483130903828,1,Medium Poverty
349038,1,1,0,0.0,1,0,0,-0.0228880126299756,2,High Poverty (Poorest)
349039,1,1,1,0.0,1,1,1,0.10857110646024938,0,Low Poverty (Wealthy)
349040,1,1,0,0.0,1,1,0,0.03553826252123551,1,Medium Poverty
349041,1,0,2,0.0,1,1,0,0.06475140009684106,1,Medium Poverty
349044,1,1,1,0.0,1,0,0,0.02093169373343273,1,Medium Poverty
349045,2,1,1,0.0,1,0,1,0.03553826252123551,1,Medium Poverty
349046,1,1,2,0.0,1,1,0,0.12317767524805216,0,Low Poverty (Wealthy)
349047,1,0,1,0.0,1,1,1,0.05014483130903828,1,Medium Poverty
349050,1,1,1,0.0,1,1,0,0.07935796888464383,0,Low Poverty (Wealthy)
349051,1,0,0,0.0,1,1,0,-0.0228880126299756,2,High Poverty (Poorest)
349052,1,1,2,0.0,1,0,0,0.06475140009684106,1,Medium Poverty
349053,1,1,0,0.0,1,1,1,0.06475140009684106,1,Medium Poverty
349054,1,1,1,0.0,1,0,1,0.05014483130903828,1,Medium Poverty
349055,1,0,1,0.0,1,0,1,-0.008281443842172822,2,High Poverty (Poorest)
349056,1,1,2,0.0,1,0,0,0.06475140009684106,1,Medium Poverty
349057,1,1,2,0.0,1,1,1,0.1523908128236577,0,Low Poverty (Wealthy)
349059,1,1,2,0.0,1,1,1,0.1523908128236577,0,Low Poverty (Wealthy)
349060,1,1,0,0.0,1,0,0,-0.0228880126299756,2,High Poverty (Poorest)
349061,1,1,1,0.0,1,0,1,0.05014483130903828,1,Medium Poverty
349062,1,1,1,0.0,1,1,1,0.10857110646024938,0,Low Poverty (Wealthy)
349063,1,0,0,0.0,1,1,0,-0.0228880126299756,2,High Poverty (Poorest)
349064,1,0,1,0.0,1,1,0,0.02093169373343273,1,Medium Poverty
349066,1,1,1,0.0,1,0,0,0.02093169373343273,1,Medium Poverty
349067,1,1,1,0.0,1,0,1,0.05014483130903828,1,Medium Poverty
349068,1,1,2,0.0,1,0,0,0.06475140009684106,1,Medium Poverty
349069,1,0,1,0.0,1,0,0,-0.03749458141777837,2,High Poverty (Poorest)
349071,1,0,2,0.0,1,0,0,0.006325124945629954,2,High Poverty (Poorest)
349072,1,1,1,0.0,1,0,0,0.02093169373343273,1,Medium Poverty
349073,1,0,1,0.0,1,0,0,-0.03749458141777837,2,High Poverty (Poorest)
349075,1,1,1,0.0,1,0,1,0.05014483130903828,1,Medium Poverty
349076,1,0,0,0.0,1,1,0,-0.0228880126299756,2,High Poverty (Poorest)
349077,1,1,0,0.0,1,0,1,0.006325124945629954,2,High Poverty (Poorest)
349078,1,1,1,0.0,1,0,0,0.02093169373343273,1,Medium Poverty
349080,1,0,3,0.0,1,1,1,0.13778424403585493,0,Low Poverty (Wealthy)
349081,1,1,2,0.0,1,1,1,0.1523908128236577,0,Low Poverty (Wealthy)
349083,1,0,0,0.0,1,1,0,-0.0228880126299756,2,High Poverty (Poorest)
349084,1,1,2,0.0,1,1,1,0.1523908128236577,0,Low Poverty (Wealthy)
349085,1,1,2,0.0,1,1,1,0.1523908128236577,0,Low Poverty (Wealthy)
349086,1,1,2,0.0,1,1,1,0.1523908128236577,0,Low Poverty (Wealthy)
349087,1,1,2,0.0,1,1,1,0.1523908128236577,0,Low Poverty (Wealthy)
349088,1,1,1,0.0,1,1,1,0.10857110646024938,0,Low Poverty (Wealthy)
349089,1,0,1,0.0,1,0,1,-0.008281443842172822,2,High Poverty (Poorest)
349090,1,0,1,0.0,1,0,1,-0.008281443842172822,2,High Poverty (Poorest)
349091,1,1,1,0.0,1,1,1,0.10857110646024938,0,Low Poverty (Wealthy)
349092,1,1,1,0.0,1,0,1,0.05014483130903828,1,Medium Poverty
349093,1,1,2,0.0,1,1,1,0.1523908128236577,0,Low Poverty (Wealthy)
349095,1,1,3,0.0,1,0,1,0.13778424403585493,0,Low Poverty (Wealthy)
349109,1,1,3,0.0,1,0,1,0.13778424403585493,0,Low Poverty (Wealthy)
350061,1,1,3,0.0,1,1,0,0.1669973816114605,0,Low Poverty (Wealthy)
350062,1,1,2,0.0,1,0,1,0.09396453767244661,0,Low Poverty (Wealthy)
350063,2,1,3,0.0,1,1,0,0.1523908128236577,0,Low Poverty (Wealthy)
350064,1,1,0,0.0,1,1,1,0.06475140009684106,1,Medium Poverty
350065,1,0,1,0.0,1,1,0,0.02093169373343273,1,Medium Poverty
350066,1,0,1,0.0,1,0,0,-0.03749458141777837,2,High Poverty (Poorest)
350067,1,0,2,0.0,1,1,1,0.09396453767244661,0,Low Poverty (Wealthy)
350068,1,0,1,0.0,1,1,0,0.02093169373343273,1,Medium Poverty
350069,1,0,2,0.0,1,1,1,0.09396453767244661,0,Low Poverty (Wealthy)
350070,1,1,0,0.0,1,1,1,0.06475140009684106,1,Medium Poverty
359002,1,1,1,0.0,1,1,0,0.07935796888464383,0,Low Poverty (Wealthy)
359003,1,1,2,0.0,1,1,0,0.12317767524805216,0,Low Poverty (Wealthy)
359004,1,1,0,0.0,1,1,1,0.06475140009684106,1,Medium Poverty
359005,1,0,1,0.0,1,0,0,-0.03749458141777837,2,High Poverty (Poorest)
359006,1,0,1,0.0,1,0,1,-0.008281443842172822,2,High Poverty (Poorest)
359007,1,0,1,0.0,1,0,1,-0.008281443842172822,2,High Poverty (Poorest)
359008,1,1,2,0.0,1,0,0,0.06475140009684106,1,Medium Poverty
359009,1,0,1,0.0,1,1,0,0.02093169373343273,1,Medium Poverty
359010,1,0,2,0.0,1,0,1,0.03553826252123551,1,Medium Poverty
359011,1,1,0,0.0,1,1,1,0.06475140009684106,1,Medium Poverty
359013,1,1,2,0.0,1,0,0,0.06475140009684106,1,Medium Poverty
359014,1,0,1,0.0,1,0,0,-0.03749458141777837,2,High Poverty (Poorest)
359015,1,1,2,0.0,1,0,1,0.09396453767244661,0,Low Poverty (Wealthy)
359016,1,1,2,0.0,1,0,1,0.09396453767244661,0,Low Poverty (Wealthy)
359017,1,1,1,0.0,1,0,0,0.02093169373343273,1,Medium Poverty
359018,1,1,3,0.0,1,0,1,0.13778424403585493,0,Low Poverty (Wealthy)
359019,1,0,2,0.0,1,1,1,0.09396453767244661,0,Low Poverty (Wealthy)
359020,1,0,1,0.0,1,0,1,-0.008281443842172822,2,High Poverty (Poorest)
359021,1,1,0,0.0,1,0,1,0.006325124945629954,2,High Poverty (Poorest)
359023,1,1,3,0.0,1,1,1,0.19621051918706603,0,Low Poverty (Wealthy)
359025,2,1,2,0.0,1,0,1,0.07935796888464383,0,Low Poverty (Wealthy)
359027,1,1,1,0.0,1,0,1,0.05014483130903828,1,Medium Poverty
359028,1,1,1,0.0,1,0,1,0.05014483130903828,1,Medium Poverty
359029,1,1,2,0.0,1,0,1,0.09396453767244661,0,Low Poverty (Wealthy)
359030,1,1,2,0.0,1,1,1,0.1523908128236577,0,Low Poverty (Wealthy)
359031,1,1,2,0.0,1,0,0,0.06475140009684106,1,Medium Poverty
359032,1,0,1,0.0,1,1,0,0.02093169373343273,1,Medium Poverty
359033,1,1,2,0.0,1,1,1,0.1523908128236577,0,Low Poverty (Wealthy)
359034,1,0,1,0.0,1,0,0,-0.03749458141777837,2,High Poverty (Poorest)
359035,1,0,1,0.0,1,1,1,0.05014483130903828,1,Medium Poverty
359037,1,1,2,0.0,1,0,0,0.06475140009684106,1,Medium Poverty
359038,1,0,3,0.0,1,0,1,0.07935796888464383,0,Low Poverty (Wealthy)
359039,1,0,1,0.0,1,0,0,-0.03749458141777837,2,High Poverty (Poorest)
359041,1,0,1,0.0,1,0,1,-0.008281443842172822,2,High Poverty (Poorest)
359043,1,1,2,0.0,1,1,1,0.1523908128236577,0,Low Poverty (Wealthy)
359044,1,1,1,0.0,1,0,0,0.02093169373343273,1,Medium Poverty
359045,1,1,2,0.0,1,1,1,0.1523908128236577,0,Low Poverty (Wealthy)
359046,1,0,2,0.0,1,1,0,0.06475140009684106,1,Medium Poverty
359047,1,1,0,0.0,1,0,0,-0.0228880126299756,2,High Poverty (Poorest)
359048,1,1,3,0.0,1,1,0,0.1669973816114605,0,Low Poverty (Wealthy)
359049,1,0,2,0.0,1,1,0,0.06475140009684106,1,Medium Poverty
359051,1,1,3,0.0,1,0,1,0.13778424403585493,0,Low Poverty (Wealthy)
359053,1,0,2,0.0,1,0,0,0.006325124945629954,2,High Poverty (Poorest)
359054,1,1,3,0.0,1,0,1,0.13778424403585493,0,Low Poverty (Wealthy)
359055,1,1,0,0.0,1,0,0,-0.0228880126299756,2,High Poverty (Poorest)
359056,1,1,1,0.0,1,0,1,0.05014483130903828,1,Medium Poverty
359057,1,0,3,0.0,1,0,0,0.05014483130903828,1,Medium Poverty
359059,1,1,1,0.0,1,1,1,0.10857110646024938,0,Low Poverty (Wealthy)
359060,1,1,0,0.0,1,1,1,0.06475140009684106,1,Medium Poverty
359062,1,1,2,0.0,1,0,1,0.09396453767244661,0,Low Poverty (Wealthy)
359063,1,1,2,0.0,1,0,0,0.06475140009684106,1,Medium Poverty
359064,1,1,0,0.0,1,0,1,0.006325124945629954,2,High Poverty (Poorest)
359065,1,0,3,0.0,1,0,0,0.05014483130903828,1,Medium Poverty
359066,2,1,2,0.0,1,0,0,0.05014483130903828,1,Medium Poverty
359067,1,1,1,0.0,1,1,1,0.10857110646024938,0,Low Poverty (Wealthy)
359068,1,1,2,0.0,1,0,1,0.09396453767244661,0,Low Poverty (Wealthy)
359070,1,0,1,0.0,1,0,1,-0.008281443842172822,2,High Poverty (Poorest)
359071,1,1,0,0.0,1,0,1,0.006325124945629954,2,High Poverty (Poorest)
359072,1,0,1,0.0,1,1,0,0.02093169373343273,1,Medium Poverty
360031,1,1,1,0.0,1,1,0,0.07935796888464383,0,Low Poverty (Wealthy)
360032,2,1,1,0.0,1,0,0,0.006325124945629954,2,High Poverty (Poorest)
360033,1,1,2,0.0,1,0,1,0.09396453767244661,0,Low Poverty (Wealthy)
360034,1,0,2,0.0,1,0,1,0.03553826252123551,1,Medium Poverty
360035,1,1,2,0.0,1,0,0,0.06475140009684106,1,Medium Poverty
360036,1,0,2,0.0,1,1,1,0.09396453767244661,0,Low Poverty (Wealthy)
360037,1,0,0,0.0,1,1,1,0.006325124945629954,2,High Poverty (Poorest)
360038,1,1,0,0.0,1,1,1,0.06475140009684106,1,Medium Poverty
360039,2,1,3,0.0,1,0,1,0.12317767524805216,0,Low Poverty (Wealthy)
360040,1,1,0,0.0,1,0,1,0.006325124945629954,2,High Poverty (Poorest)
360041,1,1,1,0.0,1,1,1,0.10857110646024938,0,Low Poverty (Wealthy)
360043,1,1,2,0.0,1,0,0,0.06475140009684106,1,Medium Poverty
360045,1,1,1,0.0,1,1,0,0.07935796888464383,0,Low Poverty (Wealthy)
360046,1,0,3,0.0,1,0,0,0.05014483130903828,1,Medium Poverty
360048,1,1,1,0.0,1,0,1,0.05014483130903828,1,Medium Poverty
360050,1,1,0,0.0,1,1,1,0.06475140009684106,1,Medium Poverty
360081,1,0,1,0.0,1,0,1,-0.008281443842172822,2,High Poverty (Poorest)
360082,1,0,2,0.0,1,0,0,0.006325124945629954,2,High Poverty (Poorest)
360083,2,1,1,0.0,1,0,1,0.03553826252123551,1,Medium Poverty
360084,1,0,1,0.0,1,1,1,0.05014483130903828,1,Medium Poverty
360085,1,0,3,0.0,1,0,1,0.07935796888464383,0,Low Poverty (Wealthy)
360086,2,0,3,0.0,1,0,1,0.06475140009684106,1,Medium Poverty
360087,1,1,1,0.0,1,1,1,0.10857110646024938,0,Low Poverty (Wealthy)
360088,1,1,1,0.0,1,0,0,0.02093169373343273,1,Medium Poverty
360089,1,0,1,0.0,1,1,0,0.02093169373343273,1,Medium Poverty
360090,1,1,3,0.0,1,0,0,0.10857110646024938,0,Low Poverty (Wealthy)
369001,1,1,3,0.0,1,1,1,0.19621051918706603,0,Low Poverty (Wealthy)
369002,1,1,1,0.0,1,0,0,0.02093169373343273,1,Medium Poverty
369003,1,0,2,0.0,1,1,1,0.09396453767244661,0,Low Poverty (Wealthy)
369004,1,1,1,0.0,1,1,1,0.10857110646024938,0,Low Poverty (Wealthy)
369005,1,1,0,0.0,1,1,0,0.03553826252123551,1,Medium Poverty
369006,1,1,0,0.0,1,0,1,0.006325124945629954,2,High Poverty (Poorest)
369007,1,0,1,0.0,1,0,0,-0.03749458141777837,2,High Poverty (Poorest)
369008,1,1,1,0.0,1,1,0,0.07935796888464383,0,Low Poverty (Wealthy)
369025,1,1,0,0.0,1,0,1,0.006325124945629954,2,High Poverty (Poorest)
369026,1,1,2,0.0,1,0,0,0.06475140009684106,1,Medium Poverty
369027,1,0,1,0.0,1,1,1,0.05014483130903828,1,Medium Poverty
369028,2,0,2,0.0,1,0,1,0.02093169373343273,1,Medium Poverty
369030,1,1,1,0.0,1,1,1,0.10857110646024938,0,Low Poverty (Wealthy)
369031,1,1,0,0.0,1,0,1,0.006325124945629954,2,High Poverty (Poorest)
369032,1,0,1,0.0,1,1,0,0.02093169373343273,1,Medium Poverty
369033,1,1,1,0.0,1,0,1,0.05014483130903828,1,Medium Poverty
369035,1,0,1,0.0,1,0,0,-0.03749458141777837,2,High Poverty (Poorest)
369036,1,1,0,0.0,1,1,0,0.03553826252123551,1,Medium Poverty
369038,1,1,1,0.0,1,0,0,0.02093169373343273,1,Medium Poverty
369039,1,1,0,0.0,1,1,0,0.03553826252123551,1,Medium Poverty
369040,1,1,2,0.0,1,1,1,0.1523908128236577,0,Low Poverty (Wealthy)
369041,1,0,2,0.0,1,0,0,0.006325124945629954,2,High Poverty (Poorest)
369042,1,1,0,0.0,1,1,1,0.06475140009684106,1,Medium Poverty
369043,1,0,1,0.0,1,0,1,-0.008281443842172822,2,High Poverty (Poorest)
369044,1,1,0,0.0,1,1,1,0.06475140009684106,1,Medium Poverty
369046,1,1,2,0.0,1,0,1,0.09396453767244661,0,Low Poverty (Wealthy)
369047,1,1,1,0.0,1,1,0,0.07935796888464383,0,Low Poverty (Wealthy)
369048,1,0,1,0.0,1,1,1,0.05014483130903828,1,Medium Poverty
369049,1,1,1,0.0,1,0,1,0.05014483130903828,1,Medium Poverty
369050,1,0,3,0.0,1,1,0,0.10857110646024938,0,Low Poverty (Wealthy)
370002,1,0,1,0.0,1,0,1,-0.008281443842172822,2,High Poverty (Poorest)
370003,1,1,2,0.0,1,0,1,0.09396453767244661,0,Low Poverty (Wealthy)
370004,1,1,1,0.0,1,0,0,0.02093169373343273,1,Medium Poverty
370005,1,1,3,0.0,1,0,0,0.10857110646024938,0,Low Poverty (Wealthy)
370006,1,1,2,0.0,1,0,0,0.06475140009684106,1,Medium Poverty
370007,2,0,1,0.0,1,0,1,-0.0228880126299756,2,High Poverty (Poorest)
370008,1,1,2,0.0,1,0,1,0.09396453767244661,0,Low Poverty (Wealthy)
370009,1,1,1,0.0,1,0,1,0.05014483130903828,1,Medium Poverty
370010,1,0,2,0.0,1,0,1,0.03553826252123551,1,Medium Poverty
370011,1,1,2,0.0,1,1,1,0.1523908128236577,0,Low Poverty (Wealthy)
370012,1,1,0,0.0,1,1,1,0.06475140009684106,1,Medium Poverty
370013,1,1,2,0.0,1,0,1,0.09396453767244661,0,Low Poverty (Wealthy)
370014,1,1,1,0.0,1,1,1,0.10857110646024938,0,Low Poverty (Wealthy)
370015,2,1,1,0.0,1,1,1,0.09396453767244661,0,Low Poverty (Wealthy)
370017,1,1,1,0.0,1,1,1,0.10857110646024938,0,Low Poverty (Wealthy)
370018,4,1,2,0.0,1,0,1,0.05014483130903828,1,Medium Poverty
370019,1,0,1,0.0,1,0,1,-0.008281443842172822,2,High Poverty (Poorest)
370020,1,1,0,0.0,1,1,0,0.03553826252123551,1,Medium Poverty
370021,1,1,2,0.0,1,1,0,0.12317767524805216,0,Low Poverty (Wealthy)
370023,2,1,0,0.0,1,0,1,-0.008281443842172822,2,High Poverty (Poorest)
370024,1,1,0,0.0,1,0,0,-0.0228880126299756,2,High Poverty (Poorest)
370025,1,1,1,0.0,1,1,1,0.10857110646024938,0,Low Poverty (Wealthy)
370026,2,1,1,0.0,1,1,0,0.06475140009684106,1,Medium Poverty
370027,1,0,1,0.0,1,1,0,0.02093169373343273,1,Medium Poverty
370028,1,1,0,0.0,1,0,0,-0.0228880126299756,2,High Poverty (Poorest)
370030,1,1,3,0.0,1,0,0,0.10857110646024938,0,Low Poverty (Wealthy)
379003,1,0,2,0.0,1,0,0,0.006325124945629954,2,High Poverty (Poorest)
379005,1,1,1,0.0,1,0,1,0.05014483130903828,1,Medium Poverty
379006,1,1,1,0.0,1,0,1,0.05014483130903828,1,Medium Poverty
379007,1,1,1,0.0,1,1,1,0.10857110646024938,0,Low Poverty (Wealthy)
379008,1,0,2,0.0,1,0,1,0.03553826252123551,1,Medium Poverty
379009,1,0,0,0.0,1,1,1,0.006325124945629954,2,High Poverty (Poorest)
379010,1,1,0,0.0,1,0,1,0.006325124945629954,2,High Poverty (Poorest)
379011,1,0,3,0.0,1,0,1,0.07935796888464383,0,Low Poverty (Wealthy)
379012,1,1,1,0.0,1,0,1,0.05014483130903828,1,Medium Poverty
379014,1,1,1,0.0,1,0,0,0.02093169373343273,1,Medium Poverty
379015,1,0,3,0.0,1,1,0,0.10857110646024938,0,Low Poverty (Wealthy)
379016,1,0,2,0.0,1,0,0,0.006325124945629954,2,High Poverty (Poorest)
379019,1,1,1,0.0,1,0,0,0.02093169373343273,1,Medium Poverty
379021,1,1,2,0.0,1,0,1,0.09396453767244661,0,Low Poverty (Wealthy)
379022,1,1,0,0.0,1,0,0,-0.0228880126299756,2,High Poverty (Poorest)
379024,1,1,2,0.0,1,1,1,0.1523908128236577,0,Low Poverty (Wealthy)
379037,1,0,1,0.0,1,0,1,-0.008281443842172822,2,High Poverty (Poorest)
379039,2,1,2,0.0,1,1,1,0.13778424403585493,0,Low Poverty (Wealthy)
379041,1,1,3,0.0,1,1,1,0.19621051918706603,0,Low Poverty (Wealthy)
379043,1,1,3,0.0,1,0,0,0.10857110646024938,0,Low Poverty (Wealthy)
379044,1,1,3,0.0,1,0,1,0.13778424403585493,0,Low Poverty (Wealthy)
379045,1,1,1,0.0,1,1,0,0.07935796888464383,0,Low Poverty (Wealthy)
379046,1,0,1,0.0,1,1,1,0.05014483130903828,1,Medium Poverty
379047,1,1,1,0.0,1,0,1,0.05014483130903828,1,Medium Poverty
379048,1,0,2,0.0,1,0,1,0.03553826252123551,1,Medium Poverty
379049,1,0,3,0.0,1,0,1,0.07935796888464383,0,Low Poverty (Wealthy)
379050,1,1,1,0.0,1,0,1,0.05014483130903828,1,Medium Poverty
379051,1,1,3,0.0,1,0,0,0.10857110646024938,0,Low Poverty (Wealthy)
379052,1,1,2,0.0,1,0,0,0.06475140009684106,1,Medium Poverty
379053,1,1,3,0.0,1,0,1,0.13778424403585493,0,Low Poverty (Wealthy)
379054,1,1,3,0.0,1,0,1,0.13778424403585493,0,Low Poverty (Wealthy)
379055,1,0,1,0.0,1,0,1,-0.008281443842172822,2,High Poverty (Poorest)
379057,1,1,0,0.0,1,1,0,0.03553826252123551,1,Medium Poverty
379058,1,1,0,0.0,1,0,1,0.006325124945629954,2,High Poverty (Poorest)
379059,1,1,1,0.0,1,1,1,0.10857110646024938,0,Low Poverty (Wealthy)
379061,1,1,2,0.0,1,0,1,0.09396453767244661,0,Low Poverty (Wealthy)
379063,1,0,2,0.0,1,1,1,0.09396453767244661,0,Low Poverty (Wealthy)
379064,1,1,3,0.0,1,0,1,0.13778424403585493,0,Low Poverty (Wealthy)
379065,1,1,2,0.0,1,1,0,0.12317767524805216,0,Low Poverty (Wealthy)
379066,1,0,0,0.0,1,0,1,-0.05210115020558115,2,High Poverty (Poorest)
379068,1,1,0,0.0,1,0,0,-0.0228880126299756,2,High Poverty (Poorest)
379069,2,1,0,0.0,1,1,0,0.02093169373343273,1,Medium Poverty
379070,1,1,1,0.0,1,0,1,0.05014483130903828,1,Medium Poverty
379071,1,1,1,0.0,1,1,1,0.10857110646024938,0,Low Poverty (Wealthy)
379072,1,0,0,0.0,1,0,1,-0.05210115020558115,2,High Poverty (Poorest)
379073,1,0,1,0.0,1,0,1,-0.008281443842172822,2,High Poverty (Poorest)
379075,1,0,0,0.0,1,0,1,-0.05210115020558115,2,High Poverty (Poorest)
379077,1,1,2,0.0,1,1,0,0.12317767524805216,0,Low Poverty (Wealthy)
379078,1,0,1,0.0,1,0,1,-0.008281443842172822,2,High Poverty (Poorest)
379079,1,0,1,0.0,1,1,0,0.02093169373343273,1,Medium Poverty
379080,1,1,1,0.0,1,0,1,0.05014483130903828,1,Medium Poverty
379081,1,1,3,0.0,1,1,0,0.1669973816114605,0,Low Poverty (Wealthy)
379082,1,1,1,0.0,1,0,1,0.05014483130903828,1,Medium Poverty
379083,1,0,1,0.0,1,0,1,-0.008281443842172822,2,High Poverty (Poorest)
379084,1,0,2,0.0,1,0,0,0.006325124945629954,2,High Poverty (Poorest)
379085,1,0,2,0.0,1,0,0,0.006325124945629954,2,High Poverty (Poorest)
379086,1,1,3,0.0,1,0,0,0.10857110646024938,0,Low Poverty (Wealthy)
379087,1,1,1,0.0,1,0,0,0.02093169373343273,1,Medium Poverty
379089,1,1,1,0.0,1,0,0,0.02093169373343273,1,Medium Poverty
379090,1,0,0,0.0,1,0,1,-0.05210115020558115,2,High Poverty (Poorest)
379091,1,1,2,0.0,1,0,1,0.09396453767244661,0,Low Poverty (Wealthy)
379092,1,0,1,0.0,1,0,1,-0.008281443842172822,2,High Poverty (Poorest)
379093,1,1,0,0.0,1,0,1,0.006325124945629954,2,High Poverty (Poorest)
379096,1,1,1,0.0,1,1,1,0.10857110646024938,0,Low Poverty (Wealthy)
379097,1,1,1,0.0,1,1,1,0.10857110646024938,0,Low Poverty (Wealthy)
379098,1,0,0,0.0,1,0,1,-0.05210115020558115,2,High Poverty (Poorest)
379099,1,0,2,0.0,1,1,1,0.09396453767244661,0,Low Poverty (Wealthy)
379100,101,1,2,0.0,1,1,1,-1.3082660659566199,2,High Poverty (Poorest)
379101,1,0,0,0.0,1,0,0,-0.0813142877811867,2,High Poverty (Poorest)
379103,1,0,1,0.0,1,0,1,-0.008281443842172822,2,High Poverty (Poorest)
379104,1,0,2,0.0,1,1,1,0.09396453767244661,0,Low Poverty (Wealthy)
379105,1,0,1,0.0,1,1,0,0.02093169373343273,1,Medium Poverty
379106,1,1,1,0.0,1,1,1,0.10857110646024938,0,Low Poverty (Wealthy)
379109,1,1,1,0.0,1,1,0,0.07935796888464383,0,Low Poverty (Wealthy)
379111,1,0,2,0.0,1,0,0,0.006325124945629954,2,High Poverty (Poorest)
379112,1,1,3,0.0,1,0,0,0.10857110646024938,0,Low Poverty (Wealthy)
379114,1,1,2,0.0,1,0,1,0.09396453767244661,0,Low Poverty (Wealthy)
379115,1,1,0,0.0,1,0,1,0.006325124945629954,2,High Poverty (Poorest)
379117,4,1,1,0.0,1,0,1,0.006325124945629954,2,High Poverty (Poorest)
379119,1,1,3,0.0,1,0,0,0.10857110646024938,0,Low Poverty (Wealthy)
379120,1,0,0,0.0,1,0,1,-0.05210115020558115,2,High Poverty (Poorest)
379121,3,1,3,0.0,1,0,1,0.10857110646024938,0,Low Poverty (Wealthy)
379123,1,1,3,0.0,1,0,0,0.10857110646024938,0,Low Poverty (Wealthy)
379124,1,1,0,0.0,1,0,1,0.006325124945629954,2,High Poverty (Poorest)
379127,1,1,3,0.0,1,0,0,0.10857110646024938,0,Low Poverty (Wealthy)
379138,1,1,1,0.0,1,0,0,0.02093169373343273,1,Medium Poverty
379139,1,1,2,0.0,1,1,1,0.1523908128236577,0,Low Poverty (Wealthy)
379141,1,0,1,0.0,1,1,1,0.05014483130903828,1,Medium Poverty
379143,1,1,1,0.0,1,0,0,0.02093169373343273,1,Medium Poverty
379144,1,1,2,0.0,1,0,0,0.06475140009684106,1,Medium Poverty
379146,1,1,2,0.0,1,1,0,0.12317767524805216,0,Low Poverty (Wealthy)
379151,1,0,0,0.0,1,0,0,-0.0813142877811867,2,High Poverty (Poorest)
379152,1,1,2,0.0,1,1,0,0.12317767524805216,0,Low Poverty (Wealthy)
379154,1,0,0,0.0,1,0,0,-0.0813142877811867,2,High Poverty (Poorest)
379155,1,0,1,0.0,1,1,1,0.05014483130903828,1,Medium Poverty
