hhid,household_size,access_electricity,education_level,water_source_improved,employed,internet_access,distance_to_hospital,wealth_index,poverty_class,poverty_label
10001,0,1,2,0.0,1,0.0,1,0.8084994002277395,0,Low Poverty (Wealthy)
10001,0,1,1,0.0,1,0.0,0,-0.44817203415186024,1,Medium Poverty
10002,0,1,2,0.0,1,0.0,1,0.8084994002277395,0,Low Poverty (Wealthy)
10002,0,1,0,0.0,1,0.0,1,-0.6995063210277802,2,High Poverty (Poorest)
10004,0,0,0,0.0,1,0.0,1,-1.70484346853146,2,High Poverty (Poorest)
10004,0,0,2,0.0,1,0.0,0,-0.6995063210277802,2,High Poverty (Poorest)
10005,0,0,3,0.0,1,0.0,0,0.05449653959997964,1,Medium Poverty
10005,0,1,1,0.0,1,0.0,0,-0.44817203415186024,1,Medium Poverty
10008,0,1,1,0.0,1,0.0,0,-0.44817203415186024,1,Medium Poverty
10008,0,1,2,0.0,1,0.0,1,0.8084994002277395,0,Low Poverty (Wealthy)
10009,0,0,3,0.0,1,0.0,1,0.5571651133518195,0,Low Poverty (Wealthy)
10010,0,1,2,0.0,1,0.0,0,0.3058308264758996,0,Low Poverty (Wealthy)
10010,0,1,3,0.0,1,0.0,0,1.0598336871036593,0,Low Poverty (Wealthy)
10031,0,0,0,0.0,1,0.0,0,-2.2075120422833,2,High Poverty (Poorest)
10032,0,0,0,0.0,1,0.0,1,-1.70484346853146,2,High Poverty (Poorest)
10033,0,0,2,0.0,1,0.0,1,-0.1968377472759403,1,Medium Poverty
10034,0,0,2,0.0,1,0.0,1,-0.1968377472759403,1,Medium Poverty
10035,0,1,1,0.0,1,0.0,1,0.05449653959997964,1,Medium Poverty
10036,0,1,1,0.0,1,0.0,1,0.05449653959997964,1,Medium Poverty
10037,0,0,2,0.0,1,0.0,1,-0.1968377472759403,1,Medium Poverty
10038,0,1,0,0.0,1,0.0,0,-1.20217489477962,2,High Poverty (Poorest)
10040,0,0,1,0.0,1,0.0,1,-0.9508406079037002,2,High Poverty (Poorest)
10051,0,0,1,0.0,1,0.0,0,-1.45350918165554,2,High Poverty (Poorest)
10052,0,1,2,0.0,1,0.0,1,0.8084994002277395,0,Low Poverty (Wealthy)
10053,0,1,2,0.0,1,0.0,0,0.3058308264758996,0,Low Poverty (Wealthy)
10054,0,1,1,0.0,1,0.0,1,0.05449653959997964,1,Medium Poverty
10055,0,0,2,0.0,1,0.0,0,-0.6995063210277802,2,High Poverty (Poorest)
10056,0,1,2,0.0,1,0.0,1,0.8084994002277395,0,Low Poverty (Wealthy)
10057,0,1,1,0.0,1,0.0,0,-0.44817203415186024,1,Medium Poverty
10058,0,0,2,0.0,1,0.0,1,-0.1968377472759403,1,Medium Poverty
10059,0,1,1,0.0,1,0.0,1,0.05449653959997964,1,Medium Poverty
10060,0,0,0,0.0,1,0.0,0,-2.2075120422833,2,High Poverty (Poorest)
10061,0,0,0,0.0,1,0.0,1,-1.70484346853146,2,High Poverty (Poorest)
10062,0,1,1,0.0,1,0.0,1,0.05449653959997964,1,Medium Poverty
10063,0,1,1,0.0,1,0.0,0,-0.44817203415186024,1,Medium Poverty
10064,0,1,2,0.0,1,0.0,1,0.8084994002277395,0,Low Poverty (Wealthy)
10065,0,0,2,0.0,1,0.0,1,-0.1968377472759403,1,Medium Poverty
10066,0,0,2,0.0,1,0.0,1,-0.1968377472759403,1,Medium Poverty
10067,0,1,1,0.0,1,0.0,0,-0.44817203415186024,1,Medium Poverty
10068,0,1,1,0.0,1,0.0,1,0.05449653959997964,1,Medium Poverty
10069,0,0,1,0.0,1,0.0,1,-0.9508406079037002,2,High Poverty (Poorest)
10070,0,1,0,0.0,1,0.0,1,-0.6995063210277802,2,High Poverty (Poorest)
10072,0,0,0,0.0,1,0.0,1,-1.70484346853146,2,High Poverty (Poorest)
10073,0,1,2,0.0,1,0.0,0,0.3058308264758996,0,Low Poverty (Wealthy)
10074,0,0,3,0.0,1,0.0,0,0.05449653959997964,1,Medium Poverty
10075,0,1,0,0.0,1,0.0,1,-0.6995063210277802,2,High Poverty (Poorest)
10076,0,0,0,0.0,1,0.0,1,-1.70484346853146,2,High Poverty (Poorest)
10077,0,1,2,0.0,1,0.0,1,0.8084994002277395,0,Low Poverty (Wealthy)
10078,0,1,1,0.0,1,0.0,0,-0.44817203415186024,1,Medium Poverty
10079,0,0,2,0.0,1,0.0,1,-0.1968377472759403,1,Medium Poverty
10080,0,1,2,0.0,1,0.0,0,0.3058308264758996,0,Low Poverty (Wealthy)
10091,0,1,3,0.0,1,1.0,1,2.567839408359179,0,Low Poverty (Wealthy)
10092,0,1,1,0.0,1,1.0,1,1.0598336871036593,0,Low Poverty (Wealthy)
10094,0,1,2,0.0,1,1.0,1,1.8138365477314193,0,Low Poverty (Wealthy)
10096,0,1,1,0.0,1,1.0,0,0.5571651133518195,0,Low Poverty (Wealthy)
10097,0,1,2,0.0,1,1.0,1,1.8138365477314193,0,Low Poverty (Wealthy)
10099,0,0,1,0.0,1,1.0,1,0.05449653959997964,1,Medium Poverty
10100,0,0,0,0.0,1,1.0,1,-0.6995063210277802,2,High Poverty (Poorest)
10102,0,0,1,0.0,1,0.0,0,-1.45350918165554,2,High Poverty (Poorest)
10103,0,0,1,0.0,1,0.0,1,-0.9508406079037002,2,High Poverty (Poorest)
10104,0,1,2,0.0,1,0.0,0,0.3058308264758996,0,Low Poverty (Wealthy)
10105,0,0,2,0.0,1,0.0,1,-0.1968377472759403,1,Medium Poverty
10106,0,1,2,0.0,1,0.0,0,0.3058308264758996,0,Low Poverty (Wealthy)
10107,0,1,0,0.0,1,0.0,0,-1.20217489477962,2,High Poverty (Poorest)
10108,0,0,2,0.0,1,0.0,0,-0.6995063210277802,2,High Poverty (Poorest)
10109,0,1,1,0.0,1,0.0,0,-0.44817203415186024,1,Medium Poverty
10110,0,0,3,0.0,1,0.0,0,0.05449653959997964,1,Medium Poverty
19001,0,1,3,0.0,1,0.0,1,1.5625022608554993,0,Low Poverty (Wealthy)
19001,0,0,0,0.0,1,0.0,0,-2.2075120422833,2,High Poverty (Poorest)
19002,0,1,2,0.0,1,0.0,1,0.8084994002277395,0,Low Poverty (Wealthy)
19002,0,1,0,0.0,1,0.0,0,-1.20217489477962,2,High Poverty (Poorest)
19005,0,0,1,0.0,1,0.0,1,-0.9508406079037002,2,High Poverty (Poorest)
19005,0,0,1,0.0,1,0.0,1,-0.9508406079037002,2,High Poverty (Poorest)
19006,0,1,0,0.0,1,0.0,0,-1.20217489477962,2,High Poverty (Poorest)
19006,0,1,2,0.0,1,0.0,1,0.8084994002277395,0,Low Poverty (Wealthy)
19007,0,1,0,0.0,1,0.0,0,-1.20217489477962,2,High Poverty (Poorest)
19007,0,1,0,0.0,1,0.0,1,-0.6995063210277802,2,High Poverty (Poorest)
19008,0,0,2,0.0,1,0.0,1,-0.1968377472759403,1,Medium Poverty
19008,0,1,2,0.0,1,0.0,0,0.3058308264758996,0,Low Poverty (Wealthy)
19010,0,0,3,0.0,1,0.0,0,0.05449653959997964,1,Medium Poverty
19010,0,1,2,0.0,1,0.0,0,0.3058308264758996,0,Low Poverty (Wealthy)
19012,0,1,2,0.0,1,0.0,0,0.3058308264758996,0,Low Poverty (Wealthy)
19012,0,0,1,0.0,1,0.0,1,-0.9508406079037002,2,High Poverty (Poorest)
19015,0,0,0,0.0,1,0.0,1,-1.70484346853146,2,High Poverty (Poorest)
19017,0,0,0,0.0,1,0.0,0,-2.2075120422833,2,High Poverty (Poorest)
19018,0,0,1,0.0,1,0.0,0,-1.45350918165554,2,High Poverty (Poorest)
19019,0,1,2,0.0,1,0.0,0,0.3058308264758996,0,Low Poverty (Wealthy)
19020,0,1,1,0.0,1,0.0,0,-0.44817203415186024,1,Medium Poverty
19023,0,1,2,0.0,1,0.0,1,0.8084994002277395,0,Low Poverty (Wealthy)
19024,0,1,1,0.0,1,0.0,0,-0.44817203415186024,1,Medium Poverty
19025,0,0,0,0.0,1,0.0,1,-1.70484346853146,2,High Poverty (Poorest)
19026,0,1,0,0.0,1,0.0,0,-1.20217489477962,2,High Poverty (Poorest)
19029,0,1,2,0.0,1,0.0,0,0.3058308264758996,0,Low Poverty (Wealthy)
19031,0,1,2,0.0,1,0.0,1,0.8084994002277395,0,Low Poverty (Wealthy)
19032,0,1,3,0.0,1,0.0,1,1.5625022608554993,0,Low Poverty (Wealthy)
19033,0,1,0,0.0,1,0.0,1,-0.6995063210277802,2,High Poverty (Poorest)
19035,0,1,3,0.0,1,0.0,1,1.5625022608554993,0,Low Poverty (Wealthy)
19036,0,1,1,0.0,1,0.0,1,0.05449653959997964,1,Medium Poverty
19037,0,0,0,0.0,1,1.0,0,-1.20217489477962,2,High Poverty (Poorest)
19038,0,0,3,0.0,1,1.0,1,1.5625022608554993,0,Low Poverty (Wealthy)
19039,0,0,1,0.0,1,1.0,1,0.05449653959997964,1,Medium Poverty
19040,0,1,2,0.0,1,1.0,0,1.3111679739795794,0,Low Poverty (Wealthy)
19041,0,0,0,0.0,1,1.0,1,-0.6995063210277802,2,High Poverty (Poorest)
19043,0,1,2,0.0,1,1.0,0,1.3111679739795794,0,Low Poverty (Wealthy)
19044,0,1,3,0.0,1,1.0,0,2.0651708346073394,0,Low Poverty (Wealthy)
19045,0,0,1,0.0,1,1.0,1,0.05449653959997964,1,Medium Poverty
19047,0,1,2,0.0,1,1.0,1,1.8138365477314193,0,Low Poverty (Wealthy)
19048,0,1,0,0.0,1,1.0,1,0.3058308264758996,0,Low Poverty (Wealthy)
19049,0,0,2,0.0,1,0.0,0,-0.6995063210277802,2,High Poverty (Poorest)
19050,0,0,1,0.0,1,0.0,1,-0.9508406079037002,2,High Poverty (Poorest)
19051,0,0,1,0.0,1,0.0,1,-0.9508406079037002,2,High Poverty (Poorest)
19052,0,0,1,0.0,1,0.0,0,-1.45350918165554,2,High Poverty (Poorest)
19054,0,1,0,0.0,1,0.0,1,-0.6995063210277802,2,High Poverty (Poorest)
19055,0,1,3,0.0,1,0.0,1,1.5625022608554993,0,Low Poverty (Wealthy)
19056,0,1,1,0.0,1,0.0,1,0.05449653959997964,1,Medium Poverty
19058,0,1,1,0.0,1,0.0,0,-0.44817203415186024,1,Medium Poverty
19061,0,1,1,0.0,1,0.0,0,-0.44817203415186024,1,Medium Poverty
19061,0,0,1,0.0,1,0.0,1,-0.9508406079037002,2,High Poverty (Poorest)
19061,0,1,2,0.0,1,1.0,1,1.8138365477314193,0,Low Poverty (Wealthy)
19061,0,1,3,0.0,1,0.0,1,1.5625022608554993,0,Low Poverty (Wealthy)
19061,0,1,1,0.0,1,0.0,0,-0.44817203415186024,1,Medium Poverty
19061,0,1,3,0.0,1,0.0,1,1.5625022608554993,0,Low Poverty (Wealthy)
19061,0,0,2,0.0,1,1.0,1,0.8084994002277395,0,Low Poverty (Wealthy)
19061,0,0,0,0.0,1,0.0,0,-2.2075120422833,2,High Poverty (Poorest)
19062,0,0,2,0.0,1,0.0,1,-0.1968377472759403,1,Medium Poverty
19062,0,1,1,0.0,1,0.0,1,0.05449653959997964,1,Medium Poverty
19062,0,1,2,0.0,1,1.0,0,1.3111679739795794,0,Low Poverty (Wealthy)
19062,0,1,3,0.0,1,0.0,0,1.0598336871036593,0,Low Poverty (Wealthy)
19062,0,0,1,0.0,1,0.0,1,-0.9508406079037002,2,High Poverty (Poorest)
19062,0,1,3,0.0,1,0.0,1,1.5625022608554993,0,Low Poverty (Wealthy)
19062,0,1,2,0.0,1,1.0,1,1.8138365477314193,0,Low Poverty (Wealthy)
19062,0,0,1,0.0,1,0.0,0,-1.45350918165554,2,High Poverty (Poorest)
19063,0,0,2,0.0,1,0.0,0,-0.6995063210277802,2,High Poverty (Poorest)
19063,0,0,1,0.0,1,0.0,1,-0.9508406079037002,2,High Poverty (Poorest)
19063,0,1,3,0.0,1,1.0,1,2.567839408359179,0,Low Poverty (Wealthy)
19063,0,0,2,0.0,1,0.0,0,-0.6995063210277802,2,High Poverty (Poorest)
19063,0,1,0,0.0,1,0.0,1,-0.6995063210277802,2,High Poverty (Poorest)
19063,0,1,1,0.0,1,0.0,0,-0.44817203415186024,1,Medium Poverty
19063,0,1,2,0.0,1,1.0,0,1.3111679739795794,0,Low Poverty (Wealthy)
19063,0,1,0,0.0,1,0.0,0,-1.20217489477962,2,High Poverty (Poorest)
19064,0,1,0,0.0,1,0.0,0,-1.20217489477962,2,High Poverty (Poorest)
19064,0,0,1,0.0,1,0.0,1,-0.9508406079037002,2,High Poverty (Poorest)
19064,0,1,1,0.0,1,1.0,1,1.0598336871036593,0,Low Poverty (Wealthy)
19064,0,0,1,0.0,1,0.0,1,-0.9508406079037002,2,High Poverty (Poorest)
19064,0,0,1,0.0,1,0.0,1,-0.9508406079037002,2,High Poverty (Poorest)
19064,0,0,0,0.0,1,0.0,1,-1.70484346853146,2,High Poverty (Poorest)
19064,0,1,2,0.0,1,1.0,1,1.8138365477314193,0,Low Poverty (Wealthy)
19064,0,1,1,0.0,1,0.0,1,0.05449653959997964,1,Medium Poverty
19066,0,0,1,0.0,1,0.0,1,-0.9508406079037002,2,High Poverty (Poorest)
19066,0,0,1,0.0,1,0.0,1,-0.9508406079037002,2,High Poverty (Poorest)
19066,0,1,2,0.0,1,1.0,1,1.8138365477314193,0,Low Poverty (Wealthy)
19066,0,0,0,0.0,1,0.0,0,-2.2075120422833,2,High Poverty (Poorest)
19066,0,0,0,0.0,1,0.0,1,-1.70484346853146,2,High Poverty (Poorest)
19066,0,1,0,0.0,1,0.0,1,-0.6995063210277802,2,High Poverty (Poorest)
19066,0,1,2,0.0,1,1.0,1,1.8138365477314193,0,Low Poverty (Wealthy)
19066,0,0,2,0.0,1,0.0,0,-0.6995063210277802,2,High Poverty (Poorest)
19068,0,1,2,0.0,1,0.0,1,0.8084994002277395,0,Low Poverty (Wealthy)
19068,0,1,2,0.0,1,0.0,1,0.8084994002277395,0,Low Poverty (Wealthy)
19068,0,0,2,0.0,1,1.0,0,0.3058308264758996,0,Low Poverty (Wealthy)
19068,0,1,1,0.0,1,0.0,1,0.05449653959997964,1,Medium Poverty
19068,0,1,2,0.0,1,0.0,0,0.3058308264758996,0,Low Poverty (Wealthy)
19068,0,1,0,0.0,1,0.0,0,-1.20217489477962,2,High Poverty (Poorest)
19068,0,1,2,0.0,1,1.0,1,1.8138365477314193,0,Low Poverty (Wealthy)
19068,0,1,2,0.0,1,0.0,1,0.8084994002277395,0,Low Poverty (Wealthy)
19069,0,0,1,0.0,1,0.0,1,-0.9508406079037002,2,High Poverty (Poorest)
19069,0,1,1,0.0,1,0.0,1,0.05449653959997964,1,Medium Poverty
19069,0,0,1,0.0,1,1.0,0,-0.44817203415186024,1,Medium Poverty
19069,0,0,2,0.0,1,0.0,0,-0.6995063210277802,2,High Poverty (Poorest)
19069,0,0,2,0.0,1,0.0,0,-0.6995063210277802,2,High Poverty (Poorest)
19069,0,1,3,0.0,1,0.0,0,1.0598336871036593,0,Low Poverty (Wealthy)
19069,0,1,1,0.0,1,1.0,1,1.0598336871036593,0,Low Poverty (Wealthy)
19069,0,0,2,0.0,1,0.0,1,-0.1968377472759403,1,Medium Poverty
19070,0,1,2,0.0,1,0.0,0,0.3058308264758996,0,Low Poverty (Wealthy)
19070,0,0,3,0.0,1,0.0,0,0.05449653959997964,1,Medium Poverty
19070,0,1,1,0.0,1,1.0,1,1.0598336871036593,0,Low Poverty (Wealthy)
19070,0,0,1,0.0,1,0.0,0,-1.45350918165554,2,High Poverty (Poorest)
19070,0,1,2,0.0,1,0.0,1,0.8084994002277395,0,Low Poverty (Wealthy)
19070,0,1,2,0.0,1,0.0,1,0.8084994002277395,0,Low Poverty (Wealthy)
19070,0,1,3,0.0,1,1.0,0,2.0651708346073394,0,Low Poverty (Wealthy)
19070,0,0,0,0.0,1,0.0,0,-2.2075120422833,2,High Poverty (Poorest)
19071,0,0,0,0.0,1,0.0,1,-1.70484346853146,2,High Poverty (Poorest)
19071,0,0,3,0.0,1,0.0,0,0.05449653959997964,1,Medium Poverty
19071,0,1,1,0.0,1,1.0,0,0.5571651133518195,0,Low Poverty (Wealthy)
19071,0,1,2,0.0,1,0.0,0,0.3058308264758996,0,Low Poverty (Wealthy)
19071,0,0,1,0.0,1,0.0,1,-0.9508406079037002,2,High Poverty (Poorest)
19071,0,1,0,0.0,1,0.0,1,-0.6995063210277802,2,High Poverty (Poorest)
19071,0,1,2,0.0,1,1.0,0,1.3111679739795794,0,Low Poverty (Wealthy)
19071,0,1,2,0.0,1,0.0,1,0.8084994002277395,0,Low Poverty (Wealthy)
19072,0,1,1,0.0,1,0.0,1,0.05449653959997964,1,Medium Poverty
19072,0,0,1,0.0,1,0.0,1,-0.9508406079037002,2,High Poverty (Poorest)
19072,0,0,2,0.0,1,1.0,0,0.3058308264758996,0,Low Poverty (Wealthy)
19072,0,1,0,0.0,1,0.0,1,-0.6995063210277802,2,High Poverty (Poorest)
19072,0,1,3,0.0,1,0.0,1,1.5625022608554993,0,Low Poverty (Wealthy)
19072,0,1,1,0.0,1,0.0,0,-0.44817203415186024,1,Medium Poverty
19072,0,0,2,0.0,1,1.0,0,0.3058308264758996,0,Low Poverty (Wealthy)
19072,0,0,3,0.0,1,0.0,0,0.05449653959997964,1,Medium Poverty
19073,0,1,2,0.0,1,0.0,0,0.3058308264758996,0,Low Poverty (Wealthy)
19075,0,1,1,0.0,1,0.0,0,-0.44817203415186024,1,Medium Poverty
19076,0,1,2,0.0,1,0.0,1,0.8084994002277395,0,Low Poverty (Wealthy)
19077,0,1,1,0.0,1,0.0,1,0.05449653959997964,1,Medium Poverty
19079,0,1,1,0.0,1,0.0,0,-0.44817203415186024,1,Medium Poverty
19080,0,0,3,0.0,1,0.0,1,0.5571651133518195,0,Low Poverty (Wealthy)
19081,0,0,2,0.0,1,0.0,1,-0.1968377472759403,1,Medium Poverty
19082,0,1,2,0.0,1,0.0,1,0.8084994002277395,0,Low Poverty (Wealthy)
19084,0,1,1,0.0,1,0.0,1,0.05449653959997964,1,Medium Poverty
19085,0,0,0,0.0,1,0.0,0,-2.2075120422833,2,High Poverty (Poorest)
19087,0,0,0,0.0,1,0.0,1,-1.70484346853146,2,High Poverty (Poorest)
19088,0,1,2,0.0,1,0.0,1,0.8084994002277395,0,Low Poverty (Wealthy)
19089,0,0,2,0.0,1,0.0,1,-0.1968377472759403,1,Medium Poverty
19091,0,0,1,0.0,1,0.0,1,-0.9508406079037002,2,High Poverty (Poorest)
19092,0,1,2,0.0,1,0.0,0,0.3058308264758996,0,Low Poverty (Wealthy)
19093,0,1,0,0.0,1,0.0,0,-1.20217489477962,2,High Poverty (Poorest)
19094,0,1,1,0.0,1,0.0,1,0.05449653959997964,1,Medium Poverty
19095,0,0,1,0.0,1,0.0,1,-0.9508406079037002,2,High Poverty (Poorest)
19096,0,1,1,0.0,1,0.0,1,0.05449653959997964,1,Medium Poverty
19097,0,0,0,0.0,1,1.0,0,-1.20217489477962,2,High Poverty (Poorest)
19098,0,0,3,0.0,1,1.0,1,1.5625022608554993,0,Low Poverty (Wealthy)
19099,0,1,1,0.0,1,1.0,1,1.0598336871036593,0,Low Poverty (Wealthy)
19100,0,1,3,0.0,1,1.0,1,2.567839408359179,0,Low Poverty (Wealthy)
19101,0,1,1,0.0,1,1.0,0,0.5571651133518195,0,Low Poverty (Wealthy)
19103,0,1,3,0.0,1,1.0,0,2.0651708346073394,0,Low Poverty (Wealthy)
19104,0,1,2,0.0,1,1.0,1,1.8138365477314193,0,Low Poverty (Wealthy)
19105,0,0,3,0.0,1,1.0,1,1.5625022608554993,0,Low Poverty (Wealthy)
19106,0,1,0,0.0,1,1.0,1,0.3058308264758996,0,Low Poverty (Wealthy)
19107,0,0,2,0.0,1,1.0,1,0.8084994002277395,0,Low Poverty (Wealthy)
19110,0,0,3,0.0,1,0.0,1,0.5571651133518195,0,Low Poverty (Wealthy)
19110,0,1,0,0.0,1,1.0,0,-0.1968377472759403,1,Medium Poverty
19111,0,1,0,0.0,1,0.0,0,-1.20217489477962,2,High Poverty (Poorest)
19111,0,1,1,0.0,1,1.0,0,0.5571651133518195,0,Low Poverty (Wealthy)
19112,0,1,3,0.0,1,0.0,0,1.0598336871036593,0,Low Poverty (Wealthy)
19112,0,1,1,0.0,1,1.0,1,1.0598336871036593,0,Low Poverty (Wealthy)
19113,0,1,1,0.0,1,0.0,1,0.05449653959997964,1,Medium Poverty
19113,0,1,0,0.0,1,1.0,0,-0.1968377472759403,1,Medium Poverty
19115,0,1,0,0.0,1,0.0,1,-0.6995063210277802,2,High Poverty (Poorest)
19115,0,0,2,0.0,1,1.0,1,0.8084994002277395,0,Low Poverty (Wealthy)
19116,0,1,0,0.0,1,0.0,1,-0.6995063210277802,2,High Poverty (Poorest)
19116,0,0,2,0.0,1,1.0,0,0.3058308264758996,0,Low Poverty (Wealthy)
19117,0,0,3,0.0,1,0.0,1,0.5571651133518195,0,Low Poverty (Wealthy)
19117,0,1,1,0.0,1,1.0,0,0.5571651133518195,0,Low Poverty (Wealthy)
19118,0,0,2,0.0,1,0.0,1,-0.1968377472759403,1,Medium Poverty
19119,0,1,0,0.0,1,0.0,1,-0.6995063210277802,2,High Poverty (Poorest)
19119,0,1,2,0.0,1,1.0,0,1.3111679739795794,0,Low Poverty (Wealthy)
19120,0,1,0,0.0,1,0.0,1,-0.6995063210277802,2,High Poverty (Poorest)
19120,0,1,2,0.0,1,1.0,1,1.8138365477314193,0,Low Poverty (Wealthy)
19121,0,0,1,0.0,1,0.0,1,-0.9508406079037002,2,High Poverty (Poorest)
19122,0,1,1,0.0,1,0.0,1,0.05449653959997964,1,Medium Poverty
19123,0,1,2,0.0,1,0.0,0,0.3058308264758996,0,Low Poverty (Wealthy)
19124,0,1,0,0.0,1,0.0,0,-1.20217489477962,2,High Poverty (Poorest)
19125,0,1,2,0.0,1,0.0,1,0.8084994002277395,0,Low Poverty (Wealthy)
19126,0,1,1,0.0,1,0.0,0,-0.44817203415186024,1,Medium Poverty
19127,0,0,2,0.0,1,0.0,1,-0.1968377472759403,1,Medium Poverty
19129,0,1,0,0.0,1,0.0,0,-1.20217489477962,2,High Poverty (Poorest)
19130,0,1,2,0.0,1,0.0,0,0.3058308264758996,0,Low Poverty (Wealthy)
19131,0,0,0,0.0,1,0.0,1,-1.70484346853146,2,High Poverty (Poorest)
19133,0,0,1,0.0,1,0.0,0,-1.45350918165554,2,High Poverty (Poorest)
19133,0,1,1,0.0,1,0.0,1,0.05449653959997964,1,Medium Poverty
19133,0,1,2,0.0,1,0.0,1,0.8084994002277395,0,Low Poverty (Wealthy)
19133,0,1,1,0.0,1,0.0,1,0.05449653959997964,1,Medium Poverty
19135,0,1,3,0.0,1,0.0,1,1.5625022608554993,0,Low Poverty (Wealthy)
19135,0,0,3,0.0,1,0.0,0,0.05449653959997964,1,Medium Poverty
19135,0,1,0,0.0,1,0.0,1,-0.6995063210277802,2,High Poverty (Poorest)
19135,0,1,2,0.0,1,0.0,1,0.8084994002277395,0,Low Poverty (Wealthy)
19136,0,0,0,0.0,1,0.0,1,-1.70484346853146,2,High Poverty (Poorest)
19136,0,1,1,0.0,1,0.0,1,0.05449653959997964,1,Medium Poverty
19136,0,1,2,0.0,1,0.0,1,0.8084994002277395,0,Low Poverty (Wealthy)
19136,0,1,2,0.0,1,0.0,1,0.8084994002277395,0,Low Poverty (Wealthy)
19137,0,1,2,0.0,1,0.0,1,0.8084994002277395,0,Low Poverty (Wealthy)
19137,0,1,1,0.0,1,0.0,0,-0.44817203415186024,1,Medium Poverty
19137,0,1,1,0.0,1,0.0,0,-0.44817203415186024,1,Medium Poverty
19137,0,0,0,0.0,1,0.0,1,-1.70484346853146,2,High Poverty (Poorest)
19138,0,1,2,0.0,1,0.0,0,0.3058308264758996,0,Low Poverty (Wealthy)
19138,0,1,1,0.0,1,0.0,0,-0.44817203415186024,1,Medium Poverty
19138,0,1,2,0.0,1,0.0,0,0.3058308264758996,0,Low Poverty (Wealthy)
19138,0,1,1,0.0,1,0.0,1,0.05449653959997964,1,Medium Poverty
19139,0,1,1,0.0,1,0.0,0,-0.44817203415186024,1,Medium Poverty
19139,0,1,1,0.0,1,0.0,1,0.05449653959997964,1,Medium Poverty
19139,0,1,0,0.0,1,0.0,0,-1.20217489477962,2,High Poverty (Poorest)
19139,0,1,1,0.0,1,0.0,1,0.05449653959997964,1,Medium Poverty
19140,0,1,2,0.0,1,0.0,1,0.8084994002277395,0,Low Poverty (Wealthy)
19140,0,1,3,0.0,1,0.0,1,1.5625022608554993,0,Low Poverty (Wealthy)
19140,0,1,1,0.0,1,0.0,0,-0.44817203415186024,1,Medium Poverty
19140,0,0,1,0.0,1,0.0,1,-0.9508406079037002,2,High Poverty (Poorest)
19141,0,1,0,0.0,1,0.0,1,-0.6995063210277802,2,High Poverty (Poorest)
19141,0,0,3,0.0,1,0.0,1,0.5571651133518195,0,Low Poverty (Wealthy)
19141,0,1,0,0.0,1,0.0,1,-0.6995063210277802,2,High Poverty (Poorest)
19141,0,0,3,0.0,1,0.0,1,0.5571651133518195,0,Low Poverty (Wealthy)
19143,0,1,1,0.0,1,0.0,1,0.05449653959997964,1,Medium Poverty
19143,0,1,1,0.0,1,0.0,1,0.05449653959997964,1,Medium Poverty
19143,0,0,3,0.0,1,0.0,1,0.5571651133518195,0,Low Poverty (Wealthy)
19143,0,1,0,0.0,1,0.0,1,-0.6995063210277802,2,High Poverty (Poorest)
19144,0,0,2,0.0,1,0.0,1,-0.1968377472759403,1,Medium Poverty
19144,0,0,1,0.0,1,0.0,1,-0.9508406079037002,2,High Poverty (Poorest)
19144,0,1,1,0.0,1,0.0,0,-0.44817203415186024,1,Medium Poverty
19144,0,1,1,0.0,1,0.0,1,0.05449653959997964,1,Medium Poverty
19146,0,0,2,0.0,1,1.0,1,0.8084994002277395,0,Low Poverty (Wealthy)
19146,0,1,2,0.0,1,0.0,1,0.8084994002277395,0,Low Poverty (Wealthy)
19146,0,1,0,0.0,1,0.0,0,-1.20217489477962,2,High Poverty (Poorest)
19147,0,0,3,0.0,1,1.0,1,1.5625022608554993,0,Low Poverty (Wealthy)
19147,0,1,0,0.0,1,0.0,1,-0.6995063210277802,2,High Poverty (Poorest)
19147,0,0,1,0.0,1,0.0,0,-1.45350918165554,2,High Poverty (Poorest)
19148,0,0,1,0.0,1,1.0,1,0.05449653959997964,1,Medium Poverty
19148,0,1,0,0.0,1,0.0,0,-1.20217489477962,2,High Poverty (Poorest)
19148,0,1,0,0.0,1,0.0,1,-0.6995063210277802,2,High Poverty (Poorest)
19149,0,1,3,0.0,1,1.0,1,2.567839408359179,0,Low Poverty (Wealthy)
19149,0,1,1,0.0,1,0.0,0,-0.44817203415186024,1,Medium Poverty
19149,0,1,0,0.0,1,0.0,0,-1.20217489477962,2,High Poverty (Poorest)
19150,0,1,0,0.0,1,1.0,1,0.3058308264758996,0,Low Poverty (Wealthy)
19150,0,0,2,0.0,1,0.0,0,-0.6995063210277802,2,High Poverty (Poorest)
19150,0,1,3,0.0,1,0.0,1,1.5625022608554993,0,Low Poverty (Wealthy)
19151,0,0,1,0.0,1,1.0,1,0.05449653959997964,1,Medium Poverty
19151,0,1,0,0.0,1,0.0,1,-0.6995063210277802,2,High Poverty (Poorest)
19151,0,0,1,0.0,1,0.0,0,-1.45350918165554,2,High Poverty (Poorest)
19152,0,0,0,0.0,1,1.0,1,-0.6995063210277802,2,High Poverty (Poorest)
19152,0,1,0,0.0,1,0.0,1,-0.6995063210277802,2,High Poverty (Poorest)
19152,0,1,1,0.0,1,0.0,0,-0.44817203415186024,1,Medium Poverty
19153,0,1,1,0.0,1,1.0,0,0.5571651133518195,0,Low Poverty (Wealthy)
19153,0,1,1,0.0,1,0.0,0,-0.44817203415186024,1,Medium Poverty
19153,0,0,1,0.0,1,0.0,1,-0.9508406079037002,2,High Poverty (Poorest)
19158,0,0,3,0.0,1,0.0,0,0.05449653959997964,1,Medium Poverty
19158,0,0,3,0.0,1,0.0,0,0.05449653959997964,1,Medium Poverty
19159,0,1,2,0.0,1,0.0,1,0.8084994002277395,0,Low Poverty (Wealthy)
19159,0,1,1,0.0,1,0.0,1,0.05449653959997964,1,Medium Poverty
19160,0,1,1,0.0,1,0.0,1,0.05449653959997964,1,Medium Poverty
19160,0,0,1,0.0,1,0.0,1,-0.9508406079037002,2,High Poverty (Poorest)
19161,0,1,2,0.0,1,0.0,0,0.3058308264758996,0,Low Poverty (Wealthy)
19161,0,1,1,0.0,1,0.0,1,0.05449653959997964,1,Medium Poverty
19163,0,1,3,0.0,1,0.0,0,1.0598336871036593,0,Low Poverty (Wealthy)
19163,0,1,3,0.0,1,0.0,1,1.5625022608554993,0,Low Poverty (Wealthy)
19164,0,1,1,0.0,1,0.0,1,0.05449653959997964,1,Medium Poverty
19164,0,0,2,0.0,1,0.0,0,-0.6995063210277802,2,High Poverty (Poorest)
19165,0,1,0,0.0,1,0.0,1,-0.6995063210277802,2,High Poverty (Poorest)
19165,0,1,1,0.0,1,0.0,1,0.05449653959997964,1,Medium Poverty
19166,0,0,1,0.0,1,0.0,0,-1.45350918165554,2,High Poverty (Poorest)
19166,0,0,1,0.0,1,0.0,1,-0.9508406079037002,2,High Poverty (Poorest)
19167,0,0,3,0.0,1,0.0,1,0.5571651133518195,0,Low Poverty (Wealthy)
19167,0,0,0,0.0,1,0.0,1,-1.70484346853146,2,High Poverty (Poorest)
19168,0,1,1,0.0,1,0.0,1,0.05449653959997964,1,Medium Poverty
19168,0,1,2,0.0,1,0.0,1,0.8084994002277395,0,Low Poverty (Wealthy)
19169,0,1,2,0.0,1,1.0,0,1.3111679739795794,0,Low Poverty (Wealthy)
19170,0,0,1,0.0,1,1.0,0,-0.44817203415186024,1,Medium Poverty
19173,0,1,3,0.0,1,1.0,1,2.567839408359179,0,Low Poverty (Wealthy)
19174,0,1,2,0.0,1,1.0,0,1.3111679739795794,0,Low Poverty (Wealthy)
19175,0,0,1,0.0,1,1.0,1,0.05449653959997964,1,Medium Poverty
19177,0,1,0,0.0,1,1.0,0,-0.1968377472759403,1,Medium Poverty
19178,0,1,1,0.0,1,1.0,0,0.5571651133518195,0,Low Poverty (Wealthy)
19179,0,1,2,0.0,1,1.0,0,1.3111679739795794,0,Low Poverty (Wealthy)
19180,0,1,2,0.0,1,0.0,1,0.8084994002277395,0,Low Poverty (Wealthy)
19181,0,0,2,0.0,1,1.0,1,0.8084994002277395,0,Low Poverty (Wealthy)
19181,0,1,1,0.0,1,1.0,0,0.5571651133518195,0,Low Poverty (Wealthy)
19182,0,1,0,0.0,1,1.0,1,0.3058308264758996,0,Low Poverty (Wealthy)
19182,0,1,0,0.0,1,1.0,0,-0.1968377472759403,1,Medium Poverty
19183,0,1,1,0.0,1,1.0,1,1.0598336871036593,0,Low Poverty (Wealthy)
19183,0,1,2,0.0,1,1.0,0,1.3111679739795794,0,Low Poverty (Wealthy)
19184,0,0,2,0.0,1,1.0,1,0.8084994002277395,0,Low Poverty (Wealthy)
19184,0,0,1,0.0,1,1.0,1,0.05449653959997964,1,Medium Poverty
19185,0,1,1,0.0,1,1.0,1,1.0598336871036593,0,Low Poverty (Wealthy)
19185,0,0,1,0.0,1,1.0,0,-0.44817203415186024,1,Medium Poverty
19186,0,1,1,0.0,1,1.0,1,1.0598336871036593,0,Low Poverty (Wealthy)
19186,0,1,1,0.0,1,1.0,1,1.0598336871036593,0,Low Poverty (Wealthy)
19187,0,1,0,0.0,1,1.0,1,0.3058308264758996,0,Low Poverty (Wealthy)
19187,0,1,0,0.0,1,1.0,0,-0.1968377472759403,1,Medium Poverty
19188,0,1,0,0.0,1,1.0,0,-0.1968377472759403,1,Medium Poverty
19188,0,1,0,0.0,1,1.0,1,0.3058308264758996,0,Low Poverty (Wealthy)
19191,0,1,0,0.0,1,1.0,0,-0.1968377472759403,1,Medium Poverty
19191,0,1,2,0.0,1,1.0,0,1.3111679739795794,0,Low Poverty (Wealthy)
19192,0,1,1,0.0,1,1.0,0,0.5571651133518195,0,Low Poverty (Wealthy)
19192,0,1,3,0.0,1,1.0,1,2.567839408359179,0,Low Poverty (Wealthy)
19193,0,1,0,0.0,1,0.0,0,-1.20217489477962,2,High Poverty (Poorest)
19193,0,0,1,0.0,1,0.0,1,-0.9508406079037002,2,High Poverty (Poorest)
19193,0,0,1,0.0,1,0.0,1,-0.9508406079037002,2,High Poverty (Poorest)
19194,0,0,0,0.0,1,0.0,0,-2.2075120422833,2,High Poverty (Poorest)
19194,0,0,2,0.0,1,0.0,1,-0.1968377472759403,1,Medium Poverty
19194,0,0,0,0.0,1,0.0,0,-2.2075120422833,2,High Poverty (Poorest)
19195,0,1,3,0.0,1,0.0,1,1.5625022608554993,0,Low Poverty (Wealthy)
19195,0,0,3,0.0,1,0.0,1,0.5571651133518195,0,Low Poverty (Wealthy)
19195,0,0,1,0.0,1,0.0,1,-0.9508406079037002,2,High Poverty (Poorest)
19196,0,1,1,0.0,1,0.0,0,-0.44817203415186024,1,Medium Poverty
19196,0,0,2,0.0,1,0.0,1,-0.1968377472759403,1,Medium Poverty
19196,0,1,1,0.0,1,0.0,1,0.05449653959997964,1,Medium Poverty
19197,0,0,2,0.0,1,0.0,1,-0.1968377472759403,1,Medium Poverty
19197,0,0,0,0.0,1,0.0,1,-1.70484346853146,2,High Poverty (Poorest)
19197,0,1,0,0.0,1,0.0,0,-1.20217489477962,2,High Poverty (Poorest)
19198,0,1,1,0.0,1,0.0,1,0.05449653959997964,1,Medium Poverty
19198,0,1,1,0.0,1,0.0,0,-0.44817203415186024,1,Medium Poverty
19198,0,1,3,0.0,1,0.0,0,1.0598336871036593,0,Low Poverty (Wealthy)
19199,0,1,0,0.0,1,0.0,1,-0.6995063210277802,2,High Poverty (Poorest)
19199,0,0,2,0.0,1,0.0,1,-0.1968377472759403,1,Medium Poverty
19199,0,0,1,0.0,1,0.0,1,-0.9508406079037002,2,High Poverty (Poorest)
19201,0,1,1,0.0,1,0.0,0,-0.44817203415186024,1,Medium Poverty
19202,0,1,1,0.0,1,0.0,0,-0.44817203415186024,1,Medium Poverty
19202,0,1,1,0.0,1,0.0,1,0.05449653959997964,1,Medium Poverty
19202,0,1,0,0.0,1,0.0,1,-0.6995063210277802,2,High Poverty (Poorest)
19204,0,1,1,0.0,1,0.0,0,-0.44817203415186024,1,Medium Poverty
19204,0,1,2,0.0,1,0.0,1,0.8084994002277395,0,Low Poverty (Wealthy)
19204,0,0,1,0.0,1,0.0,0,-1.45350918165554,2,High Poverty (Poorest)
19205,0,1,1,0.0,1,0.0,1,0.05449653959997964,1,Medium Poverty
19205,0,1,2,0.0,1,1.0,1,1.8138365477314193,0,Low Poverty (Wealthy)
19206,0,1,2,0.0,1,0.0,1,0.8084994002277395,0,Low Poverty (Wealthy)
19206,0,1,1,0.0,1,1.0,0,0.5571651133518195,0,Low Poverty (Wealthy)
19208,0,1,1,0.0,1,0.0,1,0.05449653959997964,1,Medium Poverty
19208,0,0,3,0.0,1,1.0,1,1.5625022608554993,0,Low Poverty (Wealthy)
19209,0,1,2,0.0,1,0.0,1,0.8084994002277395,0,Low Poverty (Wealthy)
19209,0,1,1,0.0,1,1.0,1,1.0598336871036593,0,Low Poverty (Wealthy)
19211,0,1,1,0.0,1,0.0,0,-0.44817203415186024,1,Medium Poverty
19211,0,0,2,0.0,1,1.0,1,0.8084994002277395,0,Low Poverty (Wealthy)
19214,0,1,0,0.0,1,0.0,0,-1.20217489477962,2,High Poverty (Poorest)
19214,0,1,3,0.0,1,1.0,1,2.567839408359179,0,Low Poverty (Wealthy)
19215,0,0,0,0.0,1,0.0,0,-2.2075120422833,2,High Poverty (Poorest)
19215,0,1,2,0.0,1,1.0,1,1.8138365477314193,0,Low Poverty (Wealthy)
19218,0,0,1,0.0,1,0.0,0,-1.45350918165554,2,High Poverty (Poorest)
19218,0,0,1,0.0,1,0.0,0,-1.45350918165554,2,High Poverty (Poorest)
19218,0,1,3,0.0,1,1.0,0,2.0651708346073394,0,Low Poverty (Wealthy)
19222,0,1,1,0.0,1,0.0,1,0.05449653959997964,1,Medium Poverty
19222,0,1,1,0.0,1,0.0,1,0.05449653959997964,1,Medium Poverty
19222,0,1,0,0.0,1,1.0,1,0.3058308264758996,0,Low Poverty (Wealthy)
19224,0,1,0,0.0,1,0.0,0,-1.20217489477962,2,High Poverty (Poorest)
19224,0,0,1,0.0,1,0.0,1,-0.9508406079037002,2,High Poverty (Poorest)
19224,0,0,2,0.0,1,1.0,1,0.8084994002277395,0,Low Poverty (Wealthy)
19225,0,1,0,0.0,1,0.0,0,-1.20217489477962,2,High Poverty (Poorest)
19225,0,1,0,0.0,1,0.0,1,-0.6995063210277802,2,High Poverty (Poorest)
19225,0,1,1,0.0,1,1.0,1,1.0598336871036593,0,Low Poverty (Wealthy)
19226,0,1,2,0.0,1,0.0,0,0.3058308264758996,0,Low Poverty (Wealthy)
19226,0,0,2,0.0,1,0.0,0,-0.6995063210277802,2,High Poverty (Poorest)
19226,0,1,0,0.0,1,1.0,1,0.3058308264758996,0,Low Poverty (Wealthy)
19227,0,0,0,0.0,1,0.0,0,-2.2075120422833,2,High Poverty (Poorest)
19227,0,1,3,0.0,1,0.0,1,1.5625022608554993,0,Low Poverty (Wealthy)
19227,0,1,1,0.0,1,1.0,1,1.0598336871036593,0,Low Poverty (Wealthy)
19228,0,1,3,0.0,1,0.0,1,1.5625022608554993,0,Low Poverty (Wealthy)
19228,0,1,3,0.0,1,0.0,1,1.5625022608554993,0,Low Poverty (Wealthy)
19228,0,0,2,0.0,1,1.0,0,0.3058308264758996,0,Low Poverty (Wealthy)
19230,0,0,0,0.0,1,1.0,1,-0.6995063210277802,2,High Poverty (Poorest)
19230,0,1,2,0.0,1,0.0,0,0.3058308264758996,0,Low Poverty (Wealthy)
19231,0,1,2,0.0,1,1.0,1,1.8138365477314193,0,Low Poverty (Wealthy)
19231,0,0,2,0.0,1,0.0,1,-0.1968377472759403,1,Medium Poverty
19232,0,0,1,0.0,1,1.0,1,0.05449653959997964,1,Medium Poverty
19232,0,1,1,0.0,1,0.0,1,0.05449653959997964,1,Medium Poverty
19234,0,0,0,0.0,1,1.0,1,-0.6995063210277802,2,High Poverty (Poorest)
19234,0,1,1,0.0,1,0.0,0,-0.44817203415186024,1,Medium Poverty
19235,0,1,2,0.0,1,1.0,1,1.8138365477314193,0,Low Poverty (Wealthy)
19235,0,0,1,0.0,1,0.0,0,-1.45350918165554,2,High Poverty (Poorest)
19236,0,0,1,0.0,1,1.0,1,0.05449653959997964,1,Medium Poverty
19236,0,1,1,0.0,1,0.0,0,-0.44817203415186024,1,Medium Poverty
19238,0,1,2,0.0,1,1.0,1,1.8138365477314193,0,Low Poverty (Wealthy)
19238,0,1,3,0.0,1,0.0,0,1.0598336871036593,0,Low Poverty (Wealthy)
19239,0,1,0,0.0,1,1.0,1,0.3058308264758996,0,Low Poverty (Wealthy)
19239,0,1,1,0.0,1,0.0,1,0.05449653959997964,1,Medium Poverty
19242,0,1,0,0.0,1,0.0,1,-0.6995063210277802,2,High Poverty (Poorest)
19242,0,1,2,0.0,1,0.0,0,0.3058308264758996,0,Low Poverty (Wealthy)
19244,0,1,2,0.0,1,0.0,1,0.8084994002277395,0,Low Poverty (Wealthy)
19245,0,0,3,0.0,1,0.0,0,0.05449653959997964,1,Medium Poverty
19250,0,1,1,0.0,1,0.0,1,0.05449653959997964,1,Medium Poverty
19254,0,1,3,0.0,1,0.0,0,1.0598336871036593,0,Low Poverty (Wealthy)
19266,0,1,0,0.0,1,1.0,1,0.3058308264758996,0,Low Poverty (Wealthy)
19266,0,1,2,0.0,1,0.0,0,0.3058308264758996,0,Low Poverty (Wealthy)
19266,0,0,0,0.0,1,0.0,1,-1.70484346853146,2,High Poverty (Poorest)
19269,0,1,3,0.0,1,1.0,1,2.567839408359179,0,Low Poverty (Wealthy)
19277,0,0,1,0.0,1,0.0,0,-1.45350918165554,2,High Poverty (Poorest)
19277,0,1,2,0.0,1,0.0,1,0.8084994002277395,0,Low Poverty (Wealthy)
19277,0,0,2,0.0,1,1.0,1,0.8084994002277395,0,Low Poverty (Wealthy)
19278,0,0,0,0.0,1,0.0,0,-2.2075120422833,2,High Poverty (Poorest)
19278,0,0,0,0.0,1,0.0,1,-1.70484346853146,2,High Poverty (Poorest)
19278,0,1,3,0.0,1,1.0,1,2.567839408359179,0,Low Poverty (Wealthy)
19280,0,1,1,0.0,1,1.0,0,0.5571651133518195,0,Low Poverty (Wealthy)
19280,0,1,0,0.0,1,0.0,1,-0.6995063210277802,2,High Poverty (Poorest)
19284,0,1,1,0.0,1,0.0,0,-0.44817203415186024,1,Medium Poverty
20001,0,1,2,0.0,1,1.0,0,1.3111679739795794,0,Low Poverty (Wealthy)
20001,0,0,0,0.0,1,0.0,1,-1.70484346853146,2,High Poverty (Poorest)
20002,0,1,1,0.0,1,1.0,1,1.0598336871036593,0,Low Poverty (Wealthy)
20002,0,0,0,0.0,1,0.0,1,-1.70484346853146,2,High Poverty (Poorest)
20003,0,1,1,0.0,1,0.0,1,0.05449653959997964,1,Medium Poverty
20005,0,0,3,0.0,1,1.0,1,1.5625022608554993,0,Low Poverty (Wealthy)
20005,0,1,3,0.0,1,0.0,1,1.5625022608554993,0,Low Poverty (Wealthy)
20006,0,0,2,0.0,1,1.0,0,0.3058308264758996,0,Low Poverty (Wealthy)
20006,0,1,0,0.0,1,0.0,1,-0.6995063210277802,2,High Poverty (Poorest)
20007,0,1,3,0.0,1,1.0,1,2.567839408359179,0,Low Poverty (Wealthy)
20007,0,1,1,0.0,1,0.0,0,-0.44817203415186024,1,Medium Poverty
20008,0,0,0,0.0,1,1.0,1,-0.6995063210277802,2,High Poverty (Poorest)
20008,0,1,3,0.0,1,0.0,0,1.0598336871036593,0,Low Poverty (Wealthy)
20009,0,1,2,0.0,1,0.0,1,0.8084994002277395,0,Low Poverty (Wealthy)
20010,0,1,2,0.0,1,1.0,1,1.8138365477314193,0,Low Poverty (Wealthy)
20010,0,1,2,0.0,1,0.0,1,0.8084994002277395,0,Low Poverty (Wealthy)
20041,0,1,1,0.0,1,0.0,0,-0.44817203415186024,1,Medium Poverty
20041,0,1,1,0.0,1,0.0,1,0.05449653959997964,1,Medium Poverty
20042,0,1,2,0.0,1,0.0,0,0.3058308264758996,0,Low Poverty (Wealthy)
20042,0,1,1,0.0,1,0.0,1,0.05449653959997964,1,Medium Poverty
20043,0,1,1,0.0,1,0.0,1,0.05449653959997964,1,Medium Poverty
20043,0,0,2,0.0,1,0.0,1,-0.1968377472759403,1,Medium Poverty
20044,0,0,2,0.0,1,0.0,1,-0.1968377472759403,1,Medium Poverty
20044,0,1,1,0.0,1,0.0,1,0.05449653959997964,1,Medium Poverty
20045,0,1,2,0.0,1,0.0,0,0.3058308264758996,0,Low Poverty (Wealthy)
20045,0,1,2,0.0,1,0.0,0,0.3058308264758996,0,Low Poverty (Wealthy)
20046,0,1,2,0.0,1,0.0,1,0.8084994002277395,0,Low Poverty (Wealthy)
20046,0,0,1,0.0,1,0.0,1,-0.9508406079037002,2,High Poverty (Poorest)
20047,0,0,1,0.0,1,0.0,0,-1.45350918165554,2,High Poverty (Poorest)
20047,0,1,1,0.0,1,0.0,1,0.05449653959997964,1,Medium Poverty
20048,0,1,0,0.0,1,0.0,1,-0.6995063210277802,2,High Poverty (Poorest)
20048,0,1,1,0.0,1,0.0,0,-0.44817203415186024,1,Medium Poverty
20049,0,0,1,0.0,1,0.0,1,-0.9508406079037002,2,High Poverty (Poorest)
20049,0,1,1,0.0,1,0.0,1,0.05449653959997964,1,Medium Poverty
20050,0,1,3,0.0,1,0.0,0,1.0598336871036593,0,Low Poverty (Wealthy)
20050,0,1,0,0.0,1,0.0,0,-1.20217489477962,2,High Poverty (Poorest)
20061,0,1,2,0.0,1,0.0,1,0.8084994002277395,0,Low Poverty (Wealthy)
20061,0,0,2,0.0,1,0.0,1,-0.1968377472759403,1,Medium Poverty
20061,0,1,0,0.0,1,0.0,1,-0.6995063210277802,2,High Poverty (Poorest)
20062,0,1,3,0.0,1,0.0,0,1.0598336871036593,0,Low Poverty (Wealthy)
20062,0,0,2,0.0,1,0.0,1,-0.1968377472759403,1,Medium Poverty
20062,0,1,1,0.0,1,0.0,1,0.05449653959997964,1,Medium Poverty
20063,0,1,2,0.0,1,0.0,1,0.8084994002277395,0,Low Poverty (Wealthy)
20063,0,1,1,0.0,1,0.0,1,0.05449653959997964,1,Medium Poverty
20063,0,1,2,0.0,1,0.0,0,0.3058308264758996,0,Low Poverty (Wealthy)
20064,0,1,0,0.0,1,0.0,1,-0.6995063210277802,2,High Poverty (Poorest)
20064,0,1,2,0.0,1,0.0,0,0.3058308264758996,0,Low Poverty (Wealthy)
20064,0,1,1,0.0,1,0.0,0,-0.44817203415186024,1,Medium Poverty
20065,0,1,2,0.0,1,0.0,1,0.8084994002277395,0,Low Poverty (Wealthy)
20065,0,0,1,0.0,1,0.0,1,-0.9508406079037002,2,High Poverty (Poorest)
20065,0,0,2,0.0,1,0.0,1,-0.1968377472759403,1,Medium Poverty
20066,0,1,2,0.0,1,0.0,1,0.8084994002277395,0,Low Poverty (Wealthy)
20066,0,1,1,0.0,1,0.0,0,-0.44817203415186024,1,Medium Poverty
20066,0,1,2,0.0,1,0.0,0,0.3058308264758996,0,Low Poverty (Wealthy)
20067,0,0,1,0.0,1,0.0,0,-1.45350918165554,2,High Poverty (Poorest)
20068,0,1,3,0.0,1,0.0,1,1.5625022608554993,0,Low Poverty (Wealthy)
20068,0,1,1,0.0,1,0.0,1,0.05449653959997964,1,Medium Poverty
20068,0,1,2,0.0,1,0.0,0,0.3058308264758996,0,Low Poverty (Wealthy)
20069,0,1,2,0.0,1,0.0,1,0.8084994002277395,0,Low Poverty (Wealthy)
20069,0,1,1,0.0,1,0.0,0,-0.44817203415186024,1,Medium Poverty
20069,0,1,1,0.0,1,0.0,1,0.05449653959997964,1,Medium Poverty
20070,0,1,1,0.0,1,0.0,1,0.05449653959997964,1,Medium Poverty
20070,0,0,2,0.0,1,0.0,0,-0.6995063210277802,2,High Poverty (Poorest)
20070,0,0,1,0.0,1,0.0,1,-0.9508406079037002,2,High Poverty (Poorest)
20091,0,1,1,0.0,1,0.0,1,0.05449653959997964,1,Medium Poverty
20092,0,1,2,0.0,1,0.0,1,0.8084994002277395,0,Low Poverty (Wealthy)
20093,0,1,1,0.0,1,0.0,1,0.05449653959997964,1,Medium Poverty
20094,0,1,2,0.0,1,0.0,0,0.3058308264758996,0,Low Poverty (Wealthy)
20095,0,1,1,0.0,1,0.0,1,0.05449653959997964,1,Medium Poverty
20096,0,1,0,0.0,1,0.0,1,-0.6995063210277802,2,High Poverty (Poorest)
20097,0,1,2,0.0,1,0.0,0,0.3058308264758996,0,Low Poverty (Wealthy)
20098,0,1,0,0.0,1,0.0,0,-1.20217489477962,2,High Poverty (Poorest)
20099,0,0,1,0.0,1,0.0,1,-0.9508406079037002,2,High Poverty (Poorest)
20100,0,1,3,0.0,1,0.0,0,1.0598336871036593,0,Low Poverty (Wealthy)
20101,0,0,1,0.0,1,1.0,1,0.05449653959997964,1,Medium Poverty
20102,0,1,3,0.0,1,1.0,1,2.567839408359179,0,Low Poverty (Wealthy)
20103,0,1,3,0.0,1,1.0,1,2.567839408359179,0,Low Poverty (Wealthy)
20104,0,0,1,0.0,1,1.0,1,0.05449653959997964,1,Medium Poverty
20106,0,1,0,0.0,1,1.0,0,-0.1968377472759403,1,Medium Poverty
20107,0,1,2,0.0,1,1.0,0,1.3111679739795794,0,Low Poverty (Wealthy)
20108,0,1,1,0.0,1,1.0,1,1.0598336871036593,0,Low Poverty (Wealthy)
20110,0,0,0,0.0,1,1.0,1,-0.6995063210277802,2,High Poverty (Poorest)
29001,0,1,2,0.0,1,0.0,1,0.8084994002277395,0,Low Poverty (Wealthy)
29001,0,1,0,0.0,1,0.0,1,-0.6995063210277802,2,High Poverty (Poorest)
29001,0,1,3,0.0,1,0.0,0,1.0598336871036593,0,Low Poverty (Wealthy)
29002,0,1,0,0.0,1,0.0,0,-1.20217489477962,2,High Poverty (Poorest)
29002,0,1,0,0.0,1,0.0,1,-0.6995063210277802,2,High Poverty (Poorest)
29002,0,1,0,0.0,1,0.0,1,-0.6995063210277802,2,High Poverty (Poorest)
29003,0,1,3,0.0,1,0.0,0,1.0598336871036593,0,Low Poverty (Wealthy)
29003,0,1,2,0.0,1,0.0,0,0.3058308264758996,0,Low Poverty (Wealthy)
29003,0,1,2,0.0,1,0.0,0,0.3058308264758996,0,Low Poverty (Wealthy)
29004,0,0,1,0.0,1,0.0,0,-1.45350918165554,2,High Poverty (Poorest)
29004,0,0,1,0.0,1,0.0,1,-0.9508406079037002,2,High Poverty (Poorest)
29004,0,1,1,0.0,1,0.0,1,0.05449653959997964,1,Medium Poverty
29005,0,1,1,0.0,1,0.0,1,0.05449653959997964,1,Medium Poverty
29005,0,1,2,0.0,1,0.0,1,0.8084994002277395,0,Low Poverty (Wealthy)
29005,0,0,2,0.0,1,0.0,1,-0.1968377472759403,1,Medium Poverty
29006,0,0,1,0.0,1,0.0,1,-0.9508406079037002,2,High Poverty (Poorest)
29006,0,0,3,0.0,1,0.0,0,0.05449653959997964,1,Medium Poverty
29006,0,1,0,0.0,1,0.0,1,-0.6995063210277802,2,High Poverty (Poorest)
29007,0,1,3,0.0,1,0.0,0,1.0598336871036593,0,Low Poverty (Wealthy)
29007,0,1,0,0.0,1,0.0,0,-1.20217489477962,2,High Poverty (Poorest)
29007,0,1,1,0.0,1,0.0,0,-0.44817203415186024,1,Medium Poverty
29008,0,1,1,0.0,1,0.0,1,0.05449653959997964,1,Medium Poverty
29008,0,0,1,0.0,1,0.0,0,-1.45350918165554,2,High Poverty (Poorest)
29008,0,1,2,0.0,1,0.0,0,0.3058308264758996,0,Low Poverty (Wealthy)
29009,0,1,1,0.0,1,0.0,1,0.05449653959997964,1,Medium Poverty
29009,0,1,1,0.0,1,0.0,1,0.05449653959997964,1,Medium Poverty
29009,0,1,2,0.0,1,0.0,1,0.8084994002277395,0,Low Poverty (Wealthy)
29010,0,1,2,0.0,1,0.0,1,0.8084994002277395,0,Low Poverty (Wealthy)
29010,0,1,2,0.0,1,0.0,0,0.3058308264758996,0,Low Poverty (Wealthy)
29010,0,0,1,0.0,1,0.0,0,-1.45350918165554,2,High Poverty (Poorest)
29013,0,1,2,0.0,1,1.0,1,1.8138365477314193,0,Low Poverty (Wealthy)
29014,0,1,2,0.0,1,1.0,1,1.8138365477314193,0,Low Poverty (Wealthy)
29017,0,0,1,0.0,1,1.0,1,0.05449653959997964,1,Medium Poverty
29018,0,1,1,0.0,1,1.0,1,1.0598336871036593,0,Low Poverty (Wealthy)
29019,0,1,1,0.0,1,1.0,1,1.0598336871036593,0,Low Poverty (Wealthy)
29020,0,1,0,0.0,1,0.0,1,-0.6995063210277802,2,High Poverty (Poorest)
29021,0,0,1,0.0,1,1.0,0,-0.44817203415186024,1,Medium Poverty
29022,0,1,0,0.0,1,1.0,0,-0.1968377472759403,1,Medium Poverty
29023,0,0,2,0.0,1,1.0,1,0.8084994002277395,0,Low Poverty (Wealthy)
29024,0,0,2,0.0,1,1.0,0,0.3058308264758996,0,Low Poverty (Wealthy)
29025,0,0,3,0.0,1,0.0,0,0.05449653959997964,1,Medium Poverty
29025,0,0,2,0.0,1,0.0,0,-0.6995063210277802,2,High Poverty (Poorest)
29026,0,0,0,0.0,1,0.0,0,-2.2075120422833,2,High Poverty (Poorest)
29028,0,0,3,0.0,1,0.0,0,0.05449653959997964,1,Medium Poverty
29028,0,1,3,0.0,1,0.0,0,1.0598336871036593,0,Low Poverty (Wealthy)
29029,0,0,1,0.0,1,0.0,1,-0.9508406079037002,2,High Poverty (Poorest)
29029,0,0,2,0.0,1,0.0,1,-0.1968377472759403,1,Medium Poverty
29031,0,1,3,0.0,1,0.0,1,1.5625022608554993,0,Low Poverty (Wealthy)
29031,0,1,1,0.0,1,0.0,1,0.05449653959997964,1,Medium Poverty
29032,0,1,3,0.0,1,0.0,0,1.0598336871036593,0,Low Poverty (Wealthy)
29032,0,0,0,0.0,1,0.0,0,-2.2075120422833,2,High Poverty (Poorest)
29033,0,0,0,0.0,1,0.0,0,-2.2075120422833,2,High Poverty (Poorest)
29033,0,0,1,0.0,1,0.0,1,-0.9508406079037002,2,High Poverty (Poorest)
29034,0,0,2,0.0,1,0.0,1,-0.1968377472759403,1,Medium Poverty
29034,0,0,2,0.0,1,0.0,0,-0.6995063210277802,2,High Poverty (Poorest)
29035,0,0,3,0.0,1,0.0,0,0.05449653959997964,1,Medium Poverty
29035,0,0,1,0.0,1,0.0,1,-0.9508406079037002,2,High Poverty (Poorest)
29036,0,0,0,0.0,1,0.0,1,-1.70484346853146,2,High Poverty (Poorest)
29036,0,1,2,0.0,1,0.0,1,0.8084994002277395,0,Low Poverty (Wealthy)
29037,0,0,2,0.0,1,0.0,0,-0.6995063210277802,2,High Poverty (Poorest)
29037,0,1,0,0.0,1,1.0,0,-0.1968377472759403,1,Medium Poverty
29038,0,1,1,0.0,1,0.0,1,0.05449653959997964,1,Medium Poverty
29038,0,1,2,0.0,1,1.0,1,1.8138365477314193,0,Low Poverty (Wealthy)
29039,0,0,2,0.0,1,0.0,1,-0.1968377472759403,1,Medium Poverty
29039,0,1,1,0.0,1,1.0,1,1.0598336871036593,0,Low Poverty (Wealthy)
29041,0,1,1,0.0,1,0.0,1,0.05449653959997964,1,Medium Poverty
29041,0,0,3,0.0,1,1.0,1,1.5625022608554993,0,Low Poverty (Wealthy)
29042,0,1,2,0.0,1,0.0,0,0.3058308264758996,0,Low Poverty (Wealthy)
29042,0,1,1,0.0,1,1.0,0,0.5571651133518195,0,Low Poverty (Wealthy)
29044,0,0,1,0.0,1,0.0,1,-0.9508406079037002,2,High Poverty (Poorest)
29044,0,0,2,0.0,1,1.0,0,0.3058308264758996,0,Low Poverty (Wealthy)
29045,0,1,1,0.0,1,0.0,1,0.05449653959997964,1,Medium Poverty
29045,0,1,0,0.0,1,1.0,1,0.3058308264758996,0,Low Poverty (Wealthy)
29046,0,0,1,0.0,1,0.0,1,-0.9508406079037002,2,High Poverty (Poorest)
29046,0,0,1,0.0,1,1.0,1,0.05449653959997964,1,Medium Poverty
29047,0,1,2,0.0,1,0.0,1,0.8084994002277395,0,Low Poverty (Wealthy)
29047,0,1,0,0.0,1,1.0,1,0.3058308264758996,0,Low Poverty (Wealthy)
29048,0,1,2,0.0,1,0.0,1,0.8084994002277395,0,Low Poverty (Wealthy)
29048,0,1,1,0.0,1,1.0,1,1.0598336871036593,0,Low Poverty (Wealthy)
29050,0,1,0,0.0,1,0.0,1,-0.6995063210277802,2,High Poverty (Poorest)
29050,0,1,0,0.0,1,0.0,0,-1.20217489477962,2,High Poverty (Poorest)
29050,0,0,3,0.0,1,1.0,1,1.5625022608554993,0,Low Poverty (Wealthy)
29050,0,0,3,0.0,1,0.0,1,0.5571651133518195,0,Low Poverty (Wealthy)
29050,0,1,1,0.0,1,0.0,1,0.05449653959997964,1,Medium Poverty
29050,0,1,2,0.0,1,0.0,0,0.3058308264758996,0,Low Poverty (Wealthy)
29050,0,1,2,0.0,1,1.0,1,1.8138365477314193,0,Low Poverty (Wealthy)
29050,0,1,3,0.0,1,0.0,1,1.5625022608554993,0,Low Poverty (Wealthy)
29051,0,0,1,0.0,1,0.0,1,-0.9508406079037002,2,High Poverty (Poorest)
29051,0,1,2,0.0,1,0.0,1,0.8084994002277395,0,Low Poverty (Wealthy)
29051,0,1,0,0.0,1,1.0,1,0.3058308264758996,0,Low Poverty (Wealthy)
29051,0,0,1,0.0,1,0.0,0,-1.45350918165554,2,High Poverty (Poorest)
29051,0,0,3,0.0,1,0.0,1,0.5571651133518195,0,Low Poverty (Wealthy)
29051,0,1,1,0.0,1,0.0,0,-0.44817203415186024,1,Medium Poverty
29051,0,0,1,0.0,1,1.0,1,0.05449653959997964,1,Medium Poverty
29051,0,0,0,0.0,1,0.0,1,-1.70484346853146,2,High Poverty (Poorest)
29052,0,0,2,0.0,1,0.0,1,-0.1968377472759403,1,Medium Poverty
29052,0,0,2,0.0,1,0.0,1,-0.1968377472759403,1,Medium Poverty
29052,0,0,1,0.0,1,1.0,1,0.05449653959997964,1,Medium Poverty
29052,0,1,3,0.0,1,0.0,0,1.0598336871036593,0,Low Poverty (Wealthy)
29052,0,1,0,0.0,1,0.0,0,-1.20217489477962,2,High Poverty (Poorest)
29052,0,1,1,0.0,1,0.0,1,0.05449653959997964,1,Medium Poverty
29052,0,1,3,0.0,1,1.0,1,2.567839408359179,0,Low Poverty (Wealthy)
29052,0,1,1,0.0,1,0.0,1,0.05449653959997964,1,Medium Poverty
29053,0,0,1,0.0,1,0.0,0,-1.45350918165554,2,High Poverty (Poorest)
29053,0,1,1,0.0,1,0.0,0,-0.44817203415186024,1,Medium Poverty
29053,0,1,2,0.0,1,1.0,0,1.3111679739795794,0,Low Poverty (Wealthy)
29053,0,1,0,0.0,1,0.0,0,-1.20217489477962,2,High Poverty (Poorest)
29053,0,1,3,0.0,1,0.0,1,1.5625022608554993,0,Low Poverty (Wealthy)
29053,0,0,2,0.0,1,0.0,0,-0.6995063210277802,2,High Poverty (Poorest)
29053,0,0,0,0.0,1,1.0,1,-0.6995063210277802,2,High Poverty (Poorest)
29053,0,1,2,0.0,1,0.0,0,0.3058308264758996,0,Low Poverty (Wealthy)
29054,0,1,1,0.0,1,0.0,0,-0.44817203415186024,1,Medium Poverty
29054,0,1,1,0.0,1,0.0,1,0.05449653959997964,1,Medium Poverty
29054,0,1,2,0.0,1,1.0,0,1.3111679739795794,0,Low Poverty (Wealthy)
29054,0,1,3,0.0,1,0.0,0,1.0598336871036593,0,Low Poverty (Wealthy)
29054,0,1,0,0.0,1,0.0,0,-1.20217489477962,2,High Poverty (Poorest)
29054,0,0,1,0.0,1,0.0,0,-1.45350918165554,2,High Poverty (Poorest)
29054,0,0,1,0.0,1,1.0,1,0.05449653959997964,1,Medium Poverty
29054,0,0,1,0.0,1,0.0,0,-1.45350918165554,2,High Poverty (Poorest)
29055,0,0,1,0.0,1,0.0,1,-0.9508406079037002,2,High Poverty (Poorest)
29055,0,0,0,0.0,1,0.0,1,-1.70484346853146,2,High Poverty (Poorest)
29055,0,0,2,0.0,1,1.0,1,0.8084994002277395,0,Low Poverty (Wealthy)
29055,0,0,1,0.0,1,0.0,0,-1.45350918165554,2,High Poverty (Poorest)
29055,0,0,0,0.0,1,0.0,1,-1.70484346853146,2,High Poverty (Poorest)
29055,0,1,2,0.0,1,0.0,0,0.3058308264758996,0,Low Poverty (Wealthy)
29055,0,0,2,0.0,1,1.0,1,0.8084994002277395,0,Low Poverty (Wealthy)
29055,0,1,1,0.0,1,0.0,1,0.05449653959997964,1,Medium Poverty
29056,0,1,1,0.0,1,0.0,0,-0.44817203415186024,1,Medium Poverty
29056,0,1,2,0.0,1,0.0,1,0.8084994002277395,0,Low Poverty (Wealthy)
29056,0,0,1,0.0,1,1.0,1,0.05449653959997964,1,Medium Poverty
29056,0,1,1,0.0,1,0.0,1,0.05449653959997964,1,Medium Poverty
29056,0,1,2,0.0,1,0.0,0,0.3058308264758996,0,Low Poverty (Wealthy)
29056,0,1,0,0.0,1,0.0,1,-0.6995063210277802,2,High Poverty (Poorest)
29056,0,1,0,0.0,1,1.0,1,0.3058308264758996,0,Low Poverty (Wealthy)
29056,0,0,0,0.0,1,0.0,0,-2.2075120422833,2,High Poverty (Poorest)
29057,0,0,0,0.0,1,0.0,1,-1.70484346853146,2,High Poverty (Poorest)
29057,0,1,0,0.0,1,0.0,0,-1.20217489477962,2,High Poverty (Poorest)
29057,0,1,3,0.0,1,1.0,0,2.0651708346073394,0,Low Poverty (Wealthy)
29057,0,1,1,0.0,1,0.0,1,0.05449653959997964,1,Medium Poverty
29057,0,1,0,0.0,1,0.0,1,-0.6995063210277802,2,High Poverty (Poorest)
29057,0,0,1,0.0,1,0.0,1,-0.9508406079037002,2,High Poverty (Poorest)
29057,0,1,3,0.0,1,1.0,1,2.567839408359179,0,Low Poverty (Wealthy)
29057,0,0,1,0.0,1,0.0,0,-1.45350918165554,2,High Poverty (Poorest)
29058,0,0,1,0.0,1,0.0,0,-1.45350918165554,2,High Poverty (Poorest)
29058,0,1,3,0.0,1,0.0,1,1.5625022608554993,0,Low Poverty (Wealthy)
29058,0,1,1,0.0,1,1.0,0,0.5571651133518195,0,Low Poverty (Wealthy)
29058,0,0,1,0.0,1,0.0,1,-0.9508406079037002,2,High Poverty (Poorest)
29058,0,0,1,0.0,1,0.0,1,-0.9508406079037002,2,High Poverty (Poorest)
29058,0,1,1,0.0,1,0.0,0,-0.44817203415186024,1,Medium Poverty
29058,0,0,1,0.0,1,1.0,0,-0.44817203415186024,1,Medium Poverty
29058,0,1,2,0.0,1,0.0,1,0.8084994002277395,0,Low Poverty (Wealthy)
29060,0,0,1,0.0,1,0.0,1,-0.9508406079037002,2,High Poverty (Poorest)
29060,0,1,2,0.0,1,0.0,1,0.8084994002277395,0,Low Poverty (Wealthy)
29060,0,1,0,0.0,1,1.0,1,0.3058308264758996,0,Low Poverty (Wealthy)
29060,0,0,0,0.0,1,0.0,1,-1.70484346853146,2,High Poverty (Poorest)
29060,0,0,1,0.0,1,0.0,0,-1.45350918165554,2,High Poverty (Poorest)
29060,0,0,3,0.0,1,0.0,0,0.05449653959997964,1,Medium Poverty
29060,0,0,1,0.0,1,1.0,1,0.05449653959997964,1,Medium Poverty
29060,0,1,2,0.0,1,0.0,0,0.3058308264758996,0,Low Poverty (Wealthy)
29061,0,0,1,0.0,1,1.0,0,-0.44817203415186024,1,Medium Poverty
29062,0,1,0,0.0,1,1.0,1,0.3058308264758996,0,Low Poverty (Wealthy)
29063,0,0,0,0.0,1,1.0,1,-0.6995063210277802,2,High Poverty (Poorest)
29064,0,1,1,0.0,1,1.0,0,0.5571651133518195,0,Low Poverty (Wealthy)
29065,0,1,0,0.0,1,1.0,1,0.3058308264758996,0,Low Poverty (Wealthy)
29066,0,1,0,0.0,1,1.0,1,0.3058308264758996,0,Low Poverty (Wealthy)
29068,0,1,2,0.0,1,1.0,0,1.3111679739795794,0,Low Poverty (Wealthy)
29070,0,1,0,0.0,1,1.0,1,0.3058308264758996,0,Low Poverty (Wealthy)
29071,0,0,2,0.0,1,1.0,0,0.3058308264758996,0,Low Poverty (Wealthy)
29072,0,1,1,0.0,1,1.0,1,1.0598336871036593,0,Low Poverty (Wealthy)
29073,0,1,1,0.0,1,0.0,0,-0.44817203415186024,1,Medium Poverty
29074,0,1,2,0.0,1,0.0,1,0.8084994002277395,0,Low Poverty (Wealthy)
29076,0,0,1,0.0,1,0.0,0,-1.45350918165554,2,High Poverty (Poorest)
29077,0,1,1,0.0,1,0.0,1,0.05449653959997964,1,Medium Poverty
29078,0,1,2,0.0,1,0.0,0,0.3058308264758996,0,Low Poverty (Wealthy)
29079,0,0,3,0.0,1,0.0,1,0.5571651133518195,0,Low Poverty (Wealthy)
29080,0,0,0,0.0,1,0.0,1,-1.70484346853146,2,High Poverty (Poorest)
29082,0,1,0,0.0,1,0.0,0,-1.20217489477962,2,High Poverty (Poorest)
29083,0,1,3,0.0,1,0.0,1,1.5625022608554993,0,Low Poverty (Wealthy)
29084,0,1,1,0.0,1,0.0,0,-0.44817203415186024,1,Medium Poverty
29085,0,0,2,0.0,1,1.0,1,0.8084994002277395,0,Low Poverty (Wealthy)
29086,0,1,1,0.0,1,1.0,0,0.5571651133518195,0,Low Poverty (Wealthy)
29087,0,0,0,0.0,1,1.0,1,-0.6995063210277802,2,High Poverty (Poorest)
29089,0,0,2,0.0,1,1.0,1,0.8084994002277395,0,Low Poverty (Wealthy)
29090,0,0,1,0.0,1,1.0,0,-0.44817203415186024,1,Medium Poverty
29091,0,1,1,0.0,1,1.0,0,0.5571651133518195,0,Low Poverty (Wealthy)
29092,0,1,1,0.0,1,1.0,1,1.0598336871036593,0,Low Poverty (Wealthy)
29094,0,1,2,0.0,1,1.0,1,1.8138365477314193,0,Low Poverty (Wealthy)
29095,0,1,2,0.0,1,1.0,1,1.8138365477314193,0,Low Poverty (Wealthy)
29096,0,1,0,0.0,1,1.0,0,-0.1968377472759403,1,Medium Poverty
29097,0,1,1,0.0,1,0.0,1,0.05449653959997964,1,Medium Poverty
29097,0,1,2,0.0,1,0.0,0,0.3058308264758996,0,Low Poverty (Wealthy)
29097,0,1,2,0.0,1,1.0,0,1.3111679739795794,0,Low Poverty (Wealthy)
29099,0,1,2,0.0,1,0.0,1,0.8084994002277395,0,Low Poverty (Wealthy)
29099,0,1,0,0.0,1,0.0,0,-1.20217489477962,2,High Poverty (Poorest)
29099,0,0,2,0.0,1,1.0,1,0.8084994002277395,0,Low Poverty (Wealthy)
29100,0,1,2,0.0,1,0.0,1,0.8084994002277395,0,Low Poverty (Wealthy)
29100,0,1,0,0.0,1,0.0,1,-0.6995063210277802,2,High Poverty (Poorest)
29100,0,0,1,0.0,1,1.0,1,0.05449653959997964,1,Medium Poverty
29101,0,1,1,0.0,1,0.0,1,0.05449653959997964,1,Medium Poverty
29101,0,1,2,0.0,1,0.0,1,0.8084994002277395,0,Low Poverty (Wealthy)
29101,0,1,1,0.0,1,1.0,1,1.0598336871036593,0,Low Poverty (Wealthy)
29102,0,1,2,0.0,1,0.0,1,0.8084994002277395,0,Low Poverty (Wealthy)
29102,0,1,3,0.0,1,0.0,0,1.0598336871036593,0,Low Poverty (Wealthy)
29102,0,0,2,0.0,1,1.0,0,0.3058308264758996,0,Low Poverty (Wealthy)
29103,0,1,3,0.0,1,0.0,0,1.0598336871036593,0,Low Poverty (Wealthy)
29103,0,1,3,0.0,1,0.0,1,1.5625022608554993,0,Low Poverty (Wealthy)
29103,0,0,0,0.0,1,1.0,1,-0.6995063210277802,2,High Poverty (Poorest)
29104,0,0,2,0.0,1,0.0,0,-0.6995063210277802,2,High Poverty (Poorest)
29104,0,1,1,0.0,1,0.0,0,-0.44817203415186024,1,Medium Poverty
29104,0,1,3,0.0,1,1.0,1,2.567839408359179,0,Low Poverty (Wealthy)
29105,0,1,1,0.0,1,0.0,1,0.05449653959997964,1,Medium Poverty
29105,0,1,3,0.0,1,0.0,1,1.5625022608554993,0,Low Poverty (Wealthy)
29105,0,1,2,0.0,1,1.0,0,1.3111679739795794,0,Low Poverty (Wealthy)
29107,0,0,2,0.0,1,0.0,0,-0.6995063210277802,2,High Poverty (Poorest)
29107,0,0,0,0.0,1,0.0,0,-2.2075120422833,2,High Poverty (Poorest)
29107,0,0,0,0.0,1,1.0,0,-1.20217489477962,2,High Poverty (Poorest)
29108,0,1,2,0.0,1,0.0,0,0.3058308264758996,0,Low Poverty (Wealthy)
29108,0,0,0,0.0,1,0.0,1,-1.70484346853146,2,High Poverty (Poorest)
29108,0,1,2,0.0,1,1.0,0,1.3111679739795794,0,Low Poverty (Wealthy)
29109,0,1,0,0.0,1,0.0,0,-1.20217489477962,2,High Poverty (Poorest)
29109,0,1,2,0.0,1,0.0,0,0.3058308264758996,0,Low Poverty (Wealthy)
29110,0,0,1,0.0,1,0.0,1,-0.9508406079037002,2,High Poverty (Poorest)
29110,0,1,2,0.0,1,0.0,1,0.8084994002277395,0,Low Poverty (Wealthy)
29111,0,0,2,0.0,1,0.0,1,-0.1968377472759403,1,Medium Poverty
29111,0,1,1,0.0,1,0.0,0,-0.44817203415186024,1,Medium Poverty
29112,0,0,0,0.0,1,0.0,0,-2.2075120422833,2,High Poverty (Poorest)
29112,0,1,0,0.0,1,0.0,0,-1.20217489477962,2,High Poverty (Poorest)
29113,0,1,2,0.0,1,0.0,0,0.3058308264758996,0,Low Poverty (Wealthy)
29113,0,0,1,0.0,1,0.0,1,-0.9508406079037002,2,High Poverty (Poorest)
29115,0,0,2,0.0,1,0.0,1,-0.1968377472759403,1,Medium Poverty
29115,0,1,1,0.0,1,0.0,1,0.05449653959997964,1,Medium Poverty
29116,0,1,1,0.0,1,0.0,1,0.05449653959997964,1,Medium Poverty
29116,0,1,1,0.0,1,0.0,1,0.05449653959997964,1,Medium Poverty
29118,0,1,0,0.0,1,0.0,0,-1.20217489477962,2,High Poverty (Poorest)
29118,0,1,1,0.0,1,0.0,1,0.05449653959997964,1,Medium Poverty
29119,0,0,3,0.0,1,0.0,0,0.05449653959997964,1,Medium Poverty
29119,0,0,3,0.0,1,0.0,1,0.5571651133518195,0,Low Poverty (Wealthy)
29120,0,0,1,0.0,1,0.0,0,-1.45350918165554,2,High Poverty (Poorest)
29120,0,1,2,0.0,1,0.0,0,0.3058308264758996,0,Low Poverty (Wealthy)
29121,0,1,2,0.0,1,0.0,1,0.8084994002277395,0,Low Poverty (Wealthy)
29122,0,1,1,0.0,1,0.0,1,0.05449653959997964,1,Medium Poverty
29123,0,1,0,0.0,1,0.0,0,-1.20217489477962,2,High Poverty (Poorest)
29124,0,1,0,0.0,1,0.0,0,-1.20217489477962,2,High Poverty (Poorest)
29126,0,0,1,0.0,1,0.0,0,-1.45350918165554,2,High Poverty (Poorest)
29127,0,1,3,0.0,1,0.0,1,1.5625022608554993,0,Low Poverty (Wealthy)
29128,0,1,2,0.0,1,0.0,1,0.8084994002277395,0,Low Poverty (Wealthy)
29130,0,1,0,0.0,1,0.0,1,-0.6995063210277802,2,High Poverty (Poorest)
29131,0,0,0,0.0,1,0.0,0,-2.2075120422833,2,High Poverty (Poorest)
29132,0,1,2,0.0,1,0.0,1,0.8084994002277395,0,Low Poverty (Wealthy)
29133,0,1,2,0.0,1,0.0,0,0.3058308264758996,0,Low Poverty (Wealthy)
29134,0,1,2,0.0,1,0.0,0,0.3058308264758996,0,Low Poverty (Wealthy)
29135,0,1,2,0.0,1,0.0,0,0.3058308264758996,0,Low Poverty (Wealthy)
29136,0,1,0,0.0,1,0.0,1,-0.6995063210277802,2,High Poverty (Poorest)
29138,0,1,2,0.0,1,0.0,0,0.3058308264758996,0,Low Poverty (Wealthy)
29139,0,0,2,0.0,1,0.0,0,-0.6995063210277802,2,High Poverty (Poorest)
29140,0,1,1,0.0,1,0.0,1,0.05449653959997964,1,Medium Poverty
29142,0,1,2,0.0,1,0.0,0,0.3058308264758996,0,Low Poverty (Wealthy)
29143,0,1,1,0.0,1,0.0,1,0.05449653959997964,1,Medium Poverty
29144,0,1,0,0.0,1,0.0,1,-0.6995063210277802,2,High Poverty (Poorest)
29147,0,1,1,0.0,1,0.0,1,0.05449653959997964,1,Medium Poverty
29148,0,1,0,0.0,1,0.0,0,-1.20217489477962,2,High Poverty (Poorest)
29149,0,1,1,0.0,1,0.0,0,-0.44817203415186024,1,Medium Poverty
29150,0,0,1,0.0,1,0.0,1,-0.9508406079037002,2,High Poverty (Poorest)
29151,0,1,1,0.0,1,0.0,1,0.05449653959997964,1,Medium Poverty
29152,0,1,1,0.0,1,0.0,0,-0.44817203415186024,1,Medium Poverty
29153,0,0,1,0.0,1,0.0,0,-1.45350918165554,2,High Poverty (Poorest)
29154,0,1,0,0.0,1,0.0,0,-1.20217489477962,2,High Poverty (Poorest)
29155,0,1,2,0.0,1,0.0,1,0.8084994002277395,0,Low Poverty (Wealthy)
29156,0,1,1,0.0,1,0.0,1,0.05449653959997964,1,Medium Poverty
29158,0,1,1,0.0,1,0.0,0,-0.44817203415186024,1,Medium Poverty
29160,0,1,3,0.0,1,0.0,1,1.5625022608554993,0,Low Poverty (Wealthy)
29161,0,0,2,0.0,1,0.0,1,-0.1968377472759403,1,Medium Poverty
29162,0,0,3,0.0,1,0.0,1,0.5571651133518195,0,Low Poverty (Wealthy)
29163,0,1,1,0.0,1,0.0,0,-0.44817203415186024,1,Medium Poverty
29164,0,0,0,0.0,1,0.0,0,-2.2075120422833,2,High Poverty (Poorest)
29165,0,0,2,0.0,1,0.0,0,-0.6995063210277802,2,High Poverty (Poorest)
29166,0,1,1,0.0,1,0.0,1,0.05449653959997964,1,Medium Poverty
29167,0,1,1,0.0,1,0.0,1,0.05449653959997964,1,Medium Poverty
29168,0,1,0,0.0,1,0.0,1,-0.6995063210277802,2,High Poverty (Poorest)
29169,0,0,2,0.0,1,0.0,0,-0.6995063210277802,2,High Poverty (Poorest)
29170,0,0,0,0.0,1,0.0,0,-2.2075120422833,2,High Poverty (Poorest)
29171,0,1,3,0.0,1,0.0,0,1.0598336871036593,0,Low Poverty (Wealthy)
29172,0,1,3,0.0,1,0.0,1,1.5625022608554993,0,Low Poverty (Wealthy)
29173,0,0,1,0.0,1,0.0,0,-1.45350918165554,2,High Poverty (Poorest)
29174,0,1,2,0.0,1,0.0,0,0.3058308264758996,0,Low Poverty (Wealthy)
29175,0,0,2,0.0,1,0.0,1,-0.1968377472759403,1,Medium Poverty
29176,0,0,2,0.0,1,0.0,0,-0.6995063210277802,2,High Poverty (Poorest)
29178,0,1,1,0.0,1,0.0,1,0.05449653959997964,1,Medium Poverty
29179,0,1,2,0.0,1,0.0,0,0.3058308264758996,0,Low Poverty (Wealthy)
29181,0,1,1,0.0,1,0.0,1,0.05449653959997964,1,Medium Poverty
29181,0,1,3,0.0,1,0.0,1,1.5625022608554993,0,Low Poverty (Wealthy)
29182,0,1,1,0.0,1,0.0,1,0.05449653959997964,1,Medium Poverty
29183,0,1,1,0.0,1,0.0,1,0.05449653959997964,1,Medium Poverty
29183,0,0,2,0.0,1,0.0,1,-0.1968377472759403,1,Medium Poverty
29185,0,1,2,0.0,1,0.0,1,0.8084994002277395,0,Low Poverty (Wealthy)
29185,0,0,2,0.0,1,0.0,1,-0.1968377472759403,1,Medium Poverty
29186,0,1,0,0.0,1,0.0,1,-0.6995063210277802,2,High Poverty (Poorest)
29186,0,0,1,0.0,1,0.0,0,-1.45350918165554,2,High Poverty (Poorest)
29187,0,1,3,0.0,1,0.0,0,1.0598336871036593,0,Low Poverty (Wealthy)
29187,0,0,2,0.0,1,0.0,0,-0.6995063210277802,2,High Poverty (Poorest)
29188,0,1,2,0.0,1,0.0,1,0.8084994002277395,0,Low Poverty (Wealthy)
29189,0,1,0,0.0,1,0.0,1,-0.6995063210277802,2,High Poverty (Poorest)
29189,0,1,1,0.0,1,0.0,1,0.05449653959997964,1,Medium Poverty
29191,0,0,2,0.0,1,0.0,0,-0.6995063210277802,2,High Poverty (Poorest)
29191,0,1,2,0.0,1,0.0,1,0.8084994002277395,0,Low Poverty (Wealthy)
29192,0,0,0,0.0,1,0.0,0,-2.2075120422833,2,High Poverty (Poorest)
29192,0,1,3,0.0,1,0.0,1,1.5625022608554993,0,Low Poverty (Wealthy)
29193,0,0,1,0.0,1,0.0,0,-1.45350918165554,2,High Poverty (Poorest)
29194,0,0,0,0.0,1,0.0,1,-1.70484346853146,2,High Poverty (Poorest)
29195,0,0,1,0.0,1,0.0,0,-1.45350918165554,2,High Poverty (Poorest)
29196,0,1,1,0.0,1,0.0,0,-0.44817203415186024,1,Medium Poverty
29198,0,1,1,0.0,1,0.0,1,0.05449653959997964,1,Medium Poverty
29199,0,0,0,0.0,1,0.0,1,-1.70484346853146,2,High Poverty (Poorest)
29200,0,1,0,0.0,1,0.0,0,-1.20217489477962,2,High Poverty (Poorest)
29202,0,1,2,0.0,1,0.0,1,0.8084994002277395,0,Low Poverty (Wealthy)
29203,0,1,0,0.0,1,0.0,0,-1.20217489477962,2,High Poverty (Poorest)
29204,0,1,1,0.0,1,0.0,1,0.05449653959997964,1,Medium Poverty
29206,0,1,1,0.0,1,0.0,1,0.05449653959997964,1,Medium Poverty
29208,0,1,1,0.0,1,0.0,0,-0.44817203415186024,1,Medium Poverty
29209,0,0,2,0.0,1,0.0,1,-0.1968377472759403,1,Medium Poverty
29210,0,0,1,0.0,1,0.0,0,-1.45350918165554,2,High Poverty (Poorest)
29211,0,1,2,0.0,1,0.0,1,0.8084994002277395,0,Low Poverty (Wealthy)
29212,0,1,2,0.0,1,0.0,1,0.8084994002277395,0,Low Poverty (Wealthy)
29213,0,1,0,0.0,1,0.0,1,-0.6995063210277802,2,High Poverty (Poorest)
29214,0,0,0,0.0,1,0.0,0,-2.2075120422833,2,High Poverty (Poorest)
29215,0,1,1,0.0,1,0.0,0,-0.44817203415186024,1,Medium Poverty
29216,0,1,1,0.0,1,0.0,0,-0.44817203415186024,1,Medium Poverty
29217,0,0,2,0.0,1,0.0,1,-0.1968377472759403,1,Medium Poverty
29218,0,0,2,0.0,1,0.0,1,-0.1968377472759403,1,Medium Poverty
29219,0,1,1,0.0,1,0.0,1,0.05449653959997964,1,Medium Poverty
29220,0,1,0,0.0,1,0.0,1,-0.6995063210277802,2,High Poverty (Poorest)
29221,0,0,1,0.0,1,0.0,0,-1.45350918165554,2,High Poverty (Poorest)
29223,0,0,2,0.0,1,0.0,0,-0.6995063210277802,2,High Poverty (Poorest)
29224,0,0,1,0.0,1,0.0,0,-1.45350918165554,2,High Poverty (Poorest)
29226,0,1,1,0.0,1,0.0,0,-0.44817203415186024,1,Medium Poverty
29227,0,0,0,0.0,1,0.0,0,-2.2075120422833,2,High Poverty (Poorest)
29228,0,0,2,0.0,1,0.0,1,-0.1968377472759403,1,Medium Poverty
30021,0,1,3,0.0,1,0.0,0,1.0598336871036593,0,Low Poverty (Wealthy)
30021,0,0,1,0.0,1,0.0,0,-1.45350918165554,2,High Poverty (Poorest)
30022,0,1,1,0.0,1,0.0,1,0.05449653959997964,1,Medium Poverty
30022,0,0,3,0.0,1,0.0,0,0.05449653959997964,1,Medium Poverty
30023,0,0,1,0.0,1,0.0,1,-0.9508406079037002,2,High Poverty (Poorest)
30023,0,0,2,0.0,1,0.0,0,-0.6995063210277802,2,High Poverty (Poorest)
30024,0,1,0,0.0,1,0.0,1,-0.6995063210277802,2,High Poverty (Poorest)
30024,0,1,2,0.0,1,0.0,1,0.8084994002277395,0,Low Poverty (Wealthy)
30025,0,1,0,0.0,1,0.0,0,-1.20217489477962,2,High Poverty (Poorest)
30025,0,1,3,0.0,1,0.0,1,1.5625022608554993,0,Low Poverty (Wealthy)
30026,0,1,2,0.0,1,0.0,1,0.8084994002277395,0,Low Poverty (Wealthy)
30026,0,0,2,0.0,1,0.0,1,-0.1968377472759403,1,Medium Poverty
30027,0,0,2,0.0,1,0.0,0,-0.6995063210277802,2,High Poverty (Poorest)
30027,0,1,2,0.0,1,0.0,0,0.3058308264758996,0,Low Poverty (Wealthy)
30028,0,0,1,0.0,1,0.0,1,-0.9508406079037002,2,High Poverty (Poorest)
30029,0,0,3,0.0,1,0.0,1,0.5571651133518195,0,Low Poverty (Wealthy)
30030,0,0,3,0.0,1,0.0,0,0.05449653959997964,1,Medium Poverty
30030,0,0,1,0.0,1,0.0,0,-1.45350918165554,2,High Poverty (Poorest)
30041,0,0,3,0.0,1,0.0,0,0.05449653959997964,1,Medium Poverty
30042,0,1,2,0.0,1,1.0,0,1.3111679739795794,0,Low Poverty (Wealthy)
30042,0,1,1,0.0,1,0.0,0,-0.44817203415186024,1,Medium Poverty
30042,0,1,1,0.0,1,0.0,0,-0.44817203415186024,1,Medium Poverty
30043,0,1,1,0.0,1,1.0,0,0.5571651133518195,0,Low Poverty (Wealthy)
30043,0,0,0,0.0,1,0.0,0,-2.2075120422833,2,High Poverty (Poorest)
30043,0,0,1,0.0,1,0.0,1,-0.9508406079037002,2,High Poverty (Poorest)
30044,0,1,1,0.0,1,1.0,0,0.5571651133518195,0,Low Poverty (Wealthy)
30044,0,1,1,0.0,1,0.0,0,-0.44817203415186024,1,Medium Poverty
30044,0,0,1,0.0,1,0.0,0,-1.45350918165554,2,High Poverty (Poorest)
30045,0,1,3,0.0,1,1.0,1,2.567839408359179,0,Low Poverty (Wealthy)
30045,0,1,1,0.0,1,0.0,1,0.05449653959997964,1,Medium Poverty
30045,0,1,1,0.0,1,0.0,1,0.05449653959997964,1,Medium Poverty
30046,0,1,0,0.0,1,1.0,0,-0.1968377472759403,1,Medium Poverty
30046,0,0,0,0.0,1,0.0,1,-1.70484346853146,2,High Poverty (Poorest)
30046,0,1,2,0.0,1,0.0,1,0.8084994002277395,0,Low Poverty (Wealthy)
30047,0,1,2,0.0,1,1.0,0,1.3111679739795794,0,Low Poverty (Wealthy)
30047,0,0,2,0.0,1,0.0,1,-0.1968377472759403,1,Medium Poverty
30047,0,1,0,0.0,1,0.0,1,-0.6995063210277802,2,High Poverty (Poorest)
30048,0,1,2,0.0,1,1.0,1,1.8138365477314193,0,Low Poverty (Wealthy)
30048,0,1,1,0.0,1,0.0,1,0.05449653959997964,1,Medium Poverty
30048,0,1,1,0.0,1,0.0,1,0.05449653959997964,1,Medium Poverty
30049,0,1,0,0.0,1,1.0,0,-0.1968377472759403,1,Medium Poverty
30049,0,0,0,0.0,1,0.0,1,-1.70484346853146,2,High Poverty (Poorest)
30049,0,0,1,0.0,1,0.0,0,-1.45350918165554,2,High Poverty (Poorest)
30050,0,1,0,0.0,1,0.0,1,-0.6995063210277802,2,High Poverty (Poorest)
30081,0,1,3,0.0,1,1.0,0,2.0651708346073394,0,Low Poverty (Wealthy)
30084,0,0,1,0.0,1,1.0,1,0.05449653959997964,1,Medium Poverty
30085,0,0,0,0.0,1,1.0,0,-1.20217489477962,2,High Poverty (Poorest)
30086,0,1,0,0.0,1,1.0,0,-0.1968377472759403,1,Medium Poverty
30087,0,1,2,0.0,1,1.0,0,1.3111679739795794,0,Low Poverty (Wealthy)
30088,0,1,0,0.0,1,1.0,0,-0.1968377472759403,1,Medium Poverty
30089,0,0,3,0.0,1,0.0,1,0.5571651133518195,0,Low Poverty (Wealthy)
30090,0,0,3,0.0,1,1.0,0,1.0598336871036593,0,Low Poverty (Wealthy)
30091,0,0,1,0.0,1,0.0,1,-0.9508406079037002,2,High Poverty (Poorest)
30093,0,1,1,0.0,1,0.0,0,-0.44817203415186024,1,Medium Poverty
30094,0,0,0,0.0,1,0.0,0,-2.2075120422833,2,High Poverty (Poorest)
30096,0,1,2,0.0,1,0.0,0,0.3058308264758996,0,Low Poverty (Wealthy)
30097,0,0,1,0.0,1,0.0,0,-1.45350918165554,2,High Poverty (Poorest)
30098,0,1,1,0.0,1,0.0,1,0.05449653959997964,1,Medium Poverty
30099,0,1,1,0.0,1,0.0,1,0.05449653959997964,1,Medium Poverty
30100,0,1,2,0.0,1,0.0,0,0.3058308264758996,0,Low Poverty (Wealthy)
30101,0,0,1,0.0,1,0.0,1,-0.9508406079037002,2,High Poverty (Poorest)
30102,0,0,0,0.0,1,0.0,0,-2.2075120422833,2,High Poverty (Poorest)
30103,0,0,2,0.0,1,0.0,0,-0.6995063210277802,2,High Poverty (Poorest)
30104,0,1,2,0.0,1,0.0,1,0.8084994002277395,0,Low Poverty (Wealthy)
30105,0,1,3,0.0,1,0.0,0,1.0598336871036593,0,Low Poverty (Wealthy)
30106,0,1,0,0.0,1,0.0,1,-0.6995063210277802,2,High Poverty (Poorest)
30107,0,1,2,0.0,1,0.0,1,0.8084994002277395,0,Low Poverty (Wealthy)
30108,0,1,2,0.0,1,0.0,1,0.8084994002277395,0,Low Poverty (Wealthy)
30109,0,0,0,0.0,1,0.0,1,-1.70484346853146,2,High Poverty (Poorest)
30110,0,1,2,0.0,1,0.0,0,0.3058308264758996,0,Low Poverty (Wealthy)
30121,0,1,1,0.0,1,1.0,0,0.5571651133518195,0,Low Poverty (Wealthy)
30122,0,1,3,0.0,1,1.0,0,2.0651708346073394,0,Low Poverty (Wealthy)
30123,0,1,0,0.0,1,1.0,0,-0.1968377472759403,1,Medium Poverty
30124,0,0,2,0.0,1,1.0,1,0.8084994002277395,0,Low Poverty (Wealthy)
30125,0,0,1,0.0,1,1.0,1,0.05449653959997964,1,Medium Poverty
30126,0,1,3,0.0,1,1.0,1,2.567839408359179,0,Low Poverty (Wealthy)
30127,0,0,1,0.0,1,1.0,1,0.05449653959997964,1,Medium Poverty
30128,0,1,3,0.0,1,1.0,0,2.0651708346073394,0,Low Poverty (Wealthy)
30129,0,0,3,0.0,1,1.0,1,1.5625022608554993,0,Low Poverty (Wealthy)
30130,0,1,1,0.0,1,1.0,1,1.0598336871036593,0,Low Poverty (Wealthy)
30131,0,0,2,0.0,1,0.0,1,-0.1968377472759403,1,Medium Poverty
30132,0,1,3,0.0,1,0.0,0,1.0598336871036593,0,Low Poverty (Wealthy)
30133,0,1,1,0.0,1,0.0,1,0.05449653959997964,1,Medium Poverty
30134,0,0,1,0.0,1,0.0,0,-1.45350918165554,2,High Poverty (Poorest)
30135,0,1,1,0.0,1,0.0,1,0.05449653959997964,1,Medium Poverty
30137,0,1,1,0.0,1,0.0,1,0.05449653959997964,1,Medium Poverty
30138,0,1,0,0.0,1,0.0,0,-1.20217489477962,2,High Poverty (Poorest)
30139,0,1,1,0.0,1,0.0,1,0.05449653959997964,1,Medium Poverty
30140,0,1,1,0.0,1,0.0,1,0.05449653959997964,1,Medium Poverty
39001,0,0,1,0.0,1,0.0,0,-1.45350918165554,2,High Poverty (Poorest)
39002,0,0,0,0.0,1,0.0,1,-1.70484346853146,2,High Poverty (Poorest)
39003,0,0,3,0.0,1,0.0,1,0.5571651133518195,0,Low Poverty (Wealthy)
39004,0,1,2,0.0,1,0.0,1,0.8084994002277395,0,Low Poverty (Wealthy)
39005,0,0,0,0.0,1,0.0,1,-1.70484346853146,2,High Poverty (Poorest)
39006,0,1,2,0.0,1,0.0,1,0.8084994002277395,0,Low Poverty (Wealthy)
39007,0,1,2,0.0,1,0.0,1,0.8084994002277395,0,Low Poverty (Wealthy)
39008,0,0,3,0.0,1,0.0,0,0.05449653959997964,1,Medium Poverty
39009,0,1,0,0.0,1,0.0,0,-1.20217489477962,2,High Poverty (Poorest)
39010,0,0,1,0.0,1,0.0,1,-0.9508406079037002,2,High Poverty (Poorest)
39012,0,0,3,0.0,1,0.0,1,0.5571651133518195,0,Low Poverty (Wealthy)
39013,0,1,3,0.0,1,0.0,1,1.5625022608554993,0,Low Poverty (Wealthy)
39014,0,1,2,0.0,1,0.0,1,0.8084994002277395,0,Low Poverty (Wealthy)
39017,0,1,2,0.0,1,0.0,1,0.8084994002277395,0,Low Poverty (Wealthy)
39018,0,1,0,0.0,1,0.0,0,-1.20217489477962,2,High Poverty (Poorest)
39021,0,0,1,0.0,1,0.0,1,-0.9508406079037002,2,High Poverty (Poorest)
39022,0,1,1,0.0,1,0.0,0,-0.44817203415186024,1,Medium Poverty
39023,0,1,0,0.0,1,0.0,1,-0.6995063210277802,2,High Poverty (Poorest)
39024,0,1,2,0.0,1,0.0,1,0.8084994002277395,0,Low Poverty (Wealthy)
39025,0,0,0,0.0,1,0.0,1,-1.70484346853146,2,High Poverty (Poorest)
39026,0,1,1,0.0,1,0.0,0,-0.44817203415186024,1,Medium Poverty
39030,0,1,3,0.0,1,0.0,1,1.5625022608554993,0,Low Poverty (Wealthy)
39031,0,0,0,0.0,1,0.0,1,-1.70484346853146,2,High Poverty (Poorest)
39032,0,1,3,0.0,1,0.0,1,1.5625022608554993,0,Low Poverty (Wealthy)
39033,0,0,3,0.0,1,0.0,0,0.05449653959997964,1,Medium Poverty
39036,0,1,2,0.0,1,0.0,1,0.8084994002277395,0,Low Poverty (Wealthy)
39037,0,1,0,0.0,1,0.0,1,-0.6995063210277802,2,High Poverty (Poorest)
39039,0,0,1,0.0,1,0.0,1,-0.9508406079037002,2,High Poverty (Poorest)
39040,0,1,1,0.0,1,0.0,1,0.05449653959997964,1,Medium Poverty
39041,0,1,1,0.0,1,0.0,0,-0.44817203415186024,1,Medium Poverty
39042,0,1,1,0.0,1,0.0,0,-0.44817203415186024,1,Medium Poverty
39043,0,1,3,0.0,1,0.0,1,1.5625022608554993,0,Low Poverty (Wealthy)
39044,0,1,0,0.0,1,0.0,0,-1.20217489477962,2,High Poverty (Poorest)
39045,0,1,2,0.0,1,0.0,1,0.8084994002277395,0,Low Poverty (Wealthy)
39048,0,1,0,0.0,1,0.0,0,-1.20217489477962,2,High Poverty (Poorest)
39051,0,0,2,0.0,1,0.0,1,-0.1968377472759403,1,Medium Poverty
39052,0,1,3,0.0,1,0.0,0,1.0598336871036593,0,Low Poverty (Wealthy)
39053,0,0,1,0.0,1,0.0,1,-0.9508406079037002,2,High Poverty (Poorest)
39056,0,1,0,0.0,1,0.0,0,-1.20217489477962,2,High Poverty (Poorest)
39057,0,1,2,0.0,1,0.0,0,0.3058308264758996,0,Low Poverty (Wealthy)
39058,0,0,2,0.0,1,0.0,0,-0.6995063210277802,2,High Poverty (Poorest)
39059,0,1,2,0.0,1,0.0,0,0.3058308264758996,0,Low Poverty (Wealthy)
39061,0,1,1,0.0,1,0.0,1,0.05449653959997964,1,Medium Poverty
39062,0,0,1,0.0,1,0.0,0,-1.45350918165554,2,High Poverty (Poorest)
39064,0,1,3,0.0,1,0.0,1,1.5625022608554993,0,Low Poverty (Wealthy)
39066,0,1,3,0.0,1,0.0,1,1.5625022608554993,0,Low Poverty (Wealthy)
39068,0,0,1,0.0,1,0.0,1,-0.9508406079037002,2,High Poverty (Poorest)
39069,0,1,2,0.0,1,0.0,1,0.8084994002277395,0,Low Poverty (Wealthy)
39070,0,0,1,0.0,1,0.0,1,-0.9508406079037002,2,High Poverty (Poorest)
39071,0,1,1,0.0,1,1.0,1,1.0598336871036593,0,Low Poverty (Wealthy)
39072,0,1,0,0.0,1,1.0,1,0.3058308264758996,0,Low Poverty (Wealthy)
39074,0,1,1,0.0,1,1.0,0,0.5571651133518195,0,Low Poverty (Wealthy)
39077,0,1,1,0.0,1,1.0,1,1.0598336871036593,0,Low Poverty (Wealthy)
39079,0,1,0,0.0,1,1.0,1,0.3058308264758996,0,Low Poverty (Wealthy)
39080,0,1,1,0.0,1,1.0,1,1.0598336871036593,0,Low Poverty (Wealthy)
39081,0,0,2,0.0,1,1.0,1,0.8084994002277395,0,Low Poverty (Wealthy)
39082,0,1,2,0.0,1,1.0,1,1.8138365477314193,0,Low Poverty (Wealthy)
39083,0,0,2,0.0,1,0.0,0,-0.6995063210277802,2,High Poverty (Poorest)
39083,0,1,3,0.0,1,0.0,1,1.5625022608554993,0,Low Poverty (Wealthy)
39083,0,0,0,0.0,1,1.0,1,-0.6995063210277802,2,High Poverty (Poorest)
39083,0,0,2,0.0,1,0.0,0,-0.6995063210277802,2,High Poverty (Poorest)
39083,0,0,2,0.0,1,0.0,1,-0.1968377472759403,1,Medium Poverty
39083,0,1,1,0.0,1,0.0,1,0.05449653959997964,1,Medium Poverty
39083,0,0,1,0.0,1,1.0,1,0.05449653959997964,1,Medium Poverty
39083,0,1,0,0.0,1,0.0,1,-0.6995063210277802,2,High Poverty (Poorest)
39084,0,0,3,0.0,1,0.0,0,0.05449653959997964,1,Medium Poverty
39084,0,0,1,0.0,1,0.0,1,-0.9508406079037002,2,High Poverty (Poorest)
39084,0,1,3,0.0,1,1.0,1,2.567839408359179,0,Low Poverty (Wealthy)
39084,0,1,2,0.0,1,0.0,0,0.3058308264758996,0,Low Poverty (Wealthy)
39084,0,0,2,0.0,1,0.0,0,-0.6995063210277802,2,High Poverty (Poorest)
39084,0,1,2,0.0,1,0.0,1,0.8084994002277395,0,Low Poverty (Wealthy)
39084,0,1,2,0.0,1,1.0,0,1.3111679739795794,0,Low Poverty (Wealthy)
39084,0,1,1,0.0,1,0.0,1,0.05449653959997964,1,Medium Poverty
39087,0,0,1,0.0,1,0.0,0,-1.45350918165554,2,High Poverty (Poorest)
39087,0,0,2,0.0,1,0.0,1,-0.1968377472759403,1,Medium Poverty
39087,0,1,1,0.0,1,1.0,1,1.0598336871036593,0,Low Poverty (Wealthy)
39087,0,0,1,0.0,1,0.0,0,-1.45350918165554,2,High Poverty (Poorest)
39087,0,1,0,0.0,1,0.0,1,-0.6995063210277802,2,High Poverty (Poorest)
39087,0,1,3,0.0,1,0.0,1,1.5625022608554993,0,Low Poverty (Wealthy)
39087,0,1,0,0.0,1,1.0,1,0.3058308264758996,0,Low Poverty (Wealthy)
39087,0,1,2,0.0,1,0.0,1,0.8084994002277395,0,Low Poverty (Wealthy)
39088,0,1,1,0.0,1,0.0,1,0.05449653959997964,1,Medium Poverty
39088,0,1,1,0.0,1,0.0,1,0.05449653959997964,1,Medium Poverty
39088,0,1,2,0.0,1,1.0,1,1.8138365477314193,0,Low Poverty (Wealthy)
39088,0,1,0,0.0,1,0.0,1,-0.6995063210277802,2,High Poverty (Poorest)
39088,0,1,2,0.0,1,0.0,0,0.3058308264758996,0,Low Poverty (Wealthy)
39088,0,1,2,0.0,1,0.0,1,0.8084994002277395,0,Low Poverty (Wealthy)
39088,0,1,2,0.0,1,1.0,1,1.8138365477314193,0,Low Poverty (Wealthy)
39088,0,1,0,0.0,1,0.0,0,-1.20217489477962,2,High Poverty (Poorest)
39089,0,1,3,0.0,1,0.0,0,1.0598336871036593,0,Low Poverty (Wealthy)
39089,0,1,2,0.0,1,0.0,0,0.3058308264758996,0,Low Poverty (Wealthy)
39089,0,1,3,0.0,1,1.0,0,2.0651708346073394,0,Low Poverty (Wealthy)
39089,0,1,1,0.0,1,0.0,0,-0.44817203415186024,1,Medium Poverty
39089,0,0,1,0.0,1,0.0,0,-1.45350918165554,2,High Poverty (Poorest)
39089,0,0,3,0.0,1,0.0,1,0.5571651133518195,0,Low Poverty (Wealthy)
39089,0,1,3,0.0,1,1.0,0,2.0651708346073394,0,Low Poverty (Wealthy)
39089,0,0,1,0.0,1,0.0,0,-1.45350918165554,2,High Poverty (Poorest)
39090,0,0,1,0.0,1,0.0,0,-1.45350918165554,2,High Poverty (Poorest)
39090,0,0,1,0.0,1,0.0,0,-1.45350918165554,2,High Poverty (Poorest)
39090,0,0,1,0.0,1,1.0,0,-0.44817203415186024,1,Medium Poverty
39090,0,0,1,0.0,1,0.0,1,-0.9508406079037002,2,High Poverty (Poorest)
39090,0,1,1,0.0,1,0.0,1,0.05449653959997964,1,Medium Poverty
39090,0,1,3,0.0,1,0.0,1,1.5625022608554993,0,Low Poverty (Wealthy)
39090,0,1,0,0.0,1,1.0,1,0.3058308264758996,0,Low Poverty (Wealthy)
39090,0,1,2,0.0,1,0.0,0,0.3058308264758996,0,Low Poverty (Wealthy)
39091,0,0,0,0.0,1,0.0,0,-2.2075120422833,2,High Poverty (Poorest)
39091,0,1,1,0.0,1,0.0,0,-0.44817203415186024,1,Medium Poverty
39091,0,1,0,0.0,1,1.0,1,0.3058308264758996,0,Low Poverty (Wealthy)
39091,0,0,1,0.0,1,0.0,0,-1.45350918165554,2,High Poverty (Poorest)
39091,0,1,2,0.0,1,0.0,1,0.8084994002277395,0,Low Poverty (Wealthy)
39091,0,1,3,0.0,1,0.0,0,1.0598336871036593,0,Low Poverty (Wealthy)
39091,0,1,1,0.0,1,1.0,0,0.5571651133518195,0,Low Poverty (Wealthy)
39091,0,1,1,0.0,1,0.0,1,0.05449653959997964,1,Medium Poverty
39092,0,1,1,0.0,1,0.0,1,0.05449653959997964,1,Medium Poverty
39092,0,0,3,0.0,1,0.0,1,0.5571651133518195,0,Low Poverty (Wealthy)
39092,0,1,2,0.0,1,1.0,1,1.8138365477314193,0,Low Poverty (Wealthy)
39092,0,0,1,0.0,1,0.0,1,-0.9508406079037002,2,High Poverty (Poorest)
39092,0,1,2,0.0,1,0.0,1,0.8084994002277395,0,Low Poverty (Wealthy)
39092,0,1,2,0.0,1,0.0,1,0.8084994002277395,0,Low Poverty (Wealthy)
39092,0,1,0,0.0,1,1.0,0,-0.1968377472759403,1,Medium Poverty
39092,0,1,1,0.0,1,0.0,1,0.05449653959997964,1,Medium Poverty
39093,0,0,3,0.0,1,0.0,1,0.5571651133518195,0,Low Poverty (Wealthy)
39093,0,0,2,0.0,1,0.0,0,-0.6995063210277802,2,High Poverty (Poorest)
39093,0,0,1,0.0,1,1.0,1,0.05449653959997964,1,Medium Poverty
39093,0,0,1,0.0,1,0.0,1,-0.9508406079037002,2,High Poverty (Poorest)
39093,0,1,1,0.0,1,0.0,1,0.05449653959997964,1,Medium Poverty
39093,0,1,1,0.0,1,0.0,0,-0.44817203415186024,1,Medium Poverty
39093,0,0,2,0.0,1,1.0,1,0.8084994002277395,0,Low Poverty (Wealthy)
39093,0,1,1,0.0,1,0.0,1,0.05449653959997964,1,Medium Poverty
39094,0,1,2,0.0,1,0.0,1,0.8084994002277395,0,Low Poverty (Wealthy)
39094,0,1,3,0.0,1,0.0,0,1.0598336871036593,0,Low Poverty (Wealthy)
39094,0,1,0,0.0,1,1.0,1,0.3058308264758996,0,Low Poverty (Wealthy)
39094,0,0,1,0.0,1,0.0,0,-1.45350918165554,2,High Poverty (Poorest)
39094,0,1,1,0.0,1,0.0,1,0.05449653959997964,1,Medium Poverty
39094,0,1,2,0.0,1,0.0,0,0.3058308264758996,0,Low Poverty (Wealthy)
39094,0,1,1,0.0,1,1.0,1,1.0598336871036593,0,Low Poverty (Wealthy)
39094,0,0,2,0.0,1,0.0,1,-0.1968377472759403,1,Medium Poverty
39096,0,1,3,0.0,1,0.0,0,1.0598336871036593,0,Low Poverty (Wealthy)
39100,0,0,1,0.0,1,0.0,0,-1.45350918165554,2,High Poverty (Poorest)
39101,0,0,3,0.0,1,0.0,0,0.05449653959997964,1,Medium Poverty
39102,0,1,3,0.0,1,0.0,0,1.0598336871036593,0,Low Poverty (Wealthy)
39103,0,1,0,0.0,1,0.0,0,-1.20217489477962,2,High Poverty (Poorest)
39104,0,1,1,0.0,1,0.0,1,0.05449653959997964,1,Medium Poverty
39105,0,0,3,0.0,1,0.0,1,0.5571651133518195,0,Low Poverty (Wealthy)
39106,0,1,3,0.0,1,0.0,1,1.5625022608554993,0,Low Poverty (Wealthy)
39107,0,0,0,0.0,1,1.0,1,-0.6995063210277802,2,High Poverty (Poorest)
39107,0,0,0,0.0,1,0.0,0,-2.2075120422833,2,High Poverty (Poorest)
39107,0,1,0,0.0,1,0.0,0,-1.20217489477962,2,High Poverty (Poorest)
39108,0,1,3,0.0,1,1.0,0,2.0651708346073394,0,Low Poverty (Wealthy)
39108,0,1,0,0.0,1,0.0,1,-0.6995063210277802,2,High Poverty (Poorest)
39108,0,1,1,0.0,1,0.0,1,0.05449653959997964,1,Medium Poverty
39110,0,1,2,0.0,1,1.0,0,1.3111679739795794,0,Low Poverty (Wealthy)
39110,0,1,0,0.0,1,0.0,0,-1.20217489477962,2,High Poverty (Poorest)
39110,0,0,2,0.0,1,0.0,1,-0.1968377472759403,1,Medium Poverty
39111,0,1,1,0.0,1,1.0,1,1.0598336871036593,0,Low Poverty (Wealthy)
39111,0,1,3,0.0,1,0.0,1,1.5625022608554993,0,Low Poverty (Wealthy)
39111,0,0,1,0.0,1,0.0,0,-1.45350918165554,2,High Poverty (Poorest)
39112,0,1,2,0.0,1,0.0,1,0.8084994002277395,0,Low Poverty (Wealthy)
39114,0,1,2,0.0,1,1.0,1,1.8138365477314193,0,Low Poverty (Wealthy)
39114,0,0,1,0.0,1,0.0,1,-0.9508406079037002,2,High Poverty (Poorest)
39114,0,0,0,0.0,1,0.0,1,-1.70484346853146,2,High Poverty (Poorest)
39115,0,1,1,0.0,1,1.0,1,1.0598336871036593,0,Low Poverty (Wealthy)
39115,0,0,1,0.0,1,0.0,0,-1.45350918165554,2,High Poverty (Poorest)
39115,0,1,2,0.0,1,0.0,0,0.3058308264758996,0,Low Poverty (Wealthy)
39116,0,1,2,0.0,1,1.0,1,1.8138365477314193,0,Low Poverty (Wealthy)
39116,0,1,1,0.0,1,0.0,1,0.05449653959997964,1,Medium Poverty
39116,0,1,2,0.0,1,0.0,1,0.8084994002277395,0,Low Poverty (Wealthy)
39118,0,1,2,0.0,1,1.0,1,1.8138365477314193,0,Low Poverty (Wealthy)
39118,0,0,2,0.0,1,0.0,0,-0.6995063210277802,2,High Poverty (Poorest)
39118,0,1,1,0.0,1,0.0,1,0.05449653959997964,1,Medium Poverty
39119,0,1,1,0.0,1,1.0,0,0.5571651133518195,0,Low Poverty (Wealthy)
39119,0,0,1,0.0,1,0.0,1,-0.9508406079037002,2,High Poverty (Poorest)
39120,0,1,1,0.0,1,1.0,1,1.0598336871036593,0,Low Poverty (Wealthy)
39120,0,1,1,0.0,1,0.0,1,0.05449653959997964,1,Medium Poverty
39121,0,1,1,0.0,1,1.0,0,0.5571651133518195,0,Low Poverty (Wealthy)
39121,0,1,0,0.0,1,0.0,1,-0.6995063210277802,2,High Poverty (Poorest)
39123,0,1,2,0.0,1,1.0,1,1.8138365477314193,0,Low Poverty (Wealthy)
39123,0,1,1,0.0,1,0.0,0,-0.44817203415186024,1,Medium Poverty
39125,0,1,0,0.0,1,1.0,1,0.3058308264758996,0,Low Poverty (Wealthy)
39125,0,1,1,0.0,1,0.0,1,0.05449653959997964,1,Medium Poverty
39126,0,1,1,0.0,1,1.0,1,1.0598336871036593,0,Low Poverty (Wealthy)
39126,0,1,2,0.0,1,0.0,1,0.8084994002277395,0,Low Poverty (Wealthy)
39127,0,1,1,0.0,1,1.0,0,0.5571651133518195,0,Low Poverty (Wealthy)
39127,0,0,1,0.0,1,0.0,1,-0.9508406079037002,2,High Poverty (Poorest)
39128,0,1,1,0.0,1,1.0,1,1.0598336871036593,0,Low Poverty (Wealthy)
39128,0,1,1,0.0,1,0.0,0,-0.44817203415186024,1,Medium Poverty
39130,0,0,0,0.0,1,0.0,0,-2.2075120422833,2,High Poverty (Poorest)
39132,0,1,3,0.0,1,0.0,0,1.0598336871036593,0,Low Poverty (Wealthy)
39133,0,0,1,0.0,1,0.0,0,-1.45350918165554,2,High Poverty (Poorest)
39135,0,0,1,0.0,1,0.0,1,-0.9508406079037002,2,High Poverty (Poorest)
39136,0,1,0,0.0,1,0.0,1,-0.6995063210277802,2,High Poverty (Poorest)
39137,0,0,1,0.0,1,0.0,1,-0.9508406079037002,2,High Poverty (Poorest)
39138,0,1,2,0.0,1,0.0,0,0.3058308264758996,0,Low Poverty (Wealthy)
39139,0,1,2,0.0,1,0.0,1,0.8084994002277395,0,Low Poverty (Wealthy)
39140,0,1,2,0.0,1,0.0,1,0.8084994002277395,0,Low Poverty (Wealthy)
39141,0,0,0,0.0,1,0.0,1,-1.70484346853146,2,High Poverty (Poorest)
39142,0,0,1,0.0,1,0.0,1,-0.9508406079037002,2,High Poverty (Poorest)
39143,0,1,2,0.0,1,0.0,1,0.8084994002277395,0,Low Poverty (Wealthy)
39144,0,1,3,0.0,1,0.0,1,1.5625022608554993,0,Low Poverty (Wealthy)
39144,0,1,0,0.0,1,0.0,0,-1.20217489477962,2,High Poverty (Poorest)
39146,0,0,1,0.0,1,0.0,1,-0.9508406079037002,2,High Poverty (Poorest)
39146,0,1,1,0.0,1,0.0,1,0.05449653959997964,1,Medium Poverty
39147,0,1,0,0.0,1,0.0,1,-0.6995063210277802,2,High Poverty (Poorest)
39147,0,1,1,0.0,1,0.0,1,0.05449653959997964,1,Medium Poverty
39149,0,0,0,0.0,1,0.0,0,-2.2075120422833,2,High Poverty (Poorest)
39149,0,1,2,0.0,1,0.0,1,0.8084994002277395,0,Low Poverty (Wealthy)
39150,0,1,1,0.0,1,0.0,1,0.05449653959997964,1,Medium Poverty
39150,0,1,0,0.0,1,0.0,1,-0.6995063210277802,2,High Poverty (Poorest)
39151,0,0,0,0.0,1,0.0,0,-2.2075120422833,2,High Poverty (Poorest)
39151,0,1,2,0.0,1,0.0,1,0.8084994002277395,0,Low Poverty (Wealthy)
39152,0,1,0,0.0,1,0.0,1,-0.6995063210277802,2,High Poverty (Poorest)
39152,0,0,2,0.0,1,0.0,1,-0.1968377472759403,1,Medium Poverty
39153,0,1,1,0.0,1,0.0,0,-0.44817203415186024,1,Medium Poverty
39153,0,1,2,0.0,1,0.0,0,0.3058308264758996,0,Low Poverty (Wealthy)
39154,0,0,1,0.0,1,0.0,1,-0.9508406079037002,2,High Poverty (Poorest)
39154,0,0,0,0.0,1,0.0,0,-2.2075120422833,2,High Poverty (Poorest)
39155,0,1,1,0.0,1,0.0,1,0.05449653959997964,1,Medium Poverty
39155,0,0,0,0.0,1,0.0,1,-1.70484346853146,2,High Poverty (Poorest)
39156,0,1,1,0.0,1,0.0,1,0.05449653959997964,1,Medium Poverty
39156,0,0,2,0.0,1,0.0,1,-0.1968377472759403,1,Medium Poverty
39157,0,1,1,0.0,1,0.0,0,-0.44817203415186024,1,Medium Poverty
39157,0,0,0,0.0,1,0.0,1,-1.70484346853146,2,High Poverty (Poorest)
39158,0,1,1,0.0,1,0.0,1,0.05449653959997964,1,Medium Poverty
39158,0,1,2,0.0,1,0.0,1,0.8084994002277395,0,Low Poverty (Wealthy)
39159,0,1,3,0.0,1,0.0,1,1.5625022608554993,0,Low Poverty (Wealthy)
39159,0,1,2,0.0,1,0.0,1,0.8084994002277395,0,Low Poverty (Wealthy)
39160,0,0,1,0.0,1,0.0,0,-1.45350918165554,2,High Poverty (Poorest)
39160,0,1,2,0.0,1,0.0,1,0.8084994002277395,0,Low Poverty (Wealthy)
39162,0,0,3,0.0,1,0.0,1,0.5571651133518195,0,Low Poverty (Wealthy)
39162,0,0,2,0.0,1,0.0,1,-0.1968377472759403,1,Medium Poverty
39165,0,0,1,0.0,1,0.0,1,-0.9508406079037002,2,High Poverty (Poorest)
39165,0,1,1,0.0,1,0.0,0,-0.44817203415186024,1,Medium Poverty
39166,0,1,1,0.0,1,0.0,1,0.05449653959997964,1,Medium Poverty
39166,0,1,1,0.0,1,0.0,1,0.05449653959997964,1,Medium Poverty
39167,0,1,2,0.0,1,0.0,0,0.3058308264758996,0,Low Poverty (Wealthy)
39168,0,0,1,0.0,1,0.0,1,-0.9508406079037002,2,High Poverty (Poorest)
39169,0,1,0,0.0,1,0.0,0,-1.20217489477962,2,High Poverty (Poorest)
39170,0,1,2,0.0,1,0.0,1,0.8084994002277395,0,Low Poverty (Wealthy)
39171,0,1,2,0.0,1,0.0,0,0.3058308264758996,0,Low Poverty (Wealthy)
39174,0,0,1,0.0,1,0.0,1,-0.9508406079037002,2,High Poverty (Poorest)
39175,0,1,2,0.0,1,0.0,0,0.3058308264758996,0,Low Poverty (Wealthy)
39176,0,1,1,0.0,1,0.0,1,0.05449653959997964,1,Medium Poverty
39177,0,0,3,0.0,1,0.0,1,0.5571651133518195,0,Low Poverty (Wealthy)
39186,0,0,2,0.0,1,0.0,0,-0.6995063210277802,2,High Poverty (Poorest)
39187,0,1,1,0.0,1,0.0,1,0.05449653959997964,1,Medium Poverty
39188,0,1,2,0.0,1,0.0,0,0.3058308264758996,0,Low Poverty (Wealthy)
39190,0,0,3,0.0,1,1.0,1,1.5625022608554993,0,Low Poverty (Wealthy)
39193,0,1,1,0.0,1,0.0,1,0.05449653959997964,1,Medium Poverty
39198,0,0,1,0.0,1,1.0,1,0.05449653959997964,1,Medium Poverty
39198,0,1,2,0.0,1,0.0,1,0.8084994002277395,0,Low Poverty (Wealthy)
40011,0,1,1,0.0,1,0.0,0,-0.44817203415186024,1,Medium Poverty
40012,0,1,1,0.0,1,0.0,0,-0.44817203415186024,1,Medium Poverty
40013,0,1,3,0.0,1,0.0,1,1.5625022608554993,0,Low Poverty (Wealthy)
40015,0,1,2,0.0,1,0.0,0,0.3058308264758996,0,Low Poverty (Wealthy)
40016,0,0,1,0.0,1,0.0,1,-0.9508406079037002,2,High Poverty (Poorest)
40017,0,1,1,0.0,1,0.0,0,-0.44817203415186024,1,Medium Poverty
40018,0,1,1,0.0,1,0.0,1,0.05449653959997964,1,Medium Poverty
40019,0,1,1,0.0,1,0.0,0,-0.44817203415186024,1,Medium Poverty
40020,0,0,0,0.0,1,0.0,1,-1.70484346853146,2,High Poverty (Poorest)
40171,0,0,2,0.0,1,1.0,0,0.3058308264758996,0,Low Poverty (Wealthy)
40171,0,0,1,0.0,1,0.0,0,-1.45350918165554,2,High Poverty (Poorest)
40172,0,1,1,0.0,1,1.0,1,1.0598336871036593,0,Low Poverty (Wealthy)
40172,0,1,1,0.0,1,0.0,0,-0.44817203415186024,1,Medium Poverty
40173,0,1,3,0.0,1,0.0,1,1.5625022608554993,0,Low Poverty (Wealthy)
40174,0,1,1,0.0,1,1.0,1,1.0598336871036593,0,Low Poverty (Wealthy)
40174,0,1,0,0.0,1,0.0,0,-1.20217489477962,2,High Poverty (Poorest)
40176,0,0,0,0.0,1,0.0,1,-1.70484346853146,2,High Poverty (Poorest)
40177,0,1,2,0.0,1,1.0,1,1.8138365477314193,0,Low Poverty (Wealthy)
40177,0,1,2,0.0,1,0.0,1,0.8084994002277395,0,Low Poverty (Wealthy)
40178,0,1,1,0.0,1,1.0,1,1.0598336871036593,0,Low Poverty (Wealthy)
40178,0,1,1,0.0,1,0.0,1,0.05449653959997964,1,Medium Poverty
40180,0,1,0,0.0,1,1.0,0,-0.1968377472759403,1,Medium Poverty
40180,0,1,1,0.0,1,0.0,0,-0.44817203415186024,1,Medium Poverty
40202,0,0,1,0.0,1,1.0,1,0.05449653959997964,1,Medium Poverty
40203,0,0,0,0.0,1,1.0,1,-0.6995063210277802,2,High Poverty (Poorest)
40206,0,1,0,0.0,1,1.0,0,-0.1968377472759403,1,Medium Poverty
40207,0,1,0,0.0,1,1.0,1,0.3058308264758996,0,Low Poverty (Wealthy)
40208,0,1,0,0.0,1,1.0,1,0.3058308264758996,0,Low Poverty (Wealthy)
40209,0,1,2,0.0,1,1.0,0,1.3111679739795794,0,Low Poverty (Wealthy)
40210,0,0,0,0.0,1,0.0,0,-2.2075120422833,2,High Poverty (Poorest)
49001,0,0,1,0.0,1,0.0,1,-0.9508406079037002,2,High Poverty (Poorest)
49001,0,1,0,0.0,1,0.0,0,-1.20217489477962,2,High Poverty (Poorest)
49003,0,1,3,0.0,1,0.0,0,1.0598336871036593,0,Low Poverty (Wealthy)
49003,0,0,3,0.0,1,0.0,0,0.05449653959997964,1,Medium Poverty
49004,0,1,1,0.0,1,0.0,1,0.05449653959997964,1,Medium Poverty
49004,0,0,1,0.0,1,0.0,1,-0.9508406079037002,2,High Poverty (Poorest)
49005,0,1,1,0.0,1,0.0,0,-0.44817203415186024,1,Medium Poverty
49005,0,0,1,0.0,1,0.0,0,-1.45350918165554,2,High Poverty (Poorest)
49006,0,1,0,0.0,1,0.0,1,-0.6995063210277802,2,High Poverty (Poorest)
49006,0,0,2,0.0,1,0.0,1,-0.1968377472759403,1,Medium Poverty
49007,0,1,1,0.0,1,0.0,1,0.05449653959997964,1,Medium Poverty
49007,0,0,3,0.0,1,0.0,1,0.5571651133518195,0,Low Poverty (Wealthy)
49008,0,0,0,0.0,1,0.0,1,-1.70484346853146,2,High Poverty (Poorest)
49008,0,1,2,0.0,1,0.0,0,0.3058308264758996,0,Low Poverty (Wealthy)
49010,0,1,2,0.0,1,0.0,1,0.8084994002277395,0,Low Poverty (Wealthy)
49010,0,1,0,0.0,1,0.0,1,-0.6995063210277802,2,High Poverty (Poorest)
49011,0,0,1,0.0,1,0.0,1,-0.9508406079037002,2,High Poverty (Poorest)
49013,0,1,0,0.0,1,0.0,1,-0.6995063210277802,2,High Poverty (Poorest)
49015,0,1,1,0.0,1,0.0,0,-0.44817203415186024,1,Medium Poverty
49017,0,1,1,0.0,1,0.0,0,-0.44817203415186024,1,Medium Poverty
49018,0,0,2,0.0,1,0.0,1,-0.1968377472759403,1,Medium Poverty
49019,0,1,1,0.0,1,0.0,1,0.05449653959997964,1,Medium Poverty
49020,0,0,3,0.0,1,0.0,1,0.5571651133518195,0,Low Poverty (Wealthy)
49023,0,0,0,0.0,1,0.0,1,-1.70484346853146,2,High Poverty (Poorest)
49024,0,1,3,0.0,1,0.0,0,1.0598336871036593,0,Low Poverty (Wealthy)
49025,0,0,1,0.0,1,0.0,0,-1.45350918165554,2,High Poverty (Poorest)
49026,0,1,2,0.0,1,0.0,1,0.8084994002277395,0,Low Poverty (Wealthy)
49026,0,1,1,0.0,1,0.0,0,-0.44817203415186024,1,Medium Poverty
49027,0,1,0,0.0,1,0.0,1,-0.6995063210277802,2,High Poverty (Poorest)
49027,0,1,3,0.0,1,0.0,0,1.0598336871036593,0,Low Poverty (Wealthy)
49030,0,0,1,0.0,1,0.0,1,-0.9508406079037002,2,High Poverty (Poorest)
49030,0,0,2,0.0,1,0.0,1,-0.1968377472759403,1,Medium Poverty
49034,0,1,2,0.0,1,0.0,1,0.8084994002277395,0,Low Poverty (Wealthy)
49034,0,0,1,0.0,1,0.0,0,-1.45350918165554,2,High Poverty (Poorest)
49035,0,1,1,0.0,1,0.0,1,0.05449653959997964,1,Medium Poverty
49035,0,0,2,0.0,1,0.0,1,-0.1968377472759403,1,Medium Poverty
49036,0,0,0,0.0,1,0.0,1,-1.70484346853146,2,High Poverty (Poorest)
49036,0,1,2,0.0,1,0.0,0,0.3058308264758996,0,Low Poverty (Wealthy)
49037,0,0,3,0.0,1,0.0,0,0.05449653959997964,1,Medium Poverty
49038,0,1,0,0.0,1,0.0,0,-1.20217489477962,2,High Poverty (Poorest)
49039,0,1,0,0.0,1,0.0,0,-1.20217489477962,2,High Poverty (Poorest)
49040,0,1,2,0.0,1,0.0,1,0.8084994002277395,0,Low Poverty (Wealthy)
49042,0,0,1,0.0,1,0.0,1,-0.9508406079037002,2,High Poverty (Poorest)
49043,0,0,1,0.0,1,0.0,0,-1.45350918165554,2,High Poverty (Poorest)
49044,0,0,0,0.0,1,0.0,0,-2.2075120422833,2,High Poverty (Poorest)
49045,0,1,1,0.0,1,0.0,0,-0.44817203415186024,1,Medium Poverty
49046,0,1,0,0.0,1,0.0,1,-0.6995063210277802,2,High Poverty (Poorest)
49049,0,0,1,0.0,1,0.0,1,-0.9508406079037002,2,High Poverty (Poorest)
49051,0,1,2,0.0,1,0.0,1,0.8084994002277395,0,Low Poverty (Wealthy)
49052,0,0,1,0.0,1,0.0,1,-0.9508406079037002,2,High Poverty (Poorest)
49054,0,1,1,0.0,1,0.0,1,0.05449653959997964,1,Medium Poverty
49055,0,1,3,0.0,1,0.0,0,1.0598336871036593,0,Low Poverty (Wealthy)
49057,0,1,2,0.0,1,0.0,0,0.3058308264758996,0,Low Poverty (Wealthy)
49058,0,1,2,0.0,1,0.0,1,0.8084994002277395,0,Low Poverty (Wealthy)
49060,0,1,1,0.0,1,0.0,1,0.05449653959997964,1,Medium Poverty
49063,0,0,2,0.0,1,0.0,0,-0.6995063210277802,2,High Poverty (Poorest)
49063,0,1,0,0.0,1,0.0,0,-1.20217489477962,2,High Poverty (Poorest)
49064,0,0,0,0.0,1,0.0,0,-2.2075120422833,2,High Poverty (Poorest)
49064,0,1,1,0.0,1,0.0,1,0.05449653959997964,1,Medium Poverty
49065,0,1,1,0.0,1,0.0,1,0.05449653959997964,1,Medium Poverty
49066,0,1,2,0.0,1,0.0,1,0.8084994002277395,0,Low Poverty (Wealthy)
49066,0,1,1,0.0,1,0.0,0,-0.44817203415186024,1,Medium Poverty
49068,0,1,2,0.0,1,0.0,0,0.3058308264758996,0,Low Poverty (Wealthy)
49068,0,1,2,0.0,1,0.0,0,0.3058308264758996,0,Low Poverty (Wealthy)
49069,0,1,2,0.0,1,0.0,1,0.8084994002277395,0,Low Poverty (Wealthy)
49069,0,0,1,0.0,1,0.0,1,-0.9508406079037002,2,High Poverty (Poorest)
49070,0,0,2,0.0,1,0.0,1,-0.1968377472759403,1,Medium Poverty
49070,0,0,1,0.0,1,0.0,0,-1.45350918165554,2,High Poverty (Poorest)
49071,0,0,0,0.0,1,0.0,1,-1.70484346853146,2,High Poverty (Poorest)
49071,0,1,3,0.0,1,0.0,1,1.5625022608554993,0,Low Poverty (Wealthy)
49073,0,0,0,0.0,1,0.0,1,-1.70484346853146,2,High Poverty (Poorest)
49073,0,1,0,0.0,1,1.0,1,0.3058308264758996,0,Low Poverty (Wealthy)
49076,0,0,3,0.0,1,0.0,1,0.5571651133518195,0,Low Poverty (Wealthy)
49076,0,0,1,0.0,1,1.0,1,0.05449653959997964,1,Medium Poverty
49077,0,1,2,0.0,1,0.0,0,0.3058308264758996,0,Low Poverty (Wealthy)
49077,0,1,1,0.0,1,1.0,0,0.5571651133518195,0,Low Poverty (Wealthy)
49079,0,1,1,0.0,1,0.0,0,-0.44817203415186024,1,Medium Poverty
49079,0,1,1,0.0,1,1.0,1,1.0598336871036593,0,Low Poverty (Wealthy)
49080,0,1,1,0.0,1,0.0,1,0.05449653959997964,1,Medium Poverty
49080,0,0,1,0.0,1,1.0,0,-0.44817203415186024,1,Medium Poverty
49081,0,1,2,0.0,1,0.0,1,0.8084994002277395,0,Low Poverty (Wealthy)
49081,0,1,1,0.0,1,1.0,1,1.0598336871036593,0,Low Poverty (Wealthy)
49082,0,1,3,0.0,1,0.0,1,1.5625022608554993,0,Low Poverty (Wealthy)
49082,0,0,0,0.0,1,1.0,1,-0.6995063210277802,2,High Poverty (Poorest)
49083,0,1,1,0.0,1,0.0,1,0.05449653959997964,1,Medium Poverty
49083,0,0,2,0.0,1,1.0,0,0.3058308264758996,0,Low Poverty (Wealthy)
49085,0,0,3,0.0,1,1.0,0,1.0598336871036593,0,Low Poverty (Wealthy)
49086,0,0,0,0.0,1,1.0,1,-0.6995063210277802,2,High Poverty (Poorest)
49088,0,1,2,0.0,1,1.0,0,1.3111679739795794,0,Low Poverty (Wealthy)
49089,0,1,3,0.0,1,1.0,0,2.0651708346073394,0,Low Poverty (Wealthy)
49090,0,1,1,0.0,1,1.0,1,1.0598336871036593,0,Low Poverty (Wealthy)
49091,0,1,3,0.0,1,1.0,1,2.567839408359179,0,Low Poverty (Wealthy)
49093,0,1,0,0.0,1,1.0,1,0.3058308264758996,0,Low Poverty (Wealthy)
49094,0,0,2,0.0,1,1.0,0,0.3058308264758996,0,Low Poverty (Wealthy)
49095,0,1,3,0.0,1,1.0,1,2.567839408359179,0,Low Poverty (Wealthy)
49097,0,1,2,0.0,1,0.0,0,0.3058308264758996,0,Low Poverty (Wealthy)
49097,0,0,1,0.0,1,0.0,0,-1.45350918165554,2,High Poverty (Poorest)
49098,0,1,0,0.0,1,0.0,1,-0.6995063210277802,2,High Poverty (Poorest)
49098,0,1,3,0.0,1,0.0,0,1.0598336871036593,0,Low Poverty (Wealthy)
49100,0,1,1,0.0,1,0.0,0,-0.44817203415186024,1,Medium Poverty
49100,0,1,0,0.0,1,0.0,1,-0.6995063210277802,2,High Poverty (Poorest)
49101,0,1,2,0.0,1,0.0,0,0.3058308264758996,0,Low Poverty (Wealthy)
49101,0,1,1,0.0,1,0.0,1,0.05449653959997964,1,Medium Poverty
49102,0,1,0,0.0,1,0.0,1,-0.6995063210277802,2,High Poverty (Poorest)
49102,0,1,1,0.0,1,0.0,1,0.05449653959997964,1,Medium Poverty
49103,0,0,0,0.0,1,0.0,0,-2.2075120422833,2,High Poverty (Poorest)
49103,0,1,2,0.0,1,0.0,1,0.8084994002277395,0,Low Poverty (Wealthy)
49104,0,1,2,0.0,1,0.0,0,0.3058308264758996,0,Low Poverty (Wealthy)
49104,0,0,1,0.0,1,0.0,1,-0.9508406079037002,2,High Poverty (Poorest)
49105,0,1,2,0.0,1,0.0,0,0.3058308264758996,0,Low Poverty (Wealthy)
49105,0,1,3,0.0,1,0.0,0,1.0598336871036593,0,Low Poverty (Wealthy)
49106,0,1,2,0.0,1,0.0,1,0.8084994002277395,0,Low Poverty (Wealthy)
49106,0,0,0,0.0,1,0.0,0,-2.2075120422833,2,High Poverty (Poorest)
49108,0,1,2,0.0,1,0.0,0,0.3058308264758996,0,Low Poverty (Wealthy)
49108,0,1,1,0.0,1,0.0,0,-0.44817203415186024,1,Medium Poverty
49111,0,0,2,0.0,1,0.0,1,-0.1968377472759403,1,Medium Poverty
49112,0,0,2,0.0,1,0.0,0,-0.6995063210277802,2,High Poverty (Poorest)
49113,0,1,1,0.0,1,0.0,1,0.05449653959997964,1,Medium Poverty
49113,0,0,3,0.0,1,0.0,0,0.05449653959997964,1,Medium Poverty
49114,0,1,0,0.0,1,0.0,1,-0.6995063210277802,2,High Poverty (Poorest)
49114,0,1,2,0.0,1,0.0,1,0.8084994002277395,0,Low Poverty (Wealthy)
49117,0,0,0,0.0,1,0.0,1,-1.70484346853146,2,High Poverty (Poorest)
49122,0,1,3,0.0,1,0.0,1,1.5625022608554993,0,Low Poverty (Wealthy)
49122,0,1,0,0.0,1,1.0,0,-0.1968377472759403,1,Medium Poverty
49124,0,1,0,0.0,1,1.0,0,-0.1968377472759403,1,Medium Poverty
49126,0,1,1,0.0,1,0.0,0,-0.44817203415186024,1,Medium Poverty
49129,0,1,1,0.0,1,0.0,1,0.05449653959997964,1,Medium Poverty
49130,0,0,1,0.0,1,0.0,1,-0.9508406079037002,2,High Poverty (Poorest)
49131,0,1,2,0.0,1,0.0,1,0.8084994002277395,0,Low Poverty (Wealthy)
49132,0,1,1,0.0,1,0.0,0,-0.44817203415186024,1,Medium Poverty
49133,0,0,0,0.0,1,0.0,1,-1.70484346853146,2,High Poverty (Poorest)
49134,0,1,1,0.0,1,0.0,1,0.05449653959997964,1,Medium Poverty
49135,0,0,2,0.0,1,0.0,1,-0.1968377472759403,1,Medium Poverty
49136,0,1,2,0.0,1,0.0,1,0.8084994002277395,0,Low Poverty (Wealthy)
49137,0,0,2,0.0,1,0.0,0,-0.6995063210277802,2,High Poverty (Poorest)
50001,0,1,2,0.0,1,0.0,0,0.3058308264758996,0,Low Poverty (Wealthy)
50002,0,1,1,0.0,1,0.0,1,0.05449653959997964,1,Medium Poverty
50003,0,0,0,0.0,1,0.0,0,-2.2075120422833,2,High Poverty (Poorest)
50004,0,0,1,0.0,1,0.0,0,-1.45350918165554,2,High Poverty (Poorest)
50005,0,0,2,0.0,1,0.0,0,-0.6995063210277802,2,High Poverty (Poorest)
50006,0,1,3,0.0,1,0.0,0,1.0598336871036593,0,Low Poverty (Wealthy)
50007,0,0,1,0.0,1,0.0,1,-0.9508406079037002,2,High Poverty (Poorest)
50008,0,1,0,0.0,1,0.0,0,-1.20217489477962,2,High Poverty (Poorest)
50009,0,1,0,0.0,1,0.0,1,-0.6995063210277802,2,High Poverty (Poorest)
50031,0,0,1,0.0,1,0.0,1,-0.9508406079037002,2,High Poverty (Poorest)
50032,0,1,2,0.0,1,0.0,1,0.8084994002277395,0,Low Poverty (Wealthy)
50033,0,1,0,0.0,1,0.0,1,-0.6995063210277802,2,High Poverty (Poorest)
50034,0,0,3,0.0,1,0.0,0,0.05449653959997964,1,Medium Poverty
50035,0,0,1,0.0,1,0.0,1,-0.9508406079037002,2,High Poverty (Poorest)
50036,0,0,3,0.0,1,0.0,1,0.5571651133518195,0,Low Poverty (Wealthy)
50037,0,1,2,0.0,1,0.0,1,0.8084994002277395,0,Low Poverty (Wealthy)
50038,0,1,2,0.0,1,0.0,1,0.8084994002277395,0,Low Poverty (Wealthy)
50039,0,1,2,0.0,1,0.0,1,0.8084994002277395,0,Low Poverty (Wealthy)
50040,0,1,2,0.0,1,0.0,1,0.8084994002277395,0,Low Poverty (Wealthy)
50051,0,1,2,0.0,1,0.0,1,0.8084994002277395,0,Low Poverty (Wealthy)
50052,0,1,2,0.0,1,0.0,0,0.3058308264758996,0,Low Poverty (Wealthy)
50053,0,1,2,0.0,1,0.0,0,0.3058308264758996,0,Low Poverty (Wealthy)
50054,0,0,3,0.0,1,0.0,1,0.5571651133518195,0,Low Poverty (Wealthy)
50055,0,0,2,0.0,1,0.0,1,-0.1968377472759403,1,Medium Poverty
50056,0,0,2,0.0,1,0.0,0,-0.6995063210277802,2,High Poverty (Poorest)
50057,0,0,3,0.0,1,0.0,1,0.5571651133518195,0,Low Poverty (Wealthy)
50058,0,1,1,0.0,1,0.0,1,0.05449653959997964,1,Medium Poverty
50059,0,1,0,0.0,1,0.0,1,-0.6995063210277802,2,High Poverty (Poorest)
50060,0,0,1,0.0,1,0.0,1,-0.9508406079037002,2,High Poverty (Poorest)
50091,0,0,1,0.0,1,0.0,1,-0.9508406079037002,2,High Poverty (Poorest)
50092,0,1,2,0.0,1,0.0,1,0.8084994002277395,0,Low Poverty (Wealthy)
50093,0,1,1,0.0,1,0.0,1,0.05449653959997964,1,Medium Poverty
50094,0,0,2,0.0,1,0.0,1,-0.1968377472759403,1,Medium Poverty
50095,0,1,1,0.0,1,0.0,0,-0.44817203415186024,1,Medium Poverty
50096,0,0,0,0.0,1,0.0,1,-1.70484346853146,2,High Poverty (Poorest)
50097,0,0,2,0.0,1,0.0,0,-0.6995063210277802,2,High Poverty (Poorest)
50098,0,1,2,0.0,1,0.0,0,0.3058308264758996,0,Low Poverty (Wealthy)
50099,0,1,0,0.0,1,0.0,1,-0.6995063210277802,2,High Poverty (Poorest)
50100,0,0,2,0.0,1,0.0,1,-0.1968377472759403,1,Medium Poverty
50131,0,1,2,0.0,1,0.0,1,0.8084994002277395,0,Low Poverty (Wealthy)
50132,0,1,0,0.0,1,0.0,0,-1.20217489477962,2,High Poverty (Poorest)
50133,0,1,0,0.0,1,0.0,1,-0.6995063210277802,2,High Poverty (Poorest)
50134,0,1,3,0.0,1,0.0,1,1.5625022608554993,0,Low Poverty (Wealthy)
50135,0,1,1,0.0,1,0.0,1,0.05449653959997964,1,Medium Poverty
50136,0,1,1,0.0,1,0.0,0,-0.44817203415186024,1,Medium Poverty
50137,0,1,0,0.0,1,0.0,1,-0.6995063210277802,2,High Poverty (Poorest)
50138,0,0,2,0.0,1,0.0,1,-0.1968377472759403,1,Medium Poverty
50139,0,0,2,0.0,1,0.0,0,-0.6995063210277802,2,High Poverty (Poorest)
50140,0,0,2,0.0,1,0.0,0,-0.6995063210277802,2,High Poverty (Poorest)
50151,0,1,0,0.0,1,0.0,1,-0.6995063210277802,2,High Poverty (Poorest)
50152,0,0,3,0.0,1,0.0,1,0.5571651133518195,0,Low Poverty (Wealthy)
50153,0,1,1,0.0,1,0.0,1,0.05449653959997964,1,Medium Poverty
50154,0,1,1,0.0,1,0.0,1,0.05449653959997964,1,Medium Poverty
50155,0,0,1,0.0,1,0.0,0,-1.45350918165554,2,High Poverty (Poorest)
50156,0,1,1,0.0,1,0.0,0,-0.44817203415186024,1,Medium Poverty
50157,0,1,3,0.0,1,0.0,0,1.0598336871036593,0,Low Poverty (Wealthy)
50158,0,1,3,0.0,1,0.0,0,1.0598336871036593,0,Low Poverty (Wealthy)
50159,0,0,1,0.0,1,0.0,1,-0.9508406079037002,2,High Poverty (Poorest)
50160,0,1,3,0.0,1,0.0,0,1.0598336871036593,0,Low Poverty (Wealthy)
50161,0,1,2,0.0,1,0.0,1,0.8084994002277395,0,Low Poverty (Wealthy)
50161,0,1,3,0.0,1,0.0,1,1.5625022608554993,0,Low Poverty (Wealthy)
50162,0,1,1,0.0,1,0.0,1,0.05449653959997964,1,Medium Poverty
50162,0,1,2,0.0,1,0.0,1,0.8084994002277395,0,Low Poverty (Wealthy)
50163,0,1,1,0.0,1,0.0,1,0.05449653959997964,1,Medium Poverty
50163,0,1,2,0.0,1,0.0,1,0.8084994002277395,0,Low Poverty (Wealthy)
50164,0,1,0,0.0,1,0.0,0,-1.20217489477962,2,High Poverty (Poorest)
50164,0,0,2,0.0,1,0.0,0,-0.6995063210277802,2,High Poverty (Poorest)
50165,0,1,1,0.0,1,0.0,1,0.05449653959997964,1,Medium Poverty
50165,0,1,1,0.0,1,0.0,0,-0.44817203415186024,1,Medium Poverty
50166,0,1,2,0.0,1,0.0,1,0.8084994002277395,0,Low Poverty (Wealthy)
50166,0,0,3,0.0,1,0.0,1,0.5571651133518195,0,Low Poverty (Wealthy)
50167,0,1,2,0.0,1,0.0,1,0.8084994002277395,0,Low Poverty (Wealthy)
50167,0,1,3,0.0,1,0.0,0,1.0598336871036593,0,Low Poverty (Wealthy)
50168,0,1,1,0.0,1,0.0,1,0.05449653959997964,1,Medium Poverty
50168,0,0,1,0.0,1,0.0,0,-1.45350918165554,2,High Poverty (Poorest)
50169,0,1,1,0.0,1,0.0,1,0.05449653959997964,1,Medium Poverty
50169,0,1,0,0.0,1,0.0,0,-1.20217489477962,2,High Poverty (Poorest)
50170,0,0,2,0.0,1,0.0,1,-0.1968377472759403,1,Medium Poverty
50170,0,1,2,0.0,1,0.0,0,0.3058308264758996,0,Low Poverty (Wealthy)
59002,0,1,2,0.0,1,0.0,0,0.3058308264758996,0,Low Poverty (Wealthy)
59003,0,1,2,0.0,1,0.0,1,0.8084994002277395,0,Low Poverty (Wealthy)
59004,0,1,2,0.0,1,0.0,0,0.3058308264758996,0,Low Poverty (Wealthy)
59005,0,1,0,0.0,1,0.0,1,-0.6995063210277802,2,High Poverty (Poorest)
59006,0,1,0,0.0,1,0.0,0,-1.20217489477962,2,High Poverty (Poorest)
59007,0,1,2,0.0,1,0.0,0,0.3058308264758996,0,Low Poverty (Wealthy)
59009,0,1,1,0.0,1,0.0,1,0.05449653959997964,1,Medium Poverty
59010,0,0,0,0.0,1,0.0,0,-2.2075120422833,2,High Poverty (Poorest)
59011,0,1,1,0.0,1,0.0,0,-0.44817203415186024,1,Medium Poverty
59012,0,1,2,0.0,1,0.0,1,0.8084994002277395,0,Low Poverty (Wealthy)
59013,0,1,1,0.0,1,0.0,0,-0.44817203415186024,1,Medium Poverty
59014,0,1,2,0.0,1,0.0,0,0.3058308264758996,0,Low Poverty (Wealthy)
59014,0,1,2,0.0,1,0.0,0,0.3058308264758996,0,Low Poverty (Wealthy)
59015,0,1,1,0.0,1,0.0,1,0.05449653959997964,1,Medium Poverty
59015,0,0,2,0.0,1,0.0,1,-0.1968377472759403,1,Medium Poverty
59016,0,1,2,0.0,1,0.0,0,0.3058308264758996,0,Low Poverty (Wealthy)
59016,0,0,2,0.0,1,0.0,1,-0.1968377472759403,1,Medium Poverty
59017,0,0,2,0.0,1,0.0,0,-0.6995063210277802,2,High Poverty (Poorest)
59017,0,1,0,0.0,1,0.0,1,-0.6995063210277802,2,High Poverty (Poorest)
59018,0,1,2,0.0,1,0.0,0,0.3058308264758996,0,Low Poverty (Wealthy)
59018,0,1,1,0.0,1,0.0,1,0.05449653959997964,1,Medium Poverty
59021,0,1,3,0.0,1,0.0,1,1.5625022608554993,0,Low Poverty (Wealthy)
59021,0,1,2,0.0,1,0.0,1,0.8084994002277395,0,Low Poverty (Wealthy)
59022,0,0,2,0.0,1,0.0,1,-0.1968377472759403,1,Medium Poverty
59022,0,1,1,0.0,1,0.0,0,-0.44817203415186024,1,Medium Poverty
59023,0,0,1,0.0,1,0.0,0,-1.45350918165554,2,High Poverty (Poorest)
59023,0,0,1,0.0,1,0.0,0,-1.45350918165554,2,High Poverty (Poorest)
59024,0,1,1,0.0,1,0.0,0,-0.44817203415186024,1,Medium Poverty
59024,0,1,1,0.0,1,0.0,0,-0.44817203415186024,1,Medium Poverty
59025,0,1,1,0.0,1,0.0,0,-0.44817203415186024,1,Medium Poverty
59026,0,1,0,0.0,1,0.0,1,-0.6995063210277802,2,High Poverty (Poorest)
59027,0,1,3,0.0,1,0.0,0,1.0598336871036593,0,Low Poverty (Wealthy)
59028,0,1,0,0.0,1,0.0,0,-1.20217489477962,2,High Poverty (Poorest)
59030,0,1,3,0.0,1,0.0,0,1.0598336871036593,0,Low Poverty (Wealthy)
59031,0,1,3,0.0,1,0.0,1,1.5625022608554993,0,Low Poverty (Wealthy)
59032,0,0,1,0.0,1,0.0,0,-1.45350918165554,2,High Poverty (Poorest)
59034,0,0,2,0.0,1,0.0,1,-0.1968377472759403,1,Medium Poverty
59035,0,1,1,0.0,1,0.0,1,0.05449653959997964,1,Medium Poverty
59036,0,1,2,0.0,1,0.0,1,0.8084994002277395,0,Low Poverty (Wealthy)
59037,0,1,1,0.0,1,0.0,0,-0.44817203415186024,1,Medium Poverty
59039,0,1,1,0.0,1,0.0,0,-0.44817203415186024,1,Medium Poverty
59040,0,1,2,0.0,1,0.0,1,0.8084994002277395,0,Low Poverty (Wealthy)
59041,0,1,1,0.0,1,0.0,0,-0.44817203415186024,1,Medium Poverty
59042,0,1,2,0.0,1,0.0,0,0.3058308264758996,0,Low Poverty (Wealthy)
59043,0,1,1,0.0,1,0.0,0,-0.44817203415186024,1,Medium Poverty
59044,0,1,1,0.0,1,0.0,1,0.05449653959997964,1,Medium Poverty
59046,0,0,0,0.0,1,0.0,1,-1.70484346853146,2,High Poverty (Poorest)
59047,0,0,0,0.0,1,0.0,1,-1.70484346853146,2,High Poverty (Poorest)
59048,0,0,1,0.0,1,0.0,1,-0.9508406079037002,2,High Poverty (Poorest)
59049,0,1,0,0.0,1,0.0,1,-0.6995063210277802,2,High Poverty (Poorest)
59049,0,1,0,0.0,1,0.0,1,-0.6995063210277802,2,High Poverty (Poorest)
59050,0,0,2,0.0,1,0.0,1,-0.1968377472759403,1,Medium Poverty
59050,0,1,0,0.0,1,0.0,1,-0.6995063210277802,2,High Poverty (Poorest)
59052,0,0,2,0.0,1,0.0,1,-0.1968377472759403,1,Medium Poverty
59052,0,1,1,0.0,1,0.0,0,-0.44817203415186024,1,Medium Poverty
59053,0,1,3,0.0,1,0.0,0,1.0598336871036593,0,Low Poverty (Wealthy)
59053,0,0,1,0.0,1,0.0,1,-0.9508406079037002,2,High Poverty (Poorest)
59054,0,1,1,0.0,1,0.0,1,0.05449653959997964,1,Medium Poverty
59054,0,0,1,0.0,1,0.0,1,-0.9508406079037002,2,High Poverty (Poorest)
59056,0,0,1,0.0,1,0.0,1,-0.9508406079037002,2,High Poverty (Poorest)
59056,0,0,2,0.0,1,0.0,1,-0.1968377472759403,1,Medium Poverty
59057,0,1,0,0.0,1,0.0,1,-0.6995063210277802,2,High Poverty (Poorest)
59057,0,1,3,0.0,1,0.0,1,1.5625022608554993,0,Low Poverty (Wealthy)
59058,0,0,1,0.0,1,0.0,0,-1.45350918165554,2,High Poverty (Poorest)
59058,0,1,1,0.0,1,0.0,1,0.05449653959997964,1,Medium Poverty
59059,0,1,2,0.0,1,0.0,1,0.8084994002277395,0,Low Poverty (Wealthy)
59059,0,0,1,0.0,1,0.0,1,-0.9508406079037002,2,High Poverty (Poorest)
59060,0,1,2,0.0,1,0.0,0,0.3058308264758996,0,Low Poverty (Wealthy)
59060,0,0,1,0.0,1,0.0,0,-1.45350918165554,2,High Poverty (Poorest)
59062,0,0,2,0.0,1,0.0,1,-0.1968377472759403,1,Medium Poverty
59063,0,1,0,0.0,1,0.0,1,-0.6995063210277802,2,High Poverty (Poorest)
59064,0,0,2,0.0,1,0.0,1,-0.1968377472759403,1,Medium Poverty
59066,0,1,2,0.0,1,0.0,0,0.3058308264758996,0,Low Poverty (Wealthy)
59067,0,1,1,0.0,1,0.0,1,0.05449653959997964,1,Medium Poverty
59068,0,0,0,0.0,1,0.0,1,-1.70484346853146,2,High Poverty (Poorest)
59069,0,1,1,0.0,1,0.0,0,-0.44817203415186024,1,Medium Poverty
59070,0,0,3,0.0,1,0.0,1,0.5571651133518195,0,Low Poverty (Wealthy)
59071,0,1,1,0.0,1,0.0,1,0.05449653959997964,1,Medium Poverty
59072,0,1,1,0.0,1,0.0,1,0.05449653959997964,1,Medium Poverty
59073,0,1,0,0.0,1,0.0,1,-0.6995063210277802,2,High Poverty (Poorest)
59075,0,1,1,0.0,1,0.0,1,0.05449653959997964,1,Medium Poverty
59076,0,0,2,0.0,1,0.0,1,-0.1968377472759403,1,Medium Poverty
59077,0,1,3,0.0,1,0.0,0,1.0598336871036593,0,Low Poverty (Wealthy)
59078,0,1,1,0.0,1,0.0,1,0.05449653959997964,1,Medium Poverty
59079,0,1,2,0.0,1,0.0,0,0.3058308264758996,0,Low Poverty (Wealthy)
59080,0,1,1,0.0,1,0.0,0,-0.44817203415186024,1,Medium Poverty
59081,0,1,0,0.0,1,0.0,0,-1.20217489477962,2,High Poverty (Poorest)
59083,0,0,1,0.0,1,0.0,0,-1.45350918165554,2,High Poverty (Poorest)
59084,0,0,2,0.0,1,0.0,1,-0.1968377472759403,1,Medium Poverty
59085,0,1,3,0.0,1,0.0,1,1.5625022608554993,0,Low Poverty (Wealthy)
59086,0,1,3,0.0,1,0.0,0,1.0598336871036593,0,Low Poverty (Wealthy)
59087,0,1,1,0.0,1,0.0,1,0.05449653959997964,1,Medium Poverty
59088,0,1,1,0.0,1,0.0,1,0.05449653959997964,1,Medium Poverty
59089,0,1,1,0.0,1,0.0,1,0.05449653959997964,1,Medium Poverty
59090,0,0,3,0.0,1,0.0,1,0.5571651133518195,0,Low Poverty (Wealthy)
59092,0,1,3,0.0,1,0.0,0,1.0598336871036593,0,Low Poverty (Wealthy)
59093,0,0,2,0.0,1,0.0,1,-0.1968377472759403,1,Medium Poverty
59094,0,1,1,0.0,1,0.0,1,0.05449653959997964,1,Medium Poverty
59095,0,1,1,0.0,1,0.0,1,0.05449653959997964,1,Medium Poverty
59097,0,1,1,0.0,1,0.0,1,0.05449653959997964,1,Medium Poverty
59098,0,0,1,0.0,1,0.0,1,-0.9508406079037002,2,High Poverty (Poorest)
59099,0,1,1,0.0,1,0.0,1,0.05449653959997964,1,Medium Poverty
59101,0,1,0,0.0,1,0.0,1,-0.6995063210277802,2,High Poverty (Poorest)
59102,0,1,0,0.0,1,0.0,1,-0.6995063210277802,2,High Poverty (Poorest)
59103,0,0,3,0.0,1,0.0,0,0.05449653959997964,1,Medium Poverty
59104,0,1,2,0.0,1,0.0,0,0.3058308264758996,0,Low Poverty (Wealthy)
59105,0,1,1,0.0,1,0.0,0,-0.44817203415186024,1,Medium Poverty
59106,0,0,1,0.0,1,0.0,1,-0.9508406079037002,2,High Poverty (Poorest)
59108,0,0,1,0.0,1,0.0,1,-0.9508406079037002,2,High Poverty (Poorest)
59110,0,0,2,0.0,1,0.0,0,-0.6995063210277802,2,High Poverty (Poorest)
59110,0,1,2,0.0,1,1.0,1,1.8138365477314193,0,Low Poverty (Wealthy)
59111,0,1,2,0.0,1,0.0,1,0.8084994002277395,0,Low Poverty (Wealthy)
59111,0,1,2,0.0,1,1.0,1,1.8138365477314193,0,Low Poverty (Wealthy)
59112,0,0,1,0.0,1,0.0,0,-1.45350918165554,2,High Poverty (Poorest)
59112,0,1,1,0.0,1,1.0,1,1.0598336871036593,0,Low Poverty (Wealthy)
59113,0,1,1,0.0,1,0.0,1,0.05449653959997964,1,Medium Poverty
59113,0,1,1,0.0,1,1.0,1,1.0598336871036593,0,Low Poverty (Wealthy)
59115,0,1,2,0.0,1,0.0,1,0.8084994002277395,0,Low Poverty (Wealthy)
59115,0,0,1,0.0,1,1.0,1,0.05449653959997964,1,Medium Poverty
59116,0,1,0,0.0,1,0.0,0,-1.20217489477962,2,High Poverty (Poorest)
59116,0,1,1,0.0,1,1.0,1,1.0598336871036593,0,Low Poverty (Wealthy)
59117,0,1,3,0.0,1,0.0,0,1.0598336871036593,0,Low Poverty (Wealthy)
59117,0,1,1,0.0,1,1.0,0,0.5571651133518195,0,Low Poverty (Wealthy)
59118,0,1,2,0.0,1,0.0,0,0.3058308264758996,0,Low Poverty (Wealthy)
59118,0,1,1,0.0,1,1.0,0,0.5571651133518195,0,Low Poverty (Wealthy)
59119,0,0,0,0.0,1,0.0,0,-2.2075120422833,2,High Poverty (Poorest)
59119,0,0,1,0.0,1,1.0,1,0.05449653959997964,1,Medium Poverty
59120,0,1,2,0.0,1,0.0,1,0.8084994002277395,0,Low Poverty (Wealthy)
59120,0,1,1,0.0,1,1.0,1,1.0598336871036593,0,Low Poverty (Wealthy)
59121,0,0,3,0.0,1,1.0,1,1.5625022608554993,0,Low Poverty (Wealthy)
59122,0,0,1,0.0,1,1.0,0,-0.44817203415186024,1,Medium Poverty
59124,0,0,0,0.0,1,1.0,0,-1.20217489477962,2,High Poverty (Poorest)
59125,0,1,3,0.0,1,1.0,1,2.567839408359179,0,Low Poverty (Wealthy)
59127,0,0,1,0.0,1,1.0,1,0.05449653959997964,1,Medium Poverty
59128,0,0,2,0.0,1,1.0,1,0.8084994002277395,0,Low Poverty (Wealthy)
59129,0,0,2,0.0,1,1.0,1,0.8084994002277395,0,Low Poverty (Wealthy)
59130,0,1,1,0.0,1,1.0,1,1.0598336871036593,0,Low Poverty (Wealthy)
59132,0,0,2,0.0,1,1.0,1,0.8084994002277395,0,Low Poverty (Wealthy)
59133,0,1,0,0.0,1,0.0,1,-0.6995063210277802,2,High Poverty (Poorest)
59135,0,0,1,0.0,1,0.0,0,-1.45350918165554,2,High Poverty (Poorest)
59136,0,1,0,0.0,1,0.0,1,-0.6995063210277802,2,High Poverty (Poorest)
59137,0,0,2,0.0,1,0.0,1,-0.1968377472759403,1,Medium Poverty
59138,0,1,1,0.0,1,0.0,1,0.05449653959997964,1,Medium Poverty
59140,0,1,2,0.0,1,0.0,0,0.3058308264758996,0,Low Poverty (Wealthy)
59142,0,1,3,0.0,1,0.0,1,1.5625022608554993,0,Low Poverty (Wealthy)
59143,0,1,1,0.0,1,0.0,0,-0.44817203415186024,1,Medium Poverty
59144,0,0,1,0.0,1,0.0,1,-0.9508406079037002,2,High Poverty (Poorest)
59145,0,0,1,0.0,1,0.0,0,-1.45350918165554,2,High Poverty (Poorest)
59145,0,1,1,0.0,1,1.0,0,0.5571651133518195,0,Low Poverty (Wealthy)
59147,0,1,1,0.0,1,0.0,1,0.05449653959997964,1,Medium Poverty
59147,0,1,2,0.0,1,1.0,0,1.3111679739795794,0,Low Poverty (Wealthy)
59148,0,1,3,0.0,1,0.0,0,1.0598336871036593,0,Low Poverty (Wealthy)
59148,0,1,3,0.0,1,1.0,0,2.0651708346073394,0,Low Poverty (Wealthy)
59149,0,1,3,0.0,1,0.0,0,1.0598336871036593,0,Low Poverty (Wealthy)
59149,0,0,3,0.0,1,1.0,1,1.5625022608554993,0,Low Poverty (Wealthy)
59150,0,1,1,0.0,1,0.0,1,0.05449653959997964,1,Medium Poverty
59150,0,1,2,0.0,1,1.0,1,1.8138365477314193,0,Low Poverty (Wealthy)
59151,0,0,3,0.0,1,0.0,1,0.5571651133518195,0,Low Poverty (Wealthy)
59151,0,1,1,0.0,1,1.0,1,1.0598336871036593,0,Low Poverty (Wealthy)
59153,0,0,3,0.0,1,0.0,1,0.5571651133518195,0,Low Poverty (Wealthy)
59153,0,1,1,0.0,1,1.0,1,1.0598336871036593,0,Low Poverty (Wealthy)
59154,0,0,2,0.0,1,0.0,1,-0.1968377472759403,1,Medium Poverty
59154,0,1,2,0.0,1,1.0,1,1.8138365477314193,0,Low Poverty (Wealthy)
59155,0,1,3,0.0,1,0.0,1,1.5625022608554993,0,Low Poverty (Wealthy)
59155,0,0,1,0.0,1,1.0,0,-0.44817203415186024,1,Medium Poverty
59156,0,1,2,0.0,1,0.0,0,0.3058308264758996,0,Low Poverty (Wealthy)
59156,0,1,1,0.0,1,1.0,1,1.0598336871036593,0,Low Poverty (Wealthy)
59157,0,1,1,0.0,1,0.0,1,0.05449653959997964,1,Medium Poverty
59158,0,0,2,0.0,1,0.0,0,-0.6995063210277802,2,High Poverty (Poorest)
59159,0,1,2,0.0,1,0.0,0,0.3058308264758996,0,Low Poverty (Wealthy)
59160,0,0,2,0.0,1,0.0,1,-0.1968377472759403,1,Medium Poverty
59161,0,1,1,0.0,1,0.0,1,0.05449653959997964,1,Medium Poverty
59162,0,1,1,0.0,1,0.0,0,-0.44817203415186024,1,Medium Poverty
59163,0,1,2,0.0,1,0.0,0,0.3058308264758996,0,Low Poverty (Wealthy)
59164,0,1,1,0.0,1,0.0,1,0.05449653959997964,1,Medium Poverty
59165,0,1,0,0.0,1,0.0,1,-0.6995063210277802,2,High Poverty (Poorest)
59168,0,1,3,0.0,1,0.0,0,1.0598336871036593,0,Low Poverty (Wealthy)
59169,0,0,1,0.0,1,1.0,1,0.05449653959997964,1,Medium Poverty
59170,0,1,2,0.0,1,1.0,1,1.8138365477314193,0,Low Poverty (Wealthy)
59171,0,0,1,0.0,1,1.0,1,0.05449653959997964,1,Medium Poverty
59172,0,1,1,0.0,1,1.0,1,1.0598336871036593,0,Low Poverty (Wealthy)
59173,0,1,1,0.0,1,1.0,1,1.0598336871036593,0,Low Poverty (Wealthy)
59174,0,1,1,0.0,1,1.0,0,0.5571651133518195,0,Low Poverty (Wealthy)
59175,0,0,1,0.0,1,1.0,0,-0.44817203415186024,1,Medium Poverty
59176,0,0,1,0.0,1,1.0,0,-0.44817203415186024,1,Medium Poverty
59179,0,0,1,0.0,1,1.0,0,-0.44817203415186024,1,Medium Poverty
59180,0,1,0,0.0,1,1.0,0,-0.1968377472759403,1,Medium Poverty
59182,0,0,1,0.0,1,1.0,0,-0.44817203415186024,1,Medium Poverty
59184,0,1,0,0.0,1,1.0,1,0.3058308264758996,0,Low Poverty (Wealthy)
59185,0,1,0,0.0,1,1.0,1,0.3058308264758996,0,Low Poverty (Wealthy)
59186,0,0,3,0.0,1,1.0,1,1.5625022608554993,0,Low Poverty (Wealthy)
59187,0,1,2,0.0,1,1.0,1,1.8138365477314193,0,Low Poverty (Wealthy)
59188,0,1,2,0.0,1,1.0,0,1.3111679739795794,0,Low Poverty (Wealthy)
59189,0,1,1,0.0,1,1.0,0,0.5571651133518195,0,Low Poverty (Wealthy)
59190,0,1,3,0.0,1,1.0,0,2.0651708346073394,0,Low Poverty (Wealthy)
59191,0,1,2,0.0,1,1.0,1,1.8138365477314193,0,Low Poverty (Wealthy)
59192,0,1,2,0.0,1,1.0,0,1.3111679739795794,0,Low Poverty (Wealthy)
59212,0,1,1,0.0,1,1.0,1,1.0598336871036593,0,Low Poverty (Wealthy)
59214,0,1,3,0.0,1,0.0,1,1.5625022608554993,0,Low Poverty (Wealthy)
60001,0,0,2,0.0,1,0.0,0,-0.6995063210277802,2,High Poverty (Poorest)
60002,0,1,3,0.0,1,1.0,0,2.0651708346073394,0,Low Poverty (Wealthy)
60004,0,0,0,0.0,1,0.0,1,-1.70484346853146,2,High Poverty (Poorest)
60005,0,1,1,0.0,1,1.0,1,1.0598336871036593,0,Low Poverty (Wealthy)
60006,0,1,1,0.0,1,0.0,1,0.05449653959997964,1,Medium Poverty
60008,0,1,1,0.0,1,0.0,0,-0.44817203415186024,1,Medium Poverty
60009,0,1,3,0.0,1,1.0,1,2.567839408359179,0,Low Poverty (Wealthy)
60010,0,1,0,0.0,1,1.0,0,-0.1968377472759403,1,Medium Poverty
60031,0,1,0,0.0,1,0.0,1,-0.6995063210277802,2,High Poverty (Poorest)
60032,0,0,1,0.0,1,0.0,1,-0.9508406079037002,2,High Poverty (Poorest)
60033,0,0,0,0.0,1,0.0,1,-1.70484346853146,2,High Poverty (Poorest)
60034,0,1,1,0.0,1,0.0,1,0.05449653959997964,1,Medium Poverty
60035,0,0,2,0.0,1,0.0,1,-0.1968377472759403,1,Medium Poverty
60037,0,1,2,0.0,1,0.0,0,0.3058308264758996,0,Low Poverty (Wealthy)
60038,0,0,0,0.0,1,0.0,0,-2.2075120422833,2,High Poverty (Poorest)
60039,0,1,1,0.0,1,0.0,0,-0.44817203415186024,1,Medium Poverty
60040,0,1,1,0.0,1,0.0,1,0.05449653959997964,1,Medium Poverty
60041,0,1,0,0.0,1,0.0,1,-0.6995063210277802,2,High Poverty (Poorest)
60042,0,0,2,0.0,1,0.0,0,-0.6995063210277802,2,High Poverty (Poorest)
60043,0,1,2,0.0,1,0.0,1,0.8084994002277395,0,Low Poverty (Wealthy)
60044,0,1,2,0.0,1,0.0,0,0.3058308264758996,0,Low Poverty (Wealthy)
60045,0,1,2,0.0,1,0.0,0,0.3058308264758996,0,Low Poverty (Wealthy)
60047,0,1,0,0.0,1,0.0,0,-1.20217489477962,2,High Poverty (Poorest)
60048,0,1,3,0.0,1,0.0,1,1.5625022608554993,0,Low Poverty (Wealthy)
60049,0,0,2,0.0,1,0.0,1,-0.1968377472759403,1,Medium Poverty
60050,0,1,3,0.0,1,0.0,1,1.5625022608554993,0,Low Poverty (Wealthy)
60051,0,1,0,0.0,1,1.0,1,0.3058308264758996,0,Low Poverty (Wealthy)
60052,0,0,3,0.0,1,1.0,0,1.0598336871036593,0,Low Poverty (Wealthy)
60053,0,1,2,0.0,1,0.0,1,0.8084994002277395,0,Low Poverty (Wealthy)
60054,0,0,2,0.0,1,0.0,0,-0.6995063210277802,2,High Poverty (Poorest)
60055,0,0,0,0.0,1,1.0,1,-0.6995063210277802,2,High Poverty (Poorest)
60056,0,0,2,0.0,1,0.0,1,-0.1968377472759403,1,Medium Poverty
60057,0,1,3,0.0,1,0.0,1,1.5625022608554993,0,Low Poverty (Wealthy)
60058,0,1,2,0.0,1,0.0,1,0.8084994002277395,0,Low Poverty (Wealthy)
60059,0,1,2,0.0,1,1.0,1,1.8138365477314193,0,Low Poverty (Wealthy)
60060,0,1,3,0.0,1,0.0,0,1.0598336871036593,0,Low Poverty (Wealthy)
69001,0,0,1,0.0,1,0.0,1,-0.9508406079037002,2,High Poverty (Poorest)
69004,0,1,2,0.0,1,0.0,0,0.3058308264758996,0,Low Poverty (Wealthy)
69005,0,1,1,0.0,1,0.0,0,-0.44817203415186024,1,Medium Poverty
69006,0,0,3,0.0,1,0.0,1,0.5571651133518195,0,Low Poverty (Wealthy)
69007,0,1,0,0.0,1,0.0,1,-0.6995063210277802,2,High Poverty (Poorest)
69009,0,0,1,0.0,1,0.0,0,-1.45350918165554,2,High Poverty (Poorest)
69010,0,1,2,0.0,1,0.0,1,0.8084994002277395,0,Low Poverty (Wealthy)
69012,0,1,2,0.0,1,0.0,1,0.8084994002277395,0,Low Poverty (Wealthy)
69013,0,0,2,0.0,1,0.0,1,-0.1968377472759403,1,Medium Poverty
69014,0,0,3,0.0,1,0.0,1,0.5571651133518195,0,Low Poverty (Wealthy)
69016,0,1,3,0.0,1,0.0,1,1.5625022608554993,0,Low Poverty (Wealthy)
69017,0,1,0,0.0,1,0.0,0,-1.20217489477962,2,High Poverty (Poorest)
69020,0,0,1,0.0,1,0.0,1,-0.9508406079037002,2,High Poverty (Poorest)
69021,0,1,0,0.0,1,0.0,1,-0.6995063210277802,2,High Poverty (Poorest)
69022,0,0,1,0.0,1,0.0,1,-0.9508406079037002,2,High Poverty (Poorest)
69023,0,1,1,0.0,1,0.0,1,0.05449653959997964,1,Medium Poverty
69025,0,1,3,0.0,1,0.0,0,1.0598336871036593,0,Low Poverty (Wealthy)
69026,0,0,2,0.0,1,0.0,0,-0.6995063210277802,2,High Poverty (Poorest)
69027,0,0,0,0.0,1,0.0,0,-2.2075120422833,2,High Poverty (Poorest)
69028,0,0,0,0.0,1,0.0,1,-1.70484346853146,2,High Poverty (Poorest)
69029,0,0,2,0.0,1,0.0,0,-0.6995063210277802,2,High Poverty (Poorest)
69030,0,0,1,0.0,1,0.0,0,-1.45350918165554,2,High Poverty (Poorest)
69031,0,1,1,0.0,1,0.0,1,0.05449653959997964,1,Medium Poverty
69033,0,0,3,0.0,1,0.0,1,0.5571651133518195,0,Low Poverty (Wealthy)
69034,0,1,3,0.0,1,0.0,1,1.5625022608554993,0,Low Poverty (Wealthy)
69036,0,1,1,0.0,1,0.0,1,0.05449653959997964,1,Medium Poverty
69037,0,1,3,0.0,1,0.0,0,1.0598336871036593,0,Low Poverty (Wealthy)
69037,0,1,1,0.0,1,0.0,0,-0.44817203415186024,1,Medium Poverty
69038,0,0,2,0.0,1,0.0,1,-0.1968377472759403,1,Medium Poverty
69038,0,1,1,0.0,1,0.0,1,0.05449653959997964,1,Medium Poverty
69040,0,1,0,0.0,1,0.0,1,-0.6995063210277802,2,High Poverty (Poorest)
69040,0,1,3,0.0,1,0.0,0,1.0598336871036593,0,Low Poverty (Wealthy)
69041,0,0,1,0.0,1,0.0,0,-1.45350918165554,2,High Poverty (Poorest)
69041,0,1,2,0.0,1,0.0,1,0.8084994002277395,0,Low Poverty (Wealthy)
69042,0,1,1,0.0,1,0.0,1,0.05449653959997964,1,Medium Poverty
69042,0,0,0,0.0,1,0.0,1,-1.70484346853146,2,High Poverty (Poorest)
69043,0,1,0,0.0,1,0.0,1,-0.6995063210277802,2,High Poverty (Poorest)
69045,0,1,1,0.0,1,0.0,1,0.05449653959997964,1,Medium Poverty
69045,0,1,2,0.0,1,0.0,1,0.8084994002277395,0,Low Poverty (Wealthy)
69046,0,1,1,0.0,1,0.0,1,0.05449653959997964,1,Medium Poverty
69046,0,1,2,0.0,1,0.0,1,0.8084994002277395,0,Low Poverty (Wealthy)
69047,0,0,2,0.0,1,0.0,1,-0.1968377472759403,1,Medium Poverty
69047,0,1,2,0.0,1,0.0,1,0.8084994002277395,0,Low Poverty (Wealthy)
69048,0,1,1,0.0,1,0.0,1,0.05449653959997964,1,Medium Poverty
69048,0,0,3,0.0,1,0.0,0,0.05449653959997964,1,Medium Poverty
69049,0,0,1,0.0,1,0.0,1,-0.9508406079037002,2,High Poverty (Poorest)
69050,0,1,1,0.0,1,0.0,1,0.05449653959997964,1,Medium Poverty
69051,0,0,0,0.0,1,0.0,0,-2.2075120422833,2,High Poverty (Poorest)
69052,0,1,1,0.0,1,0.0,1,0.05449653959997964,1,Medium Poverty
70011,0,0,0,0.0,1,0.0,0,-2.2075120422833,2,High Poverty (Poorest)
70012,0,0,2,0.0,1,0.0,1,-0.1968377472759403,1,Medium Poverty
70013,0,0,1,0.0,1,0.0,1,-0.9508406079037002,2,High Poverty (Poorest)
70015,0,1,1,0.0,1,0.0,0,-0.44817203415186024,1,Medium Poverty
70016,0,1,2,0.0,1,0.0,1,0.8084994002277395,0,Low Poverty (Wealthy)
70017,0,1,1,0.0,1,0.0,1,0.05449653959997964,1,Medium Poverty
70018,0,1,1,0.0,1,0.0,1,0.05449653959997964,1,Medium Poverty
70019,0,0,0,0.0,1,0.0,1,-1.70484346853146,2,High Poverty (Poorest)
70020,0,1,2,0.0,1,0.0,1,0.8084994002277395,0,Low Poverty (Wealthy)
70062,0,1,0,0.0,1,0.0,1,-0.6995063210277802,2,High Poverty (Poorest)
70063,0,1,1,0.0,1,0.0,1,0.05449653959997964,1,Medium Poverty
70064,0,0,1,0.0,1,0.0,0,-1.45350918165554,2,High Poverty (Poorest)
70066,0,1,2,0.0,1,0.0,1,0.8084994002277395,0,Low Poverty (Wealthy)
70067,0,0,2,0.0,1,0.0,0,-0.6995063210277802,2,High Poverty (Poorest)
70068,0,0,2,0.0,1,0.0,1,-0.1968377472759403,1,Medium Poverty
70069,0,1,0,0.0,1,0.0,1,-0.6995063210277802,2,High Poverty (Poorest)
70070,0,1,1,0.0,1,0.0,0,-0.44817203415186024,1,Medium Poverty
70071,0,1,1,0.0,1,0.0,1,0.05449653959997964,1,Medium Poverty
70072,0,1,0,0.0,1,0.0,0,-1.20217489477962,2,High Poverty (Poorest)
70073,0,1,1,0.0,1,0.0,1,0.05449653959997964,1,Medium Poverty
70074,0,1,1,0.0,1,0.0,1,0.05449653959997964,1,Medium Poverty
70075,0,1,1,0.0,1,0.0,1,0.05449653959997964,1,Medium Poverty
70076,0,1,2,0.0,1,0.0,1,0.8084994002277395,0,Low Poverty (Wealthy)
70077,0,1,1,0.0,1,0.0,1,0.05449653959997964,1,Medium Poverty
70078,0,0,2,0.0,1,0.0,1,-0.1968377472759403,1,Medium Poverty
70079,0,1,1,0.0,1,0.0,1,0.05449653959997964,1,Medium Poverty
70080,0,1,1,0.0,1,0.0,0,-0.44817203415186024,1,Medium Poverty
70121,0,0,1,0.0,1,0.0,1,-0.9508406079037002,2,High Poverty (Poorest)
70122,0,1,0,0.0,1,0.0,1,-0.6995063210277802,2,High Poverty (Poorest)
70123,0,0,0,0.0,1,0.0,1,-1.70484346853146,2,High Poverty (Poorest)
70124,0,1,1,0.0,1,0.0,0,-0.44817203415186024,1,Medium Poverty
70125,0,1,3,0.0,1,0.0,0,1.0598336871036593,0,Low Poverty (Wealthy)
70126,0,1,2,0.0,1,0.0,1,0.8084994002277395,0,Low Poverty (Wealthy)
70127,0,1,0,0.0,1,0.0,0,-1.20217489477962,2,High Poverty (Poorest)
70128,0,1,2,0.0,1,0.0,1,0.8084994002277395,0,Low Poverty (Wealthy)
70129,0,1,2,0.0,1,0.0,1,0.8084994002277395,0,Low Poverty (Wealthy)
70130,0,1,2,0.0,1,0.0,1,0.8084994002277395,0,Low Poverty (Wealthy)
70131,0,0,2,0.0,1,1.0,0,0.3058308264758996,0,Low Poverty (Wealthy)
70132,0,1,1,0.0,1,1.0,1,1.0598336871036593,0,Low Poverty (Wealthy)
70133,0,0,1,0.0,1,1.0,1,0.05449653959997964,1,Medium Poverty
70134,0,1,1,0.0,1,1.0,1,1.0598336871036593,0,Low Poverty (Wealthy)
70135,0,1,1,0.0,1,1.0,1,1.0598336871036593,0,Low Poverty (Wealthy)
70136,0,1,1,0.0,1,1.0,0,0.5571651133518195,0,Low Poverty (Wealthy)
70137,0,0,2,0.0,1,1.0,1,0.8084994002277395,0,Low Poverty (Wealthy)
70139,0,0,3,0.0,1,1.0,1,1.5625022608554993,0,Low Poverty (Wealthy)
70140,0,1,3,0.0,1,1.0,0,2.0651708346073394,0,Low Poverty (Wealthy)
70151,0,0,3,0.0,1,0.0,0,0.05449653959997964,1,Medium Poverty
70152,0,0,2,0.0,1,0.0,0,-0.6995063210277802,2,High Poverty (Poorest)
70153,0,0,3,0.0,1,0.0,0,0.05449653959997964,1,Medium Poverty
70154,0,1,0,0.0,1,0.0,0,-1.20217489477962,2,High Poverty (Poorest)
70155,0,1,1,0.0,1,0.0,1,0.05449653959997964,1,Medium Poverty
70156,0,1,1,0.0,1,0.0,1,0.05449653959997964,1,Medium Poverty
70157,0,0,2,0.0,1,0.0,1,-0.1968377472759403,1,Medium Poverty
70158,0,0,1,0.0,1,0.0,1,-0.9508406079037002,2,High Poverty (Poorest)
70159,0,1,2,0.0,1,0.0,1,0.8084994002277395,0,Low Poverty (Wealthy)
70160,0,1,0,0.0,1,0.0,1,-0.6995063210277802,2,High Poverty (Poorest)
79002,0,0,1,0.0,1,0.0,1,-0.9508406079037002,2,High Poverty (Poorest)
79004,0,0,2,0.0,1,0.0,1,-0.1968377472759403,1,Medium Poverty
79005,0,0,0,0.0,1,0.0,1,-1.70484346853146,2,High Poverty (Poorest)
79006,0,1,1,0.0,1,0.0,1,0.05449653959997964,1,Medium Poverty
79007,0,1,1,0.0,1,0.0,0,-0.44817203415186024,1,Medium Poverty
79009,0,0,1,0.0,1,0.0,1,-0.9508406079037002,2,High Poverty (Poorest)
79010,0,0,2,0.0,1,0.0,1,-0.1968377472759403,1,Medium Poverty
79011,0,0,1,0.0,1,0.0,1,-0.9508406079037002,2,High Poverty (Poorest)
79012,0,1,2,0.0,1,0.0,0,0.3058308264758996,0,Low Poverty (Wealthy)
79014,0,0,0,0.0,1,0.0,1,-1.70484346853146,2,High Poverty (Poorest)
79014,0,1,2,0.0,1,0.0,0,0.3058308264758996,0,Low Poverty (Wealthy)
79015,0,1,1,0.0,1,0.0,0,-0.44817203415186024,1,Medium Poverty
79015,0,1,2,0.0,1,0.0,0,0.3058308264758996,0,Low Poverty (Wealthy)
79016,0,0,2,0.0,1,0.0,1,-0.1968377472759403,1,Medium Poverty
79016,0,0,1,0.0,1,0.0,1,-0.9508406079037002,2,High Poverty (Poorest)
79017,0,1,3,0.0,1,0.0,0,1.0598336871036593,0,Low Poverty (Wealthy)
79017,0,1,2,0.0,1,0.0,1,0.8084994002277395,0,Low Poverty (Wealthy)
79018,0,1,1,0.0,1,0.0,0,-0.44817203415186024,1,Medium Poverty
79018,0,1,0,0.0,1,0.0,0,-1.20217489477962,2,High Poverty (Poorest)
79019,0,0,3,0.0,1,0.0,1,0.5571651133518195,0,Low Poverty (Wealthy)
79019,0,1,2,0.0,1,0.0,0,0.3058308264758996,0,Low Poverty (Wealthy)
79020,0,1,1,0.0,1,0.0,1,0.05449653959997964,1,Medium Poverty
79020,0,0,1,0.0,1,0.0,0,-1.45350918165554,2,High Poverty (Poorest)
79021,0,1,2,0.0,1,0.0,0,0.3058308264758996,0,Low Poverty (Wealthy)
79021,0,1,2,0.0,1,0.0,1,0.8084994002277395,0,Low Poverty (Wealthy)
79023,0,1,2,0.0,1,0.0,1,0.8084994002277395,0,Low Poverty (Wealthy)
79023,0,1,1,0.0,1,0.0,0,-0.44817203415186024,1,Medium Poverty
79024,0,1,2,0.0,1,0.0,1,0.8084994002277395,0,Low Poverty (Wealthy)
79024,0,1,1,0.0,1,0.0,1,0.05449653959997964,1,Medium Poverty
79025,0,0,1,0.0,1,0.0,1,-0.9508406079037002,2,High Poverty (Poorest)
79025,0,0,2,0.0,1,0.0,0,-0.6995063210277802,2,High Poverty (Poorest)
79025,0,1,3,0.0,1,1.0,1,2.567839408359179,0,Low Poverty (Wealthy)
79025,0,0,1,0.0,1,0.0,1,-0.9508406079037002,2,High Poverty (Poorest)
79025,0,1,1,0.0,1,0.0,0,-0.44817203415186024,1,Medium Poverty
79025,0,1,2,0.0,1,0.0,1,0.8084994002277395,0,Low Poverty (Wealthy)
79025,0,1,1,0.0,1,1.0,1,1.0598336871036593,0,Low Poverty (Wealthy)
79025,0,1,2,0.0,1,0.0,1,0.8084994002277395,0,Low Poverty (Wealthy)
79026,0,1,2,0.0,1,0.0,1,0.8084994002277395,0,Low Poverty (Wealthy)
79026,0,0,0,0.0,1,0.0,1,-1.70484346853146,2,High Poverty (Poorest)
79026,0,0,3,0.0,1,1.0,1,1.5625022608554993,0,Low Poverty (Wealthy)
79026,0,0,2,0.0,1,0.0,1,-0.1968377472759403,1,Medium Poverty
79026,0,1,3,0.0,1,0.0,1,1.5625022608554993,0,Low Poverty (Wealthy)
79026,0,1,2,0.0,1,0.0,1,0.8084994002277395,0,Low Poverty (Wealthy)
79026,0,0,3,0.0,1,1.0,0,1.0598336871036593,0,Low Poverty (Wealthy)
79026,0,1,0,0.0,1,0.0,0,-1.20217489477962,2,High Poverty (Poorest)
79028,0,1,1,0.0,1,0.0,1,0.05449653959997964,1,Medium Poverty
79028,0,1,3,0.0,1,0.0,0,1.0598336871036593,0,Low Poverty (Wealthy)
79028,0,1,1,0.0,1,1.0,1,1.0598336871036593,0,Low Poverty (Wealthy)
79028,0,0,0,0.0,1,0.0,1,-1.70484346853146,2,High Poverty (Poorest)
79028,0,1,2,0.0,1,0.0,1,0.8084994002277395,0,Low Poverty (Wealthy)
79028,0,1,2,0.0,1,0.0,1,0.8084994002277395,0,Low Poverty (Wealthy)
79028,0,1,0,0.0,1,1.0,1,0.3058308264758996,0,Low Poverty (Wealthy)
79028,0,1,3,0.0,1,0.0,0,1.0598336871036593,0,Low Poverty (Wealthy)
79029,0,1,2,0.0,1,0.0,1,0.8084994002277395,0,Low Poverty (Wealthy)
79029,0,1,1,0.0,1,0.0,0,-0.44817203415186024,1,Medium Poverty
79029,0,0,2,0.0,1,1.0,1,0.8084994002277395,0,Low Poverty (Wealthy)
79029,0,1,1,0.0,1,0.0,0,-0.44817203415186024,1,Medium Poverty
79029,0,1,0,0.0,1,0.0,0,-1.20217489477962,2,High Poverty (Poorest)
79029,0,1,1,0.0,1,0.0,1,0.05449653959997964,1,Medium Poverty
79029,0,0,1,0.0,1,1.0,0,-0.44817203415186024,1,Medium Poverty
79029,0,0,1,0.0,1,0.0,1,-0.9508406079037002,2,High Poverty (Poorest)
79030,0,0,2,0.0,1,0.0,1,-0.1968377472759403,1,Medium Poverty
79030,0,1,2,0.0,1,0.0,0,0.3058308264758996,0,Low Poverty (Wealthy)
79030,0,1,2,0.0,1,1.0,0,1.3111679739795794,0,Low Poverty (Wealthy)
79030,0,0,2,0.0,1,0.0,1,-0.1968377472759403,1,Medium Poverty
79030,0,1,0,0.0,1,0.0,1,-0.6995063210277802,2,High Poverty (Poorest)
79030,0,1,0,0.0,1,0.0,1,-0.6995063210277802,2,High Poverty (Poorest)
79030,0,1,3,0.0,1,1.0,0,2.0651708346073394,0,Low Poverty (Wealthy)
79030,0,1,0,0.0,1,0.0,1,-0.6995063210277802,2,High Poverty (Poorest)
79032,0,1,1,0.0,1,0.0,1,0.05449653959997964,1,Medium Poverty
79032,0,1,2,0.0,1,0.0,1,0.8084994002277395,0,Low Poverty (Wealthy)
79032,0,0,1,0.0,1,1.0,0,-0.44817203415186024,1,Medium Poverty
79032,0,1,3,0.0,1,0.0,1,1.5625022608554993,0,Low Poverty (Wealthy)
79032,0,1,1,0.0,1,0.0,0,-0.44817203415186024,1,Medium Poverty
79032,0,1,0,0.0,1,0.0,0,-1.20217489477962,2,High Poverty (Poorest)
79032,0,1,1,0.0,1,1.0,1,1.0598336871036593,0,Low Poverty (Wealthy)
79032,0,1,2,0.0,1,0.0,1,0.8084994002277395,0,Low Poverty (Wealthy)
79033,0,0,1,0.0,1,0.0,1,-0.9508406079037002,2,High Poverty (Poorest)
79033,0,1,1,0.0,1,0.0,1,0.05449653959997964,1,Medium Poverty
79033,0,0,3,0.0,1,1.0,1,1.5625022608554993,0,Low Poverty (Wealthy)
79033,0,0,3,0.0,1,0.0,1,0.5571651133518195,0,Low Poverty (Wealthy)
79033,0,1,1,0.0,1,0.0,1,0.05449653959997964,1,Medium Poverty
79033,0,1,1,0.0,1,0.0,1,0.05449653959997964,1,Medium Poverty
79033,0,0,1,0.0,1,1.0,0,-0.44817203415186024,1,Medium Poverty
79033,0,1,3,0.0,1,0.0,0,1.0598336871036593,0,Low Poverty (Wealthy)
79034,0,1,3,0.0,1,0.0,1,1.5625022608554993,0,Low Poverty (Wealthy)
79034,0,0,1,0.0,1,0.0,1,-0.9508406079037002,2,High Poverty (Poorest)
79034,0,1,2,0.0,1,1.0,0,1.3111679739795794,0,Low Poverty (Wealthy)
79034,0,1,1,0.0,1,0.0,1,0.05449653959997964,1,Medium Poverty
79034,0,1,0,0.0,1,0.0,1,-0.6995063210277802,2,High Poverty (Poorest)
79034,0,0,0,0.0,1,0.0,1,-1.70484346853146,2,High Poverty (Poorest)
79034,0,1,1,0.0,1,1.0,0,0.5571651133518195,0,Low Poverty (Wealthy)
79034,0,1,1,0.0,1,0.0,0,-0.44817203415186024,1,Medium Poverty
79035,0,1,0,0.0,1,0.0,1,-0.6995063210277802,2,High Poverty (Poorest)
79035,0,0,2,0.0,1,0.0,1,-0.1968377472759403,1,Medium Poverty
79035,0,1,1,0.0,1,1.0,0,0.5571651133518195,0,Low Poverty (Wealthy)
79035,0,0,2,0.0,1,0.0,0,-0.6995063210277802,2,High Poverty (Poorest)
79035,0,1,1,0.0,1,0.0,1,0.05449653959997964,1,Medium Poverty
79035,0,0,0,0.0,1,0.0,0,-2.2075120422833,2,High Poverty (Poorest)
79035,0,1,1,0.0,1,1.0,1,1.0598336871036593,0,Low Poverty (Wealthy)
79035,0,1,1,0.0,1,0.0,1,0.05449653959997964,1,Medium Poverty
79036,0,0,1,0.0,1,0.0,0,-1.45350918165554,2,High Poverty (Poorest)
79036,0,0,0,0.0,1,0.0,0,-2.2075120422833,2,High Poverty (Poorest)
79036,0,0,1,0.0,1,1.0,1,0.05449653959997964,1,Medium Poverty
79036,0,1,0,0.0,1,0.0,0,-1.20217489477962,2,High Poverty (Poorest)
79036,0,1,2,0.0,1,0.0,1,0.8084994002277395,0,Low Poverty (Wealthy)
79036,0,1,2,0.0,1,0.0,1,0.8084994002277395,0,Low Poverty (Wealthy)
79036,0,1,0,0.0,1,1.0,1,0.3058308264758996,0,Low Poverty (Wealthy)
79036,0,1,1,0.0,1,0.0,0,-0.44817203415186024,1,Medium Poverty
79038,0,1,0,0.0,1,0.0,0,-1.20217489477962,2,High Poverty (Poorest)
79039,0,1,2,0.0,1,0.0,1,0.8084994002277395,0,Low Poverty (Wealthy)
79040,0,1,1,0.0,1,0.0,1,0.05449653959997964,1,Medium Poverty
79041,0,1,1,0.0,1,0.0,0,-0.44817203415186024,1,Medium Poverty
79042,0,1,1,0.0,1,0.0,1,0.05449653959997964,1,Medium Poverty
79043,0,0,3,0.0,1,0.0,1,0.5571651133518195,0,Low Poverty (Wealthy)
79045,0,1,1,0.0,1,0.0,1,0.05449653959997964,1,Medium Poverty
79046,0,1,2,0.0,1,0.0,0,0.3058308264758996,0,Low Poverty (Wealthy)
79047,0,1,1,0.0,1,0.0,1,0.05449653959997964,1,Medium Poverty
79051,0,0,3,0.0,1,0.0,1,0.5571651133518195,0,Low Poverty (Wealthy)
79052,0,1,2,0.0,1,0.0,1,0.8084994002277395,0,Low Poverty (Wealthy)
79053,0,1,1,0.0,1,0.0,1,0.05449653959997964,1,Medium Poverty
79053,0,1,2,0.0,1,1.0,0,1.3111679739795794,0,Low Poverty (Wealthy)
79053,0,0,1,0.0,1,1.0,0,-0.44817203415186024,1,Medium Poverty
79054,0,1,2,0.0,1,0.0,0,0.3058308264758996,0,Low Poverty (Wealthy)
79054,0,1,2,0.0,1,1.0,1,1.8138365477314193,0,Low Poverty (Wealthy)
79054,0,1,0,0.0,1,1.0,1,0.3058308264758996,0,Low Poverty (Wealthy)
79055,0,1,2,0.0,1,0.0,0,0.3058308264758996,0,Low Poverty (Wealthy)
79055,0,1,1,0.0,1,1.0,0,0.5571651133518195,0,Low Poverty (Wealthy)
79055,0,1,1,0.0,1,1.0,0,0.5571651133518195,0,Low Poverty (Wealthy)
79056,0,0,1,0.0,1,0.0,0,-1.45350918165554,2,High Poverty (Poorest)
79056,0,1,2,0.0,1,1.0,1,1.8138365477314193,0,Low Poverty (Wealthy)
79056,0,1,1,0.0,1,1.0,0,0.5571651133518195,0,Low Poverty (Wealthy)
79057,0,0,0,0.0,1,0.0,0,-2.2075120422833,2,High Poverty (Poorest)
79057,0,0,2,0.0,1,1.0,1,0.8084994002277395,0,Low Poverty (Wealthy)
79057,0,0,0,0.0,1,1.0,1,-0.6995063210277802,2,High Poverty (Poorest)
79058,0,1,0,0.0,1,0.0,1,-0.6995063210277802,2,High Poverty (Poorest)
79058,0,1,1,0.0,1,1.0,0,0.5571651133518195,0,Low Poverty (Wealthy)
79058,0,1,1,0.0,1,1.0,0,0.5571651133518195,0,Low Poverty (Wealthy)
79059,0,1,1,0.0,1,0.0,1,0.05449653959997964,1,Medium Poverty
79059,0,1,0,0.0,1,1.0,0,-0.1968377472759403,1,Medium Poverty
79059,0,0,3,0.0,1,1.0,0,1.0598336871036593,0,Low Poverty (Wealthy)
79060,0,0,2,0.0,1,0.0,1,-0.1968377472759403,1,Medium Poverty
79060,0,1,1,0.0,1,1.0,1,1.0598336871036593,0,Low Poverty (Wealthy)
79060,0,0,1,0.0,1,1.0,0,-0.44817203415186024,1,Medium Poverty
79061,0,0,1,0.0,1,0.0,0,-1.45350918165554,2,High Poverty (Poorest)
79061,0,1,2,0.0,1,0.0,1,0.8084994002277395,0,Low Poverty (Wealthy)
79062,0,1,0,0.0,1,0.0,0,-1.20217489477962,2,High Poverty (Poorest)
79062,0,1,0,0.0,1,0.0,1,-0.6995063210277802,2,High Poverty (Poorest)
79064,0,1,3,0.0,1,0.0,1,1.5625022608554993,0,Low Poverty (Wealthy)
79064,0,1,1,0.0,1,0.0,1,0.05449653959997964,1,Medium Poverty
79065,0,1,1,0.0,1,0.0,1,0.05449653959997964,1,Medium Poverty
79065,0,1,3,0.0,1,0.0,0,1.0598336871036593,0,Low Poverty (Wealthy)
79067,0,1,2,0.0,1,0.0,0,0.3058308264758996,0,Low Poverty (Wealthy)
79067,0,0,1,0.0,1,0.0,1,-0.9508406079037002,2,High Poverty (Poorest)
79068,0,1,2,0.0,1,0.0,1,0.8084994002277395,0,Low Poverty (Wealthy)
79068,0,1,0,0.0,1,0.0,1,-0.6995063210277802,2,High Poverty (Poorest)
79069,0,1,2,0.0,1,0.0,1,0.8084994002277395,0,Low Poverty (Wealthy)
79069,0,1,1,0.0,1,0.0,1,0.05449653959997964,1,Medium Poverty
79070,0,1,2,0.0,1,0.0,1,0.8084994002277395,0,Low Poverty (Wealthy)
79070,0,0,3,0.0,1,0.0,1,0.5571651133518195,0,Low Poverty (Wealthy)
79072,0,1,3,0.0,1,0.0,1,1.5625022608554993,0,Low Poverty (Wealthy)
79072,0,0,3,0.0,1,0.0,1,0.5571651133518195,0,Low Poverty (Wealthy)
79073,0,0,1,0.0,1,0.0,0,-1.45350918165554,2,High Poverty (Poorest)
79073,0,0,1,0.0,1,1.0,1,0.05449653959997964,1,Medium Poverty
79074,0,1,1,0.0,1,0.0,1,0.05449653959997964,1,Medium Poverty
79074,0,0,2,0.0,1,1.0,0,0.3058308264758996,0,Low Poverty (Wealthy)
79075,0,1,3,0.0,1,0.0,1,1.5625022608554993,0,Low Poverty (Wealthy)
79075,0,0,1,0.0,1,1.0,1,0.05449653959997964,1,Medium Poverty
79077,0,1,3,0.0,1,0.0,1,1.5625022608554993,0,Low Poverty (Wealthy)
79077,0,0,2,0.0,1,1.0,0,0.3058308264758996,0,Low Poverty (Wealthy)
79078,0,1,3,0.0,1,0.0,1,1.5625022608554993,0,Low Poverty (Wealthy)
79078,0,1,3,0.0,1,1.0,0,2.0651708346073394,0,Low Poverty (Wealthy)
79080,0,1,1,0.0,1,0.0,1,0.05449653959997964,1,Medium Poverty
79080,0,0,0,0.0,1,1.0,0,-1.20217489477962,2,High Poverty (Poorest)
79081,0,1,0,0.0,1,0.0,1,-0.6995063210277802,2,High Poverty (Poorest)
79081,0,1,1,0.0,1,1.0,1,1.0598336871036593,0,Low Poverty (Wealthy)
79082,0,1,2,0.0,1,0.0,0,0.3058308264758996,0,Low Poverty (Wealthy)
79082,0,0,2,0.0,1,1.0,1,0.8084994002277395,0,Low Poverty (Wealthy)
79083,0,0,3,0.0,1,0.0,1,0.5571651133518195,0,Low Poverty (Wealthy)
79083,0,1,2,0.0,1,1.0,0,1.3111679739795794,0,Low Poverty (Wealthy)
79084,0,1,0,0.0,1,0.0,0,-1.20217489477962,2,High Poverty (Poorest)
79084,0,1,0,0.0,1,1.0,0,-0.1968377472759403,1,Medium Poverty
79085,0,1,0,0.0,1,0.0,0,-1.20217489477962,2,High Poverty (Poorest)
79087,0,1,1,0.0,1,0.0,1,0.05449653959997964,1,Medium Poverty
79088,0,0,1,0.0,1,0.0,1,-0.9508406079037002,2,High Poverty (Poorest)
79090,0,1,0,0.0,1,0.0,0,-1.20217489477962,2,High Poverty (Poorest)
79091,0,0,1,0.0,1,0.0,1,-0.9508406079037002,2,High Poverty (Poorest)
79092,0,1,0,0.0,1,0.0,1,-0.6995063210277802,2,High Poverty (Poorest)
79093,0,1,2,0.0,1,0.0,0,0.3058308264758996,0,Low Poverty (Wealthy)
79094,0,1,1,0.0,1,0.0,0,-0.44817203415186024,1,Medium Poverty
79095,0,0,1,0.0,1,0.0,0,-1.45350918165554,2,High Poverty (Poorest)
79096,0,0,1,0.0,1,0.0,1,-0.9508406079037002,2,High Poverty (Poorest)
79097,0,0,3,0.0,1,0.0,1,0.5571651133518195,0,Low Poverty (Wealthy)
79098,0,0,1,0.0,1,0.0,1,-0.9508406079037002,2,High Poverty (Poorest)
79099,0,0,1,0.0,1,0.0,0,-1.45350918165554,2,High Poverty (Poorest)
79101,0,1,2,0.0,1,0.0,1,0.8084994002277395,0,Low Poverty (Wealthy)
79102,0,0,2,0.0,1,0.0,1,-0.1968377472759403,1,Medium Poverty
79104,0,0,3,0.0,1,0.0,1,0.5571651133518195,0,Low Poverty (Wealthy)
79105,0,1,1,0.0,1,0.0,1,0.05449653959997964,1,Medium Poverty
79106,0,1,1,0.0,1,0.0,1,0.05449653959997964,1,Medium Poverty
79108,0,1,0,0.0,1,0.0,1,-0.6995063210277802,2,High Poverty (Poorest)
79109,0,0,2,0.0,1,0.0,1,-0.1968377472759403,1,Medium Poverty
79109,0,1,1,0.0,1,0.0,0,-0.44817203415186024,1,Medium Poverty
79110,0,0,0,0.0,1,0.0,1,-1.70484346853146,2,High Poverty (Poorest)
79110,0,0,1,0.0,1,0.0,1,-0.9508406079037002,2,High Poverty (Poorest)
79111,0,1,1,0.0,1,0.0,1,0.05449653959997964,1,Medium Poverty
79111,0,0,0,0.0,1,0.0,1,-1.70484346853146,2,High Poverty (Poorest)
79112,0,1,2,0.0,1,0.0,1,0.8084994002277395,0,Low Poverty (Wealthy)
79112,0,1,2,0.0,1,0.0,0,0.3058308264758996,0,Low Poverty (Wealthy)
79113,0,0,0,0.0,1,0.0,0,-2.2075120422833,2,High Poverty (Poorest)
79113,0,1,1,0.0,1,0.0,1,0.05449653959997964,1,Medium Poverty
79114,0,0,2,0.0,1,0.0,0,-0.6995063210277802,2,High Poverty (Poorest)
79114,0,1,1,0.0,1,0.0,0,-0.44817203415186024,1,Medium Poverty
79116,0,1,1,0.0,1,0.0,1,0.05449653959997964,1,Medium Poverty
79116,0,1,1,0.0,1,0.0,1,0.05449653959997964,1,Medium Poverty
79117,0,1,2,0.0,1,0.0,0,0.3058308264758996,0,Low Poverty (Wealthy)
79117,0,0,3,0.0,1,0.0,0,0.05449653959997964,1,Medium Poverty
79119,0,1,2,0.0,1,0.0,1,0.8084994002277395,0,Low Poverty (Wealthy)
79119,0,0,0,0.0,1,0.0,0,-2.2075120422833,2,High Poverty (Poorest)
79120,0,1,1,0.0,1,0.0,1,0.05449653959997964,1,Medium Poverty
79120,0,1,3,0.0,1,0.0,0,1.0598336871036593,0,Low Poverty (Wealthy)
79121,0,0,0,0.0,1,0.0,1,-1.70484346853146,2,High Poverty (Poorest)
79122,0,1,3,0.0,1,0.0,1,1.5625022608554993,0,Low Poverty (Wealthy)
79123,0,0,3,0.0,1,0.0,1,0.5571651133518195,0,Low Poverty (Wealthy)
79124,0,1,0,0.0,1,0.0,0,-1.20217489477962,2,High Poverty (Poorest)
79125,0,1,3,0.0,1,0.0,1,1.5625022608554993,0,Low Poverty (Wealthy)
79127,0,1,1,0.0,1,0.0,1,0.05449653959997964,1,Medium Poverty
79128,0,1,2,0.0,1,0.0,0,0.3058308264758996,0,Low Poverty (Wealthy)
79129,0,0,1,0.0,1,0.0,1,-0.9508406079037002,2,High Poverty (Poorest)
79131,0,0,1,0.0,1,0.0,1,-0.9508406079037002,2,High Poverty (Poorest)
79132,0,0,2,0.0,1,0.0,1,-0.1968377472759403,1,Medium Poverty
79133,0,0,2,0.0,1,0.0,0,-0.6995063210277802,2,High Poverty (Poorest)
79134,0,0,0,0.0,1,0.0,0,-2.2075120422833,2,High Poverty (Poorest)
79136,0,1,2,0.0,1,0.0,1,0.8084994002277395,0,Low Poverty (Wealthy)
79137,0,1,0,0.0,1,0.0,1,-0.6995063210277802,2,High Poverty (Poorest)
79138,0,1,1,0.0,1,0.0,1,0.05449653959997964,1,Medium Poverty
79139,0,0,1,0.0,1,0.0,1,-0.9508406079037002,2,High Poverty (Poorest)
79140,0,1,1,0.0,1,0.0,0,-0.44817203415186024,1,Medium Poverty
79141,0,1,1,0.0,1,0.0,1,0.05449653959997964,1,Medium Poverty
79142,0,0,0,0.0,1,0.0,0,-2.2075120422833,2,High Poverty (Poorest)
79143,0,1,0,0.0,1,0.0,1,-0.6995063210277802,2,High Poverty (Poorest)
80011,0,1,0,0.0,1,1.0,1,0.3058308264758996,0,Low Poverty (Wealthy)
80012,0,0,1,0.0,1,1.0,1,0.05449653959997964,1,Medium Poverty
80013,0,1,3,0.0,1,1.0,1,2.567839408359179,0,Low Poverty (Wealthy)
80015,0,1,0,0.0,1,1.0,0,-0.1968377472759403,1,Medium Poverty
80016,0,0,3,0.0,1,1.0,1,1.5625022608554993,0,Low Poverty (Wealthy)
80017,0,1,2,0.0,1,1.0,0,1.3111679739795794,0,Low Poverty (Wealthy)
80018,0,1,2,0.0,1,1.0,0,1.3111679739795794,0,Low Poverty (Wealthy)
80019,0,1,2,0.0,1,1.0,0,1.3111679739795794,0,Low Poverty (Wealthy)
80020,0,1,2,0.0,1,1.0,1,1.8138365477314193,0,Low Poverty (Wealthy)
80091,0,1,0,0.0,1,0.0,0,-1.20217489477962,2,High Poverty (Poorest)
80091,0,1,1,0.0,1,0.0,1,0.05449653959997964,1,Medium Poverty
80092,0,1,2,0.0,1,0.0,1,0.8084994002277395,0,Low Poverty (Wealthy)
80092,0,0,2,0.0,1,0.0,1,-0.1968377472759403,1,Medium Poverty
80093,0,1,2,0.0,1,0.0,0,0.3058308264758996,0,Low Poverty (Wealthy)
80095,0,1,0,0.0,1,0.0,0,-1.20217489477962,2,High Poverty (Poorest)
80095,0,1,2,0.0,1,0.0,1,0.8084994002277395,0,Low Poverty (Wealthy)
80097,0,0,1,0.0,1,0.0,1,-0.9508406079037002,2,High Poverty (Poorest)
80097,0,1,1,0.0,1,0.0,0,-0.44817203415186024,1,Medium Poverty
80098,0,0,1,0.0,1,0.0,1,-0.9508406079037002,2,High Poverty (Poorest)
80098,0,0,2,0.0,1,0.0,1,-0.1968377472759403,1,Medium Poverty
80099,0,0,3,0.0,1,0.0,1,0.5571651133518195,0,Low Poverty (Wealthy)
80099,0,0,1,0.0,1,0.0,1,-0.9508406079037002,2,High Poverty (Poorest)
80100,0,1,2,0.0,1,0.0,1,0.8084994002277395,0,Low Poverty (Wealthy)
80100,0,1,1,0.0,1,0.0,1,0.05449653959997964,1,Medium Poverty
80102,0,0,0,0.0,1,0.0,0,-2.2075120422833,2,High Poverty (Poorest)
80103,0,1,0,0.0,1,0.0,1,-0.6995063210277802,2,High Poverty (Poorest)
80104,0,1,0,0.0,1,0.0,1,-0.6995063210277802,2,High Poverty (Poorest)
80105,0,1,1,0.0,1,0.0,0,-0.44817203415186024,1,Medium Poverty
80106,0,0,1,0.0,1,0.0,1,-0.9508406079037002,2,High Poverty (Poorest)
80107,0,1,2,0.0,1,0.0,0,0.3058308264758996,0,Low Poverty (Wealthy)
80108,0,1,2,0.0,1,0.0,0,0.3058308264758996,0,Low Poverty (Wealthy)
80109,0,1,0,0.0,1,0.0,0,-1.20217489477962,2,High Poverty (Poorest)
80110,0,0,1,0.0,1,0.0,1,-0.9508406079037002,2,High Poverty (Poorest)
89001,0,0,1,0.0,1,0.0,1,-0.9508406079037002,2,High Poverty (Poorest)
89002,0,1,1,0.0,1,0.0,1,0.05449653959997964,1,Medium Poverty
89003,0,1,0,0.0,1,0.0,1,-0.6995063210277802,2,High Poverty (Poorest)
89004,0,1,0,0.0,1,0.0,0,-1.20217489477962,2,High Poverty (Poorest)
89005,0,1,3,0.0,1,0.0,1,1.5625022608554993,0,Low Poverty (Wealthy)
89006,0,0,2,0.0,1,0.0,1,-0.1968377472759403,1,Medium Poverty
89007,0,1,0,0.0,1,0.0,1,-0.6995063210277802,2,High Poverty (Poorest)
89009,0,1,1,0.0,1,0.0,1,0.05449653959997964,1,Medium Poverty
89010,0,1,1,0.0,1,0.0,0,-0.44817203415186024,1,Medium Poverty
89011,0,1,2,0.0,1,0.0,1,0.8084994002277395,0,Low Poverty (Wealthy)
89015,0,1,1,0.0,1,1.0,1,1.0598336871036593,0,Low Poverty (Wealthy)
89015,0,0,0,0.0,1,0.0,0,-2.2075120422833,2,High Poverty (Poorest)
89016,0,1,2,0.0,1,1.0,1,1.8138365477314193,0,Low Poverty (Wealthy)
89016,0,0,1,0.0,1,0.0,1,-0.9508406079037002,2,High Poverty (Poorest)
89017,0,1,1,0.0,1,1.0,0,0.5571651133518195,0,Low Poverty (Wealthy)
89017,0,1,1,0.0,1,0.0,1,0.05449653959997964,1,Medium Poverty
89019,0,1,1,0.0,1,1.0,1,1.0598336871036593,0,Low Poverty (Wealthy)
89019,0,1,1,0.0,1,0.0,1,0.05449653959997964,1,Medium Poverty
89020,0,1,1,0.0,1,1.0,0,0.5571651133518195,0,Low Poverty (Wealthy)
89020,0,1,1,0.0,1,0.0,0,-0.44817203415186024,1,Medium Poverty
89021,0,1,0,0.0,1,0.0,0,-1.20217489477962,2,High Poverty (Poorest)
89022,0,0,2,0.0,1,1.0,1,0.8084994002277395,0,Low Poverty (Wealthy)
89022,0,1,0,0.0,1,0.0,1,-0.6995063210277802,2,High Poverty (Poorest)
89023,0,1,0,0.0,1,1.0,1,0.3058308264758996,0,Low Poverty (Wealthy)
89023,0,0,2,0.0,1,0.0,0,-0.6995063210277802,2,High Poverty (Poorest)
89024,0,1,2,0.0,1,1.0,0,1.3111679739795794,0,Low Poverty (Wealthy)
89024,0,1,2,0.0,1,0.0,1,0.8084994002277395,0,Low Poverty (Wealthy)
89028,0,0,1,0.0,1,1.0,1,0.05449653959997964,1,Medium Poverty
89028,0,1,1,0.0,1,0.0,1,0.05449653959997964,1,Medium Poverty
90001,0,0,2,0.0,1,0.0,1,-0.1968377472759403,1,Medium Poverty
90002,0,0,2,0.0,1,0.0,1,-0.1968377472759403,1,Medium Poverty
90003,0,0,1,0.0,1,0.0,1,-0.9508406079037002,2,High Poverty (Poorest)
90004,0,1,3,0.0,1,0.0,1,1.5625022608554993,0,Low Poverty (Wealthy)
90005,0,1,0,0.0,1,0.0,1,-0.6995063210277802,2,High Poverty (Poorest)
90006,0,0,3,0.0,1,0.0,1,0.5571651133518195,0,Low Poverty (Wealthy)
90007,0,1,3,0.0,1,0.0,1,1.5625022608554993,0,Low Poverty (Wealthy)
90009,0,1,2,0.0,1,0.0,0,0.3058308264758996,0,Low Poverty (Wealthy)
90010,0,0,3,0.0,1,0.0,0,0.05449653959997964,1,Medium Poverty
90021,0,1,2,0.0,1,0.0,0,0.3058308264758996,0,Low Poverty (Wealthy)
90021,0,1,0,0.0,1,0.0,1,-0.6995063210277802,2,High Poverty (Poorest)
90022,0,1,1,0.0,1,0.0,0,-0.44817203415186024,1,Medium Poverty
90022,0,1,0,0.0,1,0.0,0,-1.20217489477962,2,High Poverty (Poorest)
90025,0,1,1,0.0,1,0.0,1,0.05449653959997964,1,Medium Poverty
90025,0,1,2,0.0,1,0.0,0,0.3058308264758996,0,Low Poverty (Wealthy)
90027,0,1,1,0.0,1,0.0,1,0.05449653959997964,1,Medium Poverty
90027,0,1,1,0.0,1,0.0,1,0.05449653959997964,1,Medium Poverty
90028,0,0,2,0.0,1,0.0,1,-0.1968377472759403,1,Medium Poverty
90028,0,1,3,0.0,1,0.0,0,1.0598336871036593,0,Low Poverty (Wealthy)
90029,0,1,0,0.0,1,0.0,0,-1.20217489477962,2,High Poverty (Poorest)
90029,0,0,1,0.0,1,0.0,1,-0.9508406079037002,2,High Poverty (Poorest)
90030,0,0,0,0.0,1,0.0,1,-1.70484346853146,2,High Poverty (Poorest)
90030,0,1,2,0.0,1,0.0,1,0.8084994002277395,0,Low Poverty (Wealthy)
90041,0,1,0,0.0,1,0.0,0,-1.20217489477962,2,High Poverty (Poorest)
90041,0,1,2,0.0,1,0.0,1,0.8084994002277395,0,Low Poverty (Wealthy)
90042,0,1,1,0.0,1,0.0,0,-0.44817203415186024,1,Medium Poverty
90043,0,0,0,0.0,1,0.0,1,-1.70484346853146,2,High Poverty (Poorest)
90044,0,1,3,0.0,1,0.0,1,1.5625022608554993,0,Low Poverty (Wealthy)
90044,0,0,0,0.0,1,0.0,1,-1.70484346853146,2,High Poverty (Poorest)
90046,0,1,1,0.0,1,0.0,1,0.05449653959997964,1,Medium Poverty
90046,0,1,0,0.0,1,0.0,1,-0.6995063210277802,2,High Poverty (Poorest)
90047,0,1,1,0.0,1,0.0,1,0.05449653959997964,1,Medium Poverty
90047,0,1,1,0.0,1,0.0,1,0.05449653959997964,1,Medium Poverty
90048,0,0,1,0.0,1,0.0,1,-0.9508406079037002,2,High Poverty (Poorest)
90048,0,1,0,0.0,1,0.0,1,-0.6995063210277802,2,High Poverty (Poorest)
90091,0,1,1,0.0,1,0.0,1,0.05449653959997964,1,Medium Poverty
90092,0,1,2,0.0,1,0.0,1,0.8084994002277395,0,Low Poverty (Wealthy)
90093,0,1,2,0.0,1,0.0,1,0.8084994002277395,0,Low Poverty (Wealthy)
90094,0,1,1,0.0,1,0.0,1,0.05449653959997964,1,Medium Poverty
90095,0,1,2,0.0,1,0.0,0,0.3058308264758996,0,Low Poverty (Wealthy)
90096,0,0,1,0.0,1,0.0,0,-1.45350918165554,2,High Poverty (Poorest)
90097,0,0,1,0.0,1,0.0,0,-1.45350918165554,2,High Poverty (Poorest)
90098,0,1,0,0.0,1,0.0,1,-0.6995063210277802,2,High Poverty (Poorest)
90099,0,1,1,0.0,1,0.0,1,0.05449653959997964,1,Medium Poverty
90100,0,0,1,0.0,1,0.0,1,-0.9508406079037002,2,High Poverty (Poorest)
99001,0,0,1,0.0,1,0.0,1,-0.9508406079037002,2,High Poverty (Poorest)
99002,0,0,2,0.0,1,0.0,1,-0.1968377472759403,1,Medium Poverty
99003,0,0,3,0.0,1,0.0,0,0.05449653959997964,1,Medium Poverty
99004,0,1,0,0.0,1,0.0,1,-0.6995063210277802,2,High Poverty (Poorest)
99005,0,1,2,0.0,1,0.0,1,0.8084994002277395,0,Low Poverty (Wealthy)
99006,0,1,2,0.0,1,0.0,1,0.8084994002277395,0,Low Poverty (Wealthy)
99008,0,1,2,0.0,1,0.0,0,0.3058308264758996,0,Low Poverty (Wealthy)
99010,0,1,1,0.0,1,0.0,1,0.05449653959997964,1,Medium Poverty
99011,0,1,1,0.0,1,0.0,1,0.05449653959997964,1,Medium Poverty
99013,0,1,0,0.0,1,0.0,1,-0.6995063210277802,2,High Poverty (Poorest)
99014,0,1,1,0.0,1,1.0,1,1.0598336871036593,0,Low Poverty (Wealthy)
99014,0,1,2,0.0,1,0.0,1,0.8084994002277395,0,Low Poverty (Wealthy)
99014,0,0,0,0.0,1,0.0,1,-1.70484346853146,2,High Poverty (Poorest)
99015,0,1,1,0.0,1,1.0,1,1.0598336871036593,0,Low Poverty (Wealthy)
99015,0,0,2,0.0,1,0.0,1,-0.1968377472759403,1,Medium Poverty
99015,0,1,2,0.0,1,0.0,1,0.8084994002277395,0,Low Poverty (Wealthy)
99016,0,0,1,0.0,1,1.0,0,-0.44817203415186024,1,Medium Poverty
99016,0,0,2,0.0,1,0.0,1,-0.1968377472759403,1,Medium Poverty
99016,0,1,1,0.0,1,0.0,0,-0.44817203415186024,1,Medium Poverty
99017,0,0,0,0.0,1,1.0,0,-1.20217489477962,2,High Poverty (Poorest)
99017,0,1,1,0.0,1,0.0,0,-0.44817203415186024,1,Medium Poverty
99017,0,0,2,0.0,1,0.0,0,-0.6995063210277802,2,High Poverty (Poorest)
99019,0,1,3,0.0,1,1.0,1,2.567839408359179,0,Low Poverty (Wealthy)
99019,0,1,0,0.0,1,0.0,1,-0.6995063210277802,2,High Poverty (Poorest)
99019,0,1,1,0.0,1,0.0,0,-0.44817203415186024,1,Medium Poverty
99020,0,0,1,0.0,1,1.0,1,0.05449653959997964,1,Medium Poverty
99020,0,0,1,0.0,1,0.0,1,-0.9508406079037002,2,High Poverty (Poorest)
99020,0,0,0,0.0,1,0.0,1,-1.70484346853146,2,High Poverty (Poorest)
99021,0,0,1,0.0,1,1.0,1,0.05449653959997964,1,Medium Poverty
99021,0,1,2,0.0,1,0.0,1,0.8084994002277395,0,Low Poverty (Wealthy)
99021,0,1,2,0.0,1,0.0,0,0.3058308264758996,0,Low Poverty (Wealthy)
99023,0,1,1,0.0,1,1.0,0,0.5571651133518195,0,Low Poverty (Wealthy)
99023,0,1,1,0.0,1,0.0,0,-0.44817203415186024,1,Medium Poverty
99023,0,1,1,0.0,1,0.0,1,0.05449653959997964,1,Medium Poverty
99026,0,1,1,0.0,1,0.0,1,0.05449653959997964,1,Medium Poverty
99026,0,0,2,0.0,1,0.0,0,-0.6995063210277802,2,High Poverty (Poorest)
99027,0,1,3,0.0,1,0.0,0,1.0598336871036593,0,Low Poverty (Wealthy)
99027,0,1,1,0.0,1,0.0,0,-0.44817203415186024,1,Medium Poverty
99029,0,1,1,0.0,1,0.0,1,0.05449653959997964,1,Medium Poverty
99029,0,0,2,0.0,1,0.0,0,-0.6995063210277802,2,High Poverty (Poorest)
99030,0,1,1,0.0,1,0.0,1,0.05449653959997964,1,Medium Poverty
99030,0,1,2,0.0,1,0.0,0,0.3058308264758996,0,Low Poverty (Wealthy)
99031,0,1,1,0.0,1,0.0,1,0.05449653959997964,1,Medium Poverty
99031,0,1,2,0.0,1,0.0,0,0.3058308264758996,0,Low Poverty (Wealthy)
99032,0,1,1,0.0,1,0.0,1,0.05449653959997964,1,Medium Poverty
99032,0,1,2,0.0,1,0.0,0,0.3058308264758996,0,Low Poverty (Wealthy)
99033,0,0,2,0.0,1,0.0,1,-0.1968377472759403,1,Medium Poverty
99033,0,1,1,0.0,1,0.0,1,0.05449653959997964,1,Medium Poverty
99034,0,0,2,0.0,1,0.0,1,-0.1968377472759403,1,Medium Poverty
99034,0,1,2,0.0,1,0.0,1,0.8084994002277395,0,Low Poverty (Wealthy)
99035,0,1,1,0.0,1,0.0,0,-0.44817203415186024,1,Medium Poverty
99035,0,0,0,0.0,1,0.0,0,-2.2075120422833,2,High Poverty (Poorest)
99036,0,1,0,0.0,1,0.0,1,-0.6995063210277802,2,High Poverty (Poorest)
99036,0,0,1,0.0,1,0.0,1,-0.9508406079037002,2,High Poverty (Poorest)
99037,0,1,1,0.0,1,0.0,1,0.05449653959997964,1,Medium Poverty
99037,0,1,2,0.0,1,0.0,1,0.8084994002277395,0,Low Poverty (Wealthy)
99038,0,1,0,0.0,1,0.0,1,-0.6995063210277802,2,High Poverty (Poorest)
99038,0,0,3,0.0,1,0.0,1,0.5571651133518195,0,Low Poverty (Wealthy)
99040,0,1,1,0.0,1,0.0,0,-0.44817203415186024,1,Medium Poverty
99040,0,1,1,0.0,1,0.0,1,0.05449653959997964,1,Medium Poverty
99041,0,0,1,0.0,1,0.0,0,-1.45350918165554,2,High Poverty (Poorest)
99041,0,1,1,0.0,1,0.0,1,0.05449653959997964,1,Medium Poverty
99043,0,0,1,0.0,1,0.0,0,-1.45350918165554,2,High Poverty (Poorest)
99043,0,1,1,0.0,1,0.0,0,-0.44817203415186024,1,Medium Poverty
99044,0,0,0,0.0,1,0.0,1,-1.70484346853146,2,High Poverty (Poorest)
99044,0,1,2,0.0,1,0.0,1,0.8084994002277395,0,Low Poverty (Wealthy)
99045,0,1,2,0.0,1,0.0,0,0.3058308264758996,0,Low Poverty (Wealthy)
99045,0,0,1,0.0,1,0.0,0,-1.45350918165554,2,High Poverty (Poorest)
99046,0,0,2,0.0,1,0.0,1,-0.1968377472759403,1,Medium Poverty
99046,0,0,2,0.0,1,0.0,1,-0.1968377472759403,1,Medium Poverty
99048,0,1,0,0.0,1,0.0,1,-0.6995063210277802,2,High Poverty (Poorest)
99048,0,0,3,0.0,1,0.0,1,0.5571651133518195,0,Low Poverty (Wealthy)
99051,0,1,2,0.0,1,0.0,0,0.3058308264758996,0,Low Poverty (Wealthy)
99051,0,0,1,0.0,1,0.0,1,-0.9508406079037002,2,High Poverty (Poorest)
99052,0,0,0,0.0,1,0.0,1,-1.70484346853146,2,High Poverty (Poorest)
99052,0,1,0,0.0,1,0.0,1,-0.6995063210277802,2,High Poverty (Poorest)
99053,0,0,0,0.0,1,0.0,0,-2.2075120422833,2,High Poverty (Poorest)
99053,0,1,2,0.0,1,0.0,1,0.8084994002277395,0,Low Poverty (Wealthy)
99054,0,1,1,0.0,1,0.0,1,0.05449653959997964,1,Medium Poverty
99054,0,1,2,0.0,1,0.0,1,0.8084994002277395,0,Low Poverty (Wealthy)
99055,0,1,2,0.0,1,0.0,1,0.8084994002277395,0,Low Poverty (Wealthy)
99055,0,1,2,0.0,1,0.0,1,0.8084994002277395,0,Low Poverty (Wealthy)
99056,0,0,2,0.0,1,0.0,1,-0.1968377472759403,1,Medium Poverty
99056,0,0,0,0.0,1,0.0,0,-2.2075120422833,2,High Poverty (Poorest)
99058,0,0,1,0.0,1,0.0,1,-0.9508406079037002,2,High Poverty (Poorest)
99058,0,1,2,0.0,1,0.0,1,0.8084994002277395,0,Low Poverty (Wealthy)
99059,0,0,0,0.0,1,0.0,1,-1.70484346853146,2,High Poverty (Poorest)
99059,0,1,0,0.0,1,0.0,0,-1.20217489477962,2,High Poverty (Poorest)
99061,0,1,3,0.0,1,1.0,1,2.567839408359179,0,Low Poverty (Wealthy)
99061,0,1,2,0.0,1,0.0,0,0.3058308264758996,0,Low Poverty (Wealthy)
99062,0,1,1,0.0,1,1.0,0,0.5571651133518195,0,Low Poverty (Wealthy)
99062,0,0,2,0.0,1,0.0,1,-0.1968377472759403,1,Medium Poverty
99064,0,1,2,0.0,1,1.0,1,1.8138365477314193,0,Low Poverty (Wealthy)
99064,0,1,1,0.0,1,0.0,0,-0.44817203415186024,1,Medium Poverty
99065,0,0,0,0.0,1,1.0,1,-0.6995063210277802,2,High Poverty (Poorest)
99065,0,0,3,0.0,1,0.0,1,0.5571651133518195,0,Low Poverty (Wealthy)
99066,0,1,1,0.0,1,1.0,1,1.0598336871036593,0,Low Poverty (Wealthy)
99066,0,1,0,0.0,1,0.0,0,-1.20217489477962,2,High Poverty (Poorest)
99068,0,1,1,0.0,1,1.0,1,1.0598336871036593,0,Low Poverty (Wealthy)
99068,0,1,2,0.0,1,0.0,1,0.8084994002277395,0,Low Poverty (Wealthy)
99070,0,1,1,0.0,1,1.0,0,0.5571651133518195,0,Low Poverty (Wealthy)
99070,0,1,1,0.0,1,0.0,1,0.05449653959997964,1,Medium Poverty
99071,0,1,1,0.0,1,1.0,1,1.0598336871036593,0,Low Poverty (Wealthy)
99071,0,0,3,0.0,1,0.0,0,0.05449653959997964,1,Medium Poverty
99072,0,1,0,0.0,1,1.0,1,0.3058308264758996,0,Low Poverty (Wealthy)
99072,0,1,2,0.0,1,0.0,1,0.8084994002277395,0,Low Poverty (Wealthy)
99074,0,1,3,0.0,1,1.0,1,2.567839408359179,0,Low Poverty (Wealthy)
99075,0,1,0,0.0,1,1.0,1,0.3058308264758996,0,Low Poverty (Wealthy)
99076,0,1,3,0.0,1,1.0,0,2.0651708346073394,0,Low Poverty (Wealthy)
99077,0,1,3,0.0,1,1.0,1,2.567839408359179,0,Low Poverty (Wealthy)
99079,0,1,3,0.0,1,1.0,0,2.0651708346073394,0,Low Poverty (Wealthy)
99080,0,1,1,0.0,1,1.0,1,1.0598336871036593,0,Low Poverty (Wealthy)
99081,0,1,2,0.0,1,1.0,0,1.3111679739795794,0,Low Poverty (Wealthy)
99082,0,0,2,0.0,1,1.0,0,0.3058308264758996,0,Low Poverty (Wealthy)
99083,0,1,3,0.0,1,1.0,1,2.567839408359179,0,Low Poverty (Wealthy)
99088,0,0,0,0.0,1,1.0,0,-1.20217489477962,2,High Poverty (Poorest)
99088,0,1,2,0.0,1,0.0,1,0.8084994002277395,0,Low Poverty (Wealthy)
99088,0,1,1,0.0,1,0.0,1,0.05449653959997964,1,Medium Poverty
99094,0,1,0,0.0,1,0.0,1,-0.6995063210277802,2,High Poverty (Poorest)
99094,0,1,1,0.0,1,0.0,1,0.05449653959997964,1,Medium Poverty
99096,0,1,2,0.0,1,1.0,0,1.3111679739795794,0,Low Poverty (Wealthy)
99096,0,1,1,0.0,1,0.0,0,-0.44817203415186024,1,Medium Poverty
99098,0,1,1,0.0,1,1.0,1,1.0598336871036593,0,Low Poverty (Wealthy)
100031,0,1,3,0.0,1,0.0,1,1.5625022608554993,0,Low Poverty (Wealthy)
100032,0,0,1,0.0,1,0.0,1,-0.9508406079037002,2,High Poverty (Poorest)
100034,0,0,2,0.0,1,0.0,0,-0.6995063210277802,2,High Poverty (Poorest)
100035,0,1,1,0.0,1,0.0,0,-0.44817203415186024,1,Medium Poverty
100036,0,1,1,0.0,1,0.0,0,-0.44817203415186024,1,Medium Poverty
100037,0,0,2,0.0,1,0.0,0,-0.6995063210277802,2,High Poverty (Poorest)
100038,0,0,3,0.0,1,0.0,0,0.05449653959997964,1,Medium Poverty
100039,0,0,1,0.0,1,0.0,1,-0.9508406079037002,2,High Poverty (Poorest)
100040,0,1,2,0.0,1,0.0,0,0.3058308264758996,0,Low Poverty (Wealthy)
100111,0,0,0,0.0,1,1.0,1,-0.6995063210277802,2,High Poverty (Poorest)
100111,0,1,1,0.0,1,0.0,1,0.05449653959997964,1,Medium Poverty
100111,0,0,1,0.0,1,0.0,0,-1.45350918165554,2,High Poverty (Poorest)
100113,0,1,0,0.0,1,1.0,1,0.3058308264758996,0,Low Poverty (Wealthy)
100113,0,0,1,0.0,1,0.0,1,-0.9508406079037002,2,High Poverty (Poorest)
100113,0,0,1,0.0,1,0.0,1,-0.9508406079037002,2,High Poverty (Poorest)
100115,0,1,0,0.0,1,1.0,1,0.3058308264758996,0,Low Poverty (Wealthy)
100115,0,0,1,0.0,1,0.0,0,-1.45350918165554,2,High Poverty (Poorest)
100115,0,0,1,0.0,1,0.0,1,-0.9508406079037002,2,High Poverty (Poorest)
100117,0,0,2,0.0,1,1.0,1,0.8084994002277395,0,Low Poverty (Wealthy)
100117,0,0,3,0.0,1,0.0,1,0.5571651133518195,0,Low Poverty (Wealthy)
100117,0,0,2,0.0,1,0.0,1,-0.1968377472759403,1,Medium Poverty
100118,0,0,1,0.0,1,1.0,1,0.05449653959997964,1,Medium Poverty
100118,0,1,3,0.0,1,0.0,1,1.5625022608554993,0,Low Poverty (Wealthy)
100118,0,1,2,0.0,1,0.0,1,0.8084994002277395,0,Low Poverty (Wealthy)
100119,0,1,1,0.0,1,0.0,1,0.05449653959997964,1,Medium Poverty
100120,0,0,0,0.0,1,1.0,1,-0.6995063210277802,2,High Poverty (Poorest)
100120,0,1,2,0.0,1,0.0,0,0.3058308264758996,0,Low Poverty (Wealthy)
100120,0,1,2,0.0,1,0.0,0,0.3058308264758996,0,Low Poverty (Wealthy)
100131,0,0,2,0.0,1,0.0,1,-0.1968377472759403,1,Medium Poverty
100132,0,1,2,0.0,1,0.0,0,0.3058308264758996,0,Low Poverty (Wealthy)
100133,0,0,2,0.0,1,0.0,0,-0.6995063210277802,2,High Poverty (Poorest)
100134,0,0,3,0.0,1,0.0,1,0.5571651133518195,0,Low Poverty (Wealthy)
100135,0,1,1,0.0,1,0.0,0,-0.44817203415186024,1,Medium Poverty
100136,0,1,0,0.0,1,0.0,0,-1.20217489477962,2,High Poverty (Poorest)
100138,0,1,2,0.0,1,0.0,1,0.8084994002277395,0,Low Poverty (Wealthy)
109005,0,1,1,0.0,1,0.0,1,0.05449653959997964,1,Medium Poverty
109005,0,1,2,0.0,1,1.0,1,1.8138365477314193,0,Low Poverty (Wealthy)
109006,0,0,3,0.0,1,0.0,1,0.5571651133518195,0,Low Poverty (Wealthy)
109006,0,0,2,0.0,1,1.0,1,0.8084994002277395,0,Low Poverty (Wealthy)
109007,0,1,2,0.0,1,0.0,1,0.8084994002277395,0,Low Poverty (Wealthy)
109007,0,1,1,0.0,1,1.0,1,1.0598336871036593,0,Low Poverty (Wealthy)
109008,0,1,1,0.0,1,0.0,1,0.05449653959997964,1,Medium Poverty
109008,0,1,1,0.0,1,1.0,1,1.0598336871036593,0,Low Poverty (Wealthy)
109009,0,1,2,0.0,1,0.0,1,0.8084994002277395,0,Low Poverty (Wealthy)
109009,0,1,2,0.0,1,1.0,0,1.3111679739795794,0,Low Poverty (Wealthy)
109011,0,0,2,0.0,1,0.0,0,-0.6995063210277802,2,High Poverty (Poorest)
109011,0,1,0,0.0,1,1.0,1,0.3058308264758996,0,Low Poverty (Wealthy)
109012,0,1,1,0.0,1,0.0,0,-0.44817203415186024,1,Medium Poverty
109012,0,1,2,0.0,1,1.0,1,1.8138365477314193,0,Low Poverty (Wealthy)
109013,0,0,1,0.0,1,0.0,1,-0.9508406079037002,2,High Poverty (Poorest)
109014,0,1,1,0.0,1,0.0,1,0.05449653959997964,1,Medium Poverty
109016,0,0,2,0.0,1,0.0,0,-0.6995063210277802,2,High Poverty (Poorest)
109017,0,0,2,0.0,1,0.0,1,-0.1968377472759403,1,Medium Poverty
109018,0,0,1,0.0,1,0.0,0,-1.45350918165554,2,High Poverty (Poorest)
109019,0,1,3,0.0,1,0.0,1,1.5625022608554993,0,Low Poverty (Wealthy)
109020,0,1,0,0.0,1,0.0,1,-0.6995063210277802,2,High Poverty (Poorest)
109021,0,0,3,0.0,1,0.0,0,0.05449653959997964,1,Medium Poverty
109022,0,1,0,0.0,1,0.0,1,-0.6995063210277802,2,High Poverty (Poorest)
109023,0,1,0,0.0,1,0.0,0,-1.20217489477962,2,High Poverty (Poorest)
109025,0,1,3,0.0,1,0.0,1,1.5625022608554993,0,Low Poverty (Wealthy)
109026,0,0,1,0.0,1,0.0,0,-1.45350918165554,2,High Poverty (Poorest)
109028,0,1,2,0.0,1,0.0,0,0.3058308264758996,0,Low Poverty (Wealthy)
109029,0,1,2,0.0,1,0.0,0,0.3058308264758996,0,Low Poverty (Wealthy)
109031,0,0,3,0.0,1,0.0,0,0.05449653959997964,1,Medium Poverty
109032,0,0,3,0.0,1,0.0,1,0.5571651133518195,0,Low Poverty (Wealthy)
109033,0,1,1,0.0,1,0.0,1,0.05449653959997964,1,Medium Poverty
109034,0,1,2,0.0,1,0.0,1,0.8084994002277395,0,Low Poverty (Wealthy)
109035,0,1,0,0.0,1,0.0,0,-1.20217489477962,2,High Poverty (Poorest)
109037,0,1,1,0.0,1,0.0,1,0.05449653959997964,1,Medium Poverty
109037,0,1,2,0.0,1,0.0,1,0.8084994002277395,0,Low Poverty (Wealthy)
109038,0,1,1,0.0,1,0.0,1,0.05449653959997964,1,Medium Poverty
109038,0,0,2,0.0,1,0.0,1,-0.1968377472759403,1,Medium Poverty
109040,0,1,1,0.0,1,0.0,1,0.05449653959997964,1,Medium Poverty
109040,0,1,2,0.0,1,0.0,0,0.3058308264758996,0,Low Poverty (Wealthy)
109041,0,1,3,0.0,1,0.0,1,1.5625022608554993,0,Low Poverty (Wealthy)
109041,0,1,0,0.0,1,0.0,1,-0.6995063210277802,2,High Poverty (Poorest)
109042,0,1,2,0.0,1,0.0,1,0.8084994002277395,0,Low Poverty (Wealthy)
109042,0,0,3,0.0,1,0.0,0,0.05449653959997964,1,Medium Poverty
109043,0,1,1,0.0,1,0.0,0,-0.44817203415186024,1,Medium Poverty
109043,0,0,0,0.0,1,0.0,0,-2.2075120422833,2,High Poverty (Poorest)
109046,0,1,2,0.0,1,0.0,0,0.3058308264758996,0,Low Poverty (Wealthy)
109046,0,0,1,0.0,1,0.0,0,-1.45350918165554,2,High Poverty (Poorest)
109047,0,0,0,0.0,1,0.0,1,-1.70484346853146,2,High Poverty (Poorest)
109047,0,1,2,0.0,1,0.0,1,0.8084994002277395,0,Low Poverty (Wealthy)
109048,0,0,1,0.0,1,0.0,1,-0.9508406079037002,2,High Poverty (Poorest)
109048,0,1,3,0.0,1,1.0,0,2.0651708346073394,0,Low Poverty (Wealthy)
109049,0,1,2,0.0,1,0.0,1,0.8084994002277395,0,Low Poverty (Wealthy)
109049,0,0,2,0.0,1,1.0,0,0.3058308264758996,0,Low Poverty (Wealthy)
109052,0,0,0,0.0,1,0.0,1,-1.70484346853146,2,High Poverty (Poorest)
109052,0,1,1,0.0,1,1.0,1,1.0598336871036593,0,Low Poverty (Wealthy)
109053,0,0,0,0.0,1,0.0,1,-1.70484346853146,2,High Poverty (Poorest)
109053,0,1,3,0.0,1,1.0,1,2.567839408359179,0,Low Poverty (Wealthy)
109054,0,1,0,0.0,1,0.0,1,-0.6995063210277802,2,High Poverty (Poorest)
109055,0,1,1,0.0,1,0.0,0,-0.44817203415186024,1,Medium Poverty
109055,0,1,1,0.0,1,1.0,0,0.5571651133518195,0,Low Poverty (Wealthy)
109056,0,1,1,0.0,1,0.0,0,-0.44817203415186024,1,Medium Poverty
109056,0,1,1,0.0,1,1.0,0,0.5571651133518195,0,Low Poverty (Wealthy)
109057,0,0,2,0.0,1,0.0,1,-0.1968377472759403,1,Medium Poverty
109057,0,0,0,0.0,1,1.0,0,-1.20217489477962,2,High Poverty (Poorest)
109058,0,1,0,0.0,1,0.0,1,-0.6995063210277802,2,High Poverty (Poorest)
109058,0,1,1,0.0,1,1.0,0,0.5571651133518195,0,Low Poverty (Wealthy)
109059,0,1,2,0.0,1,0.0,1,0.8084994002277395,0,Low Poverty (Wealthy)
109060,0,1,2,0.0,1,0.0,1,0.8084994002277395,0,Low Poverty (Wealthy)
109061,0,1,1,0.0,1,0.0,0,-0.44817203415186024,1,Medium Poverty
109062,0,1,2,0.0,1,0.0,1,0.8084994002277395,0,Low Poverty (Wealthy)
109064,0,1,1,0.0,1,0.0,1,0.05449653959997964,1,Medium Poverty
109065,0,0,3,0.0,1,0.0,0,0.05449653959997964,1,Medium Poverty
109066,0,1,0,0.0,1,0.0,1,-0.6995063210277802,2,High Poverty (Poorest)
109067,0,1,2,0.0,1,0.0,0,0.3058308264758996,0,Low Poverty (Wealthy)
109068,0,1,3,0.0,1,0.0,1,1.5625022608554993,0,Low Poverty (Wealthy)
109069,0,1,2,0.0,1,0.0,1,0.8084994002277395,0,Low Poverty (Wealthy)
109071,0,1,0,0.0,1,0.0,1,-0.6995063210277802,2,High Poverty (Poorest)
109074,0,1,1,0.0,1,0.0,1,0.05449653959997964,1,Medium Poverty
109074,0,0,2,0.0,1,0.0,0,-0.6995063210277802,2,High Poverty (Poorest)
109076,0,1,0,0.0,1,0.0,1,-0.6995063210277802,2,High Poverty (Poorest)
109076,0,0,2,0.0,1,0.0,1,-0.1968377472759403,1,Medium Poverty
109077,0,1,2,0.0,1,0.0,1,0.8084994002277395,0,Low Poverty (Wealthy)
109078,0,0,2,0.0,1,0.0,1,-0.1968377472759403,1,Medium Poverty
109078,0,0,0,0.0,1,0.0,1,-1.70484346853146,2,High Poverty (Poorest)
109080,0,0,2,0.0,1,0.0,1,-0.1968377472759403,1,Medium Poverty
109080,0,1,2,0.0,1,0.0,0,0.3058308264758996,0,Low Poverty (Wealthy)
109081,0,1,2,0.0,1,0.0,1,0.8084994002277395,0,Low Poverty (Wealthy)
109082,0,0,0,0.0,1,0.0,0,-2.2075120422833,2,High Poverty (Poorest)
109082,0,0,0,0.0,1,0.0,1,-1.70484346853146,2,High Poverty (Poorest)
109083,0,1,1,0.0,1,0.0,1,0.05449653959997964,1,Medium Poverty
109083,0,0,0,0.0,1,0.0,1,-1.70484346853146,2,High Poverty (Poorest)
109085,0,1,2,0.0,1,1.0,0,1.3111679739795794,0,Low Poverty (Wealthy)
109087,0,1,3,0.0,1,1.0,1,2.567839408359179,0,Low Poverty (Wealthy)
109088,0,1,1,0.0,1,1.0,1,1.0598336871036593,0,Low Poverty (Wealthy)
109089,0,0,2,0.0,1,0.0,1,-0.1968377472759403,1,Medium Poverty
109091,0,1,0,0.0,1,1.0,0,-0.1968377472759403,1,Medium Poverty
109092,0,1,0,0.0,1,1.0,1,0.3058308264758996,0,Low Poverty (Wealthy)
109093,0,1,0,0.0,1,1.0,0,-0.1968377472759403,1,Medium Poverty
109095,0,0,1,0.0,1,1.0,1,0.05449653959997964,1,Medium Poverty
109099,0,1,3,0.0,1,0.0,0,1.0598336871036593,0,Low Poverty (Wealthy)
109100,0,0,0,0.0,1,0.0,0,-2.2075120422833,2,High Poverty (Poorest)
109101,0,1,2,0.0,1,0.0,0,0.3058308264758996,0,Low Poverty (Wealthy)
109103,0,1,1,0.0,1,0.0,0,-0.44817203415186024,1,Medium Poverty
109104,0,1,3,0.0,1,0.0,0,1.0598336871036593,0,Low Poverty (Wealthy)
109106,0,0,0,0.0,1,0.0,1,-1.70484346853146,2,High Poverty (Poorest)
109107,0,0,1,0.0,1,0.0,1,-0.9508406079037002,2,High Poverty (Poorest)
109110,0,1,0,0.0,1,0.0,0,-1.20217489477962,2,High Poverty (Poorest)
109112,0,0,1,0.0,1,0.0,1,-0.9508406079037002,2,High Poverty (Poorest)
109114,0,0,1,0.0,1,0.0,1,-0.9508406079037002,2,High Poverty (Poorest)
109115,0,1,3,0.0,1,0.0,1,1.5625022608554993,0,Low Poverty (Wealthy)
109117,0,1,2,0.0,1,0.0,0,0.3058308264758996,0,Low Poverty (Wealthy)
109118,0,0,2,0.0,1,0.0,0,-0.6995063210277802,2,High Poverty (Poorest)
109119,0,1,1,0.0,1,0.0,1,0.05449653959997964,1,Medium Poverty
109121,0,0,0,0.0,1,0.0,0,-2.2075120422833,2,High Poverty (Poorest)
109121,0,1,1,0.0,1,0.0,0,-0.44817203415186024,1,Medium Poverty
109122,0,0,3,0.0,1,0.0,0,0.05449653959997964,1,Medium Poverty
109122,0,1,2,0.0,1,0.0,0,0.3058308264758996,0,Low Poverty (Wealthy)
109123,0,1,3,0.0,1,0.0,1,1.5625022608554993,0,Low Poverty (Wealthy)
109123,0,1,2,0.0,1,0.0,0,0.3058308264758996,0,Low Poverty (Wealthy)
109124,0,1,0,0.0,1,0.0,1,-0.6995063210277802,2,High Poverty (Poorest)
109124,0,0,1,0.0,1,0.0,1,-0.9508406079037002,2,High Poverty (Poorest)
109126,0,1,0,0.0,1,0.0,1,-0.6995063210277802,2,High Poverty (Poorest)
109126,0,1,1,0.0,1,0.0,0,-0.44817203415186024,1,Medium Poverty
109127,0,1,0,0.0,1,0.0,0,-1.20217489477962,2,High Poverty (Poorest)
109127,0,0,1,0.0,1,0.0,1,-0.9508406079037002,2,High Poverty (Poorest)
109128,0,1,2,0.0,1,0.0,1,0.8084994002277395,0,Low Poverty (Wealthy)
109128,0,0,3,0.0,1,0.0,1,0.5571651133518195,0,Low Poverty (Wealthy)
109129,0,1,2,0.0,1,0.0,1,0.8084994002277395,0,Low Poverty (Wealthy)
109129,0,1,3,0.0,1,0.0,1,1.5625022608554993,0,Low Poverty (Wealthy)
109131,0,1,0,0.0,1,0.0,1,-0.6995063210277802,2,High Poverty (Poorest)
109132,0,1,0,0.0,1,0.0,1,-0.6995063210277802,2,High Poverty (Poorest)
109132,0,1,2,0.0,1,0.0,1,0.8084994002277395,0,Low Poverty (Wealthy)
109133,0,0,1,0.0,1,0.0,0,-1.45350918165554,2,High Poverty (Poorest)
109133,0,0,1,0.0,1,0.0,0,-1.45350918165554,2,High Poverty (Poorest)
109134,0,0,1,0.0,1,0.0,0,-1.45350918165554,2,High Poverty (Poorest)
109135,0,0,1,0.0,1,0.0,0,-1.45350918165554,2,High Poverty (Poorest)
109135,0,0,1,0.0,1,0.0,1,-0.9508406079037002,2,High Poverty (Poorest)
109136,0,0,1,0.0,1,0.0,0,-1.45350918165554,2,High Poverty (Poorest)
109136,0,1,1,0.0,1,0.0,1,0.05449653959997964,1,Medium Poverty
109137,0,1,2,0.0,1,0.0,1,0.8084994002277395,0,Low Poverty (Wealthy)
109137,0,0,1,0.0,1,0.0,0,-1.45350918165554,2,High Poverty (Poorest)
109139,0,1,1,0.0,1,0.0,1,0.05449653959997964,1,Medium Poverty
109139,0,0,0,0.0,1,0.0,0,-2.2075120422833,2,High Poverty (Poorest)
109141,0,1,1,0.0,1,0.0,0,-0.44817203415186024,1,Medium Poverty
109141,0,1,2,0.0,1,0.0,1,0.8084994002277395,0,Low Poverty (Wealthy)
109142,0,1,2,0.0,1,0.0,1,0.8084994002277395,0,Low Poverty (Wealthy)
109142,0,1,2,0.0,1,0.0,0,0.3058308264758996,0,Low Poverty (Wealthy)
109145,0,1,1,0.0,1,0.0,0,-0.44817203415186024,1,Medium Poverty
109147,0,1,2,0.0,1,0.0,0,0.3058308264758996,0,Low Poverty (Wealthy)
109148,0,1,2,0.0,1,0.0,0,0.3058308264758996,0,Low Poverty (Wealthy)
109149,0,1,1,0.0,1,0.0,0,-0.44817203415186024,1,Medium Poverty
109150,0,1,1,0.0,1,0.0,1,0.05449653959997964,1,Medium Poverty
109151,0,0,1,0.0,1,0.0,0,-1.45350918165554,2,High Poverty (Poorest)
109152,0,1,2,0.0,1,0.0,1,0.8084994002277395,0,Low Poverty (Wealthy)
109153,0,0,2,0.0,1,0.0,1,-0.1968377472759403,1,Medium Poverty
109154,0,1,0,0.0,1,0.0,1,-0.6995063210277802,2,High Poverty (Poorest)
109155,0,1,2,0.0,1,0.0,0,0.3058308264758996,0,Low Poverty (Wealthy)
109156,0,0,0,0.0,1,0.0,1,-1.70484346853146,2,High Poverty (Poorest)
109156,0,1,0,0.0,1,1.0,0,-0.1968377472759403,1,Medium Poverty
109157,0,1,3,0.0,1,0.0,1,1.5625022608554993,0,Low Poverty (Wealthy)
109157,0,1,3,0.0,1,1.0,0,2.0651708346073394,0,Low Poverty (Wealthy)
109166,0,1,0,0.0,1,0.0,1,-0.6995063210277802,2,High Poverty (Poorest)
109169,0,1,1,0.0,1,1.0,0,0.5571651133518195,0,Low Poverty (Wealthy)
109170,0,0,0,0.0,1,0.0,0,-2.2075120422833,2,High Poverty (Poorest)
109171,0,1,1,0.0,1,0.0,0,-0.44817203415186024,1,Medium Poverty
109173,0,0,2,0.0,1,0.0,0,-0.6995063210277802,2,High Poverty (Poorest)
109176,0,1,3,0.0,1,0.0,1,1.5625022608554993,0,Low Poverty (Wealthy)
109176,0,0,2,0.0,1,0.0,1,-0.1968377472759403,1,Medium Poverty
110001,0,1,1,0.0,1,0.0,0,-0.44817203415186024,1,Medium Poverty
110001,0,1,2,0.0,1,0.0,1,0.8084994002277395,0,Low Poverty (Wealthy)
110002,0,0,1,0.0,1,0.0,1,-0.9508406079037002,2,High Poverty (Poorest)
110002,0,1,3,0.0,1,0.0,1,1.5625022608554993,0,Low Poverty (Wealthy)
110003,0,1,3,0.0,1,0.0,0,1.0598336871036593,0,Low Poverty (Wealthy)
110003,0,1,2,0.0,1,0.0,1,0.8084994002277395,0,Low Poverty (Wealthy)
110004,0,1,1,0.0,1,0.0,0,-0.44817203415186024,1,Medium Poverty
110004,0,1,1,0.0,1,0.0,1,0.05449653959997964,1,Medium Poverty
110005,0,1,0,0.0,1,0.0,1,-0.6995063210277802,2,High Poverty (Poorest)
110005,0,0,2,0.0,1,0.0,1,-0.1968377472759403,1,Medium Poverty
110006,0,0,1,0.0,1,0.0,1,-0.9508406079037002,2,High Poverty (Poorest)
110006,0,1,1,0.0,1,0.0,1,0.05449653959997964,1,Medium Poverty
110007,0,1,1,0.0,1,0.0,0,-0.44817203415186024,1,Medium Poverty
110007,0,1,2,0.0,1,0.0,1,0.8084994002277395,0,Low Poverty (Wealthy)
110008,0,1,0,0.0,1,0.0,0,-1.20217489477962,2,High Poverty (Poorest)
110008,0,1,3,0.0,1,0.0,0,1.0598336871036593,0,Low Poverty (Wealthy)
110009,0,1,3,0.0,1,0.0,1,1.5625022608554993,0,Low Poverty (Wealthy)
110009,0,1,3,0.0,1,0.0,1,1.5625022608554993,0,Low Poverty (Wealthy)
110010,0,1,1,0.0,1,0.0,1,0.05449653959997964,1,Medium Poverty
110010,0,1,1,0.0,1,0.0,1,0.05449653959997964,1,Medium Poverty
110021,0,1,1,0.0,1,1.0,1,1.0598336871036593,0,Low Poverty (Wealthy)
110021,0,1,1,0.0,1,0.0,0,-0.44817203415186024,1,Medium Poverty
110021,0,1,0,0.0,1,0.0,0,-1.20217489477962,2,High Poverty (Poorest)
110022,0,0,2,0.0,1,1.0,1,0.8084994002277395,0,Low Poverty (Wealthy)
110022,0,0,1,0.0,1,0.0,0,-1.45350918165554,2,High Poverty (Poorest)
110022,0,1,3,0.0,1,0.0,1,1.5625022608554993,0,Low Poverty (Wealthy)
110023,0,1,0,0.0,1,1.0,1,0.3058308264758996,0,Low Poverty (Wealthy)
110023,0,1,2,0.0,1,0.0,1,0.8084994002277395,0,Low Poverty (Wealthy)
110023,0,1,2,0.0,1,0.0,1,0.8084994002277395,0,Low Poverty (Wealthy)
110024,0,0,2,0.0,1,1.0,0,0.3058308264758996,0,Low Poverty (Wealthy)
110024,0,1,3,0.0,1,0.0,1,1.5625022608554993,0,Low Poverty (Wealthy)
110024,0,1,2,0.0,1,0.0,0,0.3058308264758996,0,Low Poverty (Wealthy)
110025,0,1,3,0.0,1,1.0,1,2.567839408359179,0,Low Poverty (Wealthy)
110025,0,1,1,0.0,1,0.0,0,-0.44817203415186024,1,Medium Poverty
110025,0,1,1,0.0,1,0.0,1,0.05449653959997964,1,Medium Poverty
110026,0,0,0,0.0,1,1.0,1,-0.6995063210277802,2,High Poverty (Poorest)
110026,0,1,0,0.0,1,0.0,1,-0.6995063210277802,2,High Poverty (Poorest)
110026,0,1,1,0.0,1,0.0,1,0.05449653959997964,1,Medium Poverty
110027,0,1,0,0.0,1,1.0,1,0.3058308264758996,0,Low Poverty (Wealthy)
110027,0,1,1,0.0,1,0.0,1,0.05449653959997964,1,Medium Poverty
110027,0,0,0,0.0,1,0.0,1,-1.70484346853146,2,High Poverty (Poorest)
110028,0,0,0,0.0,1,1.0,1,-0.6995063210277802,2,High Poverty (Poorest)
110028,0,1,3,0.0,1,0.0,1,1.5625022608554993,0,Low Poverty (Wealthy)
110028,0,1,0,0.0,1,0.0,1,-0.6995063210277802,2,High Poverty (Poorest)
110029,0,0,2,0.0,1,1.0,1,0.8084994002277395,0,Low Poverty (Wealthy)
110029,0,0,0,0.0,1,0.0,0,-2.2075120422833,2,High Poverty (Poorest)
110029,0,1,3,0.0,1,0.0,1,1.5625022608554993,0,Low Poverty (Wealthy)
110030,0,0,3,0.0,1,1.0,1,1.5625022608554993,0,Low Poverty (Wealthy)
110030,0,1,2,0.0,1,0.0,1,0.8084994002277395,0,Low Poverty (Wealthy)
110030,0,1,2,0.0,1,0.0,1,0.8084994002277395,0,Low Poverty (Wealthy)
110081,0,1,0,0.0,1,0.0,1,-0.6995063210277802,2,High Poverty (Poorest)
110082,0,0,3,0.0,1,0.0,1,0.5571651133518195,0,Low Poverty (Wealthy)
110083,0,0,3,0.0,1,0.0,0,0.05449653959997964,1,Medium Poverty
110084,0,1,3,0.0,1,0.0,1,1.5625022608554993,0,Low Poverty (Wealthy)
110085,0,1,2,0.0,1,0.0,1,0.8084994002277395,0,Low Poverty (Wealthy)
110086,0,1,1,0.0,1,0.0,1,0.05449653959997964,1,Medium Poverty
110087,0,0,3,0.0,1,0.0,1,0.5571651133518195,0,Low Poverty (Wealthy)
110088,0,1,1,0.0,1,0.0,0,-0.44817203415186024,1,Medium Poverty
110089,0,1,2,0.0,1,0.0,1,0.8084994002277395,0,Low Poverty (Wealthy)
110090,0,1,0,0.0,1,0.0,1,-0.6995063210277802,2,High Poverty (Poorest)
110111,0,1,3,0.0,1,0.0,0,1.0598336871036593,0,Low Poverty (Wealthy)
110111,0,1,0,0.0,1,0.0,1,-0.6995063210277802,2,High Poverty (Poorest)
110112,0,1,1,0.0,1,0.0,1,0.05449653959997964,1,Medium Poverty
110112,0,0,2,0.0,1,0.0,1,-0.1968377472759403,1,Medium Poverty
110113,0,1,2,0.0,1,0.0,1,0.8084994002277395,0,Low Poverty (Wealthy)
110113,0,0,2,0.0,1,0.0,1,-0.1968377472759403,1,Medium Poverty
110114,0,1,1,0.0,1,0.0,1,0.05449653959997964,1,Medium Poverty
110114,0,1,0,0.0,1,0.0,1,-0.6995063210277802,2,High Poverty (Poorest)
110115,0,0,2,0.0,1,0.0,1,-0.1968377472759403,1,Medium Poverty
110115,0,0,3,0.0,1,0.0,1,0.5571651133518195,0,Low Poverty (Wealthy)
110116,0,0,2,0.0,1,0.0,1,-0.1968377472759403,1,Medium Poverty
110116,0,1,1,0.0,1,0.0,1,0.05449653959997964,1,Medium Poverty
110117,0,1,3,0.0,1,0.0,0,1.0598336871036593,0,Low Poverty (Wealthy)
110117,0,0,1,0.0,1,0.0,0,-1.45350918165554,2,High Poverty (Poorest)
110118,0,1,1,0.0,1,0.0,1,0.05449653959997964,1,Medium Poverty
110118,0,1,1,0.0,1,0.0,1,0.05449653959997964,1,Medium Poverty
110119,0,0,1,0.0,1,0.0,0,-1.45350918165554,2,High Poverty (Poorest)
110119,0,0,2,0.0,1,0.0,0,-0.6995063210277802,2,High Poverty (Poorest)
110120,0,1,1,0.0,1,0.0,0,-0.44817203415186024,1,Medium Poverty
110120,0,1,1,0.0,1,0.0,1,0.05449653959997964,1,Medium Poverty
110121,0,1,1,0.0,1,1.0,1,1.0598336871036593,0,Low Poverty (Wealthy)
110122,0,0,0,0.0,1,1.0,1,-0.6995063210277802,2,High Poverty (Poorest)
110123,0,0,2,0.0,1,1.0,1,0.8084994002277395,0,Low Poverty (Wealthy)
110124,0,1,1,0.0,1,1.0,1,1.0598336871036593,0,Low Poverty (Wealthy)
110125,0,0,0,0.0,1,1.0,0,-1.20217489477962,2,High Poverty (Poorest)
110126,0,0,2,0.0,1,1.0,1,0.8084994002277395,0,Low Poverty (Wealthy)
110127,0,0,2,0.0,1,1.0,1,0.8084994002277395,0,Low Poverty (Wealthy)
110128,0,1,2,0.0,1,1.0,1,1.8138365477314193,0,Low Poverty (Wealthy)
110129,0,1,1,0.0,1,1.0,1,1.0598336871036593,0,Low Poverty (Wealthy)
110130,0,1,3,0.0,1,1.0,1,2.567839408359179,0,Low Poverty (Wealthy)
110131,0,1,3,0.0,1,0.0,1,1.5625022608554993,0,Low Poverty (Wealthy)
110132,0,0,2,0.0,1,0.0,1,-0.1968377472759403,1,Medium Poverty
110133,0,1,2,0.0,1,0.0,1,0.8084994002277395,0,Low Poverty (Wealthy)
110134,0,0,1,0.0,1,0.0,1,-0.9508406079037002,2,High Poverty (Poorest)
110135,0,1,3,0.0,1,0.0,0,1.0598336871036593,0,Low Poverty (Wealthy)
110136,0,1,1,0.0,1,0.0,1,0.05449653959997964,1,Medium Poverty
110137,0,1,1,0.0,1,0.0,1,0.05449653959997964,1,Medium Poverty
110138,0,1,1,0.0,1,0.0,0,-0.44817203415186024,1,Medium Poverty
110139,0,1,0,0.0,1,0.0,0,-1.20217489477962,2,High Poverty (Poorest)
110140,0,0,3,0.0,1,0.0,0,0.05449653959997964,1,Medium Poverty
119001,0,1,2,0.0,1,0.0,1,0.8084994002277395,0,Low Poverty (Wealthy)
119002,0,1,2,0.0,1,0.0,1,0.8084994002277395,0,Low Poverty (Wealthy)
119003,0,1,2,0.0,1,0.0,0,0.3058308264758996,0,Low Poverty (Wealthy)
119005,0,1,1,0.0,1,0.0,0,-0.44817203415186024,1,Medium Poverty
119006,0,1,0,0.0,1,0.0,1,-0.6995063210277802,2,High Poverty (Poorest)
119008,0,0,2,0.0,1,0.0,0,-0.6995063210277802,2,High Poverty (Poorest)
119010,0,1,2,0.0,1,0.0,0,0.3058308264758996,0,Low Poverty (Wealthy)
119011,0,0,1,0.0,1,0.0,1,-0.9508406079037002,2,High Poverty (Poorest)
119012,0,1,2,0.0,1,0.0,1,0.8084994002277395,0,Low Poverty (Wealthy)
119013,0,1,1,0.0,1,1.0,0,0.5571651133518195,0,Low Poverty (Wealthy)
119014,0,1,1,0.0,1,1.0,1,1.0598336871036593,0,Low Poverty (Wealthy)
119015,0,1,0,0.0,1,1.0,0,-0.1968377472759403,1,Medium Poverty
119016,0,1,1,0.0,1,1.0,1,1.0598336871036593,0,Low Poverty (Wealthy)
119017,0,0,2,0.0,1,1.0,0,0.3058308264758996,0,Low Poverty (Wealthy)
119019,0,1,2,0.0,1,1.0,0,1.3111679739795794,0,Low Poverty (Wealthy)
119020,0,0,1,0.0,1,1.0,1,0.05449653959997964,1,Medium Poverty
119021,0,1,2,0.0,1,1.0,1,1.8138365477314193,0,Low Poverty (Wealthy)
119022,0,0,2,0.0,1,1.0,0,0.3058308264758996,0,Low Poverty (Wealthy)
119023,0,0,1,0.0,1,1.0,0,-0.44817203415186024,1,Medium Poverty
119025,0,1,0,0.0,1,0.0,1,-0.6995063210277802,2,High Poverty (Poorest)
119025,0,0,3,0.0,1,0.0,1,0.5571651133518195,0,Low Poverty (Wealthy)
119026,0,1,2,0.0,1,0.0,0,0.3058308264758996,0,Low Poverty (Wealthy)
119026,0,0,3,0.0,1,0.0,1,0.5571651133518195,0,Low Poverty (Wealthy)
119027,0,0,1,0.0,1,0.0,0,-1.45350918165554,2,High Poverty (Poorest)
119027,0,1,2,0.0,1,0.0,1,0.8084994002277395,0,Low Poverty (Wealthy)
119028,0,0,1,0.0,1,0.0,0,-1.45350918165554,2,High Poverty (Poorest)
119028,0,0,1,0.0,1,0.0,0,-1.45350918165554,2,High Poverty (Poorest)
119029,0,1,1,0.0,1,0.0,0,-0.44817203415186024,1,Medium Poverty
119029,0,0,1,0.0,1,0.0,1,-0.9508406079037002,2,High Poverty (Poorest)
119030,0,1,0,0.0,1,0.0,1,-0.6995063210277802,2,High Poverty (Poorest)
119030,0,0,1,0.0,1,0.0,1,-0.9508406079037002,2,High Poverty (Poorest)
119031,0,0,0,0.0,1,0.0,0,-2.2075120422833,2,High Poverty (Poorest)
119031,0,1,2,0.0,1,0.0,0,0.3058308264758996,0,Low Poverty (Wealthy)
119032,0,0,1,0.0,1,0.0,1,-0.9508406079037002,2,High Poverty (Poorest)
119032,0,0,0,0.0,1,0.0,0,-2.2075120422833,2,High Poverty (Poorest)
119033,0,1,0,0.0,1,0.0,1,-0.6995063210277802,2,High Poverty (Poorest)
119033,0,0,0,0.0,1,0.0,0,-2.2075120422833,2,High Poverty (Poorest)
119034,0,1,2,0.0,1,0.0,1,0.8084994002277395,0,Low Poverty (Wealthy)
119034,0,0,0,0.0,1,0.0,1,-1.70484346853146,2,High Poverty (Poorest)
119035,0,1,2,0.0,1,0.0,1,0.8084994002277395,0,Low Poverty (Wealthy)
119036,0,1,0,0.0,1,0.0,0,-1.20217489477962,2,High Poverty (Poorest)
119037,0,1,1,0.0,1,0.0,0,-0.44817203415186024,1,Medium Poverty
119038,0,1,3,0.0,1,0.0,1,1.5625022608554993,0,Low Poverty (Wealthy)
119040,0,1,2,0.0,1,0.0,1,0.8084994002277395,0,Low Poverty (Wealthy)
119041,0,1,0,0.0,1,0.0,1,-0.6995063210277802,2,High Poverty (Poorest)
119043,0,0,2,0.0,1,0.0,1,-0.1968377472759403,1,Medium Poverty
119044,0,1,1,0.0,1,0.0,1,0.05449653959997964,1,Medium Poverty
119045,0,1,2,0.0,1,0.0,1,0.8084994002277395,0,Low Poverty (Wealthy)
119046,0,1,2,0.0,1,0.0,1,0.8084994002277395,0,Low Poverty (Wealthy)
119047,0,1,2,0.0,1,1.0,1,1.8138365477314193,0,Low Poverty (Wealthy)
119048,0,1,3,0.0,1,1.0,1,2.567839408359179,0,Low Poverty (Wealthy)
119049,0,0,1,0.0,1,1.0,1,0.05449653959997964,1,Medium Poverty
119050,0,0,2,0.0,1,1.0,1,0.8084994002277395,0,Low Poverty (Wealthy)
119052,0,1,1,0.0,1,1.0,1,1.0598336871036593,0,Low Poverty (Wealthy)
119053,0,1,0,0.0,1,1.0,1,0.3058308264758996,0,Low Poverty (Wealthy)
119054,0,1,0,0.0,1,1.0,1,0.3058308264758996,0,Low Poverty (Wealthy)
119057,0,1,0,0.0,1,1.0,1,0.3058308264758996,0,Low Poverty (Wealthy)
119058,0,1,2,0.0,1,1.0,0,1.3111679739795794,0,Low Poverty (Wealthy)
120001,0,1,2,0.0,1,0.0,0,0.3058308264758996,0,Low Poverty (Wealthy)
120002,0,0,2,0.0,1,0.0,1,-0.1968377472759403,1,Medium Poverty
120003,0,0,0,0.0,1,0.0,1,-1.70484346853146,2,High Poverty (Poorest)
120004,0,1,1,0.0,1,0.0,0,-0.44817203415186024,1,Medium Poverty
120005,0,1,3,0.0,1,0.0,1,1.5625022608554993,0,Low Poverty (Wealthy)
120006,0,0,1,0.0,1,0.0,0,-1.45350918165554,2,High Poverty (Poorest)
120007,0,1,2,0.0,1,0.0,0,0.3058308264758996,0,Low Poverty (Wealthy)
120010,0,1,2,0.0,1,0.0,1,0.8084994002277395,0,Low Poverty (Wealthy)
120041,0,1,2,0.0,1,0.0,1,0.8084994002277395,0,Low Poverty (Wealthy)
120041,0,1,1,0.0,1,1.0,0,0.5571651133518195,0,Low Poverty (Wealthy)
120042,0,1,3,0.0,1,0.0,1,1.5625022608554993,0,Low Poverty (Wealthy)
120042,0,0,1,0.0,1,1.0,0,-0.44817203415186024,1,Medium Poverty
120043,0,1,3,0.0,1,0.0,1,1.5625022608554993,0,Low Poverty (Wealthy)
120043,0,1,1,0.0,1,1.0,0,0.5571651133518195,0,Low Poverty (Wealthy)
120044,0,0,1,0.0,1,0.0,0,-1.45350918165554,2,High Poverty (Poorest)
120044,0,1,0,0.0,1,1.0,1,0.3058308264758996,0,Low Poverty (Wealthy)
120045,0,1,2,0.0,1,0.0,1,0.8084994002277395,0,Low Poverty (Wealthy)
120045,0,1,1,0.0,1,1.0,0,0.5571651133518195,0,Low Poverty (Wealthy)
120046,0,1,1,0.0,1,0.0,1,0.05449653959997964,1,Medium Poverty
120046,0,0,1,0.0,1,1.0,0,-0.44817203415186024,1,Medium Poverty
120047,0,1,3,0.0,1,0.0,1,1.5625022608554993,0,Low Poverty (Wealthy)
120047,0,1,2,0.0,1,1.0,0,1.3111679739795794,0,Low Poverty (Wealthy)
120048,0,1,2,0.0,1,0.0,1,0.8084994002277395,0,Low Poverty (Wealthy)
120048,0,0,2,0.0,1,1.0,1,0.8084994002277395,0,Low Poverty (Wealthy)
120049,0,1,1,0.0,1,0.0,1,0.05449653959997964,1,Medium Poverty
120049,0,1,1,0.0,1,1.0,1,1.0598336871036593,0,Low Poverty (Wealthy)
120050,0,0,3,0.0,1,0.0,1,0.5571651133518195,0,Low Poverty (Wealthy)
120050,0,0,0,0.0,1,1.0,1,-0.6995063210277802,2,High Poverty (Poorest)
120052,0,1,1,0.0,1,0.0,0,-0.44817203415186024,1,Medium Poverty
120053,0,1,1,0.0,1,0.0,1,0.05449653959997964,1,Medium Poverty
120054,0,0,1,0.0,1,0.0,1,-0.9508406079037002,2,High Poverty (Poorest)
120055,0,1,1,0.0,1,0.0,1,0.05449653959997964,1,Medium Poverty
120056,0,1,1,0.0,1,0.0,1,0.05449653959997964,1,Medium Poverty
120057,0,1,0,0.0,1,0.0,0,-1.20217489477962,2,High Poverty (Poorest)
120058,0,0,1,0.0,1,0.0,1,-0.9508406079037002,2,High Poverty (Poorest)
120059,0,1,1,0.0,1,0.0,1,0.05449653959997964,1,Medium Poverty
120060,0,0,0,0.0,1,0.0,0,-2.2075120422833,2,High Poverty (Poorest)
120091,0,1,0,0.0,1,0.0,1,-0.6995063210277802,2,High Poverty (Poorest)
120092,0,0,2,0.0,1,0.0,1,-0.1968377472759403,1,Medium Poverty
120093,0,0,1,0.0,1,0.0,1,-0.9508406079037002,2,High Poverty (Poorest)
120094,0,1,2,0.0,1,0.0,0,0.3058308264758996,0,Low Poverty (Wealthy)
120096,0,0,2,0.0,1,0.0,1,-0.1968377472759403,1,Medium Poverty
120099,0,1,2,0.0,1,0.0,0,0.3058308264758996,0,Low Poverty (Wealthy)
120100,0,0,1,0.0,1,0.0,1,-0.9508406079037002,2,High Poverty (Poorest)
129001,0,1,1,0.0,1,0.0,1,0.05449653959997964,1,Medium Poverty
129002,0,0,1,0.0,1,0.0,1,-0.9508406079037002,2,High Poverty (Poorest)
129003,0,0,2,0.0,1,0.0,0,-0.6995063210277802,2,High Poverty (Poorest)
129005,0,0,1,0.0,1,0.0,1,-0.9508406079037002,2,High Poverty (Poorest)
129006,0,1,2,0.0,1,0.0,1,0.8084994002277395,0,Low Poverty (Wealthy)
129007,0,1,3,0.0,1,0.0,0,1.0598336871036593,0,Low Poverty (Wealthy)
129009,0,1,0,0.0,1,0.0,1,-0.6995063210277802,2,High Poverty (Poorest)
129010,0,1,0,0.0,1,0.0,1,-0.6995063210277802,2,High Poverty (Poorest)
129011,0,1,2,0.0,1,0.0,1,0.8084994002277395,0,Low Poverty (Wealthy)
129012,0,0,1,0.0,1,0.0,0,-1.45350918165554,2,High Poverty (Poorest)
129014,0,1,0,0.0,1,1.0,0,-0.1968377472759403,1,Medium Poverty
129014,0,1,3,0.0,1,0.0,1,1.5625022608554993,0,Low Poverty (Wealthy)
129014,0,1,1,0.0,1,0.0,0,-0.44817203415186024,1,Medium Poverty
129015,0,1,3,0.0,1,1.0,0,2.0651708346073394,0,Low Poverty (Wealthy)
129015,0,0,2,0.0,1,0.0,1,-0.1968377472759403,1,Medium Poverty
129015,0,1,2,0.0,1,0.0,0,0.3058308264758996,0,Low Poverty (Wealthy)
129016,0,1,1,0.0,1,1.0,1,1.0598336871036593,0,Low Poverty (Wealthy)
129016,0,1,1,0.0,1,0.0,1,0.05449653959997964,1,Medium Poverty
129016,0,1,1,0.0,1,0.0,1,0.05449653959997964,1,Medium Poverty
129017,0,0,0,0.0,1,1.0,1,-0.6995063210277802,2,High Poverty (Poorest)
129017,0,0,1,0.0,1,0.0,0,-1.45350918165554,2,High Poverty (Poorest)
129017,0,1,1,0.0,1,0.0,0,-0.44817203415186024,1,Medium Poverty
129020,0,1,0,0.0,1,1.0,1,0.3058308264758996,0,Low Poverty (Wealthy)
129020,0,0,1,0.0,1,0.0,1,-0.9508406079037002,2,High Poverty (Poorest)
129020,0,0,2,0.0,1,0.0,1,-0.1968377472759403,1,Medium Poverty
129021,0,0,0,0.0,1,1.0,1,-0.6995063210277802,2,High Poverty (Poorest)
129021,0,0,0,0.0,1,0.0,0,-2.2075120422833,2,High Poverty (Poorest)
129021,0,1,2,0.0,1,0.0,1,0.8084994002277395,0,Low Poverty (Wealthy)
129022,0,1,3,0.0,1,1.0,0,2.0651708346073394,0,Low Poverty (Wealthy)
129022,0,0,1,0.0,1,0.0,0,-1.45350918165554,2,High Poverty (Poorest)
129022,0,1,0,0.0,1,0.0,1,-0.6995063210277802,2,High Poverty (Poorest)
129023,0,0,2,0.0,1,1.0,1,0.8084994002277395,0,Low Poverty (Wealthy)
129023,0,0,3,0.0,1,0.0,1,0.5571651133518195,0,Low Poverty (Wealthy)
129023,0,1,2,0.0,1,0.0,0,0.3058308264758996,0,Low Poverty (Wealthy)
129024,0,1,2,0.0,1,1.0,0,1.3111679739795794,0,Low Poverty (Wealthy)
129024,0,1,1,0.0,1,0.0,0,-0.44817203415186024,1,Medium Poverty
129024,0,0,1,0.0,1,0.0,0,-1.45350918165554,2,High Poverty (Poorest)
129025,0,1,0,0.0,1,0.0,0,-1.20217489477962,2,High Poverty (Poorest)
129025,0,1,2,0.0,1,0.0,1,0.8084994002277395,0,Low Poverty (Wealthy)
129025,0,1,2,0.0,1,0.0,1,0.8084994002277395,0,Low Poverty (Wealthy)
129026,0,1,3,0.0,1,0.0,0,1.0598336871036593,0,Low Poverty (Wealthy)
129026,0,1,1,0.0,1,0.0,0,-0.44817203415186024,1,Medium Poverty
129026,0,0,0,0.0,1,0.0,1,-1.70484346853146,2,High Poverty (Poorest)
129027,0,0,1,0.0,1,0.0,1,-0.9508406079037002,2,High Poverty (Poorest)
129027,0,0,2,0.0,1,0.0,1,-0.1968377472759403,1,Medium Poverty
129027,0,0,2,0.0,1,0.0,0,-0.6995063210277802,2,High Poverty (Poorest)
129028,0,1,0,0.0,1,0.0,0,-1.20217489477962,2,High Poverty (Poorest)
129028,0,1,1,0.0,1,0.0,1,0.05449653959997964,1,Medium Poverty
129028,0,1,1,0.0,1,0.0,1,0.05449653959997964,1,Medium Poverty
129029,0,0,1,0.0,1,0.0,1,-0.9508406079037002,2,High Poverty (Poorest)
129029,0,1,3,0.0,1,0.0,1,1.5625022608554993,0,Low Poverty (Wealthy)
129029,0,1,1,0.0,1,0.0,0,-0.44817203415186024,1,Medium Poverty
129030,0,1,2,0.0,1,0.0,1,0.8084994002277395,0,Low Poverty (Wealthy)
129030,0,1,2,0.0,1,0.0,1,0.8084994002277395,0,Low Poverty (Wealthy)
129030,0,1,2,0.0,1,0.0,1,0.8084994002277395,0,Low Poverty (Wealthy)
129031,0,1,1,0.0,1,0.0,1,0.05449653959997964,1,Medium Poverty
129031,0,0,2,0.0,1,0.0,1,-0.1968377472759403,1,Medium Poverty
129031,0,1,1,0.0,1,0.0,0,-0.44817203415186024,1,Medium Poverty
129032,0,0,1,0.0,1,0.0,0,-1.45350918165554,2,High Poverty (Poorest)
129032,0,0,1,0.0,1,0.0,1,-0.9508406079037002,2,High Poverty (Poorest)
129032,0,0,1,0.0,1,0.0,0,-1.45350918165554,2,High Poverty (Poorest)
129033,0,1,1,0.0,1,0.0,1,0.05449653959997964,1,Medium Poverty
129033,0,1,1,0.0,1,0.0,1,0.05449653959997964,1,Medium Poverty
129033,0,1,3,0.0,1,0.0,0,1.0598336871036593,0,Low Poverty (Wealthy)
129034,0,0,0,0.0,1,0.0,0,-2.2075120422833,2,High Poverty (Poorest)
129034,0,1,2,0.0,1,0.0,1,0.8084994002277395,0,Low Poverty (Wealthy)
129034,0,1,3,0.0,1,0.0,0,1.0598336871036593,0,Low Poverty (Wealthy)
129038,0,1,0,0.0,1,0.0,0,-1.20217489477962,2,High Poverty (Poorest)
129038,0,1,2,0.0,1,0.0,0,0.3058308264758996,0,Low Poverty (Wealthy)
129039,0,0,1,0.0,1,0.0,1,-0.9508406079037002,2,High Poverty (Poorest)
129039,0,0,0,0.0,1,0.0,0,-2.2075120422833,2,High Poverty (Poorest)
129040,0,1,1,0.0,1,0.0,1,0.05449653959997964,1,Medium Poverty
129040,0,0,3,0.0,1,0.0,1,0.5571651133518195,0,Low Poverty (Wealthy)
129041,0,1,0,0.0,1,0.0,0,-1.20217489477962,2,High Poverty (Poorest)
129041,0,1,2,0.0,1,0.0,0,0.3058308264758996,0,Low Poverty (Wealthy)
129042,0,1,1,0.0,1,0.0,1,0.05449653959997964,1,Medium Poverty
129042,0,0,3,0.0,1,0.0,1,0.5571651133518195,0,Low Poverty (Wealthy)
129043,0,0,0,0.0,1,0.0,0,-2.2075120422833,2,High Poverty (Poorest)
129043,0,0,2,0.0,1,0.0,0,-0.6995063210277802,2,High Poverty (Poorest)
129044,0,1,2,0.0,1,0.0,1,0.8084994002277395,0,Low Poverty (Wealthy)
129044,0,1,2,0.0,1,0.0,1,0.8084994002277395,0,Low Poverty (Wealthy)
129046,0,0,3,0.0,1,0.0,0,0.05449653959997964,1,Medium Poverty
129046,0,1,2,0.0,1,0.0,1,0.8084994002277395,0,Low Poverty (Wealthy)
129047,0,1,0,0.0,1,0.0,0,-1.20217489477962,2,High Poverty (Poorest)
129047,0,0,1,0.0,1,0.0,0,-1.45350918165554,2,High Poverty (Poorest)
129048,0,1,1,0.0,1,0.0,0,-0.44817203415186024,1,Medium Poverty
129048,0,1,1,0.0,1,0.0,1,0.05449653959997964,1,Medium Poverty
129050,0,0,1,0.0,1,0.0,1,-0.9508406079037002,2,High Poverty (Poorest)
129050,0,0,1,0.0,1,0.0,1,-0.9508406079037002,2,High Poverty (Poorest)
129051,0,1,1,0.0,1,0.0,1,0.05449653959997964,1,Medium Poverty
129051,0,1,3,0.0,1,0.0,1,1.5625022608554993,0,Low Poverty (Wealthy)
129052,0,1,0,0.0,1,0.0,0,-1.20217489477962,2,High Poverty (Poorest)
129052,0,1,3,0.0,1,0.0,0,1.0598336871036593,0,Low Poverty (Wealthy)
129053,0,0,1,0.0,1,0.0,1,-0.9508406079037002,2,High Poverty (Poorest)
129053,0,0,2,0.0,1,0.0,1,-0.1968377472759403,1,Medium Poverty
129054,0,1,2,0.0,1,0.0,1,0.8084994002277395,0,Low Poverty (Wealthy)
129054,0,0,1,0.0,1,0.0,0,-1.45350918165554,2,High Poverty (Poorest)
129055,0,0,1,0.0,1,0.0,0,-1.45350918165554,2,High Poverty (Poorest)
129055,0,1,1,0.0,1,0.0,1,0.05449653959997964,1,Medium Poverty
129056,0,1,1,0.0,1,0.0,0,-0.44817203415186024,1,Medium Poverty
129056,0,1,3,0.0,1,0.0,1,1.5625022608554993,0,Low Poverty (Wealthy)
129057,0,1,2,0.0,1,0.0,1,0.8084994002277395,0,Low Poverty (Wealthy)
129057,0,0,0,0.0,1,0.0,0,-2.2075120422833,2,High Poverty (Poorest)
129059,0,1,0,0.0,1,0.0,0,-1.20217489477962,2,High Poverty (Poorest)
129059,0,0,1,0.0,1,0.0,0,-1.45350918165554,2,High Poverty (Poorest)
129060,0,1,0,0.0,1,0.0,0,-1.20217489477962,2,High Poverty (Poorest)
129060,0,1,2,0.0,1,0.0,1,0.8084994002277395,0,Low Poverty (Wealthy)
129061,0,1,0,0.0,1,0.0,0,-1.20217489477962,2,High Poverty (Poorest)
129062,0,1,1,0.0,1,0.0,0,-0.44817203415186024,1,Medium Poverty
129063,0,1,0,0.0,1,0.0,1,-0.6995063210277802,2,High Poverty (Poorest)
129064,0,0,1,0.0,1,0.0,1,-0.9508406079037002,2,High Poverty (Poorest)
129067,0,1,2,0.0,1,0.0,0,0.3058308264758996,0,Low Poverty (Wealthy)
129068,0,1,1,0.0,1,0.0,1,0.05449653959997964,1,Medium Poverty
129069,0,0,3,0.0,1,0.0,1,0.5571651133518195,0,Low Poverty (Wealthy)
129070,0,1,3,0.0,1,0.0,0,1.0598336871036593,0,Low Poverty (Wealthy)
129072,0,1,1,0.0,1,0.0,1,0.05449653959997964,1,Medium Poverty
129073,0,0,0,0.0,1,0.0,1,-1.70484346853146,2,High Poverty (Poorest)
129074,0,1,2,0.0,1,0.0,0,0.3058308264758996,0,Low Poverty (Wealthy)
129076,0,1,3,0.0,1,0.0,1,1.5625022608554993,0,Low Poverty (Wealthy)
129077,0,1,2,0.0,1,0.0,1,0.8084994002277395,0,Low Poverty (Wealthy)
129079,0,1,0,0.0,1,0.0,1,-0.6995063210277802,2,High Poverty (Poorest)
129080,0,1,3,0.0,1,0.0,0,1.0598336871036593,0,Low Poverty (Wealthy)
129081,0,1,1,0.0,1,0.0,0,-0.44817203415186024,1,Medium Poverty
129083,0,1,2,0.0,1,0.0,1,0.8084994002277395,0,Low Poverty (Wealthy)
129084,0,0,3,0.0,1,0.0,1,0.5571651133518195,0,Low Poverty (Wealthy)
129086,0,1,1,0.0,1,0.0,0,-0.44817203415186024,1,Medium Poverty
129087,0,1,3,0.0,1,0.0,1,1.5625022608554993,0,Low Poverty (Wealthy)
129088,0,0,1,0.0,1,0.0,0,-1.45350918165554,2,High Poverty (Poorest)
129089,0,1,3,0.0,1,0.0,0,1.0598336871036593,0,Low Poverty (Wealthy)
129090,0,1,1,0.0,1,0.0,1,0.05449653959997964,1,Medium Poverty
129091,0,0,3,0.0,1,0.0,0,0.05449653959997964,1,Medium Poverty
129092,0,1,0,0.0,1,0.0,0,-1.20217489477962,2,High Poverty (Poorest)
129094,0,1,2,0.0,1,0.0,0,0.3058308264758996,0,Low Poverty (Wealthy)
129095,0,1,1,0.0,1,0.0,1,0.05449653959997964,1,Medium Poverty
129096,0,0,1,0.0,1,0.0,0,-1.45350918165554,2,High Poverty (Poorest)
129098,0,0,1,0.0,1,0.0,1,-0.9508406079037002,2,High Poverty (Poorest)
129099,0,1,2,0.0,1,0.0,1,0.8084994002277395,0,Low Poverty (Wealthy)
129101,0,1,0,0.0,1,0.0,1,-0.6995063210277802,2,High Poverty (Poorest)
129104,0,0,2,0.0,1,0.0,0,-0.6995063210277802,2,High Poverty (Poorest)
129106,0,1,1,0.0,1,0.0,1,0.05449653959997964,1,Medium Poverty
129109,0,0,3,0.0,1,0.0,0,0.05449653959997964,1,Medium Poverty
129110,0,0,0,0.0,1,0.0,1,-1.70484346853146,2,High Poverty (Poorest)
129111,0,1,0,0.0,1,0.0,1,-0.6995063210277802,2,High Poverty (Poorest)
129112,0,1,1,0.0,1,0.0,0,-0.44817203415186024,1,Medium Poverty
129113,0,0,1,0.0,1,0.0,1,-0.9508406079037002,2,High Poverty (Poorest)
129114,0,1,1,0.0,1,0.0,0,-0.44817203415186024,1,Medium Poverty
129116,0,0,1,0.0,1,0.0,0,-1.45350918165554,2,High Poverty (Poorest)
129117,0,1,3,0.0,1,0.0,0,1.0598336871036593,0,Low Poverty (Wealthy)
129122,0,1,2,0.0,1,0.0,1,0.8084994002277395,0,Low Poverty (Wealthy)
129123,0,0,2,0.0,1,0.0,0,-0.6995063210277802,2,High Poverty (Poorest)
129124,0,0,0,0.0,1,0.0,0,-2.2075120422833,2,High Poverty (Poorest)
129127,0,1,2,0.0,1,0.0,0,0.3058308264758996,0,Low Poverty (Wealthy)
129128,0,1,0,0.0,1,0.0,1,-0.6995063210277802,2,High Poverty (Poorest)
129129,0,1,2,0.0,1,0.0,1,0.8084994002277395,0,Low Poverty (Wealthy)
129131,0,0,1,0.0,1,0.0,0,-1.45350918165554,2,High Poverty (Poorest)
129132,0,1,1,0.0,1,0.0,0,-0.44817203415186024,1,Medium Poverty
129134,0,1,1,0.0,1,0.0,1,0.05449653959997964,1,Medium Poverty
129134,0,1,3,0.0,1,1.0,1,2.567839408359179,0,Low Poverty (Wealthy)
129134,0,1,0,0.0,1,1.0,1,0.3058308264758996,0,Low Poverty (Wealthy)
129135,0,1,2,0.0,1,0.0,1,0.8084994002277395,0,Low Poverty (Wealthy)
129135,0,1,0,0.0,1,1.0,0,-0.1968377472759403,1,Medium Poverty
129135,0,1,2,0.0,1,1.0,1,1.8138365477314193,0,Low Poverty (Wealthy)
129136,0,1,3,0.0,1,0.0,0,1.0598336871036593,0,Low Poverty (Wealthy)
129136,0,1,1,0.0,1,1.0,1,1.0598336871036593,0,Low Poverty (Wealthy)
129136,0,0,1,0.0,1,1.0,0,-0.44817203415186024,1,Medium Poverty
129137,0,1,3,0.0,1,0.0,1,1.5625022608554993,0,Low Poverty (Wealthy)
129137,0,1,1,0.0,1,1.0,0,0.5571651133518195,0,Low Poverty (Wealthy)
129137,0,1,1,0.0,1,1.0,0,0.5571651133518195,0,Low Poverty (Wealthy)
129139,0,0,2,0.0,1,0.0,1,-0.1968377472759403,1,Medium Poverty
129139,0,0,2,0.0,1,1.0,1,0.8084994002277395,0,Low Poverty (Wealthy)
129139,0,1,0,0.0,1,1.0,1,0.3058308264758996,0,Low Poverty (Wealthy)
129141,0,0,2,0.0,1,0.0,1,-0.1968377472759403,1,Medium Poverty
129141,0,1,1,0.0,1,1.0,1,1.0598336871036593,0,Low Poverty (Wealthy)
129141,0,0,0,0.0,1,1.0,0,-1.20217489477962,2,High Poverty (Poorest)
129142,0,0,2,0.0,1,0.0,1,-0.1968377472759403,1,Medium Poverty
129142,0,0,1,0.0,1,1.0,1,0.05449653959997964,1,Medium Poverty
129142,0,0,0,0.0,1,1.0,1,-0.6995063210277802,2,High Poverty (Poorest)
129143,0,1,2,0.0,1,0.0,1,0.8084994002277395,0,Low Poverty (Wealthy)
129143,0,0,3,0.0,1,1.0,1,1.5625022608554993,0,Low Poverty (Wealthy)
129143,0,1,3,0.0,1,1.0,1,2.567839408359179,0,Low Poverty (Wealthy)
129145,0,1,3,0.0,1,0.0,0,1.0598336871036593,0,Low Poverty (Wealthy)
129145,0,1,3,0.0,1,0.0,0,1.0598336871036593,0,Low Poverty (Wealthy)
129146,0,1,0,0.0,1,0.0,0,-1.20217489477962,2,High Poverty (Poorest)
129146,0,1,1,0.0,1,0.0,1,0.05449653959997964,1,Medium Poverty
129147,0,1,2,0.0,1,0.0,0,0.3058308264758996,0,Low Poverty (Wealthy)
129148,0,0,1,0.0,1,0.0,0,-1.45350918165554,2,High Poverty (Poorest)
129152,0,1,2,0.0,1,0.0,0,0.3058308264758996,0,Low Poverty (Wealthy)
129152,0,1,2,0.0,1,0.0,1,0.8084994002277395,0,Low Poverty (Wealthy)
129153,0,1,1,0.0,1,0.0,1,0.05449653959997964,1,Medium Poverty
129153,0,1,3,0.0,1,0.0,0,1.0598336871036593,0,Low Poverty (Wealthy)
129154,0,1,1,0.0,1,0.0,1,0.05449653959997964,1,Medium Poverty
129154,0,1,1,0.0,1,0.0,1,0.05449653959997964,1,Medium Poverty
129156,0,1,3,0.0,1,0.0,0,1.0598336871036593,0,Low Poverty (Wealthy)
129156,0,1,1,0.0,1,0.0,1,0.05449653959997964,1,Medium Poverty
129168,0,0,0,0.0,1,0.0,1,-1.70484346853146,2,High Poverty (Poorest)
129170,0,1,1,0.0,1,0.0,0,-0.44817203415186024,1,Medium Poverty
129173,0,0,2,0.0,1,0.0,0,-0.6995063210277802,2,High Poverty (Poorest)
129174,0,0,2,0.0,1,0.0,1,-0.1968377472759403,1,Medium Poverty
129176,0,1,2,0.0,1,0.0,1,0.8084994002277395,0,Low Poverty (Wealthy)
129180,0,0,2,0.0,1,0.0,0,-0.6995063210277802,2,High Poverty (Poorest)
129180,0,0,1,0.0,1,1.0,1,0.05449653959997964,1,Medium Poverty
129180,0,0,3,0.0,1,1.0,1,1.5625022608554993,0,Low Poverty (Wealthy)
129182,0,1,3,0.0,1,0.0,1,1.5625022608554993,0,Low Poverty (Wealthy)
129182,0,1,0,0.0,1,0.0,0,-1.20217489477962,2,High Poverty (Poorest)
130021,0,1,0,0.0,1,1.0,1,0.3058308264758996,0,Low Poverty (Wealthy)
130023,0,1,3,0.0,1,0.0,0,1.0598336871036593,0,Low Poverty (Wealthy)
130024,0,1,3,0.0,1,0.0,1,1.5625022608554993,0,Low Poverty (Wealthy)
130025,0,0,3,0.0,1,1.0,1,1.5625022608554993,0,Low Poverty (Wealthy)
130026,0,1,3,0.0,1,0.0,1,1.5625022608554993,0,Low Poverty (Wealthy)
130027,0,1,1,0.0,1,1.0,0,0.5571651133518195,0,Low Poverty (Wealthy)
130029,0,1,2,0.0,1,1.0,1,1.8138365477314193,0,Low Poverty (Wealthy)
130030,0,0,1,0.0,1,0.0,1,-0.9508406079037002,2,High Poverty (Poorest)
130032,0,1,0,0.0,1,0.0,1,-0.6995063210277802,2,High Poverty (Poorest)
130033,0,1,2,0.0,1,0.0,0,0.3058308264758996,0,Low Poverty (Wealthy)
130034,0,0,1,0.0,1,0.0,1,-0.9508406079037002,2,High Poverty (Poorest)
130035,0,1,2,0.0,1,0.0,0,0.3058308264758996,0,Low Poverty (Wealthy)
130036,0,0,1,0.0,1,0.0,1,-0.9508406079037002,2,High Poverty (Poorest)
130038,0,0,1,0.0,1,0.0,1,-0.9508406079037002,2,High Poverty (Poorest)
130039,0,1,0,0.0,1,0.0,0,-1.20217489477962,2,High Poverty (Poorest)
130040,0,0,1,0.0,1,0.0,0,-1.45350918165554,2,High Poverty (Poorest)
130051,0,1,0,0.0,1,0.0,0,-1.20217489477962,2,High Poverty (Poorest)
130051,0,1,0,0.0,1,0.0,1,-0.6995063210277802,2,High Poverty (Poorest)
130052,0,0,3,0.0,1,0.0,0,0.05449653959997964,1,Medium Poverty
130052,0,1,0,0.0,1,0.0,1,-0.6995063210277802,2,High Poverty (Poorest)
130053,0,0,1,0.0,1,0.0,1,-0.9508406079037002,2,High Poverty (Poorest)
130054,0,0,2,0.0,1,0.0,0,-0.6995063210277802,2,High Poverty (Poorest)
130054,0,0,2,0.0,1,0.0,1,-0.1968377472759403,1,Medium Poverty
130055,0,0,0,0.0,1,0.0,1,-1.70484346853146,2,High Poverty (Poorest)
130055,0,0,2,0.0,1,0.0,1,-0.1968377472759403,1,Medium Poverty
130056,0,1,2,0.0,1,0.0,0,0.3058308264758996,0,Low Poverty (Wealthy)
130056,0,1,1,0.0,1,0.0,0,-0.44817203415186024,1,Medium Poverty
130057,0,0,1,0.0,1,0.0,1,-0.9508406079037002,2,High Poverty (Poorest)
130057,0,1,3,0.0,1,0.0,1,1.5625022608554993,0,Low Poverty (Wealthy)
130059,0,1,2,0.0,1,0.0,0,0.3058308264758996,0,Low Poverty (Wealthy)
130060,0,1,2,0.0,1,0.0,0,0.3058308264758996,0,Low Poverty (Wealthy)
130060,0,1,0,0.0,1,0.0,0,-1.20217489477962,2,High Poverty (Poorest)
139002,0,0,1,0.0,1,0.0,1,-0.9508406079037002,2,High Poverty (Poorest)
139005,0,0,2,0.0,1,0.0,0,-0.6995063210277802,2,High Poverty (Poorest)
139007,0,1,0,0.0,1,0.0,1,-0.6995063210277802,2,High Poverty (Poorest)
139008,0,1,1,0.0,1,0.0,0,-0.44817203415186024,1,Medium Poverty
139009,0,0,2,0.0,1,0.0,1,-0.1968377472759403,1,Medium Poverty
139010,0,1,1,0.0,1,0.0,1,0.05449653959997964,1,Medium Poverty
139011,0,1,2,0.0,1,0.0,1,0.8084994002277395,0,Low Poverty (Wealthy)
139012,0,1,2,0.0,1,0.0,0,0.3058308264758996,0,Low Poverty (Wealthy)
139013,0,1,1,0.0,1,1.0,1,1.0598336871036593,0,Low Poverty (Wealthy)
139015,0,1,2,0.0,1,1.0,0,1.3111679739795794,0,Low Poverty (Wealthy)
139016,0,1,0,0.0,1,1.0,0,-0.1968377472759403,1,Medium Poverty
139018,0,1,2,0.0,1,1.0,0,1.3111679739795794,0,Low Poverty (Wealthy)
139020,0,1,0,0.0,1,1.0,1,0.3058308264758996,0,Low Poverty (Wealthy)
139021,0,0,0,0.0,1,1.0,1,-0.6995063210277802,2,High Poverty (Poorest)
139022,0,1,2,0.0,1,1.0,1,1.8138365477314193,0,Low Poverty (Wealthy)
139023,0,1,1,0.0,1,1.0,1,1.0598336871036593,0,Low Poverty (Wealthy)
139024,0,0,3,0.0,1,1.0,0,1.0598336871036593,0,Low Poverty (Wealthy)
139025,0,1,1,0.0,1,0.0,1,0.05449653959997964,1,Medium Poverty
139026,0,1,1,0.0,1,0.0,1,0.05449653959997964,1,Medium Poverty
139027,0,1,1,0.0,1,0.0,1,0.05449653959997964,1,Medium Poverty
139029,0,0,1,0.0,1,0.0,1,-0.9508406079037002,2,High Poverty (Poorest)
139030,0,0,1,0.0,1,0.0,1,-0.9508406079037002,2,High Poverty (Poorest)
139031,0,1,2,0.0,1,0.0,1,0.8084994002277395,0,Low Poverty (Wealthy)
139032,0,0,2,0.0,1,0.0,1,-0.1968377472759403,1,Medium Poverty
139033,0,1,3,0.0,1,0.0,0,1.0598336871036593,0,Low Poverty (Wealthy)
139034,0,1,3,0.0,1,0.0,1,1.5625022608554993,0,Low Poverty (Wealthy)
139035,0,0,1,0.0,1,0.0,1,-0.9508406079037002,2,High Poverty (Poorest)
139036,0,1,2,0.0,1,0.0,0,0.3058308264758996,0,Low Poverty (Wealthy)
139037,0,1,1,0.0,1,0.0,0,-0.44817203415186024,1,Medium Poverty
139038,0,1,2,0.0,1,0.0,1,0.8084994002277395,0,Low Poverty (Wealthy)
139039,0,1,1,0.0,1,0.0,1,0.05449653959997964,1,Medium Poverty
139041,0,1,3,0.0,1,0.0,1,1.5625022608554993,0,Low Poverty (Wealthy)
139042,0,1,2,0.0,1,0.0,0,0.3058308264758996,0,Low Poverty (Wealthy)
139043,0,1,3,0.0,1,0.0,1,1.5625022608554993,0,Low Poverty (Wealthy)
139044,0,1,2,0.0,1,0.0,1,0.8084994002277395,0,Low Poverty (Wealthy)
139046,0,1,3,0.0,1,0.0,0,1.0598336871036593,0,Low Poverty (Wealthy)
139047,0,1,2,0.0,1,0.0,0,0.3058308264758996,0,Low Poverty (Wealthy)
139048,0,1,1,0.0,1,1.0,1,1.0598336871036593,0,Low Poverty (Wealthy)
139048,0,1,1,0.0,1,0.0,1,0.05449653959997964,1,Medium Poverty
139049,0,0,1,0.0,1,1.0,0,-0.44817203415186024,1,Medium Poverty
139049,0,1,0,0.0,1,0.0,1,-0.6995063210277802,2,High Poverty (Poorest)
139050,0,0,1,0.0,1,1.0,0,-0.44817203415186024,1,Medium Poverty
139050,0,0,1,0.0,1,0.0,1,-0.9508406079037002,2,High Poverty (Poorest)
139052,0,0,1,0.0,1,1.0,0,-0.44817203415186024,1,Medium Poverty
139052,0,1,3,0.0,1,0.0,0,1.0598336871036593,0,Low Poverty (Wealthy)
139053,0,1,3,0.0,1,1.0,1,2.567839408359179,0,Low Poverty (Wealthy)
139053,0,1,0,0.0,1,0.0,0,-1.20217489477962,2,High Poverty (Poorest)
139054,0,1,1,0.0,1,1.0,1,1.0598336871036593,0,Low Poverty (Wealthy)
139054,0,1,1,0.0,1,0.0,1,0.05449653959997964,1,Medium Poverty
139055,0,1,1,0.0,1,1.0,1,1.0598336871036593,0,Low Poverty (Wealthy)
139055,0,1,2,0.0,1,0.0,1,0.8084994002277395,0,Low Poverty (Wealthy)
139057,0,1,1,0.0,1,1.0,1,1.0598336871036593,0,Low Poverty (Wealthy)
139057,0,0,2,0.0,1,0.0,0,-0.6995063210277802,2,High Poverty (Poorest)
139058,0,1,3,0.0,1,1.0,0,2.0651708346073394,0,Low Poverty (Wealthy)
139058,0,1,2,0.0,1,0.0,1,0.8084994002277395,0,Low Poverty (Wealthy)
139059,0,1,0,0.0,1,1.0,0,-0.1968377472759403,1,Medium Poverty
139059,0,0,2,0.0,1,0.0,1,-0.1968377472759403,1,Medium Poverty
139062,0,1,1,0.0,1,0.0,1,0.05449653959997964,1,Medium Poverty
139063,0,0,1,0.0,1,0.0,0,-1.45350918165554,2,High Poverty (Poorest)
139064,0,1,0,0.0,1,0.0,1,-0.6995063210277802,2,High Poverty (Poorest)
139067,0,1,1,0.0,1,0.0,0,-0.44817203415186024,1,Medium Poverty
139068,0,1,1,0.0,1,0.0,1,0.05449653959997964,1,Medium Poverty
139070,0,0,1,0.0,1,0.0,1,-0.9508406079037002,2,High Poverty (Poorest)
139071,0,1,2,0.0,1,0.0,1,0.8084994002277395,0,Low Poverty (Wealthy)
139072,0,1,2,0.0,1,1.0,0,1.3111679739795794,0,Low Poverty (Wealthy)
139072,0,1,1,0.0,1,0.0,1,0.05449653959997964,1,Medium Poverty
139074,0,1,0,0.0,1,1.0,0,-0.1968377472759403,1,Medium Poverty
139074,0,0,2,0.0,1,0.0,1,-0.1968377472759403,1,Medium Poverty
139075,0,1,0,0.0,1,1.0,1,0.3058308264758996,0,Low Poverty (Wealthy)
139075,0,1,3,0.0,1,0.0,1,1.5625022608554993,0,Low Poverty (Wealthy)
139076,0,1,2,0.0,1,0.0,1,0.8084994002277395,0,Low Poverty (Wealthy)
139078,0,0,1,0.0,1,1.0,1,0.05449653959997964,1,Medium Poverty
139078,0,1,1,0.0,1,0.0,0,-0.44817203415186024,1,Medium Poverty
139079,0,1,0,0.0,1,1.0,0,-0.1968377472759403,1,Medium Poverty
139079,0,1,1,0.0,1,0.0,1,0.05449653959997964,1,Medium Poverty
139080,0,0,0,0.0,1,1.0,0,-1.20217489477962,2,High Poverty (Poorest)
139080,0,1,2,0.0,1,0.0,1,0.8084994002277395,0,Low Poverty (Wealthy)
139082,0,0,0,0.0,1,1.0,1,-0.6995063210277802,2,High Poverty (Poorest)
139082,0,0,1,0.0,1,0.0,1,-0.9508406079037002,2,High Poverty (Poorest)
139083,0,0,2,0.0,1,1.0,1,0.8084994002277395,0,Low Poverty (Wealthy)
139083,0,1,1,0.0,1,0.0,1,0.05449653959997964,1,Medium Poverty
139084,0,1,0,0.0,1,0.0,1,-0.6995063210277802,2,High Poverty (Poorest)
139084,0,1,0,0.0,1,1.0,1,0.3058308264758996,0,Low Poverty (Wealthy)
139084,0,0,0,0.0,1,0.0,1,-1.70484346853146,2,High Poverty (Poorest)
139085,0,1,2,0.0,1,0.0,1,0.8084994002277395,0,Low Poverty (Wealthy)
139085,0,1,1,0.0,1,1.0,1,1.0598336871036593,0,Low Poverty (Wealthy)
139085,0,1,2,0.0,1,0.0,1,0.8084994002277395,0,Low Poverty (Wealthy)
139086,0,1,1,0.0,1,0.0,1,0.05449653959997964,1,Medium Poverty
139086,0,0,1,0.0,1,1.0,0,-0.44817203415186024,1,Medium Poverty
139086,0,1,1,0.0,1,0.0,0,-0.44817203415186024,1,Medium Poverty
139087,0,0,2,0.0,1,0.0,1,-0.1968377472759403,1,Medium Poverty
139087,0,1,1,0.0,1,1.0,1,1.0598336871036593,0,Low Poverty (Wealthy)
139087,0,0,0,0.0,1,0.0,0,-2.2075120422833,2,High Poverty (Poorest)
139089,0,0,2,0.0,1,0.0,1,-0.1968377472759403,1,Medium Poverty
139089,0,1,1,0.0,1,1.0,1,1.0598336871036593,0,Low Poverty (Wealthy)
139089,0,1,1,0.0,1,0.0,1,0.05449653959997964,1,Medium Poverty
139090,0,0,2,0.0,1,0.0,1,-0.1968377472759403,1,Medium Poverty
139090,0,1,1,0.0,1,1.0,0,0.5571651133518195,0,Low Poverty (Wealthy)
139090,0,1,2,0.0,1,0.0,1,0.8084994002277395,0,Low Poverty (Wealthy)
139092,0,0,1,0.0,1,0.0,1,-0.9508406079037002,2,High Poverty (Poorest)
139092,0,1,2,0.0,1,1.0,1,1.8138365477314193,0,Low Poverty (Wealthy)
139092,0,0,2,0.0,1,0.0,0,-0.6995063210277802,2,High Poverty (Poorest)
139094,0,1,1,0.0,1,0.0,0,-0.44817203415186024,1,Medium Poverty
139095,0,1,2,0.0,1,0.0,1,0.8084994002277395,0,Low Poverty (Wealthy)
139095,0,0,3,0.0,1,1.0,0,1.0598336871036593,0,Low Poverty (Wealthy)
139095,0,0,1,0.0,1,0.0,1,-0.9508406079037002,2,High Poverty (Poorest)
139096,0,1,1,0.0,1,1.0,1,1.0598336871036593,0,Low Poverty (Wealthy)
139096,0,1,2,0.0,1,0.0,1,0.8084994002277395,0,Low Poverty (Wealthy)
139098,0,1,2,0.0,1,1.0,1,1.8138365477314193,0,Low Poverty (Wealthy)
139098,0,1,0,0.0,1,0.0,1,-0.6995063210277802,2,High Poverty (Poorest)
139099,0,1,3,0.0,1,1.0,1,2.567839408359179,0,Low Poverty (Wealthy)
139099,0,0,0,0.0,1,0.0,1,-1.70484346853146,2,High Poverty (Poorest)
139102,0,1,2,0.0,1,1.0,1,1.8138365477314193,0,Low Poverty (Wealthy)
139102,0,1,2,0.0,1,0.0,1,0.8084994002277395,0,Low Poverty (Wealthy)
139103,0,0,3,0.0,1,1.0,1,1.5625022608554993,0,Low Poverty (Wealthy)
139103,0,0,0,0.0,1,0.0,1,-1.70484346853146,2,High Poverty (Poorest)
139104,0,0,2,0.0,1,1.0,0,0.3058308264758996,0,Low Poverty (Wealthy)
139104,0,1,1,0.0,1,0.0,1,0.05449653959997964,1,Medium Poverty
139105,0,1,1,0.0,1,1.0,1,1.0598336871036593,0,Low Poverty (Wealthy)
139105,0,0,0,0.0,1,0.0,1,-1.70484346853146,2,High Poverty (Poorest)
139106,0,1,2,0.0,1,1.0,1,1.8138365477314193,0,Low Poverty (Wealthy)
139106,0,0,1,0.0,1,0.0,1,-0.9508406079037002,2,High Poverty (Poorest)
139107,0,1,0,0.0,1,1.0,1,0.3058308264758996,0,Low Poverty (Wealthy)
139107,0,0,2,0.0,1,0.0,1,-0.1968377472759403,1,Medium Poverty
139108,0,1,2,0.0,1,0.0,1,0.8084994002277395,0,Low Poverty (Wealthy)
139109,0,1,2,0.0,1,0.0,1,0.8084994002277395,0,Low Poverty (Wealthy)
139111,0,1,3,0.0,1,0.0,0,1.0598336871036593,0,Low Poverty (Wealthy)
139112,0,1,1,0.0,1,0.0,1,0.05449653959997964,1,Medium Poverty
139113,0,0,3,0.0,1,0.0,1,0.5571651133518195,0,Low Poverty (Wealthy)
139114,0,1,3,0.0,1,0.0,1,1.5625022608554993,0,Low Poverty (Wealthy)
139115,0,0,1,0.0,1,0.0,0,-1.45350918165554,2,High Poverty (Poorest)
139116,0,0,0,0.0,1,0.0,0,-2.2075120422833,2,High Poverty (Poorest)
139119,0,1,1,0.0,1,1.0,1,1.0598336871036593,0,Low Poverty (Wealthy)
139120,0,0,1,0.0,1,1.0,0,-0.44817203415186024,1,Medium Poverty
139121,0,0,2,0.0,1,1.0,1,0.8084994002277395,0,Low Poverty (Wealthy)
139123,0,1,2,0.0,1,1.0,1,1.8138365477314193,0,Low Poverty (Wealthy)
139124,0,1,2,0.0,1,1.0,1,1.8138365477314193,0,Low Poverty (Wealthy)
139125,0,1,1,0.0,1,1.0,0,0.5571651133518195,0,Low Poverty (Wealthy)
139130,0,0,0,0.0,1,1.0,1,-0.6995063210277802,2,High Poverty (Poorest)
139134,0,0,3,0.0,1,1.0,1,1.5625022608554993,0,Low Poverty (Wealthy)
139144,0,1,1,0.0,1,1.0,1,1.0598336871036593,0,Low Poverty (Wealthy)
139144,0,0,3,0.0,1,0.0,1,0.5571651133518195,0,Low Poverty (Wealthy)
139145,0,0,0,0.0,1,0.0,1,-1.70484346853146,2,High Poverty (Poorest)
139146,0,1,3,0.0,1,0.0,0,1.0598336871036593,0,Low Poverty (Wealthy)
139148,0,1,0,0.0,1,0.0,1,-0.6995063210277802,2,High Poverty (Poorest)
139149,0,1,1,0.0,1,0.0,1,0.05449653959997964,1,Medium Poverty
139150,0,0,0,0.0,1,0.0,1,-1.70484346853146,2,High Poverty (Poorest)
139151,0,0,2,0.0,1,0.0,1,-0.1968377472759403,1,Medium Poverty
139152,0,1,3,0.0,1,0.0,1,1.5625022608554993,0,Low Poverty (Wealthy)
139153,0,0,1,0.0,1,0.0,0,-1.45350918165554,2,High Poverty (Poorest)
139155,0,1,3,0.0,1,0.0,1,1.5625022608554993,0,Low Poverty (Wealthy)
139156,0,1,2,0.0,1,0.0,1,0.8084994002277395,0,Low Poverty (Wealthy)
140001,0,1,2,0.0,1,1.0,1,1.8138365477314193,0,Low Poverty (Wealthy)
140003,0,0,2,0.0,1,1.0,1,0.8084994002277395,0,Low Poverty (Wealthy)
140004,0,0,1,0.0,1,1.0,1,0.05449653959997964,1,Medium Poverty
140006,0,1,1,0.0,1,1.0,1,1.0598336871036593,0,Low Poverty (Wealthy)
140007,0,1,3,0.0,1,1.0,1,2.567839408359179,0,Low Poverty (Wealthy)
140009,0,1,3,0.0,1,1.0,0,2.0651708346073394,0,Low Poverty (Wealthy)
140010,0,0,3,0.0,1,1.0,1,1.5625022608554993,0,Low Poverty (Wealthy)
140021,0,0,3,0.0,1,0.0,1,0.5571651133518195,0,Low Poverty (Wealthy)
140021,0,1,0,0.0,1,1.0,0,-0.1968377472759403,1,Medium Poverty
140022,0,1,2,0.0,1,0.0,0,0.3058308264758996,0,Low Poverty (Wealthy)
140022,0,1,1,0.0,1,1.0,1,1.0598336871036593,0,Low Poverty (Wealthy)
140023,0,0,3,0.0,1,0.0,0,0.05449653959997964,1,Medium Poverty
140023,0,1,1,0.0,1,1.0,1,1.0598336871036593,0,Low Poverty (Wealthy)
140024,0,1,2,0.0,1,0.0,1,0.8084994002277395,0,Low Poverty (Wealthy)
140024,0,1,1,0.0,1,1.0,1,1.0598336871036593,0,Low Poverty (Wealthy)
140025,0,1,1,0.0,1,0.0,1,0.05449653959997964,1,Medium Poverty
140025,0,0,0,0.0,1,1.0,1,-0.6995063210277802,2,High Poverty (Poorest)
140026,0,1,3,0.0,1,0.0,0,1.0598336871036593,0,Low Poverty (Wealthy)
140026,0,0,2,0.0,1,1.0,0,0.3058308264758996,0,Low Poverty (Wealthy)
140027,0,1,0,0.0,1,0.0,0,-1.20217489477962,2,High Poverty (Poorest)
140027,0,1,2,0.0,1,1.0,0,1.3111679739795794,0,Low Poverty (Wealthy)
140030,0,1,2,0.0,1,0.0,1,0.8084994002277395,0,Low Poverty (Wealthy)
140030,0,1,1,0.0,1,1.0,1,1.0598336871036593,0,Low Poverty (Wealthy)
140062,0,0,1,0.0,1,0.0,0,-1.45350918165554,2,High Poverty (Poorest)
140062,0,1,3,0.0,1,1.0,0,2.0651708346073394,0,Low Poverty (Wealthy)
140062,0,1,2,0.0,1,1.0,1,1.8138365477314193,0,Low Poverty (Wealthy)
140063,0,0,1,0.0,1,0.0,1,-0.9508406079037002,2,High Poverty (Poorest)
140065,0,0,2,0.0,1,0.0,0,-0.6995063210277802,2,High Poverty (Poorest)
140065,0,1,0,0.0,1,1.0,1,0.3058308264758996,0,Low Poverty (Wealthy)
140065,0,0,1,0.0,1,1.0,0,-0.44817203415186024,1,Medium Poverty
140066,0,1,0,0.0,1,0.0,0,-1.20217489477962,2,High Poverty (Poorest)
140066,0,1,1,0.0,1,1.0,0,0.5571651133518195,0,Low Poverty (Wealthy)
140066,0,1,2,0.0,1,1.0,1,1.8138365477314193,0,Low Poverty (Wealthy)
140067,0,0,3,0.0,1,0.0,0,0.05449653959997964,1,Medium Poverty
140067,0,1,1,0.0,1,1.0,0,0.5571651133518195,0,Low Poverty (Wealthy)
140067,0,1,1,0.0,1,1.0,0,0.5571651133518195,0,Low Poverty (Wealthy)
140068,0,0,2,0.0,1,0.0,1,-0.1968377472759403,1,Medium Poverty
140068,0,1,3,0.0,1,1.0,0,2.0651708346073394,0,Low Poverty (Wealthy)
140068,0,1,2,0.0,1,1.0,0,1.3111679739795794,0,Low Poverty (Wealthy)
140069,0,1,3,0.0,1,0.0,1,1.5625022608554993,0,Low Poverty (Wealthy)
140069,0,0,1,0.0,1,1.0,0,-0.44817203415186024,1,Medium Poverty
140069,0,1,2,0.0,1,1.0,1,1.8138365477314193,0,Low Poverty (Wealthy)
140070,0,0,0,0.0,1,0.0,0,-2.2075120422833,2,High Poverty (Poorest)
140070,0,0,1,0.0,1,1.0,0,-0.44817203415186024,1,Medium Poverty
140070,0,1,1,0.0,1,1.0,1,1.0598336871036593,0,Low Poverty (Wealthy)
140072,0,1,1,0.0,1,0.0,0,-0.44817203415186024,1,Medium Poverty
140072,0,0,3,0.0,1,0.0,0,0.05449653959997964,1,Medium Poverty
140073,0,0,3,0.0,1,0.0,1,0.5571651133518195,0,Low Poverty (Wealthy)
140074,0,0,0,0.0,1,0.0,1,-1.70484346853146,2,High Poverty (Poorest)
140074,0,0,0,0.0,1,0.0,1,-1.70484346853146,2,High Poverty (Poorest)
140075,0,0,1,0.0,1,0.0,1,-0.9508406079037002,2,High Poverty (Poorest)
140075,0,0,1,0.0,1,0.0,1,-0.9508406079037002,2,High Poverty (Poorest)
140076,0,1,2,0.0,1,0.0,1,0.8084994002277395,0,Low Poverty (Wealthy)
140078,0,1,3,0.0,1,0.0,1,1.5625022608554993,0,Low Poverty (Wealthy)
140078,0,1,3,0.0,1,0.0,1,1.5625022608554993,0,Low Poverty (Wealthy)
140079,0,1,2,0.0,1,0.0,0,0.3058308264758996,0,Low Poverty (Wealthy)
140079,0,0,2,0.0,1,0.0,0,-0.6995063210277802,2,High Poverty (Poorest)
140080,0,1,1,0.0,1,0.0,1,0.05449653959997964,1,Medium Poverty
140080,0,1,1,0.0,1,0.0,1,0.05449653959997964,1,Medium Poverty
140082,0,1,1,0.0,1,0.0,1,0.05449653959997964,1,Medium Poverty
140082,0,1,2,0.0,1,0.0,1,0.8084994002277395,0,Low Poverty (Wealthy)
140083,0,1,2,0.0,1,0.0,1,0.8084994002277395,0,Low Poverty (Wealthy)
140083,0,1,1,0.0,1,0.0,1,0.05449653959997964,1,Medium Poverty
140084,0,0,1,0.0,1,0.0,1,-0.9508406079037002,2,High Poverty (Poorest)
140084,0,1,1,0.0,1,0.0,1,0.05449653959997964,1,Medium Poverty
140085,0,1,3,0.0,1,0.0,0,1.0598336871036593,0,Low Poverty (Wealthy)
140085,0,1,1,0.0,1,0.0,1,0.05449653959997964,1,Medium Poverty
140086,0,1,2,0.0,1,0.0,1,0.8084994002277395,0,Low Poverty (Wealthy)
140086,0,0,2,0.0,1,0.0,1,-0.1968377472759403,1,Medium Poverty
140087,0,1,1,0.0,1,0.0,0,-0.44817203415186024,1,Medium Poverty
140087,0,1,2,0.0,1,0.0,1,0.8084994002277395,0,Low Poverty (Wealthy)
140089,0,1,3,0.0,1,0.0,0,1.0598336871036593,0,Low Poverty (Wealthy)
140089,0,1,1,0.0,1,0.0,0,-0.44817203415186024,1,Medium Poverty
140090,0,0,3,0.0,1,0.0,1,0.5571651133518195,0,Low Poverty (Wealthy)
140090,0,1,1,0.0,1,0.0,0,-0.44817203415186024,1,Medium Poverty
140121,0,1,0,0.0,1,0.0,0,-1.20217489477962,2,High Poverty (Poorest)
140122,0,1,3,0.0,1,0.0,0,1.0598336871036593,0,Low Poverty (Wealthy)
140123,0,1,2,0.0,1,0.0,1,0.8084994002277395,0,Low Poverty (Wealthy)
140124,0,1,3,0.0,1,0.0,0,1.0598336871036593,0,Low Poverty (Wealthy)
140125,0,1,2,0.0,1,0.0,1,0.8084994002277395,0,Low Poverty (Wealthy)
140126,0,0,3,0.0,1,0.0,1,0.5571651133518195,0,Low Poverty (Wealthy)
140127,0,1,2,0.0,1,0.0,1,0.8084994002277395,0,Low Poverty (Wealthy)
140128,0,1,2,0.0,1,0.0,1,0.8084994002277395,0,Low Poverty (Wealthy)
140129,0,1,2,0.0,1,0.0,1,0.8084994002277395,0,Low Poverty (Wealthy)
140130,0,1,1,0.0,1,0.0,0,-0.44817203415186024,1,Medium Poverty
149001,0,1,3,0.0,1,0.0,0,1.0598336871036593,0,Low Poverty (Wealthy)
149001,0,0,1,0.0,1,0.0,1,-0.9508406079037002,2,High Poverty (Poorest)
149002,0,1,1,0.0,1,0.0,1,0.05449653959997964,1,Medium Poverty
149002,0,0,1,0.0,1,0.0,0,-1.45350918165554,2,High Poverty (Poorest)
149003,0,1,2,0.0,1,0.0,0,0.3058308264758996,0,Low Poverty (Wealthy)
149004,0,0,1,0.0,1,0.0,1,-0.9508406079037002,2,High Poverty (Poorest)
149004,0,0,0,0.0,1,0.0,1,-1.70484346853146,2,High Poverty (Poorest)
149005,0,1,3,0.0,1,0.0,1,1.5625022608554993,0,Low Poverty (Wealthy)
149005,0,0,1,0.0,1,0.0,1,-0.9508406079037002,2,High Poverty (Poorest)
149006,0,1,2,0.0,1,0.0,1,0.8084994002277395,0,Low Poverty (Wealthy)
149006,0,1,0,0.0,1,0.0,1,-0.6995063210277802,2,High Poverty (Poorest)
149007,0,0,0,0.0,1,0.0,1,-1.70484346853146,2,High Poverty (Poorest)
149007,0,1,1,0.0,1,0.0,1,0.05449653959997964,1,Medium Poverty
149008,0,1,2,0.0,1,0.0,1,0.8084994002277395,0,Low Poverty (Wealthy)
149008,0,1,0,0.0,1,0.0,0,-1.20217489477962,2,High Poverty (Poorest)
149011,0,0,3,0.0,1,0.0,0,0.05449653959997964,1,Medium Poverty
149011,0,0,1,0.0,1,0.0,1,-0.9508406079037002,2,High Poverty (Poorest)
149013,0,0,1,0.0,1,1.0,1,0.05449653959997964,1,Medium Poverty
149015,0,0,0,0.0,1,1.0,0,-1.20217489477962,2,High Poverty (Poorest)
149016,0,0,0,0.0,1,1.0,0,-1.20217489477962,2,High Poverty (Poorest)
149017,0,1,2,0.0,1,1.0,1,1.8138365477314193,0,Low Poverty (Wealthy)
149018,0,1,3,0.0,1,1.0,1,2.567839408359179,0,Low Poverty (Wealthy)
149019,0,1,2,0.0,1,1.0,0,1.3111679739795794,0,Low Poverty (Wealthy)
149020,0,1,0,0.0,1,1.0,0,-0.1968377472759403,1,Medium Poverty
149021,0,0,1,0.0,1,1.0,1,0.05449653959997964,1,Medium Poverty
149022,0,0,1,0.0,1,1.0,0,-0.44817203415186024,1,Medium Poverty
149023,0,0,3,0.0,1,1.0,1,1.5625022608554993,0,Low Poverty (Wealthy)
149025,0,0,1,0.0,1,1.0,0,-0.44817203415186024,1,Medium Poverty
149026,0,1,2,0.0,1,1.0,0,1.3111679739795794,0,Low Poverty (Wealthy)
149028,0,1,1,0.0,1,1.0,0,0.5571651133518195,0,Low Poverty (Wealthy)
149029,0,1,1,0.0,1,1.0,0,0.5571651133518195,0,Low Poverty (Wealthy)
149030,0,1,1,0.0,1,1.0,0,0.5571651133518195,0,Low Poverty (Wealthy)
149031,0,1,0,0.0,1,1.0,0,-0.1968377472759403,1,Medium Poverty
149032,0,1,2,0.0,1,1.0,1,1.8138365477314193,0,Low Poverty (Wealthy)
149033,0,0,1,0.0,1,0.0,0,-1.45350918165554,2,High Poverty (Poorest)
149034,0,1,2,0.0,1,1.0,1,1.8138365477314193,0,Low Poverty (Wealthy)
149036,0,1,0,0.0,1,1.0,0,-0.1968377472759403,1,Medium Poverty
149037,0,0,3,0.0,1,0.0,1,0.5571651133518195,0,Low Poverty (Wealthy)
149037,0,1,0,0.0,1,0.0,0,-1.20217489477962,2,High Poverty (Poorest)
149037,0,1,3,0.0,1,1.0,0,2.0651708346073394,0,Low Poverty (Wealthy)
149038,0,1,2,0.0,1,0.0,1,0.8084994002277395,0,Low Poverty (Wealthy)
149038,0,1,3,0.0,1,0.0,1,1.5625022608554993,0,Low Poverty (Wealthy)
149038,0,0,1,0.0,1,1.0,1,0.05449653959997964,1,Medium Poverty
149039,0,1,2,0.0,1,0.0,1,0.8084994002277395,0,Low Poverty (Wealthy)
149039,0,1,1,0.0,1,0.0,1,0.05449653959997964,1,Medium Poverty
149039,0,1,0,0.0,1,1.0,1,0.3058308264758996,0,Low Poverty (Wealthy)
149040,0,0,1,0.0,1,0.0,1,-0.9508406079037002,2,High Poverty (Poorest)
149040,0,1,0,0.0,1,0.0,1,-0.6995063210277802,2,High Poverty (Poorest)
149040,0,1,3,0.0,1,1.0,1,2.567839408359179,0,Low Poverty (Wealthy)
149044,0,1,0,0.0,1,0.0,1,-0.6995063210277802,2,High Poverty (Poorest)
149044,0,1,2,0.0,1,0.0,0,0.3058308264758996,0,Low Poverty (Wealthy)
149044,0,1,2,0.0,1,1.0,0,1.3111679739795794,0,Low Poverty (Wealthy)
149045,0,1,1,0.0,1,0.0,1,0.05449653959997964,1,Medium Poverty
149045,0,1,2,0.0,1,0.0,1,0.8084994002277395,0,Low Poverty (Wealthy)
149045,0,0,0,0.0,1,1.0,1,-0.6995063210277802,2,High Poverty (Poorest)
149046,0,1,2,0.0,1,0.0,1,0.8084994002277395,0,Low Poverty (Wealthy)
149046,0,0,1,0.0,1,0.0,0,-1.45350918165554,2,High Poverty (Poorest)
149046,0,1,3,0.0,1,1.0,0,2.0651708346073394,0,Low Poverty (Wealthy)
149047,0,0,2,0.0,1,0.0,0,-0.6995063210277802,2,High Poverty (Poorest)
149047,0,0,3,0.0,1,0.0,1,0.5571651133518195,0,Low Poverty (Wealthy)
149047,0,0,0,0.0,1,1.0,1,-0.6995063210277802,2,High Poverty (Poorest)
149048,0,0,1,0.0,1,0.0,0,-1.45350918165554,2,High Poverty (Poorest)
149048,0,1,0,0.0,1,0.0,1,-0.6995063210277802,2,High Poverty (Poorest)
149048,0,1,0,0.0,1,1.0,0,-0.1968377472759403,1,Medium Poverty
149049,0,1,1,0.0,1,0.0,0,-0.44817203415186024,1,Medium Poverty
149051,0,0,2,0.0,1,0.0,1,-0.1968377472759403,1,Medium Poverty
149052,0,0,1,0.0,1,0.0,0,-1.45350918165554,2,High Poverty (Poorest)
149053,0,0,1,0.0,1,0.0,1,-0.9508406079037002,2,High Poverty (Poorest)
149054,0,0,3,0.0,1,0.0,1,0.5571651133518195,0,Low Poverty (Wealthy)
149055,0,1,2,0.0,1,0.0,1,0.8084994002277395,0,Low Poverty (Wealthy)
149056,0,0,1,0.0,1,0.0,0,-1.45350918165554,2,High Poverty (Poorest)
149057,0,1,1,0.0,1,0.0,1,0.05449653959997964,1,Medium Poverty
149059,0,0,1,0.0,1,0.0,1,-0.9508406079037002,2,High Poverty (Poorest)
149060,0,0,0,0.0,1,0.0,1,-1.70484346853146,2,High Poverty (Poorest)
149061,0,1,2,0.0,1,0.0,1,0.8084994002277395,0,Low Poverty (Wealthy)
149062,0,1,1,0.0,1,0.0,0,-0.44817203415186024,1,Medium Poverty
149063,0,0,3,0.0,1,0.0,0,0.05449653959997964,1,Medium Poverty
149065,0,0,2,0.0,1,0.0,1,-0.1968377472759403,1,Medium Poverty
149068,0,1,2,0.0,1,0.0,1,0.8084994002277395,0,Low Poverty (Wealthy)
149070,0,0,1,0.0,1,0.0,0,-1.45350918165554,2,High Poverty (Poorest)
149072,0,0,1,0.0,1,0.0,0,-1.45350918165554,2,High Poverty (Poorest)
149073,0,1,2,0.0,1,0.0,1,0.8084994002277395,0,Low Poverty (Wealthy)
149073,0,1,1,0.0,1,0.0,0,-0.44817203415186024,1,Medium Poverty
149073,0,1,1,0.0,1,0.0,0,-0.44817203415186024,1,Medium Poverty
149074,0,1,0,0.0,1,0.0,0,-1.20217489477962,2,High Poverty (Poorest)
149074,0,1,0,0.0,1,0.0,0,-1.20217489477962,2,High Poverty (Poorest)
149074,0,1,2,0.0,1,0.0,1,0.8084994002277395,0,Low Poverty (Wealthy)
149076,0,1,1,0.0,1,0.0,0,-0.44817203415186024,1,Medium Poverty
149076,0,1,1,0.0,1,0.0,0,-0.44817203415186024,1,Medium Poverty
149076,0,0,1,0.0,1,0.0,0,-1.45350918165554,2,High Poverty (Poorest)
149077,0,1,2,0.0,1,0.0,0,0.3058308264758996,0,Low Poverty (Wealthy)
149077,0,1,3,0.0,1,0.0,1,1.5625022608554993,0,Low Poverty (Wealthy)
149077,0,1,3,0.0,1,0.0,0,1.0598336871036593,0,Low Poverty (Wealthy)
149078,0,1,1,0.0,1,0.0,1,0.05449653959997964,1,Medium Poverty
149078,0,1,0,0.0,1,0.0,0,-1.20217489477962,2,High Poverty (Poorest)
149078,0,0,1,0.0,1,0.0,0,-1.45350918165554,2,High Poverty (Poorest)
149079,0,1,2,0.0,1,0.0,0,0.3058308264758996,0,Low Poverty (Wealthy)
149079,0,0,2,0.0,1,0.0,0,-0.6995063210277802,2,High Poverty (Poorest)
149079,0,0,2,0.0,1,0.0,1,-0.1968377472759403,1,Medium Poverty
149080,0,0,0,0.0,1,0.0,1,-1.70484346853146,2,High Poverty (Poorest)
149080,0,1,2,0.0,1,0.0,1,0.8084994002277395,0,Low Poverty (Wealthy)
149080,0,0,0,0.0,1,0.0,0,-2.2075120422833,2,High Poverty (Poorest)
149082,0,1,2,0.0,1,0.0,0,0.3058308264758996,0,Low Poverty (Wealthy)
149082,0,1,1,0.0,1,0.0,0,-0.44817203415186024,1,Medium Poverty
149082,0,0,2,0.0,1,0.0,1,-0.1968377472759403,1,Medium Poverty
149083,0,1,0,0.0,1,0.0,0,-1.20217489477962,2,High Poverty (Poorest)
149083,0,1,1,0.0,1,0.0,1,0.05449653959997964,1,Medium Poverty
149083,0,0,2,0.0,1,0.0,0,-0.6995063210277802,2,High Poverty (Poorest)
149084,0,1,1,0.0,1,0.0,0,-0.44817203415186024,1,Medium Poverty
149084,0,0,2,0.0,1,0.0,1,-0.1968377472759403,1,Medium Poverty
149084,0,1,2,0.0,1,0.0,1,0.8084994002277395,0,Low Poverty (Wealthy)
149085,0,1,2,0.0,1,1.0,1,1.8138365477314193,0,Low Poverty (Wealthy)
149085,0,1,1,0.0,1,0.0,1,0.05449653959997964,1,Medium Poverty
149086,0,1,1,0.0,1,1.0,1,1.0598336871036593,0,Low Poverty (Wealthy)
149086,0,0,2,0.0,1,0.0,0,-0.6995063210277802,2,High Poverty (Poorest)
149087,0,0,1,0.0,1,1.0,1,0.05449653959997964,1,Medium Poverty
149087,0,1,2,0.0,1,0.0,0,0.3058308264758996,0,Low Poverty (Wealthy)
149088,0,1,1,0.0,1,1.0,1,1.0598336871036593,0,Low Poverty (Wealthy)
149088,0,1,1,0.0,1,0.0,1,0.05449653959997964,1,Medium Poverty
149089,0,1,1,0.0,1,1.0,1,1.0598336871036593,0,Low Poverty (Wealthy)
149089,0,1,0,0.0,1,0.0,1,-0.6995063210277802,2,High Poverty (Poorest)
149090,0,1,1,0.0,1,1.0,1,1.0598336871036593,0,Low Poverty (Wealthy)
149090,0,0,2,0.0,1,0.0,0,-0.6995063210277802,2,High Poverty (Poorest)
149091,0,1,2,0.0,1,1.0,0,1.3111679739795794,0,Low Poverty (Wealthy)
149091,0,1,1,0.0,1,0.0,0,-0.44817203415186024,1,Medium Poverty
149093,0,0,3,0.0,1,1.0,1,1.5625022608554993,0,Low Poverty (Wealthy)
149093,0,1,1,0.0,1,0.0,1,0.05449653959997964,1,Medium Poverty
149094,0,1,3,0.0,1,1.0,0,2.0651708346073394,0,Low Poverty (Wealthy)
149094,0,1,2,0.0,1,0.0,0,0.3058308264758996,0,Low Poverty (Wealthy)
149096,0,0,2,0.0,1,1.0,1,0.8084994002277395,0,Low Poverty (Wealthy)
149096,0,1,0,0.0,1,0.0,1,-0.6995063210277802,2,High Poverty (Poorest)
149097,0,1,1,0.0,1,0.0,1,0.05449653959997964,1,Medium Poverty
149098,0,1,0,0.0,1,0.0,0,-1.20217489477962,2,High Poverty (Poorest)
149099,0,0,2,0.0,1,0.0,1,-0.1968377472759403,1,Medium Poverty
149102,0,0,1,0.0,1,0.0,1,-0.9508406079037002,2,High Poverty (Poorest)
149103,0,1,2,0.0,1,0.0,0,0.3058308264758996,0,Low Poverty (Wealthy)
149104,0,1,1,0.0,1,0.0,1,0.05449653959997964,1,Medium Poverty
149105,0,1,2,0.0,1,0.0,1,0.8084994002277395,0,Low Poverty (Wealthy)
149107,0,1,0,0.0,1,0.0,0,-1.20217489477962,2,High Poverty (Poorest)
149108,0,0,0,0.0,1,0.0,1,-1.70484346853146,2,High Poverty (Poorest)
149109,0,1,1,0.0,1,0.0,1,0.05449653959997964,1,Medium Poverty
149110,0,0,1,0.0,1,0.0,1,-0.9508406079037002,2,High Poverty (Poorest)
149111,0,1,1,0.0,1,0.0,0,-0.44817203415186024,1,Medium Poverty
149112,0,1,2,0.0,1,0.0,1,0.8084994002277395,0,Low Poverty (Wealthy)
149114,0,1,0,0.0,1,0.0,0,-1.20217489477962,2,High Poverty (Poorest)
149115,0,1,1,0.0,1,0.0,1,0.05449653959997964,1,Medium Poverty
149116,0,1,2,0.0,1,0.0,1,0.8084994002277395,0,Low Poverty (Wealthy)
149119,0,0,0,0.0,1,0.0,0,-2.2075120422833,2,High Poverty (Poorest)
149120,0,0,3,0.0,1,0.0,0,0.05449653959997964,1,Medium Poverty
149122,0,1,3,0.0,1,0.0,1,1.5625022608554993,0,Low Poverty (Wealthy)
149122,0,1,0,0.0,1,1.0,1,0.3058308264758996,0,Low Poverty (Wealthy)
149122,0,0,1,0.0,1,0.0,1,-0.9508406079037002,2,High Poverty (Poorest)
149123,0,1,1,0.0,1,0.0,1,0.05449653959997964,1,Medium Poverty
149123,0,1,2,0.0,1,1.0,1,1.8138365477314193,0,Low Poverty (Wealthy)
149123,0,1,2,0.0,1,0.0,1,0.8084994002277395,0,Low Poverty (Wealthy)
149125,0,1,2,0.0,1,0.0,0,0.3058308264758996,0,Low Poverty (Wealthy)
149125,0,1,2,0.0,1,1.0,0,1.3111679739795794,0,Low Poverty (Wealthy)
149125,0,0,0,0.0,1,0.0,1,-1.70484346853146,2,High Poverty (Poorest)
149126,0,0,2,0.0,1,0.0,1,-0.1968377472759403,1,Medium Poverty
149126,0,1,2,0.0,1,1.0,0,1.3111679739795794,0,Low Poverty (Wealthy)
149126,0,1,2,0.0,1,0.0,1,0.8084994002277395,0,Low Poverty (Wealthy)
149127,0,0,3,0.0,1,0.0,1,0.5571651133518195,0,Low Poverty (Wealthy)
149127,0,1,2,0.0,1,1.0,0,1.3111679739795794,0,Low Poverty (Wealthy)
149127,0,1,1,0.0,1,0.0,1,0.05449653959997964,1,Medium Poverty
149128,0,1,1,0.0,1,0.0,1,0.05449653959997964,1,Medium Poverty
149128,0,0,1,0.0,1,1.0,0,-0.44817203415186024,1,Medium Poverty
149128,0,1,0,0.0,1,0.0,0,-1.20217489477962,2,High Poverty (Poorest)
149129,0,1,3,0.0,1,0.0,1,1.5625022608554993,0,Low Poverty (Wealthy)
149129,0,1,0,0.0,1,1.0,1,0.3058308264758996,0,Low Poverty (Wealthy)
149129,0,1,2,0.0,1,0.0,0,0.3058308264758996,0,Low Poverty (Wealthy)
149130,0,1,1,0.0,1,0.0,0,-0.44817203415186024,1,Medium Poverty
149130,0,1,0,0.0,1,1.0,0,-0.1968377472759403,1,Medium Poverty
149130,0,0,3,0.0,1,0.0,1,0.5571651133518195,0,Low Poverty (Wealthy)
149132,0,1,3,0.0,1,0.0,0,1.0598336871036593,0,Low Poverty (Wealthy)
149132,0,1,1,0.0,1,1.0,0,0.5571651133518195,0,Low Poverty (Wealthy)
149132,0,1,1,0.0,1,0.0,1,0.05449653959997964,1,Medium Poverty
149133,0,0,0,0.0,1,1.0,1,-0.6995063210277802,2,High Poverty (Poorest)
149134,0,0,1,0.0,1,1.0,1,0.05449653959997964,1,Medium Poverty
149135,0,1,1,0.0,1,1.0,0,0.5571651133518195,0,Low Poverty (Wealthy)
149136,0,1,1,0.0,1,1.0,1,1.0598336871036593,0,Low Poverty (Wealthy)
149138,0,1,3,0.0,1,1.0,0,2.0651708346073394,0,Low Poverty (Wealthy)
149139,0,1,2,0.0,1,1.0,1,1.8138365477314193,0,Low Poverty (Wealthy)
149140,0,1,3,0.0,1,1.0,1,2.567839408359179,0,Low Poverty (Wealthy)
149142,0,1,2,0.0,1,1.0,0,1.3111679739795794,0,Low Poverty (Wealthy)
149143,0,1,1,0.0,1,0.0,0,-0.44817203415186024,1,Medium Poverty
149155,0,1,3,0.0,1,0.0,1,1.5625022608554993,0,Low Poverty (Wealthy)
149156,0,1,1,0.0,1,0.0,1,0.05449653959997964,1,Medium Poverty
149162,0,0,3,0.0,1,0.0,1,0.5571651133518195,0,Low Poverty (Wealthy)
150001,0,1,1,0.0,1,0.0,1,0.05449653959997964,1,Medium Poverty
150001,0,1,0,0.0,1,0.0,1,-0.6995063210277802,2,High Poverty (Poorest)
150002,0,0,3,0.0,1,0.0,1,0.5571651133518195,0,Low Poverty (Wealthy)
150002,0,0,2,0.0,1,0.0,1,-0.1968377472759403,1,Medium Poverty
150003,0,0,3,0.0,1,0.0,1,0.5571651133518195,0,Low Poverty (Wealthy)
150003,0,0,3,0.0,1,0.0,1,0.5571651133518195,0,Low Poverty (Wealthy)
150004,0,0,0,0.0,1,0.0,1,-1.70484346853146,2,High Poverty (Poorest)
150004,0,1,1,0.0,1,0.0,0,-0.44817203415186024,1,Medium Poverty
150005,0,1,1,0.0,1,0.0,0,-0.44817203415186024,1,Medium Poverty
150005,0,1,2,0.0,1,0.0,1,0.8084994002277395,0,Low Poverty (Wealthy)
150007,0,0,2,0.0,1,0.0,1,-0.1968377472759403,1,Medium Poverty
150007,0,0,1,0.0,1,0.0,1,-0.9508406079037002,2,High Poverty (Poorest)
150008,0,1,2,0.0,1,0.0,0,0.3058308264758996,0,Low Poverty (Wealthy)
150008,0,1,2,0.0,1,0.0,1,0.8084994002277395,0,Low Poverty (Wealthy)
150010,0,1,0,0.0,1,0.0,0,-1.20217489477962,2,High Poverty (Poorest)
150010,0,1,2,0.0,1,0.0,1,0.8084994002277395,0,Low Poverty (Wealthy)
150012,0,1,2,0.0,1,1.0,0,1.3111679739795794,0,Low Poverty (Wealthy)
150013,0,0,3,0.0,1,1.0,0,1.0598336871036593,0,Low Poverty (Wealthy)
150014,0,1,1,0.0,1,0.0,0,-0.44817203415186024,1,Medium Poverty
150015,0,0,0,0.0,1,1.0,1,-0.6995063210277802,2,High Poverty (Poorest)
150016,0,1,1,0.0,1,1.0,0,0.5571651133518195,0,Low Poverty (Wealthy)
150017,0,1,0,0.0,1,1.0,0,-0.1968377472759403,1,Medium Poverty
150018,0,0,3,0.0,1,1.0,0,1.0598336871036593,0,Low Poverty (Wealthy)
150019,0,0,0,0.0,1,1.0,0,-1.20217489477962,2,High Poverty (Poorest)
150020,0,0,2,0.0,1,1.0,1,0.8084994002277395,0,Low Poverty (Wealthy)
150021,0,1,1,0.0,1,0.0,0,-0.44817203415186024,1,Medium Poverty
150022,0,0,1,0.0,1,0.0,0,-1.45350918165554,2,High Poverty (Poorest)
150023,0,1,0,0.0,1,0.0,1,-0.6995063210277802,2,High Poverty (Poorest)
150024,0,0,2,0.0,1,0.0,1,-0.1968377472759403,1,Medium Poverty
150025,0,1,2,0.0,1,0.0,1,0.8084994002277395,0,Low Poverty (Wealthy)
150026,0,1,1,0.0,1,0.0,1,0.05449653959997964,1,Medium Poverty
150027,0,1,3,0.0,1,0.0,1,1.5625022608554993,0,Low Poverty (Wealthy)
150028,0,1,1,0.0,1,0.0,0,-0.44817203415186024,1,Medium Poverty
150029,0,0,1,0.0,1,0.0,1,-0.9508406079037002,2,High Poverty (Poorest)
150030,0,0,1,0.0,1,0.0,1,-0.9508406079037002,2,High Poverty (Poorest)
150061,0,1,0,0.0,1,1.0,1,0.3058308264758996,0,Low Poverty (Wealthy)
150061,0,1,3,0.0,1,0.0,1,1.5625022608554993,0,Low Poverty (Wealthy)
150061,0,1,1,0.0,1,0.0,1,0.05449653959997964,1,Medium Poverty
150062,0,0,0,0.0,1,1.0,0,-1.20217489477962,2,High Poverty (Poorest)
150062,0,0,1,0.0,1,0.0,0,-1.45350918165554,2,High Poverty (Poorest)
150062,0,0,2,0.0,1,0.0,1,-0.1968377472759403,1,Medium Poverty
150063,0,1,1,0.0,1,1.0,1,1.0598336871036593,0,Low Poverty (Wealthy)
150063,0,0,2,0.0,1,0.0,0,-0.6995063210277802,2,High Poverty (Poorest)
150063,0,1,0,0.0,1,0.0,1,-0.6995063210277802,2,High Poverty (Poorest)
150064,0,0,1,0.0,1,1.0,1,0.05449653959997964,1,Medium Poverty
150064,0,1,2,0.0,1,0.0,0,0.3058308264758996,0,Low Poverty (Wealthy)
150064,0,0,0,0.0,1,0.0,1,-1.70484346853146,2,High Poverty (Poorest)
150065,0,1,3,0.0,1,1.0,1,2.567839408359179,0,Low Poverty (Wealthy)
150065,0,1,0,0.0,1,0.0,0,-1.20217489477962,2,High Poverty (Poorest)
150065,0,0,2,0.0,1,0.0,1,-0.1968377472759403,1,Medium Poverty
150066,0,1,1,0.0,1,1.0,0,0.5571651133518195,0,Low Poverty (Wealthy)
150066,0,1,2,0.0,1,0.0,1,0.8084994002277395,0,Low Poverty (Wealthy)
150066,0,1,0,0.0,1,0.0,0,-1.20217489477962,2,High Poverty (Poorest)
150067,0,1,0,0.0,1,1.0,1,0.3058308264758996,0,Low Poverty (Wealthy)
150067,0,0,1,0.0,1,0.0,0,-1.45350918165554,2,High Poverty (Poorest)
150067,0,1,0,0.0,1,0.0,0,-1.20217489477962,2,High Poverty (Poorest)
150068,0,0,1,0.0,1,1.0,1,0.05449653959997964,1,Medium Poverty
150068,0,0,1,0.0,1,0.0,0,-1.45350918165554,2,High Poverty (Poorest)
150068,0,1,2,0.0,1,0.0,1,0.8084994002277395,0,Low Poverty (Wealthy)
150069,0,0,2,0.0,1,1.0,1,0.8084994002277395,0,Low Poverty (Wealthy)
150069,0,1,2,0.0,1,0.0,1,0.8084994002277395,0,Low Poverty (Wealthy)
150069,0,1,2,0.0,1,0.0,1,0.8084994002277395,0,Low Poverty (Wealthy)
150070,0,1,1,0.0,1,1.0,0,0.5571651133518195,0,Low Poverty (Wealthy)
150070,0,1,1,0.0,1,0.0,0,-0.44817203415186024,1,Medium Poverty
150070,0,0,1,0.0,1,0.0,1,-0.9508406079037002,2,High Poverty (Poorest)
150071,0,0,2,0.0,1,0.0,1,-0.1968377472759403,1,Medium Poverty
150072,0,1,1,0.0,1,0.0,0,-0.44817203415186024,1,Medium Poverty
150073,0,0,0,0.0,1,0.0,1,-1.70484346853146,2,High Poverty (Poorest)
150075,0,0,2,0.0,1,1.0,1,0.8084994002277395,0,Low Poverty (Wealthy)
150075,0,1,1,0.0,1,0.0,1,0.05449653959997964,1,Medium Poverty
150076,0,1,3,0.0,1,1.0,1,2.567839408359179,0,Low Poverty (Wealthy)
150076,0,1,3,0.0,1,0.0,1,1.5625022608554993,0,Low Poverty (Wealthy)
150077,0,0,0,0.0,1,1.0,1,-0.6995063210277802,2,High Poverty (Poorest)
150077,0,1,0,0.0,1,0.0,1,-0.6995063210277802,2,High Poverty (Poorest)
150078,0,0,1,0.0,1,1.0,0,-0.44817203415186024,1,Medium Poverty
150078,0,0,2,0.0,1,0.0,1,-0.1968377472759403,1,Medium Poverty
150079,0,1,1,0.0,1,0.0,1,0.05449653959997964,1,Medium Poverty
150080,0,1,2,0.0,1,1.0,1,1.8138365477314193,0,Low Poverty (Wealthy)
150080,0,1,2,0.0,1,0.0,1,0.8084994002277395,0,Low Poverty (Wealthy)
159001,0,0,1,0.0,1,0.0,0,-1.45350918165554,2,High Poverty (Poorest)
159002,0,1,0,0.0,1,0.0,1,-0.6995063210277802,2,High Poverty (Poorest)
159003,0,1,2,0.0,1,0.0,1,0.8084994002277395,0,Low Poverty (Wealthy)
159004,0,1,1,0.0,1,0.0,0,-0.44817203415186024,1,Medium Poverty
159005,0,1,2,0.0,1,0.0,0,0.3058308264758996,0,Low Poverty (Wealthy)
159006,0,1,1,0.0,1,0.0,1,0.05449653959997964,1,Medium Poverty
159007,0,1,2,0.0,1,0.0,0,0.3058308264758996,0,Low Poverty (Wealthy)
159010,0,1,3,0.0,1,0.0,0,1.0598336871036593,0,Low Poverty (Wealthy)
159011,0,1,3,0.0,1,0.0,0,1.0598336871036593,0,Low Poverty (Wealthy)
159012,0,1,1,0.0,1,0.0,1,0.05449653959997964,1,Medium Poverty
159013,0,1,1,0.0,1,0.0,1,0.05449653959997964,1,Medium Poverty
159013,0,1,2,0.0,1,0.0,0,0.3058308264758996,0,Low Poverty (Wealthy)
159014,0,1,1,0.0,1,0.0,1,0.05449653959997964,1,Medium Poverty
159014,0,0,0,0.0,1,0.0,1,-1.70484346853146,2,High Poverty (Poorest)
159015,0,1,3,0.0,1,0.0,0,1.0598336871036593,0,Low Poverty (Wealthy)
159015,0,1,0,0.0,1,0.0,0,-1.20217489477962,2,High Poverty (Poorest)
159016,0,1,0,0.0,1,0.0,1,-0.6995063210277802,2,High Poverty (Poorest)
159016,0,0,0,0.0,1,0.0,1,-1.70484346853146,2,High Poverty (Poorest)
159017,0,1,2,0.0,1,0.0,1,0.8084994002277395,0,Low Poverty (Wealthy)
159017,0,0,2,0.0,1,0.0,1,-0.1968377472759403,1,Medium Poverty
159018,0,1,1,0.0,1,0.0,0,-0.44817203415186024,1,Medium Poverty
159018,0,1,1,0.0,1,0.0,1,0.05449653959997964,1,Medium Poverty
159019,0,1,1,0.0,1,0.0,0,-0.44817203415186024,1,Medium Poverty
159019,0,1,2,0.0,1,0.0,1,0.8084994002277395,0,Low Poverty (Wealthy)
159021,0,1,0,0.0,1,0.0,0,-1.20217489477962,2,High Poverty (Poorest)
159021,0,1,3,0.0,1,0.0,0,1.0598336871036593,0,Low Poverty (Wealthy)
159022,0,0,1,0.0,1,0.0,1,-0.9508406079037002,2,High Poverty (Poorest)
159022,0,1,3,0.0,1,0.0,0,1.0598336871036593,0,Low Poverty (Wealthy)
159023,0,1,0,0.0,1,0.0,1,-0.6995063210277802,2,High Poverty (Poorest)
159023,0,1,2,0.0,1,0.0,0,0.3058308264758996,0,Low Poverty (Wealthy)
159025,0,1,1,0.0,1,0.0,1,0.05449653959997964,1,Medium Poverty
159025,0,1,0,0.0,1,1.0,1,0.3058308264758996,0,Low Poverty (Wealthy)
159026,0,0,3,0.0,1,0.0,0,0.05449653959997964,1,Medium Poverty
159026,0,1,3,0.0,1,1.0,1,2.567839408359179,0,Low Poverty (Wealthy)
159027,0,1,1,0.0,1,0.0,0,-0.44817203415186024,1,Medium Poverty
159027,0,1,2,0.0,1,1.0,0,1.3111679739795794,0,Low Poverty (Wealthy)
159028,0,1,2,0.0,1,0.0,1,0.8084994002277395,0,Low Poverty (Wealthy)
159028,0,0,3,0.0,1,1.0,1,1.5625022608554993,0,Low Poverty (Wealthy)
159029,0,0,1,0.0,1,0.0,1,-0.9508406079037002,2,High Poverty (Poorest)
159029,0,1,1,0.0,1,1.0,0,0.5571651133518195,0,Low Poverty (Wealthy)
159032,0,1,1,0.0,1,0.0,1,0.05449653959997964,1,Medium Poverty
159032,0,0,1,0.0,1,1.0,1,0.05449653959997964,1,Medium Poverty
159033,0,1,3,0.0,1,0.0,0,1.0598336871036593,0,Low Poverty (Wealthy)
159033,0,1,0,0.0,1,1.0,0,-0.1968377472759403,1,Medium Poverty
159034,0,1,0,0.0,1,0.0,1,-0.6995063210277802,2,High Poverty (Poorest)
159034,0,1,2,0.0,1,1.0,1,1.8138365477314193,0,Low Poverty (Wealthy)
159035,0,0,2,0.0,1,0.0,0,-0.6995063210277802,2,High Poverty (Poorest)
159035,0,0,0,0.0,1,1.0,0,-1.20217489477962,2,High Poverty (Poorest)
159036,0,1,1,0.0,1,0.0,0,-0.44817203415186024,1,Medium Poverty
159037,0,1,3,0.0,1,0.0,1,1.5625022608554993,0,Low Poverty (Wealthy)
159038,0,1,1,0.0,1,0.0,1,0.05449653959997964,1,Medium Poverty
159039,0,1,2,0.0,1,0.0,1,0.8084994002277395,0,Low Poverty (Wealthy)
159040,0,1,2,0.0,1,0.0,1,0.8084994002277395,0,Low Poverty (Wealthy)
159042,0,1,1,0.0,1,0.0,1,0.05449653959997964,1,Medium Poverty
159043,0,1,3,0.0,1,0.0,1,1.5625022608554993,0,Low Poverty (Wealthy)
159045,0,1,2,0.0,1,0.0,1,0.8084994002277395,0,Low Poverty (Wealthy)
159047,0,1,1,0.0,1,0.0,0,-0.44817203415186024,1,Medium Poverty
159048,0,0,2,0.0,1,0.0,1,-0.1968377472759403,1,Medium Poverty
159048,0,1,2,0.0,1,0.0,1,0.8084994002277395,0,Low Poverty (Wealthy)
159049,0,0,2,0.0,1,0.0,0,-0.6995063210277802,2,High Poverty (Poorest)
159049,0,1,3,0.0,1,0.0,1,1.5625022608554993,0,Low Poverty (Wealthy)
159050,0,1,1,0.0,1,0.0,1,0.05449653959997964,1,Medium Poverty
159050,0,1,1,0.0,1,0.0,1,0.05449653959997964,1,Medium Poverty
159051,0,1,1,0.0,1,0.0,1,0.05449653959997964,1,Medium Poverty
159051,0,0,0,0.0,1,0.0,1,-1.70484346853146,2,High Poverty (Poorest)
159052,0,0,0,0.0,1,0.0,0,-2.2075120422833,2,High Poverty (Poorest)
159052,0,1,3,0.0,1,0.0,0,1.0598336871036593,0,Low Poverty (Wealthy)
159053,0,0,2,0.0,1,0.0,1,-0.1968377472759403,1,Medium Poverty
159053,0,1,2,0.0,1,0.0,1,0.8084994002277395,0,Low Poverty (Wealthy)
159055,0,1,2,0.0,1,0.0,1,0.8084994002277395,0,Low Poverty (Wealthy)
159055,0,1,2,0.0,1,0.0,0,0.3058308264758996,0,Low Poverty (Wealthy)
159056,0,1,1,0.0,1,0.0,1,0.05449653959997964,1,Medium Poverty
159056,0,0,3,0.0,1,0.0,1,0.5571651133518195,0,Low Poverty (Wealthy)
159057,0,1,1,0.0,1,0.0,1,0.05449653959997964,1,Medium Poverty
159057,0,1,3,0.0,1,0.0,1,1.5625022608554993,0,Low Poverty (Wealthy)
159059,0,0,2,0.0,1,0.0,1,-0.1968377472759403,1,Medium Poverty
159059,0,1,1,0.0,1,0.0,0,-0.44817203415186024,1,Medium Poverty
159060,0,0,2,0.0,1,0.0,0,-0.6995063210277802,2,High Poverty (Poorest)
159061,0,1,1,0.0,1,0.0,0,-0.44817203415186024,1,Medium Poverty
159062,0,1,0,0.0,1,0.0,1,-0.6995063210277802,2,High Poverty (Poorest)
159063,0,0,2,0.0,1,0.0,0,-0.6995063210277802,2,High Poverty (Poorest)
159064,0,1,1,0.0,1,0.0,1,0.05449653959997964,1,Medium Poverty
159065,0,1,0,0.0,1,0.0,1,-0.6995063210277802,2,High Poverty (Poorest)
159066,0,1,3,0.0,1,0.0,1,1.5625022608554993,0,Low Poverty (Wealthy)
159067,0,1,2,0.0,1,0.0,1,0.8084994002277395,0,Low Poverty (Wealthy)
159068,0,1,3,0.0,1,0.0,1,1.5625022608554993,0,Low Poverty (Wealthy)
159071,0,0,2,0.0,1,0.0,1,-0.1968377472759403,1,Medium Poverty
159072,0,0,1,0.0,1,0.0,0,-1.45350918165554,2,High Poverty (Poorest)
159073,0,0,1,0.0,1,0.0,1,-0.9508406079037002,2,High Poverty (Poorest)
159074,0,1,2,0.0,1,0.0,1,0.8084994002277395,0,Low Poverty (Wealthy)
159076,0,1,3,0.0,1,0.0,1,1.5625022608554993,0,Low Poverty (Wealthy)
159078,0,1,1,0.0,1,0.0,1,0.05449653959997964,1,Medium Poverty
159079,0,1,3,0.0,1,0.0,1,1.5625022608554993,0,Low Poverty (Wealthy)
159081,0,0,3,0.0,1,0.0,1,0.5571651133518195,0,Low Poverty (Wealthy)
159082,0,1,2,0.0,1,0.0,0,0.3058308264758996,0,Low Poverty (Wealthy)
159083,0,0,3,0.0,1,0.0,1,0.5571651133518195,0,Low Poverty (Wealthy)
159084,0,0,1,0.0,1,0.0,0,-1.45350918165554,2,High Poverty (Poorest)
159085,0,0,3,0.0,1,0.0,0,0.05449653959997964,1,Medium Poverty
159086,0,1,2,0.0,1,0.0,0,0.3058308264758996,0,Low Poverty (Wealthy)
159087,0,0,0,0.0,1,0.0,0,-2.2075120422833,2,High Poverty (Poorest)
159088,0,0,3,0.0,1,0.0,0,0.05449653959997964,1,Medium Poverty
159089,0,0,1,0.0,1,0.0,1,-0.9508406079037002,2,High Poverty (Poorest)
159090,0,0,1,0.0,1,0.0,1,-0.9508406079037002,2,High Poverty (Poorest)
159093,0,1,2,0.0,1,0.0,0,0.3058308264758996,0,Low Poverty (Wealthy)
159094,0,1,0,0.0,1,0.0,1,-0.6995063210277802,2,High Poverty (Poorest)
159095,0,1,1,0.0,1,0.0,0,-0.44817203415186024,1,Medium Poverty
159096,0,1,2,0.0,1,0.0,0,0.3058308264758996,0,Low Poverty (Wealthy)
159096,0,0,0,0.0,1,1.0,1,-0.6995063210277802,2,High Poverty (Poorest)
159097,0,1,1,0.0,1,0.0,1,0.05449653959997964,1,Medium Poverty
159097,0,0,0,0.0,1,1.0,0,-1.20217489477962,2,High Poverty (Poorest)
159098,0,0,1,0.0,1,0.0,0,-1.45350918165554,2,High Poverty (Poorest)
159098,0,0,2,0.0,1,1.0,1,0.8084994002277395,0,Low Poverty (Wealthy)
159099,0,0,2,0.0,1,0.0,0,-0.6995063210277802,2,High Poverty (Poorest)
159099,0,0,3,0.0,1,1.0,1,1.5625022608554993,0,Low Poverty (Wealthy)
159100,0,1,2,0.0,1,0.0,1,0.8084994002277395,0,Low Poverty (Wealthy)
159100,0,1,1,0.0,1,1.0,0,0.5571651133518195,0,Low Poverty (Wealthy)
159101,0,0,3,0.0,1,0.0,1,0.5571651133518195,0,Low Poverty (Wealthy)
159101,0,0,2,0.0,1,1.0,0,0.3058308264758996,0,Low Poverty (Wealthy)
159102,0,1,2,0.0,1,0.0,1,0.8084994002277395,0,Low Poverty (Wealthy)
159102,0,0,2,0.0,1,1.0,1,0.8084994002277395,0,Low Poverty (Wealthy)
159105,0,0,3,0.0,1,0.0,1,0.5571651133518195,0,Low Poverty (Wealthy)
159105,0,1,2,0.0,1,1.0,1,1.8138365477314193,0,Low Poverty (Wealthy)
159106,0,0,1,0.0,1,0.0,1,-0.9508406079037002,2,High Poverty (Poorest)
159106,0,0,2,0.0,1,1.0,0,0.3058308264758996,0,Low Poverty (Wealthy)
159107,0,1,0,0.0,1,0.0,1,-0.6995063210277802,2,High Poverty (Poorest)
159107,0,0,1,0.0,1,1.0,1,0.05449653959997964,1,Medium Poverty
159111,0,1,1,0.0,1,0.0,1,0.05449653959997964,1,Medium Poverty
159111,0,1,0,0.0,1,1.0,1,0.3058308264758996,0,Low Poverty (Wealthy)
159112,0,0,0,0.0,1,0.0,0,-2.2075120422833,2,High Poverty (Poorest)
159119,0,1,0,0.0,1,0.0,1,-0.6995063210277802,2,High Poverty (Poorest)
160001,0,1,2,0.0,1,0.0,1,0.8084994002277395,0,Low Poverty (Wealthy)
160002,0,0,2,0.0,1,0.0,1,-0.1968377472759403,1,Medium Poverty
160003,0,1,3,0.0,1,0.0,1,1.5625022608554993,0,Low Poverty (Wealthy)
160004,0,0,1,0.0,1,0.0,0,-1.45350918165554,2,High Poverty (Poorest)
160005,0,1,2,0.0,1,0.0,1,0.8084994002277395,0,Low Poverty (Wealthy)
160006,0,0,3,0.0,1,0.0,0,0.05449653959997964,1,Medium Poverty
160007,0,1,0,0.0,1,0.0,1,-0.6995063210277802,2,High Poverty (Poorest)
160008,0,0,2,0.0,1,0.0,1,-0.1968377472759403,1,Medium Poverty
160009,0,1,2,0.0,1,0.0,1,0.8084994002277395,0,Low Poverty (Wealthy)
160010,0,0,0,0.0,1,0.0,1,-1.70484346853146,2,High Poverty (Poorest)
160018,0,1,3,0.0,1,0.0,1,1.5625022608554993,0,Low Poverty (Wealthy)
160018,0,1,2,0.0,1,0.0,0,0.3058308264758996,0,Low Poverty (Wealthy)
160019,0,1,0,0.0,1,0.0,0,-1.20217489477962,2,High Poverty (Poorest)
160019,0,1,0,0.0,1,0.0,0,-1.20217489477962,2,High Poverty (Poorest)
160024,0,1,0,0.0,1,0.0,1,-0.6995063210277802,2,High Poverty (Poorest)
160024,0,1,1,0.0,1,0.0,1,0.05449653959997964,1,Medium Poverty
160032,0,1,1,0.0,1,0.0,1,0.05449653959997964,1,Medium Poverty
160032,0,0,1,0.0,1,0.0,1,-0.9508406079037002,2,High Poverty (Poorest)
160035,0,1,1,0.0,1,0.0,1,0.05449653959997964,1,Medium Poverty
160035,0,1,3,0.0,1,0.0,0,1.0598336871036593,0,Low Poverty (Wealthy)
160036,0,1,1,0.0,1,0.0,0,-0.44817203415186024,1,Medium Poverty
160036,0,1,0,0.0,1,0.0,0,-1.20217489477962,2,High Poverty (Poorest)
160041,0,1,1,0.0,1,0.0,1,0.05449653959997964,1,Medium Poverty
160041,0,0,1,0.0,1,0.0,0,-1.45350918165554,2,High Poverty (Poorest)
160051,0,1,1,0.0,1,1.0,1,1.0598336871036593,0,Low Poverty (Wealthy)
160053,0,1,1,0.0,1,1.0,1,1.0598336871036593,0,Low Poverty (Wealthy)
160054,0,1,0,0.0,1,1.0,1,0.3058308264758996,0,Low Poverty (Wealthy)
160055,0,1,2,0.0,1,1.0,0,1.3111679739795794,0,Low Poverty (Wealthy)
160056,0,1,3,0.0,1,1.0,0,2.0651708346073394,0,Low Poverty (Wealthy)
160057,0,1,1,0.0,1,1.0,0,0.5571651133518195,0,Low Poverty (Wealthy)
160058,0,1,1,0.0,1,1.0,1,1.0598336871036593,0,Low Poverty (Wealthy)
160059,0,1,2,0.0,1,1.0,0,1.3111679739795794,0,Low Poverty (Wealthy)
160060,0,0,2,0.0,1,1.0,1,0.8084994002277395,0,Low Poverty (Wealthy)
160144,0,1,1,0.0,1,0.0,1,0.05449653959997964,1,Medium Poverty
160145,0,1,3,0.0,1,0.0,0,1.0598336871036593,0,Low Poverty (Wealthy)
160146,0,0,2,0.0,1,0.0,1,-0.1968377472759403,1,Medium Poverty
160147,0,0,1,0.0,1,0.0,1,-0.9508406079037002,2,High Poverty (Poorest)
160148,0,1,2,0.0,1,0.0,1,0.8084994002277395,0,Low Poverty (Wealthy)
160149,0,0,3,0.0,1,0.0,0,0.05449653959997964,1,Medium Poverty
160150,0,1,2,0.0,1,0.0,0,0.3058308264758996,0,Low Poverty (Wealthy)
160151,0,1,0,0.0,1,0.0,0,-1.20217489477962,2,High Poverty (Poorest)
160152,0,1,1,0.0,1,0.0,0,-0.44817203415186024,1,Medium Poverty
160153,0,1,1,0.0,1,0.0,1,0.05449653959997964,1,Medium Poverty
169001,0,0,1,0.0,1,0.0,1,-0.9508406079037002,2,High Poverty (Poorest)
169002,0,1,2,0.0,1,0.0,1,0.8084994002277395,0,Low Poverty (Wealthy)
169003,0,1,2,0.0,1,0.0,0,0.3058308264758996,0,Low Poverty (Wealthy)
169004,0,1,2,0.0,1,0.0,0,0.3058308264758996,0,Low Poverty (Wealthy)
169007,0,0,3,0.0,1,0.0,1,0.5571651133518195,0,Low Poverty (Wealthy)
169008,0,1,1,0.0,1,0.0,0,-0.44817203415186024,1,Medium Poverty
169009,0,0,3,0.0,1,0.0,0,0.05449653959997964,1,Medium Poverty
169010,0,0,2,0.0,1,0.0,1,-0.1968377472759403,1,Medium Poverty
169011,0,0,1,0.0,1,0.0,0,-1.45350918165554,2,High Poverty (Poorest)
169012,0,0,2,0.0,1,0.0,1,-0.1968377472759403,1,Medium Poverty
169013,0,1,0,0.0,1,0.0,0,-1.20217489477962,2,High Poverty (Poorest)
169014,0,0,2,0.0,1,0.0,1,-0.1968377472759403,1,Medium Poverty
169016,0,1,1,0.0,1,0.0,1,0.05449653959997964,1,Medium Poverty
169017,0,1,1,0.0,1,0.0,0,-0.44817203415186024,1,Medium Poverty
169018,0,1,2,0.0,1,0.0,1,0.8084994002277395,0,Low Poverty (Wealthy)
169020,0,0,2,0.0,1,0.0,1,-0.1968377472759403,1,Medium Poverty
169021,0,1,1,0.0,1,0.0,1,0.05449653959997964,1,Medium Poverty
169022,0,1,0,0.0,1,0.0,0,-1.20217489477962,2,High Poverty (Poorest)
169024,0,1,1,0.0,1,0.0,1,0.05449653959997964,1,Medium Poverty
169026,0,0,2,0.0,1,1.0,1,0.8084994002277395,0,Low Poverty (Wealthy)
169027,0,1,3,0.0,1,1.0,1,2.567839408359179,0,Low Poverty (Wealthy)
169028,0,1,3,0.0,1,1.0,1,2.567839408359179,0,Low Poverty (Wealthy)
169029,0,1,1,0.0,1,1.0,1,1.0598336871036593,0,Low Poverty (Wealthy)
169030,0,0,2,0.0,1,1.0,1,0.8084994002277395,0,Low Poverty (Wealthy)
169032,0,1,1,0.0,1,1.0,0,0.5571651133518195,0,Low Poverty (Wealthy)
169033,0,0,2,0.0,1,1.0,0,0.3058308264758996,0,Low Poverty (Wealthy)
169035,0,0,1,0.0,1,1.0,1,0.05449653959997964,1,Medium Poverty
169036,0,1,1,0.0,1,1.0,1,1.0598336871036593,0,Low Poverty (Wealthy)
169038,0,0,2,0.0,1,0.0,1,-0.1968377472759403,1,Medium Poverty
169040,0,0,0,0.0,1,0.0,1,-1.70484346853146,2,High Poverty (Poorest)
169041,0,0,2,0.0,1,0.0,1,-0.1968377472759403,1,Medium Poverty
169042,0,1,2,0.0,1,0.0,1,0.8084994002277395,0,Low Poverty (Wealthy)
169043,0,1,1,0.0,1,0.0,0,-0.44817203415186024,1,Medium Poverty
169044,0,1,1,0.0,1,0.0,0,-0.44817203415186024,1,Medium Poverty
169045,0,1,3,0.0,1,0.0,1,1.5625022608554993,0,Low Poverty (Wealthy)
169046,0,0,2,0.0,1,0.0,1,-0.1968377472759403,1,Medium Poverty
169047,0,1,1,0.0,1,0.0,1,0.05449653959997964,1,Medium Poverty
169048,0,1,1,0.0,1,0.0,0,-0.44817203415186024,1,Medium Poverty
169049,0,0,2,0.0,1,1.0,1,0.8084994002277395,0,Low Poverty (Wealthy)
169050,0,1,2,0.0,1,1.0,1,1.8138365477314193,0,Low Poverty (Wealthy)
169051,0,1,0,0.0,1,1.0,0,-0.1968377472759403,1,Medium Poverty
169054,0,0,1,0.0,1,1.0,1,0.05449653959997964,1,Medium Poverty
169056,0,0,3,0.0,1,1.0,1,1.5625022608554993,0,Low Poverty (Wealthy)
169057,0,0,2,0.0,1,1.0,1,0.8084994002277395,0,Low Poverty (Wealthy)
169058,0,0,3,0.0,1,1.0,1,1.5625022608554993,0,Low Poverty (Wealthy)
169059,0,1,2,0.0,1,1.0,1,1.8138365477314193,0,Low Poverty (Wealthy)
169060,0,1,3,0.0,1,1.0,1,2.567839408359179,0,Low Poverty (Wealthy)
169061,0,1,1,0.0,1,0.0,1,0.05449653959997964,1,Medium Poverty
169065,0,1,2,0.0,1,0.0,1,0.8084994002277395,0,Low Poverty (Wealthy)
169066,0,0,0,0.0,1,0.0,0,-2.2075120422833,2,High Poverty (Poorest)
169067,0,1,2,0.0,1,0.0,1,0.8084994002277395,0,Low Poverty (Wealthy)
169068,0,1,1,0.0,1,0.0,1,0.05449653959997964,1,Medium Poverty
169069,0,1,1,0.0,1,0.0,0,-0.44817203415186024,1,Medium Poverty
169070,0,1,3,0.0,1,0.0,1,1.5625022608554993,0,Low Poverty (Wealthy)
169071,0,1,3,0.0,1,0.0,0,1.0598336871036593,0,Low Poverty (Wealthy)
169072,0,1,0,0.0,1,0.0,1,-0.6995063210277802,2,High Poverty (Poorest)
169073,0,1,2,0.0,1,0.0,0,0.3058308264758996,0,Low Poverty (Wealthy)
169075,0,0,1,0.0,1,0.0,0,-1.45350918165554,2,High Poverty (Poorest)
169077,0,0,1,0.0,1,0.0,1,-0.9508406079037002,2,High Poverty (Poorest)
169078,0,0,2,0.0,1,0.0,1,-0.1968377472759403,1,Medium Poverty
169079,0,0,1,0.0,1,0.0,1,-0.9508406079037002,2,High Poverty (Poorest)
169080,0,1,3,0.0,1,0.0,1,1.5625022608554993,0,Low Poverty (Wealthy)
169083,0,1,0,0.0,1,0.0,1,-0.6995063210277802,2,High Poverty (Poorest)
169084,0,1,2,0.0,1,0.0,1,0.8084994002277395,0,Low Poverty (Wealthy)
169085,0,1,2,0.0,1,0.0,1,0.8084994002277395,0,Low Poverty (Wealthy)
169088,0,1,1,0.0,1,0.0,1,0.05449653959997964,1,Medium Poverty
169089,0,0,1,0.0,1,0.0,0,-1.45350918165554,2,High Poverty (Poorest)
169091,0,0,2,0.0,1,0.0,1,-0.1968377472759403,1,Medium Poverty
169092,0,1,2,0.0,1,0.0,1,0.8084994002277395,0,Low Poverty (Wealthy)
169094,0,1,1,0.0,1,0.0,1,0.05449653959997964,1,Medium Poverty
169095,0,1,1,0.0,1,0.0,0,-0.44817203415186024,1,Medium Poverty
169096,0,0,0,0.0,1,0.0,1,-1.70484346853146,2,High Poverty (Poorest)
169097,0,0,1,0.0,1,0.0,1,-0.9508406079037002,2,High Poverty (Poorest)
169099,0,1,1,0.0,1,0.0,1,0.05449653959997964,1,Medium Poverty
169099,0,0,0,0.0,1,0.0,1,-1.70484346853146,2,High Poverty (Poorest)
169101,0,0,2,0.0,1,0.0,1,-0.1968377472759403,1,Medium Poverty
169101,0,1,2,0.0,1,0.0,0,0.3058308264758996,0,Low Poverty (Wealthy)
169103,0,0,3,0.0,1,0.0,1,0.5571651133518195,0,Low Poverty (Wealthy)
169104,0,1,2,0.0,1,0.0,1,0.8084994002277395,0,Low Poverty (Wealthy)
169104,0,0,3,0.0,1,0.0,1,0.5571651133518195,0,Low Poverty (Wealthy)
169105,0,0,2,0.0,1,0.0,0,-0.6995063210277802,2,High Poverty (Poorest)
169105,0,1,2,0.0,1,0.0,1,0.8084994002277395,0,Low Poverty (Wealthy)
169107,0,1,3,0.0,1,0.0,1,1.5625022608554993,0,Low Poverty (Wealthy)
169107,0,1,2,0.0,1,0.0,1,0.8084994002277395,0,Low Poverty (Wealthy)
169108,0,1,0,0.0,1,0.0,1,-0.6995063210277802,2,High Poverty (Poorest)
169108,0,0,2,0.0,1,0.0,1,-0.1968377472759403,1,Medium Poverty
169109,0,1,3,0.0,1,1.0,0,2.0651708346073394,0,Low Poverty (Wealthy)
169111,0,0,2,0.0,1,1.0,1,0.8084994002277395,0,Low Poverty (Wealthy)
169113,0,1,2,0.0,1,1.0,1,1.8138365477314193,0,Low Poverty (Wealthy)
169114,0,1,2,0.0,1,1.0,0,1.3111679739795794,0,Low Poverty (Wealthy)
169115,0,1,3,0.0,1,1.0,0,2.0651708346073394,0,Low Poverty (Wealthy)
169116,0,1,0,0.0,1,1.0,0,-0.1968377472759403,1,Medium Poverty
169117,0,0,2,0.0,1,1.0,1,0.8084994002277395,0,Low Poverty (Wealthy)
169119,0,0,1,0.0,1,1.0,0,-0.44817203415186024,1,Medium Poverty
169120,0,1,2,0.0,1,1.0,1,1.8138365477314193,0,Low Poverty (Wealthy)
169121,0,1,2,0.0,1,0.0,0,0.3058308264758996,0,Low Poverty (Wealthy)
169121,0,1,0,0.0,1,0.0,1,-0.6995063210277802,2,High Poverty (Poorest)
169122,0,0,1,0.0,1,0.0,1,-0.9508406079037002,2,High Poverty (Poorest)
169122,0,0,2,0.0,1,0.0,1,-0.1968377472759403,1,Medium Poverty
169124,0,0,0,0.0,1,0.0,1,-1.70484346853146,2,High Poverty (Poorest)
169124,0,1,1,0.0,1,0.0,1,0.05449653959997964,1,Medium Poverty
169125,0,1,2,0.0,1,0.0,0,0.3058308264758996,0,Low Poverty (Wealthy)
169125,0,1,1,0.0,1,0.0,1,0.05449653959997964,1,Medium Poverty
169126,0,0,1,0.0,1,0.0,0,-1.45350918165554,2,High Poverty (Poorest)
169126,0,1,3,0.0,1,0.0,0,1.0598336871036593,0,Low Poverty (Wealthy)
169127,0,1,1,0.0,1,0.0,1,0.05449653959997964,1,Medium Poverty
169127,0,0,1,0.0,1,0.0,0,-1.45350918165554,2,High Poverty (Poorest)
169128,0,1,2,0.0,1,0.0,1,0.8084994002277395,0,Low Poverty (Wealthy)
169128,0,1,2,0.0,1,0.0,0,0.3058308264758996,0,Low Poverty (Wealthy)
169129,0,1,3,0.0,1,0.0,1,1.5625022608554993,0,Low Poverty (Wealthy)
169129,0,1,3,0.0,1,0.0,0,1.0598336871036593,0,Low Poverty (Wealthy)
169130,0,0,2,0.0,1,0.0,0,-0.6995063210277802,2,High Poverty (Poorest)
169130,0,0,1,0.0,1,0.0,0,-1.45350918165554,2,High Poverty (Poorest)
169131,0,1,0,0.0,1,0.0,1,-0.6995063210277802,2,High Poverty (Poorest)
169131,0,0,1,0.0,1,0.0,1,-0.9508406079037002,2,High Poverty (Poorest)
169133,0,1,0,0.0,1,1.0,1,0.3058308264758996,0,Low Poverty (Wealthy)
169134,0,1,2,0.0,1,1.0,1,1.8138365477314193,0,Low Poverty (Wealthy)
169136,0,1,2,0.0,1,1.0,1,1.8138365477314193,0,Low Poverty (Wealthy)
169137,0,1,0,0.0,1,1.0,1,0.3058308264758996,0,Low Poverty (Wealthy)
169138,0,0,2,0.0,1,1.0,1,0.8084994002277395,0,Low Poverty (Wealthy)
169139,0,0,1,0.0,1,1.0,0,-0.44817203415186024,1,Medium Poverty
169141,0,0,1,0.0,1,1.0,1,0.05449653959997964,1,Medium Poverty
169142,0,1,2,0.0,1,1.0,1,1.8138365477314193,0,Low Poverty (Wealthy)
169144,0,0,1,0.0,1,1.0,0,-0.44817203415186024,1,Medium Poverty
169145,0,0,1,0.0,1,0.0,0,-1.45350918165554,2,High Poverty (Poorest)
169147,0,1,0,0.0,1,0.0,1,-0.6995063210277802,2,High Poverty (Poorest)
169148,0,1,1,0.0,1,0.0,1,0.05449653959997964,1,Medium Poverty
169149,0,0,2,0.0,1,0.0,1,-0.1968377472759403,1,Medium Poverty
169150,0,1,3,0.0,1,0.0,1,1.5625022608554993,0,Low Poverty (Wealthy)
169153,0,1,1,0.0,1,0.0,1,0.05449653959997964,1,Medium Poverty
169154,0,0,1,0.0,1,0.0,0,-1.45350918165554,2,High Poverty (Poorest)
169156,0,0,2,0.0,1,0.0,0,-0.6995063210277802,2,High Poverty (Poorest)
169160,0,0,3,0.0,1,0.0,0,0.05449653959997964,1,Medium Poverty
169166,0,1,1,0.0,1,1.0,0,0.5571651133518195,0,Low Poverty (Wealthy)
169170,0,0,1,0.0,1,0.0,0,-1.45350918165554,2,High Poverty (Poorest)
169171,0,1,2,0.0,1,0.0,1,0.8084994002277395,0,Low Poverty (Wealthy)
169172,0,1,2,0.0,1,0.0,1,0.8084994002277395,0,Low Poverty (Wealthy)
169179,0,1,0,0.0,1,1.0,1,0.3058308264758996,0,Low Poverty (Wealthy)
169181,0,0,2,0.0,1,0.0,1,-0.1968377472759403,1,Medium Poverty
169202,0,1,0,0.0,1,1.0,1,0.3058308264758996,0,Low Poverty (Wealthy)
170041,0,1,1,0.0,1,1.0,1,1.0598336871036593,0,Low Poverty (Wealthy)
170042,0,1,1,0.0,1,1.0,1,1.0598336871036593,0,Low Poverty (Wealthy)
170043,0,1,3,0.0,1,1.0,1,2.567839408359179,0,Low Poverty (Wealthy)
170044,0,1,1,0.0,1,1.0,0,0.5571651133518195,0,Low Poverty (Wealthy)
170045,0,1,1,0.0,1,1.0,1,1.0598336871036593,0,Low Poverty (Wealthy)
170046,0,1,1,0.0,1,1.0,0,0.5571651133518195,0,Low Poverty (Wealthy)
170047,0,1,3,0.0,1,1.0,1,2.567839408359179,0,Low Poverty (Wealthy)
170048,0,0,0,0.0,1,1.0,0,-1.20217489477962,2,High Poverty (Poorest)
170049,0,0,1,0.0,1,1.0,1,0.05449653959997964,1,Medium Poverty
170050,0,0,0,0.0,1,1.0,1,-0.6995063210277802,2,High Poverty (Poorest)
170081,0,1,2,0.0,1,0.0,0,0.3058308264758996,0,Low Poverty (Wealthy)
170082,0,1,1,0.0,1,0.0,1,0.05449653959997964,1,Medium Poverty
170083,0,1,1,0.0,1,0.0,0,-0.44817203415186024,1,Medium Poverty
170085,0,1,1,0.0,1,0.0,0,-0.44817203415186024,1,Medium Poverty
170086,0,1,3,0.0,1,0.0,0,1.0598336871036593,0,Low Poverty (Wealthy)
170087,0,1,2,0.0,1,0.0,1,0.8084994002277395,0,Low Poverty (Wealthy)
170088,0,0,2,0.0,1,0.0,0,-0.6995063210277802,2,High Poverty (Poorest)
170089,0,1,3,0.0,1,0.0,1,1.5625022608554993,0,Low Poverty (Wealthy)
170090,0,0,3,0.0,1,0.0,0,0.05449653959997964,1,Medium Poverty
179001,0,0,1,0.0,1,0.0,0,-1.45350918165554,2,High Poverty (Poorest)
179001,0,0,3,0.0,1,0.0,1,0.5571651133518195,0,Low Poverty (Wealthy)
179001,0,0,0,0.0,1,1.0,0,-1.20217489477962,2,High Poverty (Poorest)
179001,0,1,1,0.0,1,0.0,0,-0.44817203415186024,1,Medium Poverty
179001,0,1,3,0.0,1,0.0,0,1.0598336871036593,0,Low Poverty (Wealthy)
179001,0,0,1,0.0,1,0.0,1,-0.9508406079037002,2,High Poverty (Poorest)
179001,0,1,1,0.0,1,1.0,1,1.0598336871036593,0,Low Poverty (Wealthy)
179001,0,1,1,0.0,1,0.0,0,-0.44817203415186024,1,Medium Poverty
179002,0,0,2,0.0,1,0.0,0,-0.6995063210277802,2,High Poverty (Poorest)
179002,0,1,1,0.0,1,0.0,1,0.05449653959997964,1,Medium Poverty
179002,0,0,2,0.0,1,1.0,0,0.3058308264758996,0,Low Poverty (Wealthy)
179002,0,1,3,0.0,1,0.0,1,1.5625022608554993,0,Low Poverty (Wealthy)
179002,0,1,2,0.0,1,0.0,1,0.8084994002277395,0,Low Poverty (Wealthy)
179002,0,0,1,0.0,1,0.0,1,-0.9508406079037002,2,High Poverty (Poorest)
179002,0,0,3,0.0,1,1.0,0,1.0598336871036593,0,Low Poverty (Wealthy)
179002,0,1,1,0.0,1,0.0,1,0.05449653959997964,1,Medium Poverty
179003,0,1,0,0.0,1,0.0,1,-0.6995063210277802,2,High Poverty (Poorest)
179003,0,0,0,0.0,1,0.0,1,-1.70484346853146,2,High Poverty (Poorest)
179003,0,1,2,0.0,1,1.0,1,1.8138365477314193,0,Low Poverty (Wealthy)
179003,0,1,0,0.0,1,0.0,1,-0.6995063210277802,2,High Poverty (Poorest)
179003,0,1,0,0.0,1,0.0,1,-0.6995063210277802,2,High Poverty (Poorest)
179003,0,1,1,0.0,1,0.0,0,-0.44817203415186024,1,Medium Poverty
179003,0,1,1,0.0,1,1.0,1,1.0598336871036593,0,Low Poverty (Wealthy)
179003,0,1,2,0.0,1,0.0,0,0.3058308264758996,0,Low Poverty (Wealthy)
179004,0,1,2,0.0,1,0.0,1,0.8084994002277395,0,Low Poverty (Wealthy)
179004,0,1,2,0.0,1,0.0,1,0.8084994002277395,0,Low Poverty (Wealthy)
179004,0,0,1,0.0,1,1.0,1,0.05449653959997964,1,Medium Poverty
179004,0,0,1,0.0,1,0.0,1,-0.9508406079037002,2,High Poverty (Poorest)
179004,0,1,3,0.0,1,0.0,0,1.0598336871036593,0,Low Poverty (Wealthy)
179004,0,1,0,0.0,1,0.0,0,-1.20217489477962,2,High Poverty (Poorest)
179004,0,0,3,0.0,1,1.0,1,1.5625022608554993,0,Low Poverty (Wealthy)
179004,0,1,0,0.0,1,0.0,1,-0.6995063210277802,2,High Poverty (Poorest)
179005,0,1,3,0.0,1,0.0,1,1.5625022608554993,0,Low Poverty (Wealthy)
179005,0,0,1,0.0,1,0.0,0,-1.45350918165554,2,High Poverty (Poorest)
179005,0,1,1,0.0,1,1.0,1,1.0598336871036593,0,Low Poverty (Wealthy)
179005,0,0,2,0.0,1,0.0,1,-0.1968377472759403,1,Medium Poverty
179005,0,0,2,0.0,1,0.0,1,-0.1968377472759403,1,Medium Poverty
179005,0,1,1,0.0,1,0.0,1,0.05449653959997964,1,Medium Poverty
179005,0,1,2,0.0,1,1.0,1,1.8138365477314193,0,Low Poverty (Wealthy)
179005,0,0,2,0.0,1,0.0,1,-0.1968377472759403,1,Medium Poverty
179006,0,1,0,0.0,1,0.0,1,-0.6995063210277802,2,High Poverty (Poorest)
179006,0,1,0,0.0,1,0.0,0,-1.20217489477962,2,High Poverty (Poorest)
179006,0,0,1,0.0,1,1.0,1,0.05449653959997964,1,Medium Poverty
179006,0,0,0,0.0,1,0.0,1,-1.70484346853146,2,High Poverty (Poorest)
179006,0,1,2,0.0,1,0.0,1,0.8084994002277395,0,Low Poverty (Wealthy)
179006,0,0,1,0.0,1,0.0,1,-0.9508406079037002,2,High Poverty (Poorest)
179006,0,1,1,0.0,1,1.0,1,1.0598336871036593,0,Low Poverty (Wealthy)
179006,0,1,0,0.0,1,0.0,1,-0.6995063210277802,2,High Poverty (Poorest)
179008,0,1,1,0.0,1,0.0,1,0.05449653959997964,1,Medium Poverty
179008,0,0,0,0.0,1,0.0,1,-1.70484346853146,2,High Poverty (Poorest)
179008,0,1,0,0.0,1,1.0,1,0.3058308264758996,0,Low Poverty (Wealthy)
179008,0,1,0,0.0,1,0.0,0,-1.20217489477962,2,High Poverty (Poorest)
179008,0,0,3,0.0,1,0.0,1,0.5571651133518195,0,Low Poverty (Wealthy)
179008,0,0,0,0.0,1,0.0,1,-1.70484346853146,2,High Poverty (Poorest)
179008,0,0,2,0.0,1,1.0,0,0.3058308264758996,0,Low Poverty (Wealthy)
179008,0,1,0,0.0,1,0.0,0,-1.20217489477962,2,High Poverty (Poorest)
179010,0,1,0,0.0,1,0.0,1,-0.6995063210277802,2,High Poverty (Poorest)
179010,0,0,1,0.0,1,0.0,1,-0.9508406079037002,2,High Poverty (Poorest)
179010,0,1,1,0.0,1,1.0,1,1.0598336871036593,0,Low Poverty (Wealthy)
179010,0,0,3,0.0,1,0.0,0,0.05449653959997964,1,Medium Poverty
179010,0,1,3,0.0,1,0.0,0,1.0598336871036593,0,Low Poverty (Wealthy)
179010,0,1,2,0.0,1,0.0,1,0.8084994002277395,0,Low Poverty (Wealthy)
179010,0,1,2,0.0,1,1.0,0,1.3111679739795794,0,Low Poverty (Wealthy)
179010,0,1,1,0.0,1,0.0,0,-0.44817203415186024,1,Medium Poverty
179011,0,1,1,0.0,1,0.0,0,-0.44817203415186024,1,Medium Poverty
179011,0,1,3,0.0,1,0.0,0,1.0598336871036593,0,Low Poverty (Wealthy)
179011,0,1,2,0.0,1,1.0,0,1.3111679739795794,0,Low Poverty (Wealthy)
179011,0,1,2,0.0,1,0.0,1,0.8084994002277395,0,Low Poverty (Wealthy)
179011,0,0,1,0.0,1,0.0,0,-1.45350918165554,2,High Poverty (Poorest)
179011,0,0,0,0.0,1,0.0,1,-1.70484346853146,2,High Poverty (Poorest)
179011,0,0,3,0.0,1,1.0,1,1.5625022608554993,0,Low Poverty (Wealthy)
179011,0,1,1,0.0,1,0.0,1,0.05449653959997964,1,Medium Poverty
179012,0,1,1,0.0,1,0.0,1,0.05449653959997964,1,Medium Poverty
179012,0,1,0,0.0,1,0.0,1,-0.6995063210277802,2,High Poverty (Poorest)
179012,0,0,2,0.0,1,1.0,1,0.8084994002277395,0,Low Poverty (Wealthy)
179012,0,1,0,0.0,1,0.0,1,-0.6995063210277802,2,High Poverty (Poorest)
179012,0,1,2,0.0,1,0.0,1,0.8084994002277395,0,Low Poverty (Wealthy)
179012,0,1,0,0.0,1,0.0,1,-0.6995063210277802,2,High Poverty (Poorest)
179012,0,1,3,0.0,1,1.0,1,2.567839408359179,0,Low Poverty (Wealthy)
179012,0,1,2,0.0,1,0.0,0,0.3058308264758996,0,Low Poverty (Wealthy)
179013,0,0,0,0.0,1,0.0,1,-1.70484346853146,2,High Poverty (Poorest)
179013,0,1,2,0.0,1,0.0,1,0.8084994002277395,0,Low Poverty (Wealthy)
179013,0,0,1,0.0,1,0.0,1,-0.9508406079037002,2,High Poverty (Poorest)
179015,0,1,0,0.0,1,0.0,0,-1.20217489477962,2,High Poverty (Poorest)
179015,0,1,3,0.0,1,0.0,0,1.0598336871036593,0,Low Poverty (Wealthy)
179015,0,1,1,0.0,1,0.0,1,0.05449653959997964,1,Medium Poverty
179017,0,0,1,0.0,1,0.0,0,-1.45350918165554,2,High Poverty (Poorest)
179017,0,1,0,0.0,1,0.0,1,-0.6995063210277802,2,High Poverty (Poorest)
179017,0,1,1,0.0,1,0.0,1,0.05449653959997964,1,Medium Poverty
179018,0,0,3,0.0,1,0.0,1,0.5571651133518195,0,Low Poverty (Wealthy)
179018,0,1,1,0.0,1,0.0,1,0.05449653959997964,1,Medium Poverty
179018,0,1,3,0.0,1,0.0,1,1.5625022608554993,0,Low Poverty (Wealthy)
179019,0,1,3,0.0,1,0.0,1,1.5625022608554993,0,Low Poverty (Wealthy)
179019,0,1,0,0.0,1,0.0,1,-0.6995063210277802,2,High Poverty (Poorest)
179019,0,0,0,0.0,1,0.0,1,-1.70484346853146,2,High Poverty (Poorest)
179020,0,1,3,0.0,1,0.0,1,1.5625022608554993,0,Low Poverty (Wealthy)
179020,0,0,1,0.0,1,0.0,1,-0.9508406079037002,2,High Poverty (Poorest)
179020,0,1,0,0.0,1,0.0,1,-0.6995063210277802,2,High Poverty (Poorest)
179021,0,1,1,0.0,1,0.0,0,-0.44817203415186024,1,Medium Poverty
179021,0,1,2,0.0,1,0.0,0,0.3058308264758996,0,Low Poverty (Wealthy)
179021,0,0,2,0.0,1,0.0,1,-0.1968377472759403,1,Medium Poverty
179022,0,1,0,0.0,1,0.0,0,-1.20217489477962,2,High Poverty (Poorest)
179022,0,1,0,0.0,1,0.0,1,-0.6995063210277802,2,High Poverty (Poorest)
179022,0,1,3,0.0,1,0.0,0,1.0598336871036593,0,Low Poverty (Wealthy)
179023,0,1,2,0.0,1,0.0,1,0.8084994002277395,0,Low Poverty (Wealthy)
179023,0,1,2,0.0,1,0.0,0,0.3058308264758996,0,Low Poverty (Wealthy)
179023,0,1,2,0.0,1,0.0,1,0.8084994002277395,0,Low Poverty (Wealthy)
179024,0,1,1,0.0,1,0.0,0,-0.44817203415186024,1,Medium Poverty
179024,0,0,2,0.0,1,0.0,1,-0.1968377472759403,1,Medium Poverty
179024,0,0,1,0.0,1,0.0,0,-1.45350918165554,2,High Poverty (Poorest)
179025,0,1,1,0.0,1,0.0,0,-0.44817203415186024,1,Medium Poverty
179025,0,1,2,0.0,1,0.0,1,0.8084994002277395,0,Low Poverty (Wealthy)
179026,0,1,1,0.0,1,0.0,0,-0.44817203415186024,1,Medium Poverty
179026,0,1,3,0.0,1,0.0,0,1.0598336871036593,0,Low Poverty (Wealthy)
179028,0,0,1,0.0,1,0.0,1,-0.9508406079037002,2,High Poverty (Poorest)
179028,0,1,3,0.0,1,0.0,0,1.0598336871036593,0,Low Poverty (Wealthy)
179030,0,0,3,0.0,1,0.0,1,0.5571651133518195,0,Low Poverty (Wealthy)
179030,0,0,1,0.0,1,0.0,0,-1.45350918165554,2,High Poverty (Poorest)
179031,0,1,2,0.0,1,0.0,0,0.3058308264758996,0,Low Poverty (Wealthy)
179031,0,0,1,0.0,1,0.0,1,-0.9508406079037002,2,High Poverty (Poorest)
179032,0,1,3,0.0,1,0.0,0,1.0598336871036593,0,Low Poverty (Wealthy)
179032,0,0,1,0.0,1,0.0,1,-0.9508406079037002,2,High Poverty (Poorest)
179033,0,1,2,0.0,1,0.0,1,0.8084994002277395,0,Low Poverty (Wealthy)
179033,0,1,1,0.0,1,0.0,0,-0.44817203415186024,1,Medium Poverty
179034,0,0,1,0.0,1,0.0,1,-0.9508406079037002,2,High Poverty (Poorest)
179034,0,1,0,0.0,1,0.0,0,-1.20217489477962,2,High Poverty (Poorest)
179035,0,1,1,0.0,1,0.0,0,-0.44817203415186024,1,Medium Poverty
179035,0,1,2,0.0,1,0.0,0,0.3058308264758996,0,Low Poverty (Wealthy)
179036,0,0,2,0.0,1,0.0,1,-0.1968377472759403,1,Medium Poverty
179036,0,1,2,0.0,1,0.0,1,0.8084994002277395,0,Low Poverty (Wealthy)
179037,0,1,1,0.0,1,0.0,0,-0.44817203415186024,1,Medium Poverty
179039,0,1,1,0.0,1,0.0,1,0.05449653959997964,1,Medium Poverty
179041,0,1,0,0.0,1,0.0,1,-0.6995063210277802,2,High Poverty (Poorest)
179042,0,1,2,0.0,1,0.0,0,0.3058308264758996,0,Low Poverty (Wealthy)
179043,0,1,3,0.0,1,0.0,1,1.5625022608554993,0,Low Poverty (Wealthy)
179044,0,1,1,0.0,1,0.0,1,0.05449653959997964,1,Medium Poverty
179045,0,1,0,0.0,1,0.0,0,-1.20217489477962,2,High Poverty (Poorest)
179046,0,1,0,0.0,1,0.0,0,-1.20217489477962,2,High Poverty (Poorest)
179047,0,1,2,0.0,1,0.0,1,0.8084994002277395,0,Low Poverty (Wealthy)
179048,0,1,2,0.0,1,0.0,1,0.8084994002277395,0,Low Poverty (Wealthy)
179049,0,1,2,0.0,1,0.0,1,0.8084994002277395,0,Low Poverty (Wealthy)
179049,0,0,1,0.0,1,0.0,0,-1.45350918165554,2,High Poverty (Poorest)
179050,0,1,2,0.0,1,0.0,1,0.8084994002277395,0,Low Poverty (Wealthy)
179050,0,1,2,0.0,1,0.0,1,0.8084994002277395,0,Low Poverty (Wealthy)
179053,0,1,1,0.0,1,0.0,1,0.05449653959997964,1,Medium Poverty
179053,0,1,1,0.0,1,0.0,0,-0.44817203415186024,1,Medium Poverty
179054,0,1,0,0.0,1,0.0,1,-0.6995063210277802,2,High Poverty (Poorest)
179054,0,1,1,0.0,1,0.0,0,-0.44817203415186024,1,Medium Poverty
179055,0,0,3,0.0,1,0.0,1,0.5571651133518195,0,Low Poverty (Wealthy)
179055,0,1,1,0.0,1,0.0,1,0.05449653959997964,1,Medium Poverty
179056,0,1,2,0.0,1,0.0,1,0.8084994002277395,0,Low Poverty (Wealthy)
179056,0,1,2,0.0,1,0.0,0,0.3058308264758996,0,Low Poverty (Wealthy)
179058,0,0,0,0.0,1,0.0,1,-1.70484346853146,2,High Poverty (Poorest)
179058,0,1,2,0.0,1,0.0,1,0.8084994002277395,0,Low Poverty (Wealthy)
179059,0,0,1,0.0,1,0.0,1,-0.9508406079037002,2,High Poverty (Poorest)
179059,0,0,1,0.0,1,0.0,1,-0.9508406079037002,2,High Poverty (Poorest)
179060,0,0,0,0.0,1,0.0,0,-2.2075120422833,2,High Poverty (Poorest)
179060,0,0,1,0.0,1,0.0,1,-0.9508406079037002,2,High Poverty (Poorest)
179061,0,1,0,0.0,1,1.0,1,0.3058308264758996,0,Low Poverty (Wealthy)
179061,0,1,0,0.0,1,0.0,1,-0.6995063210277802,2,High Poverty (Poorest)
179062,0,1,1,0.0,1,0.0,1,0.05449653959997964,1,Medium Poverty
179063,0,1,1,0.0,1,1.0,1,1.0598336871036593,0,Low Poverty (Wealthy)
179063,0,0,3,0.0,1,0.0,1,0.5571651133518195,0,Low Poverty (Wealthy)
179064,0,1,1,0.0,1,1.0,0,0.5571651133518195,0,Low Poverty (Wealthy)
179064,0,1,2,0.0,1,0.0,1,0.8084994002277395,0,Low Poverty (Wealthy)
179065,0,1,1,0.0,1,1.0,1,1.0598336871036593,0,Low Poverty (Wealthy)
179065,0,1,2,0.0,1,0.0,1,0.8084994002277395,0,Low Poverty (Wealthy)
179067,0,1,1,0.0,1,1.0,1,1.0598336871036593,0,Low Poverty (Wealthy)
179067,0,0,3,0.0,1,0.0,0,0.05449653959997964,1,Medium Poverty
179068,0,1,1,0.0,1,1.0,1,1.0598336871036593,0,Low Poverty (Wealthy)
179068,0,0,2,0.0,1,0.0,0,-0.6995063210277802,2,High Poverty (Poorest)
179069,0,1,1,0.0,1,1.0,0,0.5571651133518195,0,Low Poverty (Wealthy)
179069,0,1,0,0.0,1,0.0,0,-1.20217489477962,2,High Poverty (Poorest)
179070,0,1,2,0.0,1,1.0,1,1.8138365477314193,0,Low Poverty (Wealthy)
179070,0,0,0,0.0,1,0.0,1,-1.70484346853146,2,High Poverty (Poorest)
179072,0,1,1,0.0,1,1.0,0,0.5571651133518195,0,Low Poverty (Wealthy)
179072,0,0,0,0.0,1,0.0,1,-1.70484346853146,2,High Poverty (Poorest)
179073,0,1,2,0.0,1,0.0,1,0.8084994002277395,0,Low Poverty (Wealthy)
179074,0,0,3,0.0,1,0.0,1,0.5571651133518195,0,Low Poverty (Wealthy)
179075,0,0,1,0.0,1,0.0,1,-0.9508406079037002,2,High Poverty (Poorest)
179076,0,1,2,0.0,1,0.0,1,0.8084994002277395,0,Low Poverty (Wealthy)
179077,0,1,1,0.0,1,0.0,0,-0.44817203415186024,1,Medium Poverty
179079,0,0,1,0.0,1,0.0,1,-0.9508406079037002,2,High Poverty (Poorest)
179080,0,0,3,0.0,1,0.0,1,0.5571651133518195,0,Low Poverty (Wealthy)
179081,0,1,3,0.0,1,0.0,1,1.5625022608554993,0,Low Poverty (Wealthy)
179082,0,1,2,0.0,1,0.0,0,0.3058308264758996,0,Low Poverty (Wealthy)
179084,0,1,1,0.0,1,0.0,1,0.05449653959997964,1,Medium Poverty
179085,0,0,1,0.0,1,0.0,1,-0.9508406079037002,2,High Poverty (Poorest)
179085,0,1,1,0.0,1,0.0,0,-0.44817203415186024,1,Medium Poverty
179085,0,0,1,0.0,1,1.0,1,0.05449653959997964,1,Medium Poverty
179086,0,0,1,0.0,1,0.0,1,-0.9508406079037002,2,High Poverty (Poorest)
179086,0,1,2,0.0,1,0.0,1,0.8084994002277395,0,Low Poverty (Wealthy)
179086,0,1,3,0.0,1,1.0,1,2.567839408359179,0,Low Poverty (Wealthy)
179087,0,0,1,0.0,1,0.0,0,-1.45350918165554,2,High Poverty (Poorest)
179087,0,0,0,0.0,1,0.0,1,-1.70484346853146,2,High Poverty (Poorest)
179087,0,0,3,0.0,1,1.0,1,1.5625022608554993,0,Low Poverty (Wealthy)
179089,0,1,0,0.0,1,0.0,1,-0.6995063210277802,2,High Poverty (Poorest)
179089,0,1,2,0.0,1,0.0,1,0.8084994002277395,0,Low Poverty (Wealthy)
179089,0,0,0,0.0,1,1.0,0,-1.20217489477962,2,High Poverty (Poorest)
179091,0,0,1,0.0,1,0.0,1,-0.9508406079037002,2,High Poverty (Poorest)
179091,0,1,3,0.0,1,0.0,1,1.5625022608554993,0,Low Poverty (Wealthy)
179091,0,1,0,0.0,1,1.0,0,-0.1968377472759403,1,Medium Poverty
179092,0,1,1,0.0,1,0.0,1,0.05449653959997964,1,Medium Poverty
179092,0,0,1,0.0,1,0.0,1,-0.9508406079037002,2,High Poverty (Poorest)
179092,0,0,3,0.0,1,1.0,1,1.5625022608554993,0,Low Poverty (Wealthy)
179093,0,1,3,0.0,1,0.0,0,1.0598336871036593,0,Low Poverty (Wealthy)
179093,0,1,1,0.0,1,0.0,1,0.05449653959997964,1,Medium Poverty
179093,0,0,0,0.0,1,1.0,1,-0.6995063210277802,2,High Poverty (Poorest)
179095,0,1,2,0.0,1,0.0,0,0.3058308264758996,0,Low Poverty (Wealthy)
179095,0,0,1,0.0,1,0.0,1,-0.9508406079037002,2,High Poverty (Poorest)
179095,0,1,2,0.0,1,1.0,0,1.3111679739795794,0,Low Poverty (Wealthy)
179096,0,0,0,0.0,1,0.0,1,-1.70484346853146,2,High Poverty (Poorest)
179096,0,0,0,0.0,1,0.0,0,-2.2075120422833,2,High Poverty (Poorest)
179096,0,1,2,0.0,1,1.0,0,1.3111679739795794,0,Low Poverty (Wealthy)
179097,0,1,1,0.0,1,0.0,0,-0.44817203415186024,1,Medium Poverty
179098,0,1,3,0.0,1,0.0,1,1.5625022608554993,0,Low Poverty (Wealthy)
179100,0,1,0,0.0,1,0.0,1,-0.6995063210277802,2,High Poverty (Poorest)
179101,0,0,1,0.0,1,0.0,1,-0.9508406079037002,2,High Poverty (Poorest)
179102,0,1,3,0.0,1,0.0,0,1.0598336871036593,0,Low Poverty (Wealthy)
179103,0,0,1,0.0,1,0.0,1,-0.9508406079037002,2,High Poverty (Poorest)
179104,0,1,2,0.0,1,0.0,1,0.8084994002277395,0,Low Poverty (Wealthy)
179105,0,1,0,0.0,1,0.0,0,-1.20217489477962,2,High Poverty (Poorest)
179106,0,1,2,0.0,1,0.0,1,0.8084994002277395,0,Low Poverty (Wealthy)
179108,0,0,2,0.0,1,0.0,1,-0.1968377472759403,1,Medium Poverty
179124,0,1,1,0.0,1,0.0,1,0.05449653959997964,1,Medium Poverty
179124,0,1,2,0.0,1,0.0,0,0.3058308264758996,0,Low Poverty (Wealthy)
179124,0,1,2,0.0,1,1.0,0,1.3111679739795794,0,Low Poverty (Wealthy)
180001,0,0,1,0.0,1,0.0,1,-0.9508406079037002,2,High Poverty (Poorest)
180002,0,0,2,0.0,1,0.0,1,-0.1968377472759403,1,Medium Poverty
180003,0,1,2,0.0,1,0.0,0,0.3058308264758996,0,Low Poverty (Wealthy)
180004,0,1,0,0.0,1,0.0,0,-1.20217489477962,2,High Poverty (Poorest)
180005,0,0,1,0.0,1,0.0,1,-0.9508406079037002,2,High Poverty (Poorest)
180006,0,1,1,0.0,1,0.0,1,0.05449653959997964,1,Medium Poverty
180007,0,0,1,0.0,1,0.0,1,-0.9508406079037002,2,High Poverty (Poorest)
180008,0,1,2,0.0,1,0.0,0,0.3058308264758996,0,Low Poverty (Wealthy)
180009,0,0,1,0.0,1,0.0,1,-0.9508406079037002,2,High Poverty (Poorest)
180031,0,0,3,0.0,1,0.0,0,0.05449653959997964,1,Medium Poverty
180032,0,1,1,0.0,1,0.0,0,-0.44817203415186024,1,Medium Poverty
180033,0,0,1,0.0,1,0.0,0,-1.45350918165554,2,High Poverty (Poorest)
180034,0,1,2,0.0,1,0.0,1,0.8084994002277395,0,Low Poverty (Wealthy)
180035,0,1,1,0.0,1,0.0,1,0.05449653959997964,1,Medium Poverty
180036,0,0,1,0.0,1,0.0,1,-0.9508406079037002,2,High Poverty (Poorest)
180037,0,1,0,0.0,1,0.0,0,-1.20217489477962,2,High Poverty (Poorest)
180038,0,1,1,0.0,1,0.0,0,-0.44817203415186024,1,Medium Poverty
180039,0,0,1,0.0,1,0.0,0,-1.45350918165554,2,High Poverty (Poorest)
180040,0,1,3,0.0,1,0.0,0,1.0598336871036593,0,Low Poverty (Wealthy)
180041,0,1,1,0.0,1,1.0,1,1.0598336871036593,0,Low Poverty (Wealthy)
180041,0,1,3,0.0,1,0.0,0,1.0598336871036593,0,Low Poverty (Wealthy)
180042,0,0,2,0.0,1,1.0,0,0.3058308264758996,0,Low Poverty (Wealthy)
180042,0,0,1,0.0,1,0.0,0,-1.45350918165554,2,High Poverty (Poorest)
180043,0,0,1,0.0,1,1.0,0,-0.44817203415186024,1,Medium Poverty
180043,0,1,2,0.0,1,0.0,1,0.8084994002277395,0,Low Poverty (Wealthy)
180044,0,1,3,0.0,1,1.0,1,2.567839408359179,0,Low Poverty (Wealthy)
180044,0,1,0,0.0,1,0.0,1,-0.6995063210277802,2,High Poverty (Poorest)
180045,0,0,1,0.0,1,1.0,1,0.05449653959997964,1,Medium Poverty
180045,0,0,1,0.0,1,0.0,0,-1.45350918165554,2,High Poverty (Poorest)
180046,0,1,0,0.0,1,1.0,0,-0.1968377472759403,1,Medium Poverty
180046,0,1,2,0.0,1,0.0,1,0.8084994002277395,0,Low Poverty (Wealthy)
180047,0,0,3,0.0,1,1.0,1,1.5625022608554993,0,Low Poverty (Wealthy)
180047,0,1,1,0.0,1,0.0,0,-0.44817203415186024,1,Medium Poverty
180049,0,0,2,0.0,1,1.0,0,0.3058308264758996,0,Low Poverty (Wealthy)
180049,0,1,2,0.0,1,0.0,0,0.3058308264758996,0,Low Poverty (Wealthy)
180050,0,1,1,0.0,1,1.0,0,0.5571651133518195,0,Low Poverty (Wealthy)
180050,0,0,0,0.0,1,0.0,0,-2.2075120422833,2,High Poverty (Poorest)
180091,0,0,2,0.0,1,0.0,0,-0.6995063210277802,2,High Poverty (Poorest)
180091,0,1,3,0.0,1,0.0,1,1.5625022608554993,0,Low Poverty (Wealthy)
180091,0,0,2,0.0,1,0.0,0,-0.6995063210277802,2,High Poverty (Poorest)
180092,0,1,0,0.0,1,0.0,0,-1.20217489477962,2,High Poverty (Poorest)
180092,0,1,1,0.0,1,0.0,1,0.05449653959997964,1,Medium Poverty
180092,0,1,0,0.0,1,0.0,1,-0.6995063210277802,2,High Poverty (Poorest)
180093,0,1,2,0.0,1,0.0,1,0.8084994002277395,0,Low Poverty (Wealthy)
180093,0,1,2,0.0,1,0.0,0,0.3058308264758996,0,Low Poverty (Wealthy)
180093,0,0,0,0.0,1,0.0,1,-1.70484346853146,2,High Poverty (Poorest)
180094,0,1,2,0.0,1,0.0,0,0.3058308264758996,0,Low Poverty (Wealthy)
180094,0,1,2,0.0,1,0.0,1,0.8084994002277395,0,Low Poverty (Wealthy)
180094,0,1,2,0.0,1,0.0,0,0.3058308264758996,0,Low Poverty (Wealthy)
180095,0,0,3,0.0,1,0.0,0,0.05449653959997964,1,Medium Poverty
180095,0,0,0,0.0,1,0.0,1,-1.70484346853146,2,High Poverty (Poorest)
180095,0,1,3,0.0,1,0.0,1,1.5625022608554993,0,Low Poverty (Wealthy)
180096,0,0,0,0.0,1,0.0,1,-1.70484346853146,2,High Poverty (Poorest)
180096,0,1,1,0.0,1,0.0,0,-0.44817203415186024,1,Medium Poverty
180096,0,1,3,0.0,1,0.0,0,1.0598336871036593,0,Low Poverty (Wealthy)
180097,0,1,3,0.0,1,0.0,1,1.5625022608554993,0,Low Poverty (Wealthy)
180097,0,1,1,0.0,1,0.0,1,0.05449653959997964,1,Medium Poverty
180097,0,1,2,0.0,1,0.0,1,0.8084994002277395,0,Low Poverty (Wealthy)
180098,0,1,2,0.0,1,0.0,1,0.8084994002277395,0,Low Poverty (Wealthy)
180098,0,0,2,0.0,1,0.0,0,-0.6995063210277802,2,High Poverty (Poorest)
180098,0,1,0,0.0,1,0.0,1,-0.6995063210277802,2,High Poverty (Poorest)
180099,0,1,2,0.0,1,0.0,0,0.3058308264758996,0,Low Poverty (Wealthy)
180099,0,1,1,0.0,1,0.0,0,-0.44817203415186024,1,Medium Poverty
180099,0,1,1,0.0,1,0.0,1,0.05449653959997964,1,Medium Poverty
180100,0,0,1,0.0,1,0.0,1,-0.9508406079037002,2,High Poverty (Poorest)
180100,0,1,1,0.0,1,0.0,0,-0.44817203415186024,1,Medium Poverty
180100,0,1,3,0.0,1,0.0,0,1.0598336871036593,0,Low Poverty (Wealthy)
189003,0,0,1,0.0,1,1.0,1,0.05449653959997964,1,Medium Poverty
189003,0,1,3,0.0,1,0.0,1,1.5625022608554993,0,Low Poverty (Wealthy)
189005,0,1,0,0.0,1,1.0,0,-0.1968377472759403,1,Medium Poverty
189005,0,1,2,0.0,1,0.0,0,0.3058308264758996,0,Low Poverty (Wealthy)
189006,0,1,2,0.0,1,1.0,0,1.3111679739795794,0,Low Poverty (Wealthy)
189006,0,1,2,0.0,1,0.0,1,0.8084994002277395,0,Low Poverty (Wealthy)
189007,0,0,2,0.0,1,1.0,1,0.8084994002277395,0,Low Poverty (Wealthy)
189007,0,1,2,0.0,1,0.0,1,0.8084994002277395,0,Low Poverty (Wealthy)
189009,0,0,3,0.0,1,1.0,1,1.5625022608554993,0,Low Poverty (Wealthy)
189009,0,1,2,0.0,1,0.0,1,0.8084994002277395,0,Low Poverty (Wealthy)
189010,0,1,0,0.0,1,1.0,0,-0.1968377472759403,1,Medium Poverty
189010,0,0,2,0.0,1,0.0,0,-0.6995063210277802,2,High Poverty (Poorest)
189011,0,0,1,0.0,1,1.0,1,0.05449653959997964,1,Medium Poverty
189011,0,1,1,0.0,1,0.0,1,0.05449653959997964,1,Medium Poverty
189012,0,0,3,0.0,1,1.0,1,1.5625022608554993,0,Low Poverty (Wealthy)
189012,0,1,1,0.0,1,0.0,1,0.05449653959997964,1,Medium Poverty
189014,0,0,2,0.0,1,0.0,1,-0.1968377472759403,1,Medium Poverty
189015,0,0,1,0.0,1,0.0,0,-1.45350918165554,2,High Poverty (Poorest)
189016,0,1,0,0.0,1,0.0,0,-1.20217489477962,2,High Poverty (Poorest)
189017,0,1,1,0.0,1,0.0,0,-0.44817203415186024,1,Medium Poverty
189018,0,1,0,0.0,1,0.0,0,-1.20217489477962,2,High Poverty (Poorest)
189019,0,0,2,0.0,1,0.0,1,-0.1968377472759403,1,Medium Poverty
189020,0,1,1,0.0,1,0.0,0,-0.44817203415186024,1,Medium Poverty
189021,0,1,1,0.0,1,0.0,0,-0.44817203415186024,1,Medium Poverty
189023,0,1,0,0.0,1,0.0,1,-0.6995063210277802,2,High Poverty (Poorest)
189024,0,1,1,0.0,1,0.0,0,-0.44817203415186024,1,Medium Poverty
189025,0,1,2,0.0,1,0.0,1,0.8084994002277395,0,Low Poverty (Wealthy)
189028,0,1,0,0.0,1,0.0,1,-0.6995063210277802,2,High Poverty (Poorest)
189029,0,0,2,0.0,1,0.0,1,-0.1968377472759403,1,Medium Poverty
189031,0,1,3,0.0,1,0.0,1,1.5625022608554993,0,Low Poverty (Wealthy)
189032,0,0,2,0.0,1,0.0,0,-0.6995063210277802,2,High Poverty (Poorest)
189033,0,1,2,0.0,1,0.0,0,0.3058308264758996,0,Low Poverty (Wealthy)
189034,0,0,0,0.0,1,0.0,1,-1.70484346853146,2,High Poverty (Poorest)
189035,0,1,1,0.0,1,0.0,1,0.05449653959997964,1,Medium Poverty
189036,0,1,3,0.0,1,0.0,1,1.5625022608554993,0,Low Poverty (Wealthy)
189037,0,0,2,0.0,1,0.0,0,-0.6995063210277802,2,High Poverty (Poorest)
189037,0,0,2,0.0,1,0.0,1,-0.1968377472759403,1,Medium Poverty
189038,0,0,2,0.0,1,0.0,1,-0.1968377472759403,1,Medium Poverty
189038,0,1,1,0.0,1,0.0,1,0.05449653959997964,1,Medium Poverty
189039,0,1,0,0.0,1,0.0,0,-1.20217489477962,2,High Poverty (Poorest)
189039,0,0,2,0.0,1,0.0,1,-0.1968377472759403,1,Medium Poverty
189040,0,1,2,0.0,1,0.0,1,0.8084994002277395,0,Low Poverty (Wealthy)
189040,0,0,1,0.0,1,0.0,1,-0.9508406079037002,2,High Poverty (Poorest)
189041,0,1,3,0.0,1,0.0,0,1.0598336871036593,0,Low Poverty (Wealthy)
189041,0,1,1,0.0,1,0.0,1,0.05449653959997964,1,Medium Poverty
189042,0,0,1,0.0,1,0.0,0,-1.45350918165554,2,High Poverty (Poorest)
189042,0,1,3,0.0,1,0.0,0,1.0598336871036593,0,Low Poverty (Wealthy)
189043,0,0,2,0.0,1,0.0,1,-0.1968377472759403,1,Medium Poverty
189043,0,0,1,0.0,1,0.0,0,-1.45350918165554,2,High Poverty (Poorest)
189045,0,0,0,0.0,1,0.0,1,-1.70484346853146,2,High Poverty (Poorest)
189045,0,0,1,0.0,1,0.0,1,-0.9508406079037002,2,High Poverty (Poorest)
189047,0,1,2,0.0,1,0.0,0,0.3058308264758996,0,Low Poverty (Wealthy)
189047,0,1,1,0.0,1,0.0,1,0.05449653959997964,1,Medium Poverty
189048,0,1,2,0.0,1,0.0,1,0.8084994002277395,0,Low Poverty (Wealthy)
189048,0,0,3,0.0,1,0.0,0,0.05449653959997964,1,Medium Poverty
189049,0,0,2,0.0,1,0.0,1,-0.1968377472759403,1,Medium Poverty
189051,0,1,1,0.0,1,0.0,0,-0.44817203415186024,1,Medium Poverty
189052,0,1,2,0.0,1,0.0,1,0.8084994002277395,0,Low Poverty (Wealthy)
189053,0,0,1,0.0,1,0.0,0,-1.45350918165554,2,High Poverty (Poorest)
189054,0,1,0,0.0,1,0.0,0,-1.20217489477962,2,High Poverty (Poorest)
189055,0,1,0,0.0,1,0.0,0,-1.20217489477962,2,High Poverty (Poorest)
189056,0,1,1,0.0,1,0.0,1,0.05449653959997964,1,Medium Poverty
189057,0,1,3,0.0,1,0.0,1,1.5625022608554993,0,Low Poverty (Wealthy)
189058,0,0,1,0.0,1,0.0,1,-0.9508406079037002,2,High Poverty (Poorest)
189060,0,0,1,0.0,1,0.0,0,-1.45350918165554,2,High Poverty (Poorest)
189062,0,1,3,0.0,1,0.0,1,1.5625022608554993,0,Low Poverty (Wealthy)
189064,0,0,0,0.0,1,0.0,0,-2.2075120422833,2,High Poverty (Poorest)
189065,0,1,2,0.0,1,0.0,0,0.3058308264758996,0,Low Poverty (Wealthy)
189066,0,1,1,0.0,1,0.0,1,0.05449653959997964,1,Medium Poverty
189067,0,0,0,0.0,1,0.0,0,-2.2075120422833,2,High Poverty (Poorest)
189068,0,1,3,0.0,1,0.0,0,1.0598336871036593,0,Low Poverty (Wealthy)
189069,0,0,0,0.0,1,0.0,1,-1.70484346853146,2,High Poverty (Poorest)
189070,0,1,2,0.0,1,0.0,1,0.8084994002277395,0,Low Poverty (Wealthy)
189071,0,1,1,0.0,1,0.0,0,-0.44817203415186024,1,Medium Poverty
189072,0,1,0,0.0,1,0.0,0,-1.20217489477962,2,High Poverty (Poorest)
189073,0,1,0,0.0,1,0.0,0,-1.20217489477962,2,High Poverty (Poorest)
189074,0,1,0,0.0,1,0.0,1,-0.6995063210277802,2,High Poverty (Poorest)
189075,0,1,0,0.0,1,0.0,1,-0.6995063210277802,2,High Poverty (Poorest)
189076,0,1,2,0.0,1,0.0,1,0.8084994002277395,0,Low Poverty (Wealthy)
189077,0,0,1,0.0,1,0.0,1,-0.9508406079037002,2,High Poverty (Poorest)
189078,0,0,1,0.0,1,0.0,1,-0.9508406079037002,2,High Poverty (Poorest)
189079,0,0,1,0.0,1,0.0,1,-0.9508406079037002,2,High Poverty (Poorest)
189080,0,0,3,0.0,1,0.0,0,0.05449653959997964,1,Medium Poverty
189081,0,1,3,0.0,1,0.0,0,1.0598336871036593,0,Low Poverty (Wealthy)
189085,0,1,2,0.0,1,0.0,1,0.8084994002277395,0,Low Poverty (Wealthy)
189086,0,1,3,0.0,1,0.0,0,1.0598336871036593,0,Low Poverty (Wealthy)
189086,0,0,1,0.0,1,0.0,1,-0.9508406079037002,2,High Poverty (Poorest)
189087,0,1,1,0.0,1,0.0,0,-0.44817203415186024,1,Medium Poverty
189087,0,0,2,0.0,1,0.0,1,-0.1968377472759403,1,Medium Poverty
189089,0,1,2,0.0,1,0.0,0,0.3058308264758996,0,Low Poverty (Wealthy)
189089,0,1,1,0.0,1,0.0,0,-0.44817203415186024,1,Medium Poverty
189090,0,0,1,0.0,1,0.0,1,-0.9508406079037002,2,High Poverty (Poorest)
189090,0,0,3,0.0,1,0.0,1,0.5571651133518195,0,Low Poverty (Wealthy)
189091,0,0,2,0.0,1,0.0,1,-0.1968377472759403,1,Medium Poverty
189091,0,1,1,0.0,1,0.0,1,0.05449653959997964,1,Medium Poverty
189093,0,1,2,0.0,1,0.0,1,0.8084994002277395,0,Low Poverty (Wealthy)
189093,0,1,1,0.0,1,0.0,1,0.05449653959997964,1,Medium Poverty
189094,0,0,0,0.0,1,0.0,0,-2.2075120422833,2,High Poverty (Poorest)
189094,0,1,1,0.0,1,0.0,0,-0.44817203415186024,1,Medium Poverty
189095,0,1,1,0.0,1,0.0,0,-0.44817203415186024,1,Medium Poverty
189095,0,1,0,0.0,1,0.0,1,-0.6995063210277802,2,High Poverty (Poorest)
189096,0,0,2,0.0,1,0.0,0,-0.6995063210277802,2,High Poverty (Poorest)
189096,0,0,1,0.0,1,0.0,1,-0.9508406079037002,2,High Poverty (Poorest)
189097,0,1,2,0.0,1,0.0,1,0.8084994002277395,0,Low Poverty (Wealthy)
189099,0,1,0,0.0,1,0.0,1,-0.6995063210277802,2,High Poverty (Poorest)
189100,0,0,0,0.0,1,0.0,0,-2.2075120422833,2,High Poverty (Poorest)
189101,0,0,3,0.0,1,0.0,0,0.05449653959997964,1,Medium Poverty
189102,0,1,2,0.0,1,0.0,1,0.8084994002277395,0,Low Poverty (Wealthy)
189103,0,1,3,0.0,1,0.0,0,1.0598336871036593,0,Low Poverty (Wealthy)
189104,0,1,3,0.0,1,0.0,0,1.0598336871036593,0,Low Poverty (Wealthy)
189105,0,1,1,0.0,1,0.0,0,-0.44817203415186024,1,Medium Poverty
189106,0,1,1,0.0,1,0.0,0,-0.44817203415186024,1,Medium Poverty
189108,0,0,3,0.0,1,0.0,0,0.05449653959997964,1,Medium Poverty
189109,0,1,3,0.0,1,0.0,1,1.5625022608554993,0,Low Poverty (Wealthy)
189110,0,1,2,0.0,1,0.0,1,0.8084994002277395,0,Low Poverty (Wealthy)
189112,0,1,2,0.0,1,0.0,1,0.8084994002277395,0,Low Poverty (Wealthy)
189116,0,1,2,0.0,1,0.0,0,0.3058308264758996,0,Low Poverty (Wealthy)
189117,0,0,1,0.0,1,0.0,1,-0.9508406079037002,2,High Poverty (Poorest)
189118,0,0,2,0.0,1,0.0,1,-0.1968377472759403,1,Medium Poverty
189119,0,0,2,0.0,1,0.0,0,-0.6995063210277802,2,High Poverty (Poorest)
189120,0,0,2,0.0,1,0.0,0,-0.6995063210277802,2,High Poverty (Poorest)
189121,0,0,0,0.0,1,1.0,0,-1.20217489477962,2,High Poverty (Poorest)
189122,0,1,1,0.0,1,1.0,1,1.0598336871036593,0,Low Poverty (Wealthy)
189125,0,1,0,0.0,1,1.0,1,0.3058308264758996,0,Low Poverty (Wealthy)
189126,0,1,1,0.0,1,1.0,1,1.0598336871036593,0,Low Poverty (Wealthy)
189127,0,1,3,0.0,1,1.0,0,2.0651708346073394,0,Low Poverty (Wealthy)
189128,0,1,0,0.0,1,1.0,1,0.3058308264758996,0,Low Poverty (Wealthy)
189129,0,1,1,0.0,1,1.0,0,0.5571651133518195,0,Low Poverty (Wealthy)
189130,0,1,1,0.0,1,1.0,0,0.5571651133518195,0,Low Poverty (Wealthy)
189131,0,0,2,0.0,1,1.0,1,0.8084994002277395,0,Low Poverty (Wealthy)
189132,0,0,1,0.0,1,1.0,0,-0.44817203415186024,1,Medium Poverty
189133,0,1,1,0.0,1,0.0,1,0.05449653959997964,1,Medium Poverty
189134,0,1,0,0.0,1,0.0,1,-0.6995063210277802,2,High Poverty (Poorest)
189136,0,1,1,0.0,1,0.0,1,0.05449653959997964,1,Medium Poverty
189137,0,0,1,0.0,1,0.0,0,-1.45350918165554,2,High Poverty (Poorest)
189139,0,0,1,0.0,1,0.0,1,-0.9508406079037002,2,High Poverty (Poorest)
189140,0,1,3,0.0,1,0.0,1,1.5625022608554993,0,Low Poverty (Wealthy)
189141,0,0,1,0.0,1,0.0,1,-0.9508406079037002,2,High Poverty (Poorest)
189142,0,1,0,0.0,1,0.0,1,-0.6995063210277802,2,High Poverty (Poorest)
189143,0,1,2,0.0,1,0.0,1,0.8084994002277395,0,Low Poverty (Wealthy)
189144,0,1,1,0.0,1,0.0,1,0.05449653959997964,1,Medium Poverty
189147,0,1,2,0.0,1,1.0,0,1.3111679739795794,0,Low Poverty (Wealthy)
189148,0,1,1,0.0,1,1.0,1,1.0598336871036593,0,Low Poverty (Wealthy)
189150,0,1,2,0.0,1,1.0,1,1.8138365477314193,0,Low Poverty (Wealthy)
189151,0,1,2,0.0,1,1.0,1,1.8138365477314193,0,Low Poverty (Wealthy)
189152,0,1,3,0.0,1,1.0,1,2.567839408359179,0,Low Poverty (Wealthy)
189154,0,0,1,0.0,1,1.0,0,-0.44817203415186024,1,Medium Poverty
189155,0,0,1,0.0,1,1.0,1,0.05449653959997964,1,Medium Poverty
189156,0,0,1,0.0,1,1.0,1,0.05449653959997964,1,Medium Poverty
189157,0,1,3,0.0,1,0.0,0,1.0598336871036593,0,Low Poverty (Wealthy)
189158,0,1,3,0.0,1,0.0,0,1.0598336871036593,0,Low Poverty (Wealthy)
189159,0,1,0,0.0,1,0.0,1,-0.6995063210277802,2,High Poverty (Poorest)
189160,0,0,0,0.0,1,0.0,0,-2.2075120422833,2,High Poverty (Poorest)
189161,0,0,1,0.0,1,0.0,0,-1.45350918165554,2,High Poverty (Poorest)
189162,0,1,0,0.0,1,0.0,0,-1.20217489477962,2,High Poverty (Poorest)
189164,0,0,1,0.0,1,0.0,1,-0.9508406079037002,2,High Poverty (Poorest)
189165,0,1,0,0.0,1,0.0,0,-1.20217489477962,2,High Poverty (Poorest)
189167,0,1,2,0.0,1,0.0,1,0.8084994002277395,0,Low Poverty (Wealthy)
189168,0,1,3,0.0,1,0.0,1,1.5625022608554993,0,Low Poverty (Wealthy)
189169,0,0,3,0.0,1,0.0,1,0.5571651133518195,0,Low Poverty (Wealthy)
189169,0,0,1,0.0,1,0.0,1,-0.9508406079037002,2,High Poverty (Poorest)
189170,0,0,2,0.0,1,0.0,1,-0.1968377472759403,1,Medium Poverty
189170,0,1,3,0.0,1,0.0,1,1.5625022608554993,0,Low Poverty (Wealthy)
189171,0,1,0,0.0,1,0.0,0,-1.20217489477962,2,High Poverty (Poorest)
189171,0,0,2,0.0,1,0.0,1,-0.1968377472759403,1,Medium Poverty
189173,0,1,1,0.0,1,0.0,1,0.05449653959997964,1,Medium Poverty
189173,0,1,1,0.0,1,0.0,0,-0.44817203415186024,1,Medium Poverty
189174,0,0,1,0.0,1,0.0,1,-0.9508406079037002,2,High Poverty (Poorest)
189174,0,1,0,0.0,1,0.0,0,-1.20217489477962,2,High Poverty (Poorest)
189175,0,1,2,0.0,1,0.0,1,0.8084994002277395,0,Low Poverty (Wealthy)
189175,0,0,1,0.0,1,0.0,0,-1.45350918165554,2,High Poverty (Poorest)
189176,0,0,1,0.0,1,0.0,1,-0.9508406079037002,2,High Poverty (Poorest)
189176,0,1,0,0.0,1,0.0,0,-1.20217489477962,2,High Poverty (Poorest)
189178,0,1,3,0.0,1,0.0,0,1.0598336871036593,0,Low Poverty (Wealthy)
189178,0,1,1,0.0,1,0.0,1,0.05449653959997964,1,Medium Poverty
189179,0,1,2,0.0,1,0.0,1,0.8084994002277395,0,Low Poverty (Wealthy)
189179,0,1,2,0.0,1,0.0,1,0.8084994002277395,0,Low Poverty (Wealthy)
189180,0,1,1,0.0,1,0.0,0,-0.44817203415186024,1,Medium Poverty
189180,0,1,0,0.0,1,0.0,0,-1.20217489477962,2,High Poverty (Poorest)
189181,0,1,2,0.0,1,0.0,1,0.8084994002277395,0,Low Poverty (Wealthy)
189183,0,0,0,0.0,1,0.0,1,-1.70484346853146,2,High Poverty (Poorest)
189184,0,1,0,0.0,1,0.0,0,-1.20217489477962,2,High Poverty (Poorest)
189185,0,1,2,0.0,1,0.0,1,0.8084994002277395,0,Low Poverty (Wealthy)
189186,0,1,1,0.0,1,0.0,0,-0.44817203415186024,1,Medium Poverty
189187,0,1,1,0.0,1,0.0,0,-0.44817203415186024,1,Medium Poverty
189188,0,0,1,0.0,1,0.0,0,-1.45350918165554,2,High Poverty (Poorest)
189189,0,0,1,0.0,1,0.0,1,-0.9508406079037002,2,High Poverty (Poorest)
189191,0,0,2,0.0,1,0.0,1,-0.1968377472759403,1,Medium Poverty
189192,0,1,2,0.0,1,0.0,1,0.8084994002277395,0,Low Poverty (Wealthy)
189193,0,1,2,0.0,1,1.0,1,1.8138365477314193,0,Low Poverty (Wealthy)
189193,0,0,2,0.0,1,0.0,0,-0.6995063210277802,2,High Poverty (Poorest)
189194,0,1,1,0.0,1,1.0,1,1.0598336871036593,0,Low Poverty (Wealthy)
189194,0,1,1,0.0,1,0.0,1,0.05449653959997964,1,Medium Poverty
189195,0,1,1,0.0,1,1.0,1,1.0598336871036593,0,Low Poverty (Wealthy)
189195,0,1,1,0.0,1,0.0,0,-0.44817203415186024,1,Medium Poverty
189196,0,1,3,0.0,1,1.0,1,2.567839408359179,0,Low Poverty (Wealthy)
189196,0,1,2,0.0,1,0.0,1,0.8084994002277395,0,Low Poverty (Wealthy)
189197,0,0,0,0.0,1,1.0,1,-0.6995063210277802,2,High Poverty (Poorest)
189197,0,0,0,0.0,1,0.0,1,-1.70484346853146,2,High Poverty (Poorest)
189199,0,1,0,0.0,1,1.0,1,0.3058308264758996,0,Low Poverty (Wealthy)
189199,0,1,1,0.0,1,0.0,0,-0.44817203415186024,1,Medium Poverty
189200,0,1,0,0.0,1,1.0,1,0.3058308264758996,0,Low Poverty (Wealthy)
189200,0,0,1,0.0,1,0.0,1,-0.9508406079037002,2,High Poverty (Poorest)
189202,0,0,3,0.0,1,1.0,1,1.5625022608554993,0,Low Poverty (Wealthy)
189202,0,1,2,0.0,1,0.0,1,0.8084994002277395,0,Low Poverty (Wealthy)
189203,0,0,1,0.0,1,1.0,0,-0.44817203415186024,1,Medium Poverty
189203,0,1,1,0.0,1,0.0,1,0.05449653959997964,1,Medium Poverty
189204,0,1,1,0.0,1,1.0,0,0.5571651133518195,0,Low Poverty (Wealthy)
189204,0,1,2,0.0,1,0.0,0,0.3058308264758996,0,Low Poverty (Wealthy)
189205,0,1,2,0.0,1,0.0,1,0.8084994002277395,0,Low Poverty (Wealthy)
189206,0,1,3,0.0,1,0.0,0,1.0598336871036593,0,Low Poverty (Wealthy)
189207,0,0,1,0.0,1,0.0,0,-1.45350918165554,2,High Poverty (Poorest)
189209,0,1,2,0.0,1,1.0,0,1.3111679739795794,0,Low Poverty (Wealthy)
189210,0,1,0,0.0,1,0.0,1,-0.6995063210277802,2,High Poverty (Poorest)
189212,0,1,2,0.0,1,1.0,1,1.8138365477314193,0,Low Poverty (Wealthy)
189213,0,1,1,0.0,1,1.0,0,0.5571651133518195,0,Low Poverty (Wealthy)
189214,0,1,1,0.0,1,1.0,0,0.5571651133518195,0,Low Poverty (Wealthy)
189216,0,1,2,0.0,1,1.0,1,1.8138365477314193,0,Low Poverty (Wealthy)
189218,0,0,1,0.0,1,1.0,1,0.05449653959997964,1,Medium Poverty
189218,0,1,0,0.0,1,0.0,0,-1.20217489477962,2,High Poverty (Poorest)
189222,0,1,0,0.0,1,0.0,1,-0.6995063210277802,2,High Poverty (Poorest)
189235,0,1,0,0.0,1,0.0,1,-0.6995063210277802,2,High Poverty (Poorest)
189236,0,1,0,0.0,1,0.0,1,-0.6995063210277802,2,High Poverty (Poorest)
189242,0,0,0,0.0,1,1.0,1,-0.6995063210277802,2,High Poverty (Poorest)
189252,0,1,1,0.0,1,1.0,1,1.0598336871036593,0,Low Poverty (Wealthy)
190011,0,1,1,0.0,1,1.0,0,0.5571651133518195,0,Low Poverty (Wealthy)
190011,0,1,3,0.0,1,0.0,0,1.0598336871036593,0,Low Poverty (Wealthy)
190012,0,1,1,0.0,1,0.0,0,-0.44817203415186024,1,Medium Poverty
190013,0,0,0,0.0,1,1.0,1,-0.6995063210277802,2,High Poverty (Poorest)
190013,0,0,1,0.0,1,0.0,1,-0.9508406079037002,2,High Poverty (Poorest)
190014,0,1,3,0.0,1,1.0,1,2.567839408359179,0,Low Poverty (Wealthy)
190014,0,0,2,0.0,1,0.0,0,-0.6995063210277802,2,High Poverty (Poorest)
190015,0,1,1,0.0,1,0.0,1,0.05449653959997964,1,Medium Poverty
190016,0,0,2,0.0,1,0.0,1,-0.1968377472759403,1,Medium Poverty
190017,0,0,2,0.0,1,1.0,1,0.8084994002277395,0,Low Poverty (Wealthy)
190017,0,1,2,0.0,1,0.0,1,0.8084994002277395,0,Low Poverty (Wealthy)
190018,0,1,2,0.0,1,0.0,1,0.8084994002277395,0,Low Poverty (Wealthy)
190019,0,1,3,0.0,1,1.0,1,2.567839408359179,0,Low Poverty (Wealthy)
190019,0,1,3,0.0,1,0.0,1,1.5625022608554993,0,Low Poverty (Wealthy)
190020,0,0,2,0.0,1,1.0,1,0.8084994002277395,0,Low Poverty (Wealthy)
190020,0,1,1,0.0,1,0.0,0,-0.44817203415186024,1,Medium Poverty
190081,0,1,2,0.0,1,0.0,1,0.8084994002277395,0,Low Poverty (Wealthy)
190082,0,0,2,0.0,1,0.0,1,-0.1968377472759403,1,Medium Poverty
190083,0,1,0,0.0,1,0.0,1,-0.6995063210277802,2,High Poverty (Poorest)
190084,0,1,3,0.0,1,0.0,1,1.5625022608554993,0,Low Poverty (Wealthy)
190085,0,1,0,0.0,1,0.0,1,-0.6995063210277802,2,High Poverty (Poorest)
190086,0,0,1,0.0,1,0.0,1,-0.9508406079037002,2,High Poverty (Poorest)
190087,0,0,3,0.0,1,0.0,1,0.5571651133518195,0,Low Poverty (Wealthy)
190088,0,0,1,0.0,1,0.0,0,-1.45350918165554,2,High Poverty (Poorest)
190089,0,1,1,0.0,1,0.0,1,0.05449653959997964,1,Medium Poverty
190090,0,1,0,0.0,1,0.0,1,-0.6995063210277802,2,High Poverty (Poorest)
190111,0,0,1,0.0,1,1.0,0,-0.44817203415186024,1,Medium Poverty
190111,0,1,0,0.0,1,0.0,1,-0.6995063210277802,2,High Poverty (Poorest)
190112,0,1,1,0.0,1,1.0,1,1.0598336871036593,0,Low Poverty (Wealthy)
190112,0,1,1,0.0,1,0.0,1,0.05449653959997964,1,Medium Poverty
190113,0,1,3,0.0,1,1.0,1,2.567839408359179,0,Low Poverty (Wealthy)
190113,0,0,3,0.0,1,0.0,0,0.05449653959997964,1,Medium Poverty
190114,0,1,0,0.0,1,1.0,1,0.3058308264758996,0,Low Poverty (Wealthy)
190114,0,1,2,0.0,1,0.0,1,0.8084994002277395,0,Low Poverty (Wealthy)
190115,0,1,0,0.0,1,1.0,0,-0.1968377472759403,1,Medium Poverty
190115,0,1,0,0.0,1,0.0,0,-1.20217489477962,2,High Poverty (Poorest)
190116,0,0,0,0.0,1,1.0,1,-0.6995063210277802,2,High Poverty (Poorest)
190116,0,1,3,0.0,1,0.0,1,1.5625022608554993,0,Low Poverty (Wealthy)
190117,0,0,3,0.0,1,1.0,1,1.5625022608554993,0,Low Poverty (Wealthy)
190117,0,1,0,0.0,1,0.0,1,-0.6995063210277802,2,High Poverty (Poorest)
190118,0,1,0,0.0,1,1.0,0,-0.1968377472759403,1,Medium Poverty
190118,0,0,1,0.0,1,0.0,0,-1.45350918165554,2,High Poverty (Poorest)
190119,0,1,1,0.0,1,1.0,0,0.5571651133518195,0,Low Poverty (Wealthy)
190119,0,0,2,0.0,1,0.0,1,-0.1968377472759403,1,Medium Poverty
190131,0,1,1,0.0,1,1.0,0,0.5571651133518195,0,Low Poverty (Wealthy)
190132,0,1,2,0.0,1,1.0,1,1.8138365477314193,0,Low Poverty (Wealthy)
190133,0,1,1,0.0,1,1.0,1,1.0598336871036593,0,Low Poverty (Wealthy)
190134,0,1,3,0.0,1,1.0,1,2.567839408359179,0,Low Poverty (Wealthy)
190135,0,1,2,0.0,1,1.0,1,1.8138365477314193,0,Low Poverty (Wealthy)
190136,0,1,1,0.0,1,1.0,1,1.0598336871036593,0,Low Poverty (Wealthy)
190137,0,1,2,0.0,1,1.0,0,1.3111679739795794,0,Low Poverty (Wealthy)
190138,0,1,2,0.0,1,1.0,0,1.3111679739795794,0,Low Poverty (Wealthy)
190139,0,0,1,0.0,1,1.0,0,-0.44817203415186024,1,Medium Poverty
190140,0,1,1,0.0,1,1.0,1,1.0598336871036593,0,Low Poverty (Wealthy)
190161,0,0,3,0.0,1,0.0,0,0.05449653959997964,1,Medium Poverty
190162,0,1,0,0.0,1,0.0,1,-0.6995063210277802,2,High Poverty (Poorest)
190163,0,0,0,0.0,1,0.0,0,-2.2075120422833,2,High Poverty (Poorest)
190164,0,0,1,0.0,1,0.0,0,-1.45350918165554,2,High Poverty (Poorest)
190165,0,1,2,0.0,1,0.0,0,0.3058308264758996,0,Low Poverty (Wealthy)
190166,0,1,2,0.0,1,0.0,1,0.8084994002277395,0,Low Poverty (Wealthy)
190167,0,1,3,0.0,1,0.0,1,1.5625022608554993,0,Low Poverty (Wealthy)
190168,0,0,1,0.0,1,0.0,1,-0.9508406079037002,2,High Poverty (Poorest)
190169,0,1,0,0.0,1,0.0,1,-0.6995063210277802,2,High Poverty (Poorest)
190170,0,1,2,0.0,1,0.0,1,0.8084994002277395,0,Low Poverty (Wealthy)
190171,0,1,2,0.0,1,0.0,1,0.8084994002277395,0,Low Poverty (Wealthy)
190171,0,0,0,0.0,1,1.0,1,-0.6995063210277802,2,High Poverty (Poorest)
190172,0,1,0,0.0,1,0.0,1,-0.6995063210277802,2,High Poverty (Poorest)
190172,0,0,0,0.0,1,1.0,1,-0.6995063210277802,2,High Poverty (Poorest)
190173,0,1,2,0.0,1,0.0,1,0.8084994002277395,0,Low Poverty (Wealthy)
190173,0,1,3,0.0,1,1.0,1,2.567839408359179,0,Low Poverty (Wealthy)
190174,0,1,2,0.0,1,0.0,1,0.8084994002277395,0,Low Poverty (Wealthy)
190174,0,1,3,0.0,1,1.0,1,2.567839408359179,0,Low Poverty (Wealthy)
190175,0,1,0,0.0,1,0.0,0,-1.20217489477962,2,High Poverty (Poorest)
190175,0,1,3,0.0,1,1.0,1,2.567839408359179,0,Low Poverty (Wealthy)
190176,0,1,2,0.0,1,0.0,0,0.3058308264758996,0,Low Poverty (Wealthy)
190176,0,1,1,0.0,1,1.0,1,1.0598336871036593,0,Low Poverty (Wealthy)
190177,0,1,3,0.0,1,0.0,1,1.5625022608554993,0,Low Poverty (Wealthy)
190177,0,1,1,0.0,1,1.0,1,1.0598336871036593,0,Low Poverty (Wealthy)
190178,0,1,3,0.0,1,0.0,0,1.0598336871036593,0,Low Poverty (Wealthy)
190179,0,1,3,0.0,1,0.0,0,1.0598336871036593,0,Low Poverty (Wealthy)
190179,0,1,2,0.0,1,1.0,0,1.3111679739795794,0,Low Poverty (Wealthy)
190180,0,1,2,0.0,1,0.0,0,0.3058308264758996,0,Low Poverty (Wealthy)
190180,0,0,0,0.0,1,1.0,1,-0.6995063210277802,2,High Poverty (Poorest)
190191,0,1,1,0.0,1,0.0,1,0.05449653959997964,1,Medium Poverty
190192,0,1,1,0.0,1,0.0,1,0.05449653959997964,1,Medium Poverty
190192,0,0,2,0.0,1,0.0,1,-0.1968377472759403,1,Medium Poverty
190192,0,0,2,0.0,1,0.0,0,-0.6995063210277802,2,High Poverty (Poorest)
190193,0,1,3,0.0,1,0.0,0,1.0598336871036593,0,Low Poverty (Wealthy)
190193,0,1,0,0.0,1,0.0,0,-1.20217489477962,2,High Poverty (Poorest)
190193,0,1,2,0.0,1,0.0,1,0.8084994002277395,0,Low Poverty (Wealthy)
190194,0,0,3,0.0,1,0.0,1,0.5571651133518195,0,Low Poverty (Wealthy)
190194,0,1,2,0.0,1,0.0,1,0.8084994002277395,0,Low Poverty (Wealthy)
190194,0,0,0,0.0,1,0.0,0,-2.2075120422833,2,High Poverty (Poorest)
190195,0,1,0,0.0,1,0.0,0,-1.20217489477962,2,High Poverty (Poorest)
190195,0,0,0,0.0,1,0.0,1,-1.70484346853146,2,High Poverty (Poorest)
190195,0,0,2,0.0,1,0.0,0,-0.6995063210277802,2,High Poverty (Poorest)
190196,0,0,2,0.0,1,0.0,1,-0.1968377472759403,1,Medium Poverty
190196,0,1,3,0.0,1,0.0,0,1.0598336871036593,0,Low Poverty (Wealthy)
190196,0,0,1,0.0,1,0.0,0,-1.45350918165554,2,High Poverty (Poorest)
190197,0,1,1,0.0,1,0.0,1,0.05449653959997964,1,Medium Poverty
190197,0,1,2,0.0,1,0.0,0,0.3058308264758996,0,Low Poverty (Wealthy)
190197,0,1,2,0.0,1,0.0,1,0.8084994002277395,0,Low Poverty (Wealthy)
190198,0,1,3,0.0,1,0.0,1,1.5625022608554993,0,Low Poverty (Wealthy)
190198,0,1,2,0.0,1,0.0,1,0.8084994002277395,0,Low Poverty (Wealthy)
190198,0,0,1,0.0,1,0.0,1,-0.9508406079037002,2,High Poverty (Poorest)
190199,0,1,2,0.0,1,0.0,1,0.8084994002277395,0,Low Poverty (Wealthy)
190199,0,0,3,0.0,1,0.0,0,0.05449653959997964,1,Medium Poverty
190199,0,0,1,0.0,1,0.0,1,-0.9508406079037002,2,High Poverty (Poorest)
190200,0,1,1,0.0,1,0.0,1,0.05449653959997964,1,Medium Poverty
190200,0,1,0,0.0,1,0.0,0,-1.20217489477962,2,High Poverty (Poorest)
190200,0,1,0,0.0,1,0.0,1,-0.6995063210277802,2,High Poverty (Poorest)
199001,0,1,2,0.0,1,0.0,1,0.8084994002277395,0,Low Poverty (Wealthy)
199002,0,1,0,0.0,1,0.0,1,-0.6995063210277802,2,High Poverty (Poorest)
199004,0,0,1,0.0,1,0.0,1,-0.9508406079037002,2,High Poverty (Poorest)
199005,0,0,1,0.0,1,0.0,1,-0.9508406079037002,2,High Poverty (Poorest)
199006,0,0,2,0.0,1,0.0,1,-0.1968377472759403,1,Medium Poverty
199007,0,0,1,0.0,1,0.0,1,-0.9508406079037002,2,High Poverty (Poorest)
199008,0,1,2,0.0,1,0.0,1,0.8084994002277395,0,Low Poverty (Wealthy)
199011,0,1,0,0.0,1,0.0,1,-0.6995063210277802,2,High Poverty (Poorest)
199012,0,0,0,0.0,1,0.0,1,-1.70484346853146,2,High Poverty (Poorest)
199013,0,1,1,0.0,1,1.0,0,0.5571651133518195,0,Low Poverty (Wealthy)
199013,0,1,1,0.0,1,0.0,1,0.05449653959997964,1,Medium Poverty
199014,0,0,1,0.0,1,1.0,1,0.05449653959997964,1,Medium Poverty
199014,0,0,0,0.0,1,0.0,1,-1.70484346853146,2,High Poverty (Poorest)
199015,0,0,3,0.0,1,1.0,1,1.5625022608554993,0,Low Poverty (Wealthy)
199015,0,0,2,0.0,1,0.0,1,-0.1968377472759403,1,Medium Poverty
199016,0,0,0,0.0,1,1.0,0,-1.20217489477962,2,High Poverty (Poorest)
199016,0,1,0,0.0,1,0.0,0,-1.20217489477962,2,High Poverty (Poorest)
199018,0,0,3,0.0,1,1.0,1,1.5625022608554993,0,Low Poverty (Wealthy)
199018,0,1,2,0.0,1,0.0,1,0.8084994002277395,0,Low Poverty (Wealthy)
199019,0,1,1,0.0,1,1.0,1,1.0598336871036593,0,Low Poverty (Wealthy)
199019,0,1,2,0.0,1,0.0,1,0.8084994002277395,0,Low Poverty (Wealthy)
199021,0,1,2,0.0,1,1.0,1,1.8138365477314193,0,Low Poverty (Wealthy)
199021,0,0,2,0.0,1,0.0,0,-0.6995063210277802,2,High Poverty (Poorest)
199022,0,1,1,0.0,1,1.0,0,0.5571651133518195,0,Low Poverty (Wealthy)
199022,0,1,1,0.0,1,0.0,0,-0.44817203415186024,1,Medium Poverty
199023,0,0,0,0.0,1,1.0,1,-0.6995063210277802,2,High Poverty (Poorest)
199023,0,0,3,0.0,1,0.0,0,0.05449653959997964,1,Medium Poverty
199024,0,1,2,0.0,1,1.0,1,1.8138365477314193,0,Low Poverty (Wealthy)
199024,0,1,1,0.0,1,0.0,0,-0.44817203415186024,1,Medium Poverty
199025,0,1,3,0.0,1,0.0,1,1.5625022608554993,0,Low Poverty (Wealthy)
199025,0,1,3,0.0,1,0.0,0,1.0598336871036593,0,Low Poverty (Wealthy)
199026,0,1,3,0.0,1,0.0,1,1.5625022608554993,0,Low Poverty (Wealthy)
199026,0,0,3,0.0,1,0.0,1,0.5571651133518195,0,Low Poverty (Wealthy)
199027,0,0,3,0.0,1,0.0,0,0.05449653959997964,1,Medium Poverty
199027,0,0,1,0.0,1,0.0,1,-0.9508406079037002,2,High Poverty (Poorest)
199030,0,0,2,0.0,1,0.0,0,-0.6995063210277802,2,High Poverty (Poorest)
199030,0,1,2,0.0,1,0.0,1,0.8084994002277395,0,Low Poverty (Wealthy)
199031,0,1,1,0.0,1,0.0,1,0.05449653959997964,1,Medium Poverty
199031,0,1,0,0.0,1,0.0,1,-0.6995063210277802,2,High Poverty (Poorest)
199032,0,0,3,0.0,1,0.0,1,0.5571651133518195,0,Low Poverty (Wealthy)
199032,0,1,1,0.0,1,0.0,0,-0.44817203415186024,1,Medium Poverty
199033,0,0,3,0.0,1,0.0,1,0.5571651133518195,0,Low Poverty (Wealthy)
199033,0,0,0,0.0,1,0.0,1,-1.70484346853146,2,High Poverty (Poorest)
199034,0,0,0,0.0,1,0.0,0,-2.2075120422833,2,High Poverty (Poorest)
199034,0,1,1,0.0,1,0.0,1,0.05449653959997964,1,Medium Poverty
199035,0,1,1,0.0,1,0.0,0,-0.44817203415186024,1,Medium Poverty
199035,0,1,2,0.0,1,0.0,1,0.8084994002277395,0,Low Poverty (Wealthy)
199036,0,1,2,0.0,1,0.0,1,0.8084994002277395,0,Low Poverty (Wealthy)
199036,0,1,0,0.0,1,0.0,0,-1.20217489477962,2,High Poverty (Poorest)
199037,0,0,0,0.0,1,1.0,0,-1.20217489477962,2,High Poverty (Poorest)
199037,0,0,1,0.0,1,0.0,1,-0.9508406079037002,2,High Poverty (Poorest)
199037,0,0,0,0.0,1,0.0,1,-1.70484346853146,2,High Poverty (Poorest)
199037,0,1,2,0.0,1,0.0,1,0.8084994002277395,0,Low Poverty (Wealthy)
199038,0,1,1,0.0,1,1.0,1,1.0598336871036593,0,Low Poverty (Wealthy)
199038,0,0,0,0.0,1,0.0,0,-2.2075120422833,2,High Poverty (Poorest)
199038,0,1,1,0.0,1,0.0,1,0.05449653959997964,1,Medium Poverty
199038,0,1,0,0.0,1,0.0,1,-0.6995063210277802,2,High Poverty (Poorest)
199040,0,0,0,0.0,1,1.0,1,-0.6995063210277802,2,High Poverty (Poorest)
199040,0,1,1,0.0,1,0.0,1,0.05449653959997964,1,Medium Poverty
199040,0,1,3,0.0,1,0.0,0,1.0598336871036593,0,Low Poverty (Wealthy)
199040,0,1,3,0.0,1,0.0,0,1.0598336871036593,0,Low Poverty (Wealthy)
199041,0,0,2,0.0,1,1.0,0,0.3058308264758996,0,Low Poverty (Wealthy)
199041,0,1,1,0.0,1,0.0,1,0.05449653959997964,1,Medium Poverty
199041,0,0,1,0.0,1,0.0,1,-0.9508406079037002,2,High Poverty (Poorest)
199041,0,1,1,0.0,1,0.0,1,0.05449653959997964,1,Medium Poverty
199042,0,1,2,0.0,1,1.0,0,1.3111679739795794,0,Low Poverty (Wealthy)
199042,0,1,3,0.0,1,0.0,0,1.0598336871036593,0,Low Poverty (Wealthy)
199042,0,1,0,0.0,1,0.0,0,-1.20217489477962,2,High Poverty (Poorest)
199042,0,1,0,0.0,1,0.0,1,-0.6995063210277802,2,High Poverty (Poorest)
199044,0,1,2,0.0,1,1.0,1,1.8138365477314193,0,Low Poverty (Wealthy)
199044,0,0,2,0.0,1,0.0,0,-0.6995063210277802,2,High Poverty (Poorest)
199044,0,1,2,0.0,1,0.0,1,0.8084994002277395,0,Low Poverty (Wealthy)
199044,0,0,2,0.0,1,0.0,0,-0.6995063210277802,2,High Poverty (Poorest)
199045,0,1,3,0.0,1,1.0,0,2.0651708346073394,0,Low Poverty (Wealthy)
199045,0,1,1,0.0,1,0.0,0,-0.44817203415186024,1,Medium Poverty
199045,0,1,3,0.0,1,0.0,0,1.0598336871036593,0,Low Poverty (Wealthy)
199045,0,1,3,0.0,1,0.0,0,1.0598336871036593,0,Low Poverty (Wealthy)
199046,0,1,2,0.0,1,1.0,0,1.3111679739795794,0,Low Poverty (Wealthy)
199046,0,0,1,0.0,1,0.0,1,-0.9508406079037002,2,High Poverty (Poorest)
199046,0,1,0,0.0,1,0.0,1,-0.6995063210277802,2,High Poverty (Poorest)
199046,0,1,1,0.0,1,0.0,1,0.05449653959997964,1,Medium Poverty
199047,0,0,1,0.0,1,1.0,1,0.05449653959997964,1,Medium Poverty
199047,0,0,3,0.0,1,0.0,0,0.05449653959997964,1,Medium Poverty
199047,0,1,0,0.0,1,0.0,1,-0.6995063210277802,2,High Poverty (Poorest)
199047,0,1,1,0.0,1,0.0,0,-0.44817203415186024,1,Medium Poverty
199048,0,1,2,0.0,1,1.0,1,1.8138365477314193,0,Low Poverty (Wealthy)
199048,0,1,0,0.0,1,0.0,1,-0.6995063210277802,2,High Poverty (Poorest)
199048,0,0,1,0.0,1,0.0,0,-1.45350918165554,2,High Poverty (Poorest)
199048,0,1,1,0.0,1,0.0,1,0.05449653959997964,1,Medium Poverty
199051,0,1,2,0.0,1,1.0,0,1.3111679739795794,0,Low Poverty (Wealthy)
199052,0,1,0,0.0,1,1.0,0,-0.1968377472759403,1,Medium Poverty
199053,0,1,3,0.0,1,1.0,0,2.0651708346073394,0,Low Poverty (Wealthy)
199054,0,1,1,0.0,1,1.0,0,0.5571651133518195,0,Low Poverty (Wealthy)
199055,0,1,3,0.0,1,1.0,0,2.0651708346073394,0,Low Poverty (Wealthy)
199056,0,1,1,0.0,1,1.0,0,0.5571651133518195,0,Low Poverty (Wealthy)
199057,0,0,1,0.0,1,1.0,0,-0.44817203415186024,1,Medium Poverty
199058,0,1,0,0.0,1,1.0,1,0.3058308264758996,0,Low Poverty (Wealthy)
199059,0,1,0,0.0,1,1.0,0,-0.1968377472759403,1,Medium Poverty
199060,0,1,1,0.0,1,1.0,0,0.5571651133518195,0,Low Poverty (Wealthy)
199061,0,0,0,0.0,1,0.0,1,-1.70484346853146,2,High Poverty (Poorest)
199061,0,1,1,0.0,1,0.0,1,0.05449653959997964,1,Medium Poverty
199062,0,0,2,0.0,1,0.0,0,-0.6995063210277802,2,High Poverty (Poorest)
199062,0,1,1,0.0,1,0.0,0,-0.44817203415186024,1,Medium Poverty
199064,0,1,0,0.0,1,0.0,1,-0.6995063210277802,2,High Poverty (Poorest)
199064,0,1,2,0.0,1,0.0,0,0.3058308264758996,0,Low Poverty (Wealthy)
199065,0,0,3,0.0,1,0.0,1,0.5571651133518195,0,Low Poverty (Wealthy)
199065,0,1,0,0.0,1,0.0,0,-1.20217489477962,2,High Poverty (Poorest)
199066,0,1,0,0.0,1,0.0,1,-0.6995063210277802,2,High Poverty (Poorest)
199066,0,1,3,0.0,1,0.0,1,1.5625022608554993,0,Low Poverty (Wealthy)
199067,0,1,0,0.0,1,0.0,1,-0.6995063210277802,2,High Poverty (Poorest)
199067,0,1,3,0.0,1,0.0,0,1.0598336871036593,0,Low Poverty (Wealthy)
199068,0,1,0,0.0,1,0.0,1,-0.6995063210277802,2,High Poverty (Poorest)
199068,0,0,3,0.0,1,0.0,0,0.05449653959997964,1,Medium Poverty
199069,0,0,1,0.0,1,0.0,1,-0.9508406079037002,2,High Poverty (Poorest)
199069,0,1,3,0.0,1,0.0,1,1.5625022608554993,0,Low Poverty (Wealthy)
199071,0,1,1,0.0,1,0.0,1,0.05449653959997964,1,Medium Poverty
199071,0,1,2,0.0,1,0.0,1,0.8084994002277395,0,Low Poverty (Wealthy)
199072,0,0,0,0.0,1,0.0,0,-2.2075120422833,2,High Poverty (Poorest)
199072,0,0,1,0.0,1,0.0,1,-0.9508406079037002,2,High Poverty (Poorest)
199073,0,1,2,0.0,1,0.0,1,0.8084994002277395,0,Low Poverty (Wealthy)
199074,0,0,1,0.0,1,0.0,0,-1.45350918165554,2,High Poverty (Poorest)
199075,0,1,3,0.0,1,0.0,0,1.0598336871036593,0,Low Poverty (Wealthy)
199077,0,0,1,0.0,1,0.0,0,-1.45350918165554,2,High Poverty (Poorest)
199078,0,1,3,0.0,1,0.0,1,1.5625022608554993,0,Low Poverty (Wealthy)
199079,0,1,1,0.0,1,0.0,1,0.05449653959997964,1,Medium Poverty
199080,0,0,3,0.0,1,0.0,1,0.5571651133518195,0,Low Poverty (Wealthy)
199081,0,1,3,0.0,1,0.0,1,1.5625022608554993,0,Low Poverty (Wealthy)
199082,0,0,1,0.0,1,0.0,1,-0.9508406079037002,2,High Poverty (Poorest)
199083,0,1,3,0.0,1,0.0,0,1.0598336871036593,0,Low Poverty (Wealthy)
199085,0,1,2,0.0,1,0.0,1,0.8084994002277395,0,Low Poverty (Wealthy)
199086,0,1,1,0.0,1,0.0,1,0.05449653959997964,1,Medium Poverty
199087,0,1,2,0.0,1,0.0,1,0.8084994002277395,0,Low Poverty (Wealthy)
199088,0,1,0,0.0,1,0.0,1,-0.6995063210277802,2,High Poverty (Poorest)
199090,0,0,2,0.0,1,0.0,1,-0.1968377472759403,1,Medium Poverty
199091,0,0,0,0.0,1,0.0,0,-2.2075120422833,2,High Poverty (Poorest)
199092,0,1,0,0.0,1,0.0,0,-1.20217489477962,2,High Poverty (Poorest)
199093,0,1,1,0.0,1,0.0,1,0.05449653959997964,1,Medium Poverty
199094,0,1,2,0.0,1,0.0,1,0.8084994002277395,0,Low Poverty (Wealthy)
199095,0,1,3,0.0,1,0.0,1,1.5625022608554993,0,Low Poverty (Wealthy)
199097,0,1,3,0.0,1,0.0,1,1.5625022608554993,0,Low Poverty (Wealthy)
200011,0,1,1,0.0,1,0.0,0,-0.44817203415186024,1,Medium Poverty
200011,0,1,0,0.0,1,1.0,1,0.3058308264758996,0,Low Poverty (Wealthy)
200011,0,1,2,0.0,1,0.0,1,0.8084994002277395,0,Low Poverty (Wealthy)
200013,0,1,2,0.0,1,0.0,1,0.8084994002277395,0,Low Poverty (Wealthy)
200013,0,0,1,0.0,1,1.0,0,-0.44817203415186024,1,Medium Poverty
200013,0,0,1,0.0,1,0.0,1,-0.9508406079037002,2,High Poverty (Poorest)
200014,0,0,1,0.0,1,0.0,1,-0.9508406079037002,2,High Poverty (Poorest)
200014,0,0,1,0.0,1,1.0,1,0.05449653959997964,1,Medium Poverty
200014,0,0,2,0.0,1,0.0,0,-0.6995063210277802,2,High Poverty (Poorest)
200015,0,1,1,0.0,1,0.0,0,-0.44817203415186024,1,Medium Poverty
200015,0,1,3,0.0,1,1.0,1,2.567839408359179,0,Low Poverty (Wealthy)
200015,0,1,1,0.0,1,0.0,0,-0.44817203415186024,1,Medium Poverty
200016,0,1,1,0.0,1,0.0,1,0.05449653959997964,1,Medium Poverty
200016,0,0,3,0.0,1,1.0,1,1.5625022608554993,0,Low Poverty (Wealthy)
200016,0,0,2,0.0,1,0.0,1,-0.1968377472759403,1,Medium Poverty
200020,0,0,1,0.0,1,0.0,0,-1.45350918165554,2,High Poverty (Poorest)
200020,0,1,2,0.0,1,1.0,0,1.3111679739795794,0,Low Poverty (Wealthy)
200020,0,0,1,0.0,1,0.0,1,-0.9508406079037002,2,High Poverty (Poorest)
200071,0,0,2,0.0,1,0.0,1,-0.1968377472759403,1,Medium Poverty
200072,0,1,1,0.0,1,0.0,0,-0.44817203415186024,1,Medium Poverty
200074,0,1,2,0.0,1,0.0,0,0.3058308264758996,0,Low Poverty (Wealthy)
200075,0,0,0,0.0,1,0.0,1,-1.70484346853146,2,High Poverty (Poorest)
200076,0,1,1,0.0,1,0.0,0,-0.44817203415186024,1,Medium Poverty
200077,0,1,3,0.0,1,0.0,1,1.5625022608554993,0,Low Poverty (Wealthy)
200078,0,1,2,0.0,1,0.0,1,0.8084994002277395,0,Low Poverty (Wealthy)
200079,0,1,0,0.0,1,0.0,1,-0.6995063210277802,2,High Poverty (Poorest)
200101,0,0,1,0.0,1,0.0,1,-0.9508406079037002,2,High Poverty (Poorest)
200101,0,0,1,0.0,1,0.0,1,-0.9508406079037002,2,High Poverty (Poorest)
200102,0,1,2,0.0,1,0.0,0,0.3058308264758996,0,Low Poverty (Wealthy)
200102,0,1,2,0.0,1,0.0,1,0.8084994002277395,0,Low Poverty (Wealthy)
200103,0,1,2,0.0,1,0.0,1,0.8084994002277395,0,Low Poverty (Wealthy)
200103,0,1,1,0.0,1,0.0,1,0.05449653959997964,1,Medium Poverty
200104,0,1,2,0.0,1,0.0,1,0.8084994002277395,0,Low Poverty (Wealthy)
200104,0,1,1,0.0,1,0.0,1,0.05449653959997964,1,Medium Poverty
200105,0,1,0,0.0,1,0.0,0,-1.20217489477962,2,High Poverty (Poorest)
200105,0,1,2,0.0,1,0.0,1,0.8084994002277395,0,Low Poverty (Wealthy)
200106,0,0,3,0.0,1,0.0,0,0.05449653959997964,1,Medium Poverty
200106,0,1,2,0.0,1,0.0,0,0.3058308264758996,0,Low Poverty (Wealthy)
200107,0,0,2,0.0,1,0.0,0,-0.6995063210277802,2,High Poverty (Poorest)
200107,0,0,2,0.0,1,0.0,0,-0.6995063210277802,2,High Poverty (Poorest)
200108,0,1,3,0.0,1,0.0,0,1.0598336871036593,0,Low Poverty (Wealthy)
200108,0,0,1,0.0,1,0.0,0,-1.45350918165554,2,High Poverty (Poorest)
200109,0,0,1,0.0,1,0.0,1,-0.9508406079037002,2,High Poverty (Poorest)
200109,0,0,3,0.0,1,0.0,0,0.05449653959997964,1,Medium Poverty
200110,0,1,3,0.0,1,0.0,1,1.5625022608554993,0,Low Poverty (Wealthy)
200110,0,1,1,0.0,1,0.0,0,-0.44817203415186024,1,Medium Poverty
200161,0,1,1,0.0,1,1.0,1,1.0598336871036593,0,Low Poverty (Wealthy)
200161,0,0,1,0.0,1,1.0,1,0.05449653959997964,1,Medium Poverty
200162,0,1,0,0.0,1,1.0,1,0.3058308264758996,0,Low Poverty (Wealthy)
200162,0,1,3,0.0,1,1.0,1,2.567839408359179,0,Low Poverty (Wealthy)
200164,0,0,1,0.0,1,0.0,1,-0.9508406079037002,2,High Poverty (Poorest)
200165,0,1,3,0.0,1,1.0,1,2.567839408359179,0,Low Poverty (Wealthy)
200165,0,0,0,0.0,1,1.0,0,-1.20217489477962,2,High Poverty (Poorest)
200166,0,1,1,0.0,1,1.0,1,1.0598336871036593,0,Low Poverty (Wealthy)
200166,0,1,0,0.0,1,1.0,0,-0.1968377472759403,1,Medium Poverty
200167,0,1,2,0.0,1,1.0,0,1.3111679739795794,0,Low Poverty (Wealthy)
200167,0,0,2,0.0,1,1.0,0,0.3058308264758996,0,Low Poverty (Wealthy)
200168,0,1,2,0.0,1,1.0,1,1.8138365477314193,0,Low Poverty (Wealthy)
200168,0,1,0,0.0,1,1.0,1,0.3058308264758996,0,Low Poverty (Wealthy)
200169,0,1,1,0.0,1,0.0,1,0.05449653959997964,1,Medium Poverty
200170,0,1,0,0.0,1,1.0,1,0.3058308264758996,0,Low Poverty (Wealthy)
200170,0,1,1,0.0,1,1.0,0,0.5571651133518195,0,Low Poverty (Wealthy)
200181,0,0,2,0.0,1,0.0,1,-0.1968377472759403,1,Medium Poverty
200182,0,1,2,0.0,1,0.0,1,0.8084994002277395,0,Low Poverty (Wealthy)
200183,0,1,2,0.0,1,0.0,1,0.8084994002277395,0,Low Poverty (Wealthy)
200184,0,1,1,0.0,1,0.0,1,0.05449653959997964,1,Medium Poverty
200185,0,0,1,0.0,1,0.0,1,-0.9508406079037002,2,High Poverty (Poorest)
200186,0,1,1,0.0,1,0.0,1,0.05449653959997964,1,Medium Poverty
200187,0,0,0,0.0,1,0.0,0,-2.2075120422833,2,High Poverty (Poorest)
200188,0,1,2,0.0,1,0.0,0,0.3058308264758996,0,Low Poverty (Wealthy)
200189,0,1,2,0.0,1,0.0,0,0.3058308264758996,0,Low Poverty (Wealthy)
200190,0,1,0,0.0,1,0.0,0,-1.20217489477962,2,High Poverty (Poorest)
209014,0,0,0,0.0,1,0.0,1,-1.70484346853146,2,High Poverty (Poorest)
209014,0,1,3,0.0,1,0.0,1,1.5625022608554993,0,Low Poverty (Wealthy)
209014,0,0,2,0.0,1,0.0,1,-0.1968377472759403,1,Medium Poverty
209015,0,0,2,0.0,1,0.0,1,-0.1968377472759403,1,Medium Poverty
209015,0,1,1,0.0,1,0.0,1,0.05449653959997964,1,Medium Poverty
209015,0,1,1,0.0,1,0.0,0,-0.44817203415186024,1,Medium Poverty
209016,0,1,3,0.0,1,0.0,0,1.0598336871036593,0,Low Poverty (Wealthy)
209016,0,1,2,0.0,1,0.0,1,0.8084994002277395,0,Low Poverty (Wealthy)
209016,0,1,1,0.0,1,0.0,1,0.05449653959997964,1,Medium Poverty
209017,0,1,2,0.0,1,0.0,1,0.8084994002277395,0,Low Poverty (Wealthy)
209017,0,0,2,0.0,1,0.0,0,-0.6995063210277802,2,High Poverty (Poorest)
209017,0,1,1,0.0,1,0.0,1,0.05449653959997964,1,Medium Poverty
209018,0,1,1,0.0,1,0.0,0,-0.44817203415186024,1,Medium Poverty
209018,0,0,0,0.0,1,0.0,1,-1.70484346853146,2,High Poverty (Poorest)
209018,0,0,0,0.0,1,0.0,1,-1.70484346853146,2,High Poverty (Poorest)
209019,0,1,2,0.0,1,0.0,0,0.3058308264758996,0,Low Poverty (Wealthy)
209019,0,0,1,0.0,1,0.0,0,-1.45350918165554,2,High Poverty (Poorest)
209019,0,0,2,0.0,1,0.0,0,-0.6995063210277802,2,High Poverty (Poorest)
209020,0,0,3,0.0,1,0.0,0,0.05449653959997964,1,Medium Poverty
209020,0,1,0,0.0,1,0.0,1,-0.6995063210277802,2,High Poverty (Poorest)
209020,0,1,1,0.0,1,0.0,0,-0.44817203415186024,1,Medium Poverty
209021,0,0,2,0.0,1,0.0,1,-0.1968377472759403,1,Medium Poverty
209021,0,1,2,0.0,1,0.0,0,0.3058308264758996,0,Low Poverty (Wealthy)
209021,0,1,2,0.0,1,0.0,1,0.8084994002277395,0,Low Poverty (Wealthy)
209022,0,1,1,0.0,1,0.0,1,0.05449653959997964,1,Medium Poverty
209022,0,0,1,0.0,1,0.0,1,-0.9508406079037002,2,High Poverty (Poorest)
209022,0,1,2,0.0,1,0.0,1,0.8084994002277395,0,Low Poverty (Wealthy)
209023,0,1,3,0.0,1,0.0,0,1.0598336871036593,0,Low Poverty (Wealthy)
209023,0,1,1,0.0,1,0.0,1,0.05449653959997964,1,Medium Poverty
209023,0,0,3,0.0,1,0.0,0,0.05449653959997964,1,Medium Poverty
209025,0,1,1,0.0,1,0.0,0,-0.44817203415186024,1,Medium Poverty
209026,0,1,3,0.0,1,0.0,0,1.0598336871036593,0,Low Poverty (Wealthy)
209027,0,1,2,0.0,1,0.0,1,0.8084994002277395,0,Low Poverty (Wealthy)
209028,0,0,1,0.0,1,0.0,1,-0.9508406079037002,2,High Poverty (Poorest)
209029,0,0,2,0.0,1,0.0,1,-0.1968377472759403,1,Medium Poverty
209030,0,1,1,0.0,1,0.0,1,0.05449653959997964,1,Medium Poverty
209031,0,1,1,0.0,1,0.0,0,-0.44817203415186024,1,Medium Poverty
209033,0,0,0,0.0,1,0.0,1,-1.70484346853146,2,High Poverty (Poorest)
209035,0,1,0,0.0,1,0.0,1,-0.6995063210277802,2,High Poverty (Poorest)
209036,0,0,1,0.0,1,0.0,1,-0.9508406079037002,2,High Poverty (Poorest)
209037,0,1,2,0.0,1,0.0,1,0.8084994002277395,0,Low Poverty (Wealthy)
209038,0,1,2,0.0,1,0.0,0,0.3058308264758996,0,Low Poverty (Wealthy)
209041,0,1,0,0.0,1,0.0,0,-1.20217489477962,2,High Poverty (Poorest)
209042,0,1,3,0.0,1,0.0,1,1.5625022608554993,0,Low Poverty (Wealthy)
209043,0,0,2,0.0,1,0.0,0,-0.6995063210277802,2,High Poverty (Poorest)
209044,0,1,3,0.0,1,0.0,0,1.0598336871036593,0,Low Poverty (Wealthy)
209045,0,0,2,0.0,1,0.0,1,-0.1968377472759403,1,Medium Poverty
209046,0,1,0,0.0,1,0.0,1,-0.6995063210277802,2,High Poverty (Poorest)
209047,0,1,1,0.0,1,0.0,1,0.05449653959997964,1,Medium Poverty
209048,0,1,2,0.0,1,0.0,1,0.8084994002277395,0,Low Poverty (Wealthy)
209062,0,0,0,0.0,1,0.0,1,-1.70484346853146,2,High Poverty (Poorest)
209063,0,1,0,0.0,1,0.0,0,-1.20217489477962,2,High Poverty (Poorest)
209064,0,0,0,0.0,1,0.0,1,-1.70484346853146,2,High Poverty (Poorest)
209066,0,0,1,0.0,1,0.0,1,-0.9508406079037002,2,High Poverty (Poorest)
209067,0,1,1,0.0,1,0.0,0,-0.44817203415186024,1,Medium Poverty
209068,0,1,1,0.0,1,0.0,0,-0.44817203415186024,1,Medium Poverty
209069,0,1,0,0.0,1,0.0,1,-0.6995063210277802,2,High Poverty (Poorest)
209070,0,1,2,0.0,1,0.0,1,0.8084994002277395,0,Low Poverty (Wealthy)
209071,0,0,2,0.0,1,0.0,0,-0.6995063210277802,2,High Poverty (Poorest)
209072,0,1,1,0.0,1,0.0,1,0.05449653959997964,1,Medium Poverty
209073,0,1,0,0.0,1,0.0,1,-0.6995063210277802,2,High Poverty (Poorest)
209075,0,0,0,0.0,1,0.0,1,-1.70484346853146,2,High Poverty (Poorest)
209077,0,1,1,0.0,1,0.0,1,0.05449653959997964,1,Medium Poverty
209078,0,1,0,0.0,1,0.0,1,-0.6995063210277802,2,High Poverty (Poorest)
209079,0,1,1,0.0,1,0.0,1,0.05449653959997964,1,Medium Poverty
209080,0,1,2,0.0,1,0.0,1,0.8084994002277395,0,Low Poverty (Wealthy)
209081,0,1,1,0.0,1,0.0,0,-0.44817203415186024,1,Medium Poverty
209082,0,1,1,0.0,1,0.0,0,-0.44817203415186024,1,Medium Poverty
209083,0,1,1,0.0,1,0.0,0,-0.44817203415186024,1,Medium Poverty
209084,0,0,2,0.0,1,0.0,1,-0.1968377472759403,1,Medium Poverty
209085,0,1,3,0.0,1,0.0,1,1.5625022608554993,0,Low Poverty (Wealthy)
209086,0,1,2,0.0,1,0.0,1,0.8084994002277395,0,Low Poverty (Wealthy)
209087,0,1,2,0.0,1,0.0,0,0.3058308264758996,0,Low Poverty (Wealthy)
209088,0,1,1,0.0,1,0.0,0,-0.44817203415186024,1,Medium Poverty
209089,0,1,1,0.0,1,0.0,1,0.05449653959997964,1,Medium Poverty
209090,0,1,3,0.0,1,0.0,1,1.5625022608554993,0,Low Poverty (Wealthy)
209091,0,0,0,0.0,1,0.0,1,-1.70484346853146,2,High Poverty (Poorest)
209094,0,1,3,0.0,1,0.0,1,1.5625022608554993,0,Low Poverty (Wealthy)
209095,0,1,2,0.0,1,0.0,1,0.8084994002277395,0,Low Poverty (Wealthy)
209096,0,0,2,0.0,1,0.0,0,-0.6995063210277802,2,High Poverty (Poorest)
209098,0,1,0,0.0,1,0.0,1,-0.6995063210277802,2,High Poverty (Poorest)
209099,0,1,2,0.0,1,0.0,1,0.8084994002277395,0,Low Poverty (Wealthy)
209100,0,1,1,0.0,1,0.0,1,0.05449653959997964,1,Medium Poverty
209101,0,0,0,0.0,1,0.0,0,-2.2075120422833,2,High Poverty (Poorest)
209102,0,0,1,0.0,1,0.0,1,-0.9508406079037002,2,High Poverty (Poorest)
209103,0,1,3,0.0,1,0.0,1,1.5625022608554993,0,Low Poverty (Wealthy)
209105,0,0,1,0.0,1,0.0,0,-1.45350918165554,2,High Poverty (Poorest)
209106,0,1,1,0.0,1,0.0,1,0.05449653959997964,1,Medium Poverty
209107,0,1,0,0.0,1,0.0,1,-0.6995063210277802,2,High Poverty (Poorest)
209108,0,0,2,0.0,1,0.0,0,-0.6995063210277802,2,High Poverty (Poorest)
209121,0,0,2,0.0,1,0.0,1,-0.1968377472759403,1,Medium Poverty
209122,0,1,2,0.0,1,0.0,1,0.8084994002277395,0,Low Poverty (Wealthy)
209123,0,1,1,0.0,1,0.0,1,0.05449653959997964,1,Medium Poverty
209124,0,1,1,0.0,1,0.0,1,0.05449653959997964,1,Medium Poverty
209125,0,1,2,0.0,1,0.0,0,0.3058308264758996,0,Low Poverty (Wealthy)
209126,0,0,1,0.0,1,0.0,0,-1.45350918165554,2,High Poverty (Poorest)
209127,0,1,3,0.0,1,0.0,0,1.0598336871036593,0,Low Poverty (Wealthy)
209128,0,1,2,0.0,1,0.0,0,0.3058308264758996,0,Low Poverty (Wealthy)
209130,0,1,1,0.0,1,0.0,1,0.05449653959997964,1,Medium Poverty
209131,0,1,1,0.0,1,0.0,1,0.05449653959997964,1,Medium Poverty
210001,0,1,2,0.0,1,0.0,0,0.3058308264758996,0,Low Poverty (Wealthy)
210002,0,0,0,0.0,1,0.0,1,-1.70484346853146,2,High Poverty (Poorest)
210003,0,1,1,0.0,1,0.0,1,0.05449653959997964,1,Medium Poverty
210004,0,0,2,0.0,1,0.0,0,-0.6995063210277802,2,High Poverty (Poorest)
210005,0,0,1,0.0,1,0.0,1,-0.9508406079037002,2,High Poverty (Poorest)
210006,0,1,2,0.0,1,0.0,1,0.8084994002277395,0,Low Poverty (Wealthy)
210007,0,1,0,0.0,1,0.0,1,-0.6995063210277802,2,High Poverty (Poorest)
210008,0,1,2,0.0,1,0.0,0,0.3058308264758996,0,Low Poverty (Wealthy)
210009,0,1,0,0.0,1,0.0,1,-0.6995063210277802,2,High Poverty (Poorest)
210010,0,1,0,0.0,1,0.0,1,-0.6995063210277802,2,High Poverty (Poorest)
210051,0,0,3,0.0,1,0.0,1,0.5571651133518195,0,Low Poverty (Wealthy)
210052,0,1,2,0.0,1,0.0,0,0.3058308264758996,0,Low Poverty (Wealthy)
210053,0,1,1,0.0,1,0.0,1,0.05449653959997964,1,Medium Poverty
210054,0,1,1,0.0,1,0.0,0,-0.44817203415186024,1,Medium Poverty
210055,0,1,2,0.0,1,0.0,1,0.8084994002277395,0,Low Poverty (Wealthy)
210056,0,0,1,0.0,1,0.0,0,-1.45350918165554,2,High Poverty (Poorest)
210057,0,1,3,0.0,1,0.0,0,1.0598336871036593,0,Low Poverty (Wealthy)
210058,0,1,3,0.0,1,0.0,1,1.5625022608554993,0,Low Poverty (Wealthy)
210060,0,0,2,0.0,1,0.0,0,-0.6995063210277802,2,High Poverty (Poorest)
219001,0,1,1,0.0,1,1.0,1,1.0598336871036593,0,Low Poverty (Wealthy)
219001,0,1,1,0.0,1,0.0,0,-0.44817203415186024,1,Medium Poverty
219002,0,1,2,0.0,1,1.0,0,1.3111679739795794,0,Low Poverty (Wealthy)
219002,0,1,0,0.0,1,0.0,1,-0.6995063210277802,2,High Poverty (Poorest)
219003,0,0,1,0.0,1,1.0,1,0.05449653959997964,1,Medium Poverty
219003,0,0,0,0.0,1,0.0,0,-2.2075120422833,2,High Poverty (Poorest)
219004,0,0,0,0.0,1,1.0,1,-0.6995063210277802,2,High Poverty (Poorest)
219004,0,1,0,0.0,1,0.0,0,-1.20217489477962,2,High Poverty (Poorest)
219005,0,0,1,0.0,1,1.0,1,0.05449653959997964,1,Medium Poverty
219005,0,0,2,0.0,1,0.0,1,-0.1968377472759403,1,Medium Poverty
219006,0,1,1,0.0,1,1.0,0,0.5571651133518195,0,Low Poverty (Wealthy)
219006,0,1,1,0.0,1,0.0,1,0.05449653959997964,1,Medium Poverty
219007,0,1,0,0.0,1,1.0,0,-0.1968377472759403,1,Medium Poverty
219007,0,0,2,0.0,1,0.0,0,-0.6995063210277802,2,High Poverty (Poorest)
219008,0,0,1,0.0,1,1.0,1,0.05449653959997964,1,Medium Poverty
219008,0,0,2,0.0,1,0.0,1,-0.1968377472759403,1,Medium Poverty
219009,0,1,3,0.0,1,1.0,1,2.567839408359179,0,Low Poverty (Wealthy)
219009,0,1,0,0.0,1,0.0,1,-0.6995063210277802,2,High Poverty (Poorest)
219010,0,1,1,0.0,1,1.0,1,1.0598336871036593,0,Low Poverty (Wealthy)
219010,0,0,1,0.0,1,0.0,1,-0.9508406079037002,2,High Poverty (Poorest)
219014,0,1,3,0.0,1,1.0,0,2.0651708346073394,0,Low Poverty (Wealthy)
219015,0,0,2,0.0,1,1.0,1,0.8084994002277395,0,Low Poverty (Wealthy)
219017,0,1,3,0.0,1,1.0,1,2.567839408359179,0,Low Poverty (Wealthy)
219018,0,1,1,0.0,1,1.0,1,1.0598336871036593,0,Low Poverty (Wealthy)
219020,0,1,3,0.0,1,1.0,1,2.567839408359179,0,Low Poverty (Wealthy)
219022,0,0,0,0.0,1,1.0,0,-1.20217489477962,2,High Poverty (Poorest)
219023,0,0,0,0.0,1,1.0,1,-0.6995063210277802,2,High Poverty (Poorest)
219024,0,1,3,0.0,1,1.0,0,2.0651708346073394,0,Low Poverty (Wealthy)
219025,0,0,3,0.0,1,1.0,1,1.5625022608554993,0,Low Poverty (Wealthy)
219025,0,0,0,0.0,1,0.0,1,-1.70484346853146,2,High Poverty (Poorest)
219026,0,0,0,0.0,1,1.0,1,-0.6995063210277802,2,High Poverty (Poorest)
219026,0,0,0,0.0,1,0.0,1,-1.70484346853146,2,High Poverty (Poorest)
219027,0,1,0,0.0,1,1.0,1,0.3058308264758996,0,Low Poverty (Wealthy)
219027,0,1,1,0.0,1,0.0,1,0.05449653959997964,1,Medium Poverty
219028,0,0,3,0.0,1,1.0,1,1.5625022608554993,0,Low Poverty (Wealthy)
219028,0,1,2,0.0,1,0.0,1,0.8084994002277395,0,Low Poverty (Wealthy)
219031,0,1,2,0.0,1,1.0,1,1.8138365477314193,0,Low Poverty (Wealthy)
219031,0,1,2,0.0,1,0.0,0,0.3058308264758996,0,Low Poverty (Wealthy)
219032,0,1,1,0.0,1,1.0,0,0.5571651133518195,0,Low Poverty (Wealthy)
219032,0,1,2,0.0,1,0.0,1,0.8084994002277395,0,Low Poverty (Wealthy)
219033,0,0,2,0.0,1,1.0,1,0.8084994002277395,0,Low Poverty (Wealthy)
219033,0,1,1,0.0,1,0.0,1,0.05449653959997964,1,Medium Poverty
219034,0,1,2,0.0,1,1.0,0,1.3111679739795794,0,Low Poverty (Wealthy)
219034,0,1,1,0.0,1,0.0,1,0.05449653959997964,1,Medium Poverty
219035,0,1,2,0.0,1,1.0,1,1.8138365477314193,0,Low Poverty (Wealthy)
219035,0,1,3,0.0,1,0.0,0,1.0598336871036593,0,Low Poverty (Wealthy)
219036,0,1,1,0.0,1,1.0,1,1.0598336871036593,0,Low Poverty (Wealthy)
219036,0,0,2,0.0,1,0.0,1,-0.1968377472759403,1,Medium Poverty
219038,0,1,0,0.0,1,0.0,1,-0.6995063210277802,2,High Poverty (Poorest)
219039,0,1,2,0.0,1,0.0,0,0.3058308264758996,0,Low Poverty (Wealthy)
219040,0,1,1,0.0,1,0.0,0,-0.44817203415186024,1,Medium Poverty
219041,0,0,0,0.0,1,0.0,0,-2.2075120422833,2,High Poverty (Poorest)
219042,0,1,1,0.0,1,0.0,0,-0.44817203415186024,1,Medium Poverty
219043,0,0,2,0.0,1,0.0,0,-0.6995063210277802,2,High Poverty (Poorest)
219045,0,0,0,0.0,1,0.0,1,-1.70484346853146,2,High Poverty (Poorest)
219047,0,1,3,0.0,1,0.0,0,1.0598336871036593,0,Low Poverty (Wealthy)
219049,0,0,0,0.0,1,0.0,1,-1.70484346853146,2,High Poverty (Poorest)
219051,0,1,3,0.0,1,0.0,1,1.5625022608554993,0,Low Poverty (Wealthy)
219052,0,0,2,0.0,1,0.0,0,-0.6995063210277802,2,High Poverty (Poorest)
219054,0,1,1,0.0,1,0.0,1,0.05449653959997964,1,Medium Poverty
219055,0,0,1,0.0,1,0.0,1,-0.9508406079037002,2,High Poverty (Poorest)
219056,0,0,2,0.0,1,0.0,1,-0.1968377472759403,1,Medium Poverty
219057,0,0,2,0.0,1,0.0,0,-0.6995063210277802,2,High Poverty (Poorest)
219058,0,0,2,0.0,1,0.0,1,-0.1968377472759403,1,Medium Poverty
219059,0,0,1,0.0,1,0.0,0,-1.45350918165554,2,High Poverty (Poorest)
219060,0,0,1,0.0,1,0.0,1,-0.9508406079037002,2,High Poverty (Poorest)
219076,0,1,3,0.0,1,1.0,0,2.0651708346073394,0,Low Poverty (Wealthy)
220011,0,0,1,0.0,1,1.0,1,0.05449653959997964,1,Medium Poverty
220012,0,1,1,0.0,1,1.0,0,0.5571651133518195,0,Low Poverty (Wealthy)
220013,0,1,1,0.0,1,1.0,0,0.5571651133518195,0,Low Poverty (Wealthy)
220014,0,1,2,0.0,1,1.0,1,1.8138365477314193,0,Low Poverty (Wealthy)
220015,0,1,2,0.0,1,1.0,1,1.8138365477314193,0,Low Poverty (Wealthy)
220016,0,1,1,0.0,1,1.0,1,1.0598336871036593,0,Low Poverty (Wealthy)
220017,0,0,0,0.0,1,1.0,0,-1.20217489477962,2,High Poverty (Poorest)
220018,0,0,0,0.0,1,1.0,1,-0.6995063210277802,2,High Poverty (Poorest)
220019,0,1,1,0.0,1,1.0,1,1.0598336871036593,0,Low Poverty (Wealthy)
220020,0,0,1,0.0,1,1.0,0,-0.44817203415186024,1,Medium Poverty
220021,0,0,3,0.0,1,0.0,1,0.5571651133518195,0,Low Poverty (Wealthy)
220021,0,0,1,0.0,1,1.0,1,0.05449653959997964,1,Medium Poverty
220022,0,0,1,0.0,1,0.0,0,-1.45350918165554,2,High Poverty (Poorest)
220022,0,0,3,0.0,1,1.0,1,1.5625022608554993,0,Low Poverty (Wealthy)
220024,0,1,1,0.0,1,0.0,1,0.05449653959997964,1,Medium Poverty
220025,0,0,2,0.0,1,0.0,1,-0.1968377472759403,1,Medium Poverty
220026,0,1,0,0.0,1,0.0,0,-1.20217489477962,2,High Poverty (Poorest)
220026,0,0,1,0.0,1,1.0,1,0.05449653959997964,1,Medium Poverty
220027,0,0,3,0.0,1,0.0,0,0.05449653959997964,1,Medium Poverty
220027,0,1,2,0.0,1,1.0,1,1.8138365477314193,0,Low Poverty (Wealthy)
220028,0,0,1,0.0,1,0.0,0,-1.45350918165554,2,High Poverty (Poorest)
220028,0,1,2,0.0,1,1.0,1,1.8138365477314193,0,Low Poverty (Wealthy)
220029,0,1,3,0.0,1,0.0,1,1.5625022608554993,0,Low Poverty (Wealthy)
220051,0,0,1,0.0,1,0.0,0,-1.45350918165554,2,High Poverty (Poorest)
220051,0,1,1,0.0,1,0.0,1,0.05449653959997964,1,Medium Poverty
220052,0,0,3,0.0,1,0.0,1,0.5571651133518195,0,Low Poverty (Wealthy)
220052,0,1,0,0.0,1,0.0,0,-1.20217489477962,2,High Poverty (Poorest)
220053,0,0,2,0.0,1,0.0,1,-0.1968377472759403,1,Medium Poverty
220053,0,1,2,0.0,1,0.0,1,0.8084994002277395,0,Low Poverty (Wealthy)
220054,0,0,2,0.0,1,0.0,0,-0.6995063210277802,2,High Poverty (Poorest)
220054,0,1,1,0.0,1,0.0,1,0.05449653959997964,1,Medium Poverty
220055,0,1,1,0.0,1,0.0,1,0.05449653959997964,1,Medium Poverty
220055,0,1,2,0.0,1,0.0,0,0.3058308264758996,0,Low Poverty (Wealthy)
220056,0,1,1,0.0,1,0.0,1,0.05449653959997964,1,Medium Poverty
220056,0,1,1,0.0,1,0.0,0,-0.44817203415186024,1,Medium Poverty
220057,0,1,0,0.0,1,0.0,1,-0.6995063210277802,2,High Poverty (Poorest)
220057,0,0,0,0.0,1,0.0,1,-1.70484346853146,2,High Poverty (Poorest)
220059,0,0,3,0.0,1,0.0,0,0.05449653959997964,1,Medium Poverty
220059,0,0,1,0.0,1,0.0,1,-0.9508406079037002,2,High Poverty (Poorest)
220060,0,1,3,0.0,1,0.0,1,1.5625022608554993,0,Low Poverty (Wealthy)
220060,0,1,0,0.0,1,0.0,0,-1.20217489477962,2,High Poverty (Poorest)
220111,0,1,2,0.0,1,1.0,1,1.8138365477314193,0,Low Poverty (Wealthy)
220111,0,0,1,0.0,1,0.0,1,-0.9508406079037002,2,High Poverty (Poorest)
220111,0,1,2,0.0,1,0.0,1,0.8084994002277395,0,Low Poverty (Wealthy)
220112,0,0,2,0.0,1,1.0,1,0.8084994002277395,0,Low Poverty (Wealthy)
220112,0,0,0,0.0,1,0.0,0,-2.2075120422833,2,High Poverty (Poorest)
220112,0,1,3,0.0,1,0.0,0,1.0598336871036593,0,Low Poverty (Wealthy)
220113,0,1,0,0.0,1,1.0,1,0.3058308264758996,0,Low Poverty (Wealthy)
220113,0,1,2,0.0,1,0.0,1,0.8084994002277395,0,Low Poverty (Wealthy)
220113,0,1,3,0.0,1,0.0,1,1.5625022608554993,0,Low Poverty (Wealthy)
220114,0,0,3,0.0,1,1.0,0,1.0598336871036593,0,Low Poverty (Wealthy)
220114,0,1,3,0.0,1,0.0,1,1.5625022608554993,0,Low Poverty (Wealthy)
220114,0,0,1,0.0,1,0.0,1,-0.9508406079037002,2,High Poverty (Poorest)
220115,0,1,0,0.0,1,1.0,0,-0.1968377472759403,1,Medium Poverty
220115,0,1,0,0.0,1,0.0,0,-1.20217489477962,2,High Poverty (Poorest)
220115,0,0,1,0.0,1,0.0,1,-0.9508406079037002,2,High Poverty (Poorest)
220116,0,0,2,0.0,1,1.0,0,0.3058308264758996,0,Low Poverty (Wealthy)
220116,0,1,0,0.0,1,0.0,0,-1.20217489477962,2,High Poverty (Poorest)
220116,0,1,2,0.0,1,0.0,1,0.8084994002277395,0,Low Poverty (Wealthy)
220117,0,1,1,0.0,1,1.0,1,1.0598336871036593,0,Low Poverty (Wealthy)
220117,0,0,1,0.0,1,0.0,1,-0.9508406079037002,2,High Poverty (Poorest)
220117,0,0,2,0.0,1,0.0,1,-0.1968377472759403,1,Medium Poverty
220118,0,1,1,0.0,1,1.0,1,1.0598336871036593,0,Low Poverty (Wealthy)
220118,0,1,2,0.0,1,0.0,1,0.8084994002277395,0,Low Poverty (Wealthy)
220118,0,0,0,0.0,1,0.0,0,-2.2075120422833,2,High Poverty (Poorest)
220119,0,1,2,0.0,1,1.0,0,1.3111679739795794,0,Low Poverty (Wealthy)
220119,0,0,0,0.0,1,0.0,0,-2.2075120422833,2,High Poverty (Poorest)
220119,0,1,0,0.0,1,0.0,0,-1.20217489477962,2,High Poverty (Poorest)
220120,0,1,2,0.0,1,1.0,0,1.3111679739795794,0,Low Poverty (Wealthy)
220120,0,1,3,0.0,1,0.0,0,1.0598336871036593,0,Low Poverty (Wealthy)
220120,0,0,1,0.0,1,0.0,0,-1.45350918165554,2,High Poverty (Poorest)
229002,0,1,1,0.0,1,0.0,0,-0.44817203415186024,1,Medium Poverty
229003,0,0,1,0.0,1,0.0,1,-0.9508406079037002,2,High Poverty (Poorest)
229004,0,0,1,0.0,1,0.0,0,-1.45350918165554,2,High Poverty (Poorest)
229005,0,1,2,0.0,1,0.0,1,0.8084994002277395,0,Low Poverty (Wealthy)
229006,0,1,2,0.0,1,0.0,0,0.3058308264758996,0,Low Poverty (Wealthy)
229007,0,1,0,0.0,1,0.0,1,-0.6995063210277802,2,High Poverty (Poorest)
229009,0,1,1,0.0,1,0.0,1,0.05449653959997964,1,Medium Poverty
229010,0,1,2,0.0,1,0.0,1,0.8084994002277395,0,Low Poverty (Wealthy)
229011,0,0,1,0.0,1,0.0,1,-0.9508406079037002,2,High Poverty (Poorest)
229012,0,0,2,0.0,1,0.0,1,-0.1968377472759403,1,Medium Poverty
229014,0,0,0,0.0,1,0.0,0,-2.2075120422833,2,High Poverty (Poorest)
229015,0,1,2,0.0,1,0.0,1,0.8084994002277395,0,Low Poverty (Wealthy)
229016,0,1,0,0.0,1,0.0,1,-0.6995063210277802,2,High Poverty (Poorest)
229017,0,0,2,0.0,1,0.0,1,-0.1968377472759403,1,Medium Poverty
229018,0,1,1,0.0,1,0.0,0,-0.44817203415186024,1,Medium Poverty
229020,0,1,1,0.0,1,0.0,1,0.05449653959997964,1,Medium Poverty
229021,0,1,2,0.0,1,0.0,1,0.8084994002277395,0,Low Poverty (Wealthy)
229023,0,0,0,0.0,1,0.0,1,-1.70484346853146,2,High Poverty (Poorest)
229024,0,0,1,0.0,1,0.0,1,-0.9508406079037002,2,High Poverty (Poorest)
229025,0,0,1,0.0,1,1.0,0,-0.44817203415186024,1,Medium Poverty
229026,0,0,1,0.0,1,1.0,0,-0.44817203415186024,1,Medium Poverty
229028,0,1,3,0.0,1,1.0,1,2.567839408359179,0,Low Poverty (Wealthy)
229029,0,1,2,0.0,1,1.0,0,1.3111679739795794,0,Low Poverty (Wealthy)
229031,0,1,0,0.0,1,1.0,0,-0.1968377472759403,1,Medium Poverty
229032,0,1,2,0.0,1,1.0,0,1.3111679739795794,0,Low Poverty (Wealthy)
229033,0,1,1,0.0,1,1.0,0,0.5571651133518195,0,Low Poverty (Wealthy)
229035,0,0,3,0.0,1,1.0,1,1.5625022608554993,0,Low Poverty (Wealthy)
229036,0,1,1,0.0,1,1.0,0,0.5571651133518195,0,Low Poverty (Wealthy)
229037,0,1,2,0.0,1,0.0,1,0.8084994002277395,0,Low Poverty (Wealthy)
229037,0,0,1,0.0,1,0.0,1,-0.9508406079037002,2,High Poverty (Poorest)
229038,0,0,1,0.0,1,0.0,1,-0.9508406079037002,2,High Poverty (Poorest)
229038,0,1,1,0.0,1,0.0,0,-0.44817203415186024,1,Medium Poverty
229039,0,0,1,0.0,1,0.0,1,-0.9508406079037002,2,High Poverty (Poorest)
229039,0,1,2,0.0,1,0.0,1,0.8084994002277395,0,Low Poverty (Wealthy)
229040,0,0,1,0.0,1,0.0,1,-0.9508406079037002,2,High Poverty (Poorest)
229040,0,1,3,0.0,1,0.0,1,1.5625022608554993,0,Low Poverty (Wealthy)
229041,0,0,1,0.0,1,0.0,1,-0.9508406079037002,2,High Poverty (Poorest)
229041,0,0,2,0.0,1,0.0,1,-0.1968377472759403,1,Medium Poverty
229042,0,1,3,0.0,1,0.0,0,1.0598336871036593,0,Low Poverty (Wealthy)
229042,0,0,2,0.0,1,0.0,0,-0.6995063210277802,2,High Poverty (Poorest)
229044,0,1,3,0.0,1,0.0,1,1.5625022608554993,0,Low Poverty (Wealthy)
229044,0,0,2,0.0,1,0.0,0,-0.6995063210277802,2,High Poverty (Poorest)
229046,0,0,1,0.0,1,0.0,0,-1.45350918165554,2,High Poverty (Poorest)
229046,0,0,2,0.0,1,0.0,1,-0.1968377472759403,1,Medium Poverty
229047,0,0,0,0.0,1,0.0,0,-2.2075120422833,2,High Poverty (Poorest)
229047,0,1,1,0.0,1,0.0,1,0.05449653959997964,1,Medium Poverty
229048,0,0,1,0.0,1,0.0,1,-0.9508406079037002,2,High Poverty (Poorest)
229048,0,1,2,0.0,1,0.0,0,0.3058308264758996,0,Low Poverty (Wealthy)
229049,0,0,1,0.0,1,0.0,0,-1.45350918165554,2,High Poverty (Poorest)
229049,0,0,1,0.0,1,0.0,0,-1.45350918165554,2,High Poverty (Poorest)
229050,0,1,1,0.0,1,0.0,0,-0.44817203415186024,1,Medium Poverty
229050,0,0,3,0.0,1,0.0,0,0.05449653959997964,1,Medium Poverty
229051,0,1,0,0.0,1,0.0,0,-1.20217489477962,2,High Poverty (Poorest)
229051,0,0,0,0.0,1,0.0,1,-1.70484346853146,2,High Poverty (Poorest)
229052,0,1,1,0.0,1,0.0,0,-0.44817203415186024,1,Medium Poverty
229052,0,1,3,0.0,1,0.0,1,1.5625022608554993,0,Low Poverty (Wealthy)
229053,0,1,3,0.0,1,0.0,1,1.5625022608554993,0,Low Poverty (Wealthy)
229053,0,1,2,0.0,1,0.0,1,0.8084994002277395,0,Low Poverty (Wealthy)
229056,0,1,3,0.0,1,0.0,1,1.5625022608554993,0,Low Poverty (Wealthy)
229056,0,0,1,0.0,1,0.0,0,-1.45350918165554,2,High Poverty (Poorest)
229057,0,0,3,0.0,1,0.0,1,0.5571651133518195,0,Low Poverty (Wealthy)
229058,0,1,0,0.0,1,0.0,0,-1.20217489477962,2,High Poverty (Poorest)
229058,0,0,0,0.0,1,0.0,0,-2.2075120422833,2,High Poverty (Poorest)
229059,0,1,0,0.0,1,0.0,1,-0.6995063210277802,2,High Poverty (Poorest)
229059,0,1,2,0.0,1,0.0,0,0.3058308264758996,0,Low Poverty (Wealthy)
229060,0,0,2,0.0,1,0.0,0,-0.6995063210277802,2,High Poverty (Poorest)
229060,0,1,1,0.0,1,0.0,1,0.05449653959997964,1,Medium Poverty
229061,0,1,3,0.0,1,0.0,1,1.5625022608554993,0,Low Poverty (Wealthy)
229061,0,1,1,0.0,1,0.0,0,-0.44817203415186024,1,Medium Poverty
229063,0,1,0,0.0,1,0.0,0,-1.20217489477962,2,High Poverty (Poorest)
229063,0,0,1,0.0,1,0.0,1,-0.9508406079037002,2,High Poverty (Poorest)
229064,0,0,2,0.0,1,0.0,1,-0.1968377472759403,1,Medium Poverty
229065,0,1,2,0.0,1,0.0,0,0.3058308264758996,0,Low Poverty (Wealthy)
229065,0,0,1,0.0,1,0.0,1,-0.9508406079037002,2,High Poverty (Poorest)
229070,0,1,2,0.0,1,0.0,1,0.8084994002277395,0,Low Poverty (Wealthy)
229070,0,1,1,0.0,1,0.0,0,-0.44817203415186024,1,Medium Poverty
229071,0,1,2,0.0,1,0.0,1,0.8084994002277395,0,Low Poverty (Wealthy)
229071,0,0,3,0.0,1,0.0,1,0.5571651133518195,0,Low Poverty (Wealthy)
229072,0,1,0,0.0,1,0.0,0,-1.20217489477962,2,High Poverty (Poorest)
229087,0,1,3,0.0,1,0.0,1,1.5625022608554993,0,Low Poverty (Wealthy)
229090,0,1,2,0.0,1,1.0,0,1.3111679739795794,0,Low Poverty (Wealthy)
229094,0,1,1,0.0,1,0.0,1,0.05449653959997964,1,Medium Poverty
229094,0,1,3,0.0,1,0.0,1,1.5625022608554993,0,Low Poverty (Wealthy)
230011,0,1,1,0.0,1,0.0,0,-0.44817203415186024,1,Medium Poverty
230013,0,1,1,0.0,1,0.0,1,0.05449653959997964,1,Medium Poverty
230014,0,1,0,0.0,1,0.0,1,-0.6995063210277802,2,High Poverty (Poorest)
230015,0,0,1,0.0,1,0.0,0,-1.45350918165554,2,High Poverty (Poorest)
230016,0,1,2,0.0,1,0.0,0,0.3058308264758996,0,Low Poverty (Wealthy)
230017,0,1,2,0.0,1,0.0,0,0.3058308264758996,0,Low Poverty (Wealthy)
230018,0,1,3,0.0,1,0.0,1,1.5625022608554993,0,Low Poverty (Wealthy)
230019,0,1,1,0.0,1,0.0,1,0.05449653959997964,1,Medium Poverty
230020,0,1,0,0.0,1,0.0,1,-0.6995063210277802,2,High Poverty (Poorest)
230071,0,1,0,0.0,1,0.0,1,-0.6995063210277802,2,High Poverty (Poorest)
230071,0,1,1,0.0,1,0.0,1,0.05449653959997964,1,Medium Poverty
230072,0,1,3,0.0,1,0.0,0,1.0598336871036593,0,Low Poverty (Wealthy)
230072,0,1,2,0.0,1,0.0,0,0.3058308264758996,0,Low Poverty (Wealthy)
230073,0,1,1,0.0,1,0.0,1,0.05449653959997964,1,Medium Poverty
230073,0,0,3,0.0,1,0.0,1,0.5571651133518195,0,Low Poverty (Wealthy)
230074,0,1,2,0.0,1,0.0,1,0.8084994002277395,0,Low Poverty (Wealthy)
230075,0,1,0,0.0,1,0.0,1,-0.6995063210277802,2,High Poverty (Poorest)
230076,0,1,2,0.0,1,0.0,1,0.8084994002277395,0,Low Poverty (Wealthy)
230076,0,1,1,0.0,1,0.0,1,0.05449653959997964,1,Medium Poverty
230077,0,1,0,0.0,1,0.0,0,-1.20217489477962,2,High Poverty (Poorest)
230077,0,1,1,0.0,1,0.0,1,0.05449653959997964,1,Medium Poverty
230078,0,0,1,0.0,1,0.0,1,-0.9508406079037002,2,High Poverty (Poorest)
230078,0,1,1,0.0,1,0.0,1,0.05449653959997964,1,Medium Poverty
230079,0,1,1,0.0,1,0.0,1,0.05449653959997964,1,Medium Poverty
230079,0,0,0,0.0,1,0.0,1,-1.70484346853146,2,High Poverty (Poorest)
230080,0,0,2,0.0,1,0.0,1,-0.1968377472759403,1,Medium Poverty
230080,0,1,3,0.0,1,0.0,0,1.0598336871036593,0,Low Poverty (Wealthy)
230081,0,1,2,0.0,1,0.0,1,0.8084994002277395,0,Low Poverty (Wealthy)
230083,0,0,1,0.0,1,0.0,1,-0.9508406079037002,2,High Poverty (Poorest)
230084,0,1,1,0.0,1,0.0,0,-0.44817203415186024,1,Medium Poverty
230086,0,1,1,0.0,1,0.0,0,-0.44817203415186024,1,Medium Poverty
230087,0,1,0,0.0,1,0.0,1,-0.6995063210277802,2,High Poverty (Poorest)
230088,0,1,2,0.0,1,0.0,0,0.3058308264758996,0,Low Poverty (Wealthy)
230089,0,1,2,0.0,1,0.0,1,0.8084994002277395,0,Low Poverty (Wealthy)
230090,0,1,2,0.0,1,0.0,1,0.8084994002277395,0,Low Poverty (Wealthy)
230091,0,1,2,0.0,1,0.0,0,0.3058308264758996,0,Low Poverty (Wealthy)
230092,0,1,1,0.0,1,0.0,1,0.05449653959997964,1,Medium Poverty
230093,0,0,1,0.0,1,0.0,1,-0.9508406079037002,2,High Poverty (Poorest)
230095,0,1,2,0.0,1,0.0,1,0.8084994002277395,0,Low Poverty (Wealthy)
230097,0,0,1,0.0,1,0.0,1,-0.9508406079037002,2,High Poverty (Poorest)
230098,0,0,1,0.0,1,0.0,1,-0.9508406079037002,2,High Poverty (Poorest)
230099,0,0,1,0.0,1,0.0,0,-1.45350918165554,2,High Poverty (Poorest)
239001,0,0,1,0.0,1,0.0,0,-1.45350918165554,2,High Poverty (Poorest)
239002,0,1,0,0.0,1,0.0,0,-1.20217489477962,2,High Poverty (Poorest)
239003,0,0,2,0.0,1,0.0,1,-0.1968377472759403,1,Medium Poverty
239004,0,1,3,0.0,1,0.0,1,1.5625022608554993,0,Low Poverty (Wealthy)
239005,0,1,1,0.0,1,0.0,1,0.05449653959997964,1,Medium Poverty
239009,0,1,0,0.0,1,0.0,1,-0.6995063210277802,2,High Poverty (Poorest)
239010,0,0,2,0.0,1,0.0,0,-0.6995063210277802,2,High Poverty (Poorest)
239012,0,1,1,0.0,1,0.0,0,-0.44817203415186024,1,Medium Poverty
239013,0,1,1,0.0,1,1.0,1,1.0598336871036593,0,Low Poverty (Wealthy)
239014,0,1,0,0.0,1,1.0,1,0.3058308264758996,0,Low Poverty (Wealthy)
239015,0,1,1,0.0,1,1.0,1,1.0598336871036593,0,Low Poverty (Wealthy)
239016,0,1,2,0.0,1,1.0,0,1.3111679739795794,0,Low Poverty (Wealthy)
239017,0,1,2,0.0,1,1.0,1,1.8138365477314193,0,Low Poverty (Wealthy)
239018,0,0,1,0.0,1,1.0,1,0.05449653959997964,1,Medium Poverty
239021,0,1,1,0.0,1,1.0,1,1.0598336871036593,0,Low Poverty (Wealthy)
239022,0,0,0,0.0,1,1.0,0,-1.20217489477962,2,High Poverty (Poorest)
239023,0,1,0,0.0,1,0.0,1,-0.6995063210277802,2,High Poverty (Poorest)
239024,0,0,3,0.0,1,1.0,1,1.5625022608554993,0,Low Poverty (Wealthy)
239025,0,0,2,0.0,1,0.0,1,-0.1968377472759403,1,Medium Poverty
239026,0,1,1,0.0,1,0.0,0,-0.44817203415186024,1,Medium Poverty
239027,0,1,2,0.0,1,0.0,0,0.3058308264758996,0,Low Poverty (Wealthy)
239028,0,1,2,0.0,1,0.0,1,0.8084994002277395,0,Low Poverty (Wealthy)
239029,0,1,2,0.0,1,0.0,0,0.3058308264758996,0,Low Poverty (Wealthy)
239032,0,1,0,0.0,1,0.0,1,-0.6995063210277802,2,High Poverty (Poorest)
239033,0,0,0,0.0,1,0.0,0,-2.2075120422833,2,High Poverty (Poorest)
239037,0,1,2,0.0,1,1.0,0,1.3111679739795794,0,Low Poverty (Wealthy)
239039,0,0,1,0.0,1,1.0,1,0.05449653959997964,1,Medium Poverty
239042,0,1,3,0.0,1,1.0,1,2.567839408359179,0,Low Poverty (Wealthy)
239043,0,1,2,0.0,1,1.0,1,1.8138365477314193,0,Low Poverty (Wealthy)
239044,0,0,3,0.0,1,1.0,1,1.5625022608554993,0,Low Poverty (Wealthy)
239045,0,1,1,0.0,1,1.0,0,0.5571651133518195,0,Low Poverty (Wealthy)
239046,0,0,3,0.0,1,1.0,1,1.5625022608554993,0,Low Poverty (Wealthy)
239047,0,1,1,0.0,1,1.0,0,0.5571651133518195,0,Low Poverty (Wealthy)
239048,0,1,3,0.0,1,0.0,1,1.5625022608554993,0,Low Poverty (Wealthy)
239049,0,1,0,0.0,1,1.0,0,-0.1968377472759403,1,Medium Poverty
239049,0,0,1,0.0,1,0.0,0,-1.45350918165554,2,High Poverty (Poorest)
239049,0,0,2,0.0,1,0.0,0,-0.6995063210277802,2,High Poverty (Poorest)
239050,0,0,1,0.0,1,1.0,0,-0.44817203415186024,1,Medium Poverty
239050,0,0,1,0.0,1,0.0,1,-0.9508406079037002,2,High Poverty (Poorest)
239050,0,1,3,0.0,1,0.0,1,1.5625022608554993,0,Low Poverty (Wealthy)
239052,0,1,1,0.0,1,0.0,1,0.05449653959997964,1,Medium Poverty
239053,0,1,2,0.0,1,1.0,1,1.8138365477314193,0,Low Poverty (Wealthy)
239053,0,1,0,0.0,1,0.0,0,-1.20217489477962,2,High Poverty (Poorest)
239053,0,1,2,0.0,1,0.0,0,0.3058308264758996,0,Low Poverty (Wealthy)
239054,0,1,2,0.0,1,1.0,0,1.3111679739795794,0,Low Poverty (Wealthy)
239054,0,1,1,0.0,1,0.0,0,-0.44817203415186024,1,Medium Poverty
239054,0,1,0,0.0,1,0.0,1,-0.6995063210277802,2,High Poverty (Poorest)
239055,0,0,2,0.0,1,0.0,1,-0.1968377472759403,1,Medium Poverty
239058,0,0,0,0.0,1,1.0,0,-1.20217489477962,2,High Poverty (Poorest)
239058,0,1,0,0.0,1,0.0,0,-1.20217489477962,2,High Poverty (Poorest)
239058,0,0,2,0.0,1,0.0,0,-0.6995063210277802,2,High Poverty (Poorest)
239059,0,0,0,0.0,1,1.0,0,-1.20217489477962,2,High Poverty (Poorest)
239059,0,1,0,0.0,1,0.0,0,-1.20217489477962,2,High Poverty (Poorest)
239059,0,1,2,0.0,1,0.0,1,0.8084994002277395,0,Low Poverty (Wealthy)
239061,0,1,0,0.0,1,0.0,0,-1.20217489477962,2,High Poverty (Poorest)
239061,0,0,1,0.0,1,0.0,1,-0.9508406079037002,2,High Poverty (Poorest)
239062,0,1,0,0.0,1,0.0,0,-1.20217489477962,2,High Poverty (Poorest)
239062,0,1,2,0.0,1,0.0,0,0.3058308264758996,0,Low Poverty (Wealthy)
239063,0,1,2,0.0,1,0.0,1,0.8084994002277395,0,Low Poverty (Wealthy)
239063,0,1,2,0.0,1,0.0,1,0.8084994002277395,0,Low Poverty (Wealthy)
239064,0,1,1,0.0,1,0.0,0,-0.44817203415186024,1,Medium Poverty
239064,0,1,0,0.0,1,0.0,1,-0.6995063210277802,2,High Poverty (Poorest)
239065,0,1,0,0.0,1,0.0,0,-1.20217489477962,2,High Poverty (Poorest)
239065,0,0,1,0.0,1,0.0,0,-1.45350918165554,2,High Poverty (Poorest)
239066,0,1,3,0.0,1,0.0,1,1.5625022608554993,0,Low Poverty (Wealthy)
239066,0,1,1,0.0,1,0.0,1,0.05449653959997964,1,Medium Poverty
239068,0,1,1,0.0,1,0.0,0,-0.44817203415186024,1,Medium Poverty
239068,0,1,0,0.0,1,0.0,0,-1.20217489477962,2,High Poverty (Poorest)
239070,0,1,2,0.0,1,0.0,1,0.8084994002277395,0,Low Poverty (Wealthy)
239070,0,0,2,0.0,1,0.0,0,-0.6995063210277802,2,High Poverty (Poorest)
239071,0,1,2,0.0,1,0.0,0,0.3058308264758996,0,Low Poverty (Wealthy)
239071,0,0,3,0.0,1,0.0,1,0.5571651133518195,0,Low Poverty (Wealthy)
239072,0,1,1,0.0,1,0.0,1,0.05449653959997964,1,Medium Poverty
239072,0,0,0,0.0,1,0.0,0,-2.2075120422833,2,High Poverty (Poorest)
239074,0,0,1,0.0,1,0.0,1,-0.9508406079037002,2,High Poverty (Poorest)
239076,0,1,2,0.0,1,0.0,1,0.8084994002277395,0,Low Poverty (Wealthy)
239077,0,1,2,0.0,1,0.0,1,0.8084994002277395,0,Low Poverty (Wealthy)
239081,0,1,1,0.0,1,0.0,1,0.05449653959997964,1,Medium Poverty
239083,0,0,2,0.0,1,0.0,1,-0.1968377472759403,1,Medium Poverty
239084,0,1,2,0.0,1,0.0,0,0.3058308264758996,0,Low Poverty (Wealthy)
239085,0,0,3,0.0,1,0.0,0,0.05449653959997964,1,Medium Poverty
239086,0,1,2,0.0,1,0.0,1,0.8084994002277395,0,Low Poverty (Wealthy)
239087,0,1,2,0.0,1,0.0,1,0.8084994002277395,0,Low Poverty (Wealthy)
239088,0,1,1,0.0,1,0.0,1,0.05449653959997964,1,Medium Poverty
239089,0,0,2,0.0,1,0.0,1,-0.1968377472759403,1,Medium Poverty
239090,0,1,3,0.0,1,0.0,1,1.5625022608554993,0,Low Poverty (Wealthy)
239092,0,0,1,0.0,1,0.0,1,-0.9508406079037002,2,High Poverty (Poorest)
239093,0,1,2,0.0,1,0.0,1,0.8084994002277395,0,Low Poverty (Wealthy)
239095,0,0,2,0.0,1,0.0,1,-0.1968377472759403,1,Medium Poverty
239096,0,1,0,0.0,1,0.0,0,-1.20217489477962,2,High Poverty (Poorest)
239097,0,0,2,0.0,1,0.0,1,-0.1968377472759403,1,Medium Poverty
239097,0,1,0,0.0,1,0.0,1,-0.6995063210277802,2,High Poverty (Poorest)
239099,0,1,3,0.0,1,0.0,1,1.5625022608554993,0,Low Poverty (Wealthy)
239099,0,1,2,0.0,1,0.0,1,0.8084994002277395,0,Low Poverty (Wealthy)
239100,0,0,0,0.0,1,0.0,0,-2.2075120422833,2,High Poverty (Poorest)
239100,0,1,0,0.0,1,0.0,1,-0.6995063210277802,2,High Poverty (Poorest)
239101,0,1,2,0.0,1,0.0,1,0.8084994002277395,0,Low Poverty (Wealthy)
239101,0,1,1,0.0,1,0.0,1,0.05449653959997964,1,Medium Poverty
239103,0,0,0,0.0,1,0.0,1,-1.70484346853146,2,High Poverty (Poorest)
239103,0,1,1,0.0,1,0.0,0,-0.44817203415186024,1,Medium Poverty
239104,0,1,1,0.0,1,0.0,1,0.05449653959997964,1,Medium Poverty
239104,0,0,0,0.0,1,0.0,1,-1.70484346853146,2,High Poverty (Poorest)
239106,0,0,2,0.0,1,0.0,1,-0.1968377472759403,1,Medium Poverty
239106,0,1,3,0.0,1,0.0,1,1.5625022608554993,0,Low Poverty (Wealthy)
239108,0,0,2,0.0,1,0.0,1,-0.1968377472759403,1,Medium Poverty
239108,0,0,2,0.0,1,0.0,0,-0.6995063210277802,2,High Poverty (Poorest)
239110,0,1,1,0.0,1,0.0,1,0.05449653959997964,1,Medium Poverty
239111,0,1,1,0.0,1,0.0,0,-0.44817203415186024,1,Medium Poverty
239112,0,0,1,0.0,1,0.0,1,-0.9508406079037002,2,High Poverty (Poorest)
239113,0,1,2,0.0,1,0.0,0,0.3058308264758996,0,Low Poverty (Wealthy)
239114,0,0,3,0.0,1,0.0,0,0.05449653959997964,1,Medium Poverty
239116,0,0,2,0.0,1,0.0,1,-0.1968377472759403,1,Medium Poverty
239117,0,0,3,0.0,1,0.0,1,0.5571651133518195,0,Low Poverty (Wealthy)
239118,0,1,2,0.0,1,0.0,1,0.8084994002277395,0,Low Poverty (Wealthy)
239120,0,0,1,0.0,1,0.0,1,-0.9508406079037002,2,High Poverty (Poorest)
239121,0,0,1,0.0,1,0.0,1,-0.9508406079037002,2,High Poverty (Poorest)
239122,0,1,0,0.0,1,0.0,1,-0.6995063210277802,2,High Poverty (Poorest)
239122,0,1,0,0.0,1,0.0,1,-0.6995063210277802,2,High Poverty (Poorest)
239123,0,0,2,0.0,1,0.0,1,-0.1968377472759403,1,Medium Poverty
239123,0,1,1,0.0,1,0.0,1,0.05449653959997964,1,Medium Poverty
239124,0,0,2,0.0,1,0.0,1,-0.1968377472759403,1,Medium Poverty
239124,0,1,2,0.0,1,0.0,1,0.8084994002277395,0,Low Poverty (Wealthy)
239125,0,1,1,0.0,1,0.0,0,-0.44817203415186024,1,Medium Poverty
239125,0,1,1,0.0,1,0.0,1,0.05449653959997964,1,Medium Poverty
239127,0,0,1,0.0,1,0.0,0,-1.45350918165554,2,High Poverty (Poorest)
239127,0,0,1,0.0,1,0.0,0,-1.45350918165554,2,High Poverty (Poorest)
239128,0,0,2,0.0,1,0.0,0,-0.6995063210277802,2,High Poverty (Poorest)
239129,0,1,1,0.0,1,0.0,1,0.05449653959997964,1,Medium Poverty
239129,0,0,2,0.0,1,0.0,0,-0.6995063210277802,2,High Poverty (Poorest)
239130,0,1,3,0.0,1,0.0,1,1.5625022608554993,0,Low Poverty (Wealthy)
239130,0,1,3,0.0,1,0.0,1,1.5625022608554993,0,Low Poverty (Wealthy)
239131,0,1,3,0.0,1,0.0,1,1.5625022608554993,0,Low Poverty (Wealthy)
239131,0,1,1,0.0,1,0.0,1,0.05449653959997964,1,Medium Poverty
239132,0,1,0,0.0,1,0.0,1,-0.6995063210277802,2,High Poverty (Poorest)
239133,0,1,1,0.0,1,0.0,1,0.05449653959997964,1,Medium Poverty
239135,0,0,1,0.0,1,0.0,1,-0.9508406079037002,2,High Poverty (Poorest)
239136,0,1,3,0.0,1,0.0,1,1.5625022608554993,0,Low Poverty (Wealthy)
239137,0,1,2,0.0,1,0.0,1,0.8084994002277395,0,Low Poverty (Wealthy)
239138,0,1,0,0.0,1,0.0,1,-0.6995063210277802,2,High Poverty (Poorest)
239140,0,1,0,0.0,1,0.0,0,-1.20217489477962,2,High Poverty (Poorest)
239141,0,0,0,0.0,1,0.0,1,-1.70484346853146,2,High Poverty (Poorest)
239142,0,0,2,0.0,1,0.0,0,-0.6995063210277802,2,High Poverty (Poorest)
239143,0,1,2,0.0,1,0.0,0,0.3058308264758996,0,Low Poverty (Wealthy)
239144,0,0,3,0.0,1,1.0,1,1.5625022608554993,0,Low Poverty (Wealthy)
239146,0,1,3,0.0,1,1.0,1,2.567839408359179,0,Low Poverty (Wealthy)
239147,0,1,1,0.0,1,1.0,1,1.0598336871036593,0,Low Poverty (Wealthy)
239148,0,1,1,0.0,1,1.0,1,1.0598336871036593,0,Low Poverty (Wealthy)
239149,0,1,1,0.0,1,1.0,1,1.0598336871036593,0,Low Poverty (Wealthy)
239150,0,0,1,0.0,1,1.0,0,-0.44817203415186024,1,Medium Poverty
239151,0,0,3,0.0,1,1.0,1,1.5625022608554993,0,Low Poverty (Wealthy)
239152,0,1,2,0.0,1,1.0,0,1.3111679739795794,0,Low Poverty (Wealthy)
239155,0,1,2,0.0,1,0.0,0,0.3058308264758996,0,Low Poverty (Wealthy)
239156,0,1,1,0.0,1,0.0,1,0.05449653959997964,1,Medium Poverty
239158,0,0,0,0.0,1,0.0,0,-2.2075120422833,2,High Poverty (Poorest)
239159,0,0,0,0.0,1,0.0,0,-2.2075120422833,2,High Poverty (Poorest)
239160,0,1,1,0.0,1,0.0,1,0.05449653959997964,1,Medium Poverty
239161,0,1,2,0.0,1,0.0,0,0.3058308264758996,0,Low Poverty (Wealthy)
239162,0,1,1,0.0,1,0.0,0,-0.44817203415186024,1,Medium Poverty
239163,0,0,2,0.0,1,0.0,0,-0.6995063210277802,2,High Poverty (Poorest)
239164,0,1,2,0.0,1,0.0,0,0.3058308264758996,0,Low Poverty (Wealthy)
239165,0,1,1,0.0,1,0.0,0,-0.44817203415186024,1,Medium Poverty
239167,0,1,2,0.0,1,0.0,1,0.8084994002277395,0,Low Poverty (Wealthy)
239168,0,0,1,0.0,1,0.0,0,-1.45350918165554,2,High Poverty (Poorest)
239169,0,1,2,0.0,1,0.0,1,0.8084994002277395,0,Low Poverty (Wealthy)
239170,0,1,2,0.0,1,0.0,0,0.3058308264758996,0,Low Poverty (Wealthy)
239171,0,1,3,0.0,1,0.0,1,1.5625022608554993,0,Low Poverty (Wealthy)
239172,0,1,1,0.0,1,0.0,1,0.05449653959997964,1,Medium Poverty
239173,0,1,1,0.0,1,0.0,1,0.05449653959997964,1,Medium Poverty
239175,0,1,0,0.0,1,0.0,1,-0.6995063210277802,2,High Poverty (Poorest)
239176,0,1,1,0.0,1,0.0,1,0.05449653959997964,1,Medium Poverty
239177,0,0,2,0.0,1,0.0,0,-0.6995063210277802,2,High Poverty (Poorest)
239178,0,0,3,0.0,1,0.0,1,0.5571651133518195,0,Low Poverty (Wealthy)
239180,0,0,1,0.0,1,0.0,1,-0.9508406079037002,2,High Poverty (Poorest)
239181,0,1,0,0.0,1,0.0,0,-1.20217489477962,2,High Poverty (Poorest)
239182,0,1,1,0.0,1,0.0,0,-0.44817203415186024,1,Medium Poverty
239183,0,1,1,0.0,1,0.0,0,-0.44817203415186024,1,Medium Poverty
239184,0,0,1,0.0,1,0.0,1,-0.9508406079037002,2,High Poverty (Poorest)
239186,0,0,1,0.0,1,0.0,0,-1.45350918165554,2,High Poverty (Poorest)
239187,0,1,2,0.0,1,0.0,0,0.3058308264758996,0,Low Poverty (Wealthy)
239188,0,1,0,0.0,1,0.0,1,-0.6995063210277802,2,High Poverty (Poorest)
239189,0,0,1,0.0,1,0.0,1,-0.9508406079037002,2,High Poverty (Poorest)
239190,0,1,2,0.0,1,0.0,0,0.3058308264758996,0,Low Poverty (Wealthy)
239197,0,0,1,0.0,1,0.0,0,-1.45350918165554,2,High Poverty (Poorest)
239199,0,0,2,0.0,1,1.0,1,0.8084994002277395,0,Low Poverty (Wealthy)
239204,0,1,2,0.0,1,0.0,1,0.8084994002277395,0,Low Poverty (Wealthy)
239205,0,0,2,0.0,1,0.0,1,-0.1968377472759403,1,Medium Poverty
239209,0,1,1,0.0,1,0.0,1,0.05449653959997964,1,Medium Poverty
239209,0,0,1,0.0,1,0.0,0,-1.45350918165554,2,High Poverty (Poorest)
239210,0,0,2,0.0,1,0.0,0,-0.6995063210277802,2,High Poverty (Poorest)
239211,0,0,2,0.0,1,0.0,1,-0.1968377472759403,1,Medium Poverty
239212,0,1,1,0.0,1,0.0,1,0.05449653959997964,1,Medium Poverty
239213,0,1,0,0.0,1,0.0,1,-0.6995063210277802,2,High Poverty (Poorest)
239214,0,1,0,0.0,1,0.0,1,-0.6995063210277802,2,High Poverty (Poorest)
239216,0,0,0,0.0,1,0.0,1,-1.70484346853146,2,High Poverty (Poorest)
239217,0,0,2,0.0,1,0.0,0,-0.6995063210277802,2,High Poverty (Poorest)
239218,0,1,0,0.0,1,0.0,0,-1.20217489477962,2,High Poverty (Poorest)
239219,0,1,1,0.0,1,0.0,0,-0.44817203415186024,1,Medium Poverty
239221,0,1,2,0.0,1,0.0,0,0.3058308264758996,0,Low Poverty (Wealthy)
239222,0,0,1,0.0,1,0.0,0,-1.45350918165554,2,High Poverty (Poorest)
240051,0,1,2,0.0,1,0.0,1,0.8084994002277395,0,Low Poverty (Wealthy)
240052,0,1,2,0.0,1,0.0,0,0.3058308264758996,0,Low Poverty (Wealthy)
240053,0,1,1,0.0,1,0.0,0,-0.44817203415186024,1,Medium Poverty
240055,0,1,2,0.0,1,0.0,0,0.3058308264758996,0,Low Poverty (Wealthy)
240056,0,0,2,0.0,1,0.0,1,-0.1968377472759403,1,Medium Poverty
240057,0,1,1,0.0,1,0.0,1,0.05449653959997964,1,Medium Poverty
240059,0,1,1,0.0,1,0.0,1,0.05449653959997964,1,Medium Poverty
240060,0,1,1,0.0,1,0.0,1,0.05449653959997964,1,Medium Poverty
240072,0,1,3,0.0,1,0.0,1,1.5625022608554993,0,Low Poverty (Wealthy)
240073,0,1,2,0.0,1,0.0,0,0.3058308264758996,0,Low Poverty (Wealthy)
240074,0,1,0,0.0,1,0.0,0,-1.20217489477962,2,High Poverty (Poorest)
240075,0,0,2,0.0,1,0.0,0,-0.6995063210277802,2,High Poverty (Poorest)
240077,0,0,1,0.0,1,0.0,1,-0.9508406079037002,2,High Poverty (Poorest)
240078,0,1,2,0.0,1,0.0,0,0.3058308264758996,0,Low Poverty (Wealthy)
240080,0,1,2,0.0,1,0.0,0,0.3058308264758996,0,Low Poverty (Wealthy)
240081,0,1,1,0.0,1,0.0,1,0.05449653959997964,1,Medium Poverty
240083,0,0,2,0.0,1,0.0,1,-0.1968377472759403,1,Medium Poverty
240083,0,1,2,0.0,1,0.0,1,0.8084994002277395,0,Low Poverty (Wealthy)
240084,0,1,2,0.0,1,0.0,0,0.3058308264758996,0,Low Poverty (Wealthy)
240084,0,0,0,0.0,1,0.0,1,-1.70484346853146,2,High Poverty (Poorest)
240085,0,1,2,0.0,1,0.0,1,0.8084994002277395,0,Low Poverty (Wealthy)
240085,0,0,3,0.0,1,0.0,0,0.05449653959997964,1,Medium Poverty
240086,0,0,0,0.0,1,0.0,1,-1.70484346853146,2,High Poverty (Poorest)
240086,0,1,1,0.0,1,0.0,1,0.05449653959997964,1,Medium Poverty
240087,0,1,1,0.0,1,0.0,0,-0.44817203415186024,1,Medium Poverty
240087,0,1,2,0.0,1,0.0,0,0.3058308264758996,0,Low Poverty (Wealthy)
240088,0,1,2,0.0,1,0.0,1,0.8084994002277395,0,Low Poverty (Wealthy)
240088,0,1,0,0.0,1,0.0,0,-1.20217489477962,2,High Poverty (Poorest)
240089,0,1,3,0.0,1,0.0,1,1.5625022608554993,0,Low Poverty (Wealthy)
240089,0,1,0,0.0,1,0.0,0,-1.20217489477962,2,High Poverty (Poorest)
240090,0,1,2,0.0,1,0.0,1,0.8084994002277395,0,Low Poverty (Wealthy)
240090,0,0,1,0.0,1,0.0,1,-0.9508406079037002,2,High Poverty (Poorest)
240113,0,1,1,0.0,1,0.0,1,0.05449653959997964,1,Medium Poverty
240113,0,0,0,0.0,1,1.0,0,-1.20217489477962,2,High Poverty (Poorest)
240114,0,0,0,0.0,1,0.0,0,-2.2075120422833,2,High Poverty (Poorest)
240114,0,1,2,0.0,1,1.0,0,1.3111679739795794,0,Low Poverty (Wealthy)
240115,0,1,2,0.0,1,0.0,0,0.3058308264758996,0,Low Poverty (Wealthy)
240115,0,1,0,0.0,1,1.0,0,-0.1968377472759403,1,Medium Poverty
240116,0,1,0,0.0,1,0.0,1,-0.6995063210277802,2,High Poverty (Poorest)
240117,0,1,0,0.0,1,0.0,0,-1.20217489477962,2,High Poverty (Poorest)
240118,0,0,2,0.0,1,0.0,1,-0.1968377472759403,1,Medium Poverty
240119,0,0,2,0.0,1,0.0,1,-0.1968377472759403,1,Medium Poverty
240119,0,0,0,0.0,1,1.0,1,-0.6995063210277802,2,High Poverty (Poorest)
240122,0,1,2,0.0,1,0.0,1,0.8084994002277395,0,Low Poverty (Wealthy)
240122,0,0,0,0.0,1,0.0,0,-2.2075120422833,2,High Poverty (Poorest)
240122,0,1,3,0.0,1,1.0,1,2.567839408359179,0,Low Poverty (Wealthy)
240123,0,1,3,0.0,1,0.0,1,1.5625022608554993,0,Low Poverty (Wealthy)
240124,0,0,2,0.0,1,0.0,1,-0.1968377472759403,1,Medium Poverty
240124,0,1,3,0.0,1,0.0,1,1.5625022608554993,0,Low Poverty (Wealthy)
240124,0,1,2,0.0,1,1.0,1,1.8138365477314193,0,Low Poverty (Wealthy)
240125,0,0,2,0.0,1,0.0,0,-0.6995063210277802,2,High Poverty (Poorest)
240125,0,1,2,0.0,1,0.0,0,0.3058308264758996,0,Low Poverty (Wealthy)
240125,0,1,1,0.0,1,1.0,1,1.0598336871036593,0,Low Poverty (Wealthy)
240126,0,1,1,0.0,1,0.0,1,0.05449653959997964,1,Medium Poverty
240127,0,1,1,0.0,1,0.0,1,0.05449653959997964,1,Medium Poverty
240127,0,1,2,0.0,1,0.0,0,0.3058308264758996,0,Low Poverty (Wealthy)
240127,0,1,0,0.0,1,1.0,1,0.3058308264758996,0,Low Poverty (Wealthy)
240128,0,0,1,0.0,1,0.0,1,-0.9508406079037002,2,High Poverty (Poorest)
240128,0,1,1,0.0,1,0.0,0,-0.44817203415186024,1,Medium Poverty
240128,0,1,1,0.0,1,1.0,0,0.5571651133518195,0,Low Poverty (Wealthy)
240129,0,0,2,0.0,1,0.0,0,-0.6995063210277802,2,High Poverty (Poorest)
240129,0,1,3,0.0,1,0.0,1,1.5625022608554993,0,Low Poverty (Wealthy)
240129,0,1,2,0.0,1,1.0,1,1.8138365477314193,0,Low Poverty (Wealthy)
249001,0,1,2,0.0,1,0.0,0,0.3058308264758996,0,Low Poverty (Wealthy)
249006,0,1,2,0.0,1,0.0,0,0.3058308264758996,0,Low Poverty (Wealthy)
249008,0,1,1,0.0,1,0.0,1,0.05449653959997964,1,Medium Poverty
249009,0,1,0,0.0,1,0.0,1,-0.6995063210277802,2,High Poverty (Poorest)
249010,0,1,3,0.0,1,0.0,1,1.5625022608554993,0,Low Poverty (Wealthy)
249012,0,1,1,0.0,1,0.0,1,0.05449653959997964,1,Medium Poverty
249013,0,1,0,0.0,1,0.0,0,-1.20217489477962,2,High Poverty (Poorest)
249015,0,1,2,0.0,1,0.0,1,0.8084994002277395,0,Low Poverty (Wealthy)
249016,0,1,0,0.0,1,0.0,0,-1.20217489477962,2,High Poverty (Poorest)
249019,0,1,1,0.0,1,0.0,1,0.05449653959997964,1,Medium Poverty
249021,0,1,0,0.0,1,0.0,0,-1.20217489477962,2,High Poverty (Poorest)
249022,0,1,0,0.0,1,0.0,1,-0.6995063210277802,2,High Poverty (Poorest)
249023,0,0,0,0.0,1,0.0,0,-2.2075120422833,2,High Poverty (Poorest)
249025,0,1,0,0.0,1,0.0,1,-0.6995063210277802,2,High Poverty (Poorest)
249026,0,1,2,0.0,1,0.0,0,0.3058308264758996,0,Low Poverty (Wealthy)
249027,0,0,2,0.0,1,0.0,1,-0.1968377472759403,1,Medium Poverty
249029,0,1,1,0.0,1,0.0,1,0.05449653959997964,1,Medium Poverty
249031,0,1,3,0.0,1,0.0,0,1.0598336871036593,0,Low Poverty (Wealthy)
249032,0,1,1,0.0,1,0.0,1,0.05449653959997964,1,Medium Poverty
249033,0,0,1,0.0,1,0.0,1,-0.9508406079037002,2,High Poverty (Poorest)
249034,0,1,0,0.0,1,0.0,1,-0.6995063210277802,2,High Poverty (Poorest)
249035,0,1,2,0.0,1,0.0,1,0.8084994002277395,0,Low Poverty (Wealthy)
249037,0,0,1,0.0,1,0.0,1,-0.9508406079037002,2,High Poverty (Poorest)
249038,0,1,2,0.0,1,0.0,1,0.8084994002277395,0,Low Poverty (Wealthy)
249040,0,1,2,0.0,1,0.0,1,0.8084994002277395,0,Low Poverty (Wealthy)
249041,0,0,1,0.0,1,0.0,0,-1.45350918165554,2,High Poverty (Poorest)
249042,0,1,2,0.0,1,0.0,0,0.3058308264758996,0,Low Poverty (Wealthy)
249046,0,1,3,0.0,1,0.0,1,1.5625022608554993,0,Low Poverty (Wealthy)
249047,0,0,1,0.0,1,0.0,0,-1.45350918165554,2,High Poverty (Poorest)
249048,0,0,1,0.0,1,0.0,1,-0.9508406079037002,2,High Poverty (Poorest)
249049,0,0,2,0.0,1,0.0,0,-0.6995063210277802,2,High Poverty (Poorest)
249051,0,0,2,0.0,1,0.0,1,-0.1968377472759403,1,Medium Poverty
249053,0,1,0,0.0,1,0.0,1,-0.6995063210277802,2,High Poverty (Poorest)
249056,0,1,1,0.0,1,0.0,1,0.05449653959997964,1,Medium Poverty
249057,0,0,1,0.0,1,0.0,1,-0.9508406079037002,2,High Poverty (Poorest)
249058,0,0,1,0.0,1,0.0,1,-0.9508406079037002,2,High Poverty (Poorest)
249059,0,0,0,0.0,1,0.0,0,-2.2075120422833,2,High Poverty (Poorest)
249061,0,1,3,0.0,1,0.0,0,1.0598336871036593,0,Low Poverty (Wealthy)
249063,0,0,2,0.0,1,0.0,0,-0.6995063210277802,2,High Poverty (Poorest)
249065,0,1,1,0.0,1,0.0,1,0.05449653959997964,1,Medium Poverty
249066,0,1,2,0.0,1,0.0,0,0.3058308264758996,0,Low Poverty (Wealthy)
249067,0,0,3,0.0,1,0.0,0,0.05449653959997964,1,Medium Poverty
249068,0,1,0,0.0,1,0.0,1,-0.6995063210277802,2,High Poverty (Poorest)
249069,0,1,1,0.0,1,0.0,1,0.05449653959997964,1,Medium Poverty
249070,0,1,1,0.0,1,0.0,0,-0.44817203415186024,1,Medium Poverty
249071,0,1,2,0.0,1,0.0,0,0.3058308264758996,0,Low Poverty (Wealthy)
249072,0,0,0,0.0,1,0.0,1,-1.70484346853146,2,High Poverty (Poorest)
249073,0,0,3,0.0,1,0.0,1,0.5571651133518195,0,Low Poverty (Wealthy)
249073,0,1,1,0.0,1,0.0,0,-0.44817203415186024,1,Medium Poverty
249074,0,0,1,0.0,1,0.0,1,-0.9508406079037002,2,High Poverty (Poorest)
249074,0,0,1,0.0,1,0.0,1,-0.9508406079037002,2,High Poverty (Poorest)
249075,0,0,0,0.0,1,0.0,1,-1.70484346853146,2,High Poverty (Poorest)
249075,0,0,2,0.0,1,0.0,1,-0.1968377472759403,1,Medium Poverty
249077,0,1,3,0.0,1,0.0,1,1.5625022608554993,0,Low Poverty (Wealthy)
249077,0,0,1,0.0,1,0.0,1,-0.9508406079037002,2,High Poverty (Poorest)
249078,0,1,3,0.0,1,0.0,0,1.0598336871036593,0,Low Poverty (Wealthy)
249078,0,1,2,0.0,1,0.0,0,0.3058308264758996,0,Low Poverty (Wealthy)
249079,0,1,1,0.0,1,0.0,1,0.05449653959997964,1,Medium Poverty
249081,0,0,2,0.0,1,0.0,1,-0.1968377472759403,1,Medium Poverty
249083,0,1,1,0.0,1,0.0,1,0.05449653959997964,1,Medium Poverty
249084,0,0,2,0.0,1,0.0,0,-0.6995063210277802,2,High Poverty (Poorest)
249085,0,1,0,0.0,1,0.0,1,-0.6995063210277802,2,High Poverty (Poorest)
249085,0,1,2,0.0,1,0.0,0,0.3058308264758996,0,Low Poverty (Wealthy)
249088,0,1,0,0.0,1,0.0,1,-0.6995063210277802,2,High Poverty (Poorest)
249088,0,1,2,0.0,1,0.0,0,0.3058308264758996,0,Low Poverty (Wealthy)
249089,0,1,2,0.0,1,0.0,1,0.8084994002277395,0,Low Poverty (Wealthy)
249089,0,1,1,0.0,1,0.0,1,0.05449653959997964,1,Medium Poverty
249090,0,1,1,0.0,1,0.0,0,-0.44817203415186024,1,Medium Poverty
249090,0,1,1,0.0,1,0.0,0,-0.44817203415186024,1,Medium Poverty
249091,0,0,2,0.0,1,0.0,1,-0.1968377472759403,1,Medium Poverty
249091,0,1,1,0.0,1,0.0,1,0.05449653959997964,1,Medium Poverty
249093,0,1,2,0.0,1,0.0,0,0.3058308264758996,0,Low Poverty (Wealthy)
249093,0,1,1,0.0,1,0.0,0,-0.44817203415186024,1,Medium Poverty
249094,0,1,0,0.0,1,0.0,0,-1.20217489477962,2,High Poverty (Poorest)
249094,0,1,0,0.0,1,0.0,1,-0.6995063210277802,2,High Poverty (Poorest)
249095,0,0,0,0.0,1,0.0,0,-2.2075120422833,2,High Poverty (Poorest)
249095,0,1,2,0.0,1,0.0,0,0.3058308264758996,0,Low Poverty (Wealthy)
249096,0,0,3,0.0,1,0.0,1,0.5571651133518195,0,Low Poverty (Wealthy)
249096,0,1,1,0.0,1,0.0,1,0.05449653959997964,1,Medium Poverty
249098,0,0,1,0.0,1,0.0,0,-1.45350918165554,2,High Poverty (Poorest)
249102,0,0,0,0.0,1,0.0,1,-1.70484346853146,2,High Poverty (Poorest)
249103,0,1,2,0.0,1,0.0,1,0.8084994002277395,0,Low Poverty (Wealthy)
249104,0,1,0,0.0,1,0.0,1,-0.6995063210277802,2,High Poverty (Poorest)
249105,0,0,2,0.0,1,0.0,0,-0.6995063210277802,2,High Poverty (Poorest)
249106,0,1,3,0.0,1,0.0,1,1.5625022608554993,0,Low Poverty (Wealthy)
249107,0,0,0,0.0,1,0.0,0,-2.2075120422833,2,High Poverty (Poorest)
249108,0,0,2,0.0,1,0.0,0,-0.6995063210277802,2,High Poverty (Poorest)
249109,0,1,0,0.0,1,0.0,0,-1.20217489477962,2,High Poverty (Poorest)
249109,0,1,1,0.0,1,0.0,1,0.05449653959997964,1,Medium Poverty
249109,0,0,0,0.0,1,1.0,1,-0.6995063210277802,2,High Poverty (Poorest)
249111,0,0,1,0.0,1,0.0,1,-0.9508406079037002,2,High Poverty (Poorest)
249111,0,0,0,0.0,1,0.0,0,-2.2075120422833,2,High Poverty (Poorest)
249111,0,0,1,0.0,1,1.0,1,0.05449653959997964,1,Medium Poverty
249112,0,1,1,0.0,1,0.0,1,0.05449653959997964,1,Medium Poverty
249112,0,1,1,0.0,1,0.0,0,-0.44817203415186024,1,Medium Poverty
249112,0,0,2,0.0,1,1.0,1,0.8084994002277395,0,Low Poverty (Wealthy)
249113,0,1,3,0.0,1,0.0,0,1.0598336871036593,0,Low Poverty (Wealthy)
249113,0,1,1,0.0,1,0.0,1,0.05449653959997964,1,Medium Poverty
249113,0,0,0,0.0,1,1.0,0,-1.20217489477962,2,High Poverty (Poorest)
249114,0,1,1,0.0,1,0.0,1,0.05449653959997964,1,Medium Poverty
249114,0,1,3,0.0,1,0.0,1,1.5625022608554993,0,Low Poverty (Wealthy)
249114,0,0,2,0.0,1,1.0,1,0.8084994002277395,0,Low Poverty (Wealthy)
249115,0,0,1,0.0,1,0.0,0,-1.45350918165554,2,High Poverty (Poorest)
249115,0,1,0,0.0,1,0.0,1,-0.6995063210277802,2,High Poverty (Poorest)
249115,0,1,1,0.0,1,1.0,0,0.5571651133518195,0,Low Poverty (Wealthy)
249116,0,0,1,0.0,1,0.0,1,-0.9508406079037002,2,High Poverty (Poorest)
249116,0,0,3,0.0,1,0.0,1,0.5571651133518195,0,Low Poverty (Wealthy)
249116,0,1,3,0.0,1,1.0,0,2.0651708346073394,0,Low Poverty (Wealthy)
249117,0,1,0,0.0,1,0.0,0,-1.20217489477962,2,High Poverty (Poorest)
249117,0,1,1,0.0,1,0.0,1,0.05449653959997964,1,Medium Poverty
249117,0,1,1,0.0,1,1.0,1,1.0598336871036593,0,Low Poverty (Wealthy)
249119,0,0,1,0.0,1,0.0,0,-1.45350918165554,2,High Poverty (Poorest)
249120,0,1,3,0.0,1,0.0,0,1.0598336871036593,0,Low Poverty (Wealthy)
249120,0,1,1,0.0,1,0.0,0,-0.44817203415186024,1,Medium Poverty
249120,0,1,1,0.0,1,1.0,1,1.0598336871036593,0,Low Poverty (Wealthy)
249121,0,0,1,0.0,1,0.0,1,-0.9508406079037002,2,High Poverty (Poorest)
249121,0,1,2,0.0,1,1.0,1,1.8138365477314193,0,Low Poverty (Wealthy)
249122,0,1,2,0.0,1,0.0,1,0.8084994002277395,0,Low Poverty (Wealthy)
249122,0,1,1,0.0,1,1.0,1,1.0598336871036593,0,Low Poverty (Wealthy)
249124,0,1,1,0.0,1,0.0,1,0.05449653959997964,1,Medium Poverty
249124,0,0,1,0.0,1,1.0,0,-0.44817203415186024,1,Medium Poverty
249125,0,1,3,0.0,1,0.0,1,1.5625022608554993,0,Low Poverty (Wealthy)
249125,0,1,1,0.0,1,1.0,0,0.5571651133518195,0,Low Poverty (Wealthy)
249126,0,1,1,0.0,1,0.0,0,-0.44817203415186024,1,Medium Poverty
249126,0,1,1,0.0,1,1.0,1,1.0598336871036593,0,Low Poverty (Wealthy)
249127,0,1,2,0.0,1,0.0,0,0.3058308264758996,0,Low Poverty (Wealthy)
249127,0,1,1,0.0,1,1.0,1,1.0598336871036593,0,Low Poverty (Wealthy)
249130,0,1,0,0.0,1,0.0,1,-0.6995063210277802,2,High Poverty (Poorest)
249130,0,0,2,0.0,1,1.0,1,0.8084994002277395,0,Low Poverty (Wealthy)
249131,0,1,2,0.0,1,0.0,0,0.3058308264758996,0,Low Poverty (Wealthy)
249131,0,0,2,0.0,1,1.0,0,0.3058308264758996,0,Low Poverty (Wealthy)
249133,0,1,3,0.0,1,0.0,0,1.0598336871036593,0,Low Poverty (Wealthy)
249135,0,1,1,0.0,1,0.0,1,0.05449653959997964,1,Medium Poverty
249135,0,1,0,0.0,1,0.0,1,-0.6995063210277802,2,High Poverty (Poorest)
249136,0,1,3,0.0,1,0.0,1,1.5625022608554993,0,Low Poverty (Wealthy)
249136,0,1,1,0.0,1,0.0,1,0.05449653959997964,1,Medium Poverty
249139,0,0,2,0.0,1,0.0,1,-0.1968377472759403,1,Medium Poverty
249139,0,1,2,0.0,1,0.0,1,0.8084994002277395,0,Low Poverty (Wealthy)
249141,0,0,1,0.0,1,0.0,1,-0.9508406079037002,2,High Poverty (Poorest)
249141,0,0,1,0.0,1,0.0,0,-1.45350918165554,2,High Poverty (Poorest)
249142,0,1,2,0.0,1,0.0,1,0.8084994002277395,0,Low Poverty (Wealthy)
249142,0,0,2,0.0,1,0.0,1,-0.1968377472759403,1,Medium Poverty
249143,0,0,2,0.0,1,0.0,0,-0.6995063210277802,2,High Poverty (Poorest)
249143,0,1,1,0.0,1,0.0,0,-0.44817203415186024,1,Medium Poverty
249144,0,1,0,0.0,1,0.0,0,-1.20217489477962,2,High Poverty (Poorest)
249144,0,1,0,0.0,1,0.0,1,-0.6995063210277802,2,High Poverty (Poorest)
249145,0,1,1,0.0,1,0.0,0,-0.44817203415186024,1,Medium Poverty
249147,0,1,1,0.0,1,0.0,1,0.05449653959997964,1,Medium Poverty
249148,0,1,3,0.0,1,0.0,1,1.5625022608554993,0,Low Poverty (Wealthy)
249149,0,0,2,0.0,1,0.0,1,-0.1968377472759403,1,Medium Poverty
249150,0,1,2,0.0,1,0.0,0,0.3058308264758996,0,Low Poverty (Wealthy)
249151,0,1,1,0.0,1,0.0,0,-0.44817203415186024,1,Medium Poverty
249152,0,1,0,0.0,1,0.0,0,-1.20217489477962,2,High Poverty (Poorest)
249154,0,1,3,0.0,1,0.0,0,1.0598336871036593,0,Low Poverty (Wealthy)
249155,0,1,1,0.0,1,0.0,1,0.05449653959997964,1,Medium Poverty
249156,0,0,0,0.0,1,0.0,0,-2.2075120422833,2,High Poverty (Poorest)
249157,0,1,1,0.0,1,0.0,1,0.05449653959997964,1,Medium Poverty
249159,0,1,3,0.0,1,0.0,0,1.0598336871036593,0,Low Poverty (Wealthy)
249161,0,1,3,0.0,1,0.0,1,1.5625022608554993,0,Low Poverty (Wealthy)
249162,0,0,0,0.0,1,0.0,1,-1.70484346853146,2,High Poverty (Poorest)
249163,0,1,3,0.0,1,0.0,1,1.5625022608554993,0,Low Poverty (Wealthy)
249164,0,1,1,0.0,1,0.0,1,0.05449653959997964,1,Medium Poverty
249166,0,0,0,0.0,1,0.0,0,-2.2075120422833,2,High Poverty (Poorest)
249167,0,0,2,0.0,1,0.0,1,-0.1968377472759403,1,Medium Poverty
249182,0,1,3,0.0,1,0.0,1,1.5625022608554993,0,Low Poverty (Wealthy)
249183,0,1,2,0.0,1,0.0,1,0.8084994002277395,0,Low Poverty (Wealthy)
249185,0,1,2,0.0,1,0.0,1,0.8084994002277395,0,Low Poverty (Wealthy)
249186,0,0,2,0.0,1,0.0,1,-0.1968377472759403,1,Medium Poverty
249187,0,1,2,0.0,1,0.0,1,0.8084994002277395,0,Low Poverty (Wealthy)
249188,0,1,3,0.0,1,0.0,1,1.5625022608554993,0,Low Poverty (Wealthy)
249189,0,0,2,0.0,1,0.0,1,-0.1968377472759403,1,Medium Poverty
249190,0,1,3,0.0,1,0.0,0,1.0598336871036593,0,Low Poverty (Wealthy)
249191,0,0,3,0.0,1,0.0,1,0.5571651133518195,0,Low Poverty (Wealthy)
249192,0,0,0,0.0,1,0.0,1,-1.70484346853146,2,High Poverty (Poorest)
249195,0,1,2,0.0,1,1.0,1,1.8138365477314193,0,Low Poverty (Wealthy)
249195,0,1,1,0.0,1,0.0,1,0.05449653959997964,1,Medium Poverty
249196,0,0,1,0.0,1,0.0,0,-1.45350918165554,2,High Poverty (Poorest)
249198,0,1,2,0.0,1,1.0,1,1.8138365477314193,0,Low Poverty (Wealthy)
249198,0,0,0,0.0,1,0.0,1,-1.70484346853146,2,High Poverty (Poorest)
249199,0,0,1,0.0,1,1.0,1,0.05449653959997964,1,Medium Poverty
249199,0,0,3,0.0,1,0.0,0,0.05449653959997964,1,Medium Poverty
249201,0,1,1,0.0,1,0.0,1,0.05449653959997964,1,Medium Poverty
249202,0,1,1,0.0,1,1.0,1,1.0598336871036593,0,Low Poverty (Wealthy)
249202,0,1,3,0.0,1,0.0,1,1.5625022608554993,0,Low Poverty (Wealthy)
249203,0,1,1,0.0,1,1.0,1,1.0598336871036593,0,Low Poverty (Wealthy)
249203,0,1,1,0.0,1,0.0,1,0.05449653959997964,1,Medium Poverty
249204,0,0,1,0.0,1,1.0,1,0.05449653959997964,1,Medium Poverty
249204,0,1,1,0.0,1,0.0,1,0.05449653959997964,1,Medium Poverty
249205,0,1,2,0.0,1,0.0,0,0.3058308264758996,0,Low Poverty (Wealthy)
249205,0,1,2,0.0,1,0.0,0,0.3058308264758996,0,Low Poverty (Wealthy)
249205,0,0,1,0.0,1,1.0,0,-0.44817203415186024,1,Medium Poverty
249205,0,1,2,0.0,1,0.0,1,0.8084994002277395,0,Low Poverty (Wealthy)
249205,0,0,1,0.0,1,0.0,1,-0.9508406079037002,2,High Poverty (Poorest)
249205,0,1,1,0.0,1,0.0,1,0.05449653959997964,1,Medium Poverty
249205,0,1,2,0.0,1,1.0,1,1.8138365477314193,0,Low Poverty (Wealthy)
249205,0,0,2,0.0,1,0.0,1,-0.1968377472759403,1,Medium Poverty
249208,0,1,2,0.0,1,0.0,1,0.8084994002277395,0,Low Poverty (Wealthy)
249208,0,0,0,0.0,1,0.0,0,-2.2075120422833,2,High Poverty (Poorest)
249208,0,1,0,0.0,1,1.0,1,0.3058308264758996,0,Low Poverty (Wealthy)
249208,0,1,1,0.0,1,0.0,0,-0.44817203415186024,1,Medium Poverty
249208,0,0,1,0.0,1,0.0,0,-1.45350918165554,2,High Poverty (Poorest)
249208,0,0,2,0.0,1,0.0,0,-0.6995063210277802,2,High Poverty (Poorest)
249208,0,1,0,0.0,1,1.0,0,-0.1968377472759403,1,Medium Poverty
249208,0,0,2,0.0,1,0.0,0,-0.6995063210277802,2,High Poverty (Poorest)
249210,0,0,1,0.0,1,0.0,1,-0.9508406079037002,2,High Poverty (Poorest)
249210,0,0,1,0.0,1,0.0,0,-1.45350918165554,2,High Poverty (Poorest)
249210,0,1,1,0.0,1,1.0,1,1.0598336871036593,0,Low Poverty (Wealthy)
249210,0,1,1,0.0,1,0.0,0,-0.44817203415186024,1,Medium Poverty
249210,0,0,3,0.0,1,0.0,0,0.05449653959997964,1,Medium Poverty
249210,0,0,0,0.0,1,0.0,1,-1.70484346853146,2,High Poverty (Poorest)
249210,0,0,1,0.0,1,1.0,1,0.05449653959997964,1,Medium Poverty
249210,0,0,2,0.0,1,0.0,1,-0.1968377472759403,1,Medium Poverty
249211,0,1,2,0.0,1,0.0,1,0.8084994002277395,0,Low Poverty (Wealthy)
249211,0,1,1,0.0,1,0.0,1,0.05449653959997964,1,Medium Poverty
249211,0,0,1,0.0,1,1.0,1,0.05449653959997964,1,Medium Poverty
249211,0,1,2,0.0,1,0.0,1,0.8084994002277395,0,Low Poverty (Wealthy)
249211,0,1,3,0.0,1,0.0,1,1.5625022608554993,0,Low Poverty (Wealthy)
249211,0,1,3,0.0,1,0.0,0,1.0598336871036593,0,Low Poverty (Wealthy)
249211,0,1,1,0.0,1,1.0,1,1.0598336871036593,0,Low Poverty (Wealthy)
249211,0,1,3,0.0,1,0.0,0,1.0598336871036593,0,Low Poverty (Wealthy)
249213,0,0,0,0.0,1,0.0,1,-1.70484346853146,2,High Poverty (Poorest)
249213,0,0,0,0.0,1,0.0,1,-1.70484346853146,2,High Poverty (Poorest)
249213,0,0,2,0.0,1,1.0,0,0.3058308264758996,0,Low Poverty (Wealthy)
249213,0,0,0,0.0,1,0.0,0,-2.2075120422833,2,High Poverty (Poorest)
249213,0,1,0,0.0,1,0.0,0,-1.20217489477962,2,High Poverty (Poorest)
249213,0,1,1,0.0,1,0.0,1,0.05449653959997964,1,Medium Poverty
249213,0,1,1,0.0,1,1.0,0,0.5571651133518195,0,Low Poverty (Wealthy)
249213,0,1,2,0.0,1,0.0,0,0.3058308264758996,0,Low Poverty (Wealthy)
249214,0,1,2,0.0,1,0.0,1,0.8084994002277395,0,Low Poverty (Wealthy)
249214,0,1,1,0.0,1,0.0,1,0.05449653959997964,1,Medium Poverty
249214,0,0,1,0.0,1,1.0,0,-0.44817203415186024,1,Medium Poverty
249214,0,0,3,0.0,1,0.0,0,0.05449653959997964,1,Medium Poverty
249214,0,1,2,0.0,1,0.0,0,0.3058308264758996,0,Low Poverty (Wealthy)
249214,0,0,1,0.0,1,0.0,0,-1.45350918165554,2,High Poverty (Poorest)
249214,0,1,3,0.0,1,1.0,0,2.0651708346073394,0,Low Poverty (Wealthy)
249214,0,0,2,0.0,1,0.0,1,-0.1968377472759403,1,Medium Poverty
249215,0,1,0,0.0,1,0.0,1,-0.6995063210277802,2,High Poverty (Poorest)
249215,0,1,0,0.0,1,0.0,1,-0.6995063210277802,2,High Poverty (Poorest)
249215,0,0,0,0.0,1,1.0,1,-0.6995063210277802,2,High Poverty (Poorest)
249215,0,1,2,0.0,1,0.0,0,0.3058308264758996,0,Low Poverty (Wealthy)
249215,0,0,0,0.0,1,0.0,0,-2.2075120422833,2,High Poverty (Poorest)
249215,0,1,1,0.0,1,0.0,1,0.05449653959997964,1,Medium Poverty
249215,0,1,0,0.0,1,1.0,0,-0.1968377472759403,1,Medium Poverty
249215,0,1,3,0.0,1,0.0,1,1.5625022608554993,0,Low Poverty (Wealthy)
249216,0,1,1,0.0,1,0.0,1,0.05449653959997964,1,Medium Poverty
249216,0,0,3,0.0,1,0.0,1,0.5571651133518195,0,Low Poverty (Wealthy)
249216,0,1,3,0.0,1,1.0,0,2.0651708346073394,0,Low Poverty (Wealthy)
249216,0,1,0,0.0,1,0.0,0,-1.20217489477962,2,High Poverty (Poorest)
249216,0,1,1,0.0,1,0.0,1,0.05449653959997964,1,Medium Poverty
249216,0,0,0,0.0,1,0.0,1,-1.70484346853146,2,High Poverty (Poorest)
249216,0,1,3,0.0,1,1.0,0,2.0651708346073394,0,Low Poverty (Wealthy)
249216,0,1,1,0.0,1,0.0,1,0.05449653959997964,1,Medium Poverty
249218,0,0,0,0.0,1,0.0,0,-2.2075120422833,2,High Poverty (Poorest)
249218,0,1,0,0.0,1,1.0,0,-0.1968377472759403,1,Medium Poverty
249219,0,0,1,0.0,1,0.0,1,-0.9508406079037002,2,High Poverty (Poorest)
249219,0,1,3,0.0,1,1.0,1,2.567839408359179,0,Low Poverty (Wealthy)
249221,0,1,2,0.0,1,0.0,1,0.8084994002277395,0,Low Poverty (Wealthy)
249221,0,1,3,0.0,1,1.0,1,2.567839408359179,0,Low Poverty (Wealthy)
249222,0,1,1,0.0,1,0.0,0,-0.44817203415186024,1,Medium Poverty
249222,0,1,0,0.0,1,1.0,1,0.3058308264758996,0,Low Poverty (Wealthy)
249223,0,0,3,0.0,1,0.0,0,0.05449653959997964,1,Medium Poverty
249223,0,0,0,0.0,1,1.0,1,-0.6995063210277802,2,High Poverty (Poorest)
249224,0,1,3,0.0,1,0.0,1,1.5625022608554993,0,Low Poverty (Wealthy)
249224,0,0,1,0.0,1,1.0,0,-0.44817203415186024,1,Medium Poverty
249225,0,0,0,0.0,1,0.0,1,-1.70484346853146,2,High Poverty (Poorest)
249225,0,1,2,0.0,1,1.0,1,1.8138365477314193,0,Low Poverty (Wealthy)
249226,0,0,3,0.0,1,0.0,1,0.5571651133518195,0,Low Poverty (Wealthy)
249226,0,0,3,0.0,1,1.0,1,1.5625022608554993,0,Low Poverty (Wealthy)
249228,0,1,0,0.0,1,0.0,0,-1.20217489477962,2,High Poverty (Poorest)
249228,0,0,0,0.0,1,1.0,0,-1.20217489477962,2,High Poverty (Poorest)
249232,0,1,2,0.0,1,0.0,0,0.3058308264758996,0,Low Poverty (Wealthy)
249233,0,1,2,0.0,1,0.0,0,0.3058308264758996,0,Low Poverty (Wealthy)
249234,0,1,2,0.0,1,0.0,1,0.8084994002277395,0,Low Poverty (Wealthy)
249235,0,0,0,0.0,1,0.0,1,-1.70484346853146,2,High Poverty (Poorest)
249236,0,1,3,0.0,1,0.0,1,1.5625022608554993,0,Low Poverty (Wealthy)
249238,0,1,2,0.0,1,0.0,1,0.8084994002277395,0,Low Poverty (Wealthy)
249239,0,1,2,0.0,1,0.0,1,0.8084994002277395,0,Low Poverty (Wealthy)
249240,0,0,1,0.0,1,0.0,0,-1.45350918165554,2,High Poverty (Poorest)
249241,0,1,1,0.0,1,0.0,1,0.05449653959997964,1,Medium Poverty
249242,0,1,3,0.0,1,0.0,1,1.5625022608554993,0,Low Poverty (Wealthy)
249243,0,1,2,0.0,1,0.0,1,0.8084994002277395,0,Low Poverty (Wealthy)
249244,0,1,3,0.0,1,0.0,0,1.0598336871036593,0,Low Poverty (Wealthy)
249247,0,1,3,0.0,1,0.0,1,1.5625022608554993,0,Low Poverty (Wealthy)
249250,0,1,2,0.0,1,0.0,0,0.3058308264758996,0,Low Poverty (Wealthy)
249253,0,0,1,0.0,1,0.0,1,-0.9508406079037002,2,High Poverty (Poorest)
249257,0,1,0,0.0,1,0.0,1,-0.6995063210277802,2,High Poverty (Poorest)
249258,0,0,0,0.0,1,0.0,0,-2.2075120422833,2,High Poverty (Poorest)
249264,0,1,1,0.0,1,0.0,1,0.05449653959997964,1,Medium Poverty
249264,0,0,0,0.0,1,0.0,1,-1.70484346853146,2,High Poverty (Poorest)
249267,0,1,1,0.0,1,0.0,1,0.05449653959997964,1,Medium Poverty
249275,0,0,1,0.0,1,0.0,1,-0.9508406079037002,2,High Poverty (Poorest)
249275,0,1,1,0.0,1,0.0,0,-0.44817203415186024,1,Medium Poverty
249275,0,1,1,0.0,1,1.0,1,1.0598336871036593,0,Low Poverty (Wealthy)
249275,0,0,0,0.0,1,0.0,1,-1.70484346853146,2,High Poverty (Poorest)
249275,0,0,0,0.0,1,0.0,0,-2.2075120422833,2,High Poverty (Poorest)
249275,0,0,2,0.0,1,0.0,1,-0.1968377472759403,1,Medium Poverty
249275,0,1,1,0.0,1,1.0,1,1.0598336871036593,0,Low Poverty (Wealthy)
249275,0,1,1,0.0,1,0.0,0,-0.44817203415186024,1,Medium Poverty
249276,0,1,2,0.0,1,0.0,0,0.3058308264758996,0,Low Poverty (Wealthy)
249276,0,0,2,0.0,1,0.0,0,-0.6995063210277802,2,High Poverty (Poorest)
249276,0,1,1,0.0,1,1.0,1,1.0598336871036593,0,Low Poverty (Wealthy)
249276,0,1,2,0.0,1,0.0,1,0.8084994002277395,0,Low Poverty (Wealthy)
249276,0,1,3,0.0,1,0.0,0,1.0598336871036593,0,Low Poverty (Wealthy)
249276,0,1,2,0.0,1,0.0,1,0.8084994002277395,0,Low Poverty (Wealthy)
249276,0,0,1,0.0,1,1.0,0,-0.44817203415186024,1,Medium Poverty
249276,0,0,2,0.0,1,0.0,1,-0.1968377472759403,1,Medium Poverty
249278,0,0,0,0.0,1,0.0,1,-1.70484346853146,2,High Poverty (Poorest)
249278,0,0,2,0.0,1,1.0,1,0.8084994002277395,0,Low Poverty (Wealthy)
249279,0,0,3,0.0,1,0.0,0,0.05449653959997964,1,Medium Poverty
250011,0,0,1,0.0,1,1.0,1,0.05449653959997964,1,Medium Poverty
250012,0,1,3,0.0,1,1.0,1,2.567839408359179,0,Low Poverty (Wealthy)
250013,0,1,1,0.0,1,0.0,1,0.05449653959997964,1,Medium Poverty
250014,0,1,3,0.0,1,1.0,1,2.567839408359179,0,Low Poverty (Wealthy)
250015,0,1,2,0.0,1,0.0,0,0.3058308264758996,0,Low Poverty (Wealthy)
250016,0,1,0,0.0,1,1.0,1,0.3058308264758996,0,Low Poverty (Wealthy)
250017,0,0,2,0.0,1,1.0,1,0.8084994002277395,0,Low Poverty (Wealthy)
250018,0,1,1,0.0,1,1.0,1,1.0598336871036593,0,Low Poverty (Wealthy)
250019,0,0,0,0.0,1,1.0,1,-0.6995063210277802,2,High Poverty (Poorest)
250020,0,1,2,0.0,1,1.0,1,1.8138365477314193,0,Low Poverty (Wealthy)
259001,0,0,1,0.0,1,0.0,0,-1.45350918165554,2,High Poverty (Poorest)
259002,0,1,2,0.0,1,0.0,0,0.3058308264758996,0,Low Poverty (Wealthy)
259003,0,0,1,0.0,1,0.0,0,-1.45350918165554,2,High Poverty (Poorest)
259004,0,0,0,0.0,1,0.0,0,-2.2075120422833,2,High Poverty (Poorest)
259007,0,1,3,0.0,1,0.0,1,1.5625022608554993,0,Low Poverty (Wealthy)
259008,0,0,1,0.0,1,0.0,1,-0.9508406079037002,2,High Poverty (Poorest)
259009,0,1,2,0.0,1,0.0,1,0.8084994002277395,0,Low Poverty (Wealthy)
259010,0,1,2,0.0,1,0.0,1,0.8084994002277395,0,Low Poverty (Wealthy)
259011,0,1,2,0.0,1,0.0,1,0.8084994002277395,0,Low Poverty (Wealthy)
259012,0,1,3,0.0,1,0.0,0,1.0598336871036593,0,Low Poverty (Wealthy)
260051,0,1,2,0.0,1,0.0,0,0.3058308264758996,0,Low Poverty (Wealthy)
260051,0,0,1,0.0,1,1.0,0,-0.44817203415186024,1,Medium Poverty
260052,0,1,3,0.0,1,0.0,1,1.5625022608554993,0,Low Poverty (Wealthy)
260052,0,1,0,0.0,1,1.0,0,-0.1968377472759403,1,Medium Poverty
260053,0,1,1,0.0,1,0.0,0,-0.44817203415186024,1,Medium Poverty
260053,0,0,3,0.0,1,1.0,1,1.5625022608554993,0,Low Poverty (Wealthy)
260054,0,1,2,0.0,1,0.0,1,0.8084994002277395,0,Low Poverty (Wealthy)
260054,0,1,2,0.0,1,1.0,1,1.8138365477314193,0,Low Poverty (Wealthy)
260055,0,1,2,0.0,1,0.0,1,0.8084994002277395,0,Low Poverty (Wealthy)
260055,0,1,2,0.0,1,1.0,1,1.8138365477314193,0,Low Poverty (Wealthy)
260056,0,0,3,0.0,1,0.0,1,0.5571651133518195,0,Low Poverty (Wealthy)
260056,0,1,1,0.0,1,1.0,1,1.0598336871036593,0,Low Poverty (Wealthy)
260057,0,1,0,0.0,1,0.0,1,-0.6995063210277802,2,High Poverty (Poorest)
260057,0,1,1,0.0,1,1.0,0,0.5571651133518195,0,Low Poverty (Wealthy)
260058,0,1,2,0.0,1,0.0,0,0.3058308264758996,0,Low Poverty (Wealthy)
260058,0,0,1,0.0,1,1.0,0,-0.44817203415186024,1,Medium Poverty
260059,0,1,0,0.0,1,0.0,1,-0.6995063210277802,2,High Poverty (Poorest)
260059,0,1,1,0.0,1,1.0,1,1.0598336871036593,0,Low Poverty (Wealthy)
260060,0,1,3,0.0,1,0.0,0,1.0598336871036593,0,Low Poverty (Wealthy)
260060,0,1,2,0.0,1,1.0,0,1.3111679739795794,0,Low Poverty (Wealthy)
260081,0,0,1,0.0,1,1.0,1,0.05449653959997964,1,Medium Poverty
260082,0,1,0,0.0,1,1.0,1,0.3058308264758996,0,Low Poverty (Wealthy)
260083,0,0,1,0.0,1,1.0,1,0.05449653959997964,1,Medium Poverty
260084,0,1,0,0.0,1,1.0,1,0.3058308264758996,0,Low Poverty (Wealthy)
260085,0,1,0,0.0,1,1.0,1,0.3058308264758996,0,Low Poverty (Wealthy)
260086,0,1,3,0.0,1,1.0,1,2.567839408359179,0,Low Poverty (Wealthy)
260087,0,1,3,0.0,1,1.0,0,2.0651708346073394,0,Low Poverty (Wealthy)
260088,0,1,0,0.0,1,1.0,0,-0.1968377472759403,1,Medium Poverty
260089,0,1,0,0.0,1,1.0,1,0.3058308264758996,0,Low Poverty (Wealthy)
260090,0,1,1,0.0,1,1.0,1,1.0598336871036593,0,Low Poverty (Wealthy)
260111,0,0,1,0.0,1,0.0,1,-0.9508406079037002,2,High Poverty (Poorest)
260112,0,0,1,0.0,1,0.0,1,-0.9508406079037002,2,High Poverty (Poorest)
260113,0,0,1,0.0,1,0.0,1,-0.9508406079037002,2,High Poverty (Poorest)
260114,0,1,1,0.0,1,0.0,0,-0.44817203415186024,1,Medium Poverty
260115,0,0,2,0.0,1,0.0,1,-0.1968377472759403,1,Medium Poverty
260116,0,1,2,0.0,1,0.0,1,0.8084994002277395,0,Low Poverty (Wealthy)
260117,0,1,2,0.0,1,0.0,0,0.3058308264758996,0,Low Poverty (Wealthy)
260118,0,1,1,0.0,1,0.0,1,0.05449653959997964,1,Medium Poverty
260119,0,1,3,0.0,1,0.0,0,1.0598336871036593,0,Low Poverty (Wealthy)
260120,0,1,3,0.0,1,0.0,0,1.0598336871036593,0,Low Poverty (Wealthy)
260151,0,0,0,0.0,1,0.0,1,-1.70484346853146,2,High Poverty (Poorest)
260152,0,1,1,0.0,1,0.0,1,0.05449653959997964,1,Medium Poverty
260153,0,1,1,0.0,1,0.0,0,-0.44817203415186024,1,Medium Poverty
260154,0,0,0,0.0,1,0.0,1,-1.70484346853146,2,High Poverty (Poorest)
260155,0,1,1,0.0,1,0.0,1,0.05449653959997964,1,Medium Poverty
260156,0,1,2,0.0,1,0.0,1,0.8084994002277395,0,Low Poverty (Wealthy)
260157,0,1,1,0.0,1,0.0,0,-0.44817203415186024,1,Medium Poverty
260158,0,0,1,0.0,1,0.0,0,-1.45350918165554,2,High Poverty (Poorest)
260159,0,1,1,0.0,1,0.0,0,-0.44817203415186024,1,Medium Poverty
260160,0,0,3,0.0,1,0.0,1,0.5571651133518195,0,Low Poverty (Wealthy)
260161,0,0,1,0.0,1,0.0,1,-0.9508406079037002,2,High Poverty (Poorest)
260161,0,1,2,0.0,1,0.0,1,0.8084994002277395,0,Low Poverty (Wealthy)
260162,0,1,0,0.0,1,0.0,1,-0.6995063210277802,2,High Poverty (Poorest)
260162,0,1,0,0.0,1,0.0,1,-0.6995063210277802,2,High Poverty (Poorest)
260163,0,0,2,0.0,1,0.0,1,-0.1968377472759403,1,Medium Poverty
260163,0,1,0,0.0,1,0.0,1,-0.6995063210277802,2,High Poverty (Poorest)
260164,0,1,0,0.0,1,0.0,0,-1.20217489477962,2,High Poverty (Poorest)
260164,0,0,0,0.0,1,0.0,0,-2.2075120422833,2,High Poverty (Poorest)
260165,0,1,2,0.0,1,0.0,1,0.8084994002277395,0,Low Poverty (Wealthy)
260165,0,0,2,0.0,1,0.0,1,-0.1968377472759403,1,Medium Poverty
260166,0,1,1,0.0,1,0.0,1,0.05449653959997964,1,Medium Poverty
260166,0,1,2,0.0,1,0.0,1,0.8084994002277395,0,Low Poverty (Wealthy)
260167,0,0,0,0.0,1,0.0,1,-1.70484346853146,2,High Poverty (Poorest)
260167,0,0,2,0.0,1,0.0,1,-0.1968377472759403,1,Medium Poverty
260168,0,0,1,0.0,1,0.0,1,-0.9508406079037002,2,High Poverty (Poorest)
260168,0,0,2,0.0,1,0.0,1,-0.1968377472759403,1,Medium Poverty
260169,0,1,3,0.0,1,0.0,0,1.0598336871036593,0,Low Poverty (Wealthy)
260169,0,1,3,0.0,1,0.0,0,1.0598336871036593,0,Low Poverty (Wealthy)
260170,0,0,0,0.0,1,0.0,1,-1.70484346853146,2,High Poverty (Poorest)
260170,0,0,3,0.0,1,0.0,0,0.05449653959997964,1,Medium Poverty
269001,0,1,0,0.0,1,0.0,1,-0.6995063210277802,2,High Poverty (Poorest)
269001,0,1,3,0.0,1,0.0,0,1.0598336871036593,0,Low Poverty (Wealthy)
269001,0,0,1,0.0,1,0.0,0,-1.45350918165554,2,High Poverty (Poorest)
269002,0,0,1,0.0,1,0.0,0,-1.45350918165554,2,High Poverty (Poorest)
269004,0,1,0,0.0,1,0.0,0,-1.20217489477962,2,High Poverty (Poorest)
269004,0,0,0,0.0,1,0.0,0,-2.2075120422833,2,High Poverty (Poorest)
269004,0,0,2,0.0,1,0.0,0,-0.6995063210277802,2,High Poverty (Poorest)
269005,0,1,3,0.0,1,0.0,1,1.5625022608554993,0,Low Poverty (Wealthy)
269005,0,1,2,0.0,1,0.0,0,0.3058308264758996,0,Low Poverty (Wealthy)
269005,0,1,2,0.0,1,0.0,0,0.3058308264758996,0,Low Poverty (Wealthy)
269006,0,1,2,0.0,1,0.0,0,0.3058308264758996,0,Low Poverty (Wealthy)
269006,0,1,1,0.0,1,0.0,1,0.05449653959997964,1,Medium Poverty
269006,0,0,0,0.0,1,0.0,1,-1.70484346853146,2,High Poverty (Poorest)
269007,0,1,0,0.0,1,0.0,1,-0.6995063210277802,2,High Poverty (Poorest)
269007,0,0,1,0.0,1,0.0,0,-1.45350918165554,2,High Poverty (Poorest)
269007,0,0,1,0.0,1,0.0,0,-1.45350918165554,2,High Poverty (Poorest)
269009,0,1,0,0.0,1,0.0,1,-0.6995063210277802,2,High Poverty (Poorest)
269009,0,1,0,0.0,1,0.0,1,-0.6995063210277802,2,High Poverty (Poorest)
269009,0,1,0,0.0,1,0.0,0,-1.20217489477962,2,High Poverty (Poorest)
269010,0,1,3,0.0,1,0.0,1,1.5625022608554993,0,Low Poverty (Wealthy)
269010,0,0,0,0.0,1,0.0,0,-2.2075120422833,2,High Poverty (Poorest)
269010,0,0,1,0.0,1,0.0,0,-1.45350918165554,2,High Poverty (Poorest)
269011,0,1,2,0.0,1,0.0,1,0.8084994002277395,0,Low Poverty (Wealthy)
269011,0,1,1,0.0,1,0.0,1,0.05449653959997964,1,Medium Poverty
269011,0,1,0,0.0,1,0.0,0,-1.20217489477962,2,High Poverty (Poorest)
269012,0,1,1,0.0,1,0.0,0,-0.44817203415186024,1,Medium Poverty
269012,0,1,0,0.0,1,0.0,1,-0.6995063210277802,2,High Poverty (Poorest)
269012,0,1,1,0.0,1,0.0,1,0.05449653959997964,1,Medium Poverty
269013,0,0,0,0.0,1,0.0,1,-1.70484346853146,2,High Poverty (Poorest)
269014,0,1,2,0.0,1,0.0,1,0.8084994002277395,0,Low Poverty (Wealthy)
269015,0,1,2,0.0,1,0.0,1,0.8084994002277395,0,Low Poverty (Wealthy)
269017,0,0,1,0.0,1,0.0,0,-1.45350918165554,2,High Poverty (Poorest)
269018,0,1,1,0.0,1,0.0,0,-0.44817203415186024,1,Medium Poverty
269019,0,0,1,0.0,1,0.0,1,-0.9508406079037002,2,High Poverty (Poorest)
269020,0,1,2,0.0,1,0.0,1,0.8084994002277395,0,Low Poverty (Wealthy)
269021,0,0,1,0.0,1,0.0,0,-1.45350918165554,2,High Poverty (Poorest)
269023,0,1,2,0.0,1,0.0,1,0.8084994002277395,0,Low Poverty (Wealthy)
269024,0,0,2,0.0,1,0.0,0,-0.6995063210277802,2,High Poverty (Poorest)
269025,0,1,1,0.0,1,1.0,0,0.5571651133518195,0,Low Poverty (Wealthy)
269026,0,0,1,0.0,1,1.0,0,-0.44817203415186024,1,Medium Poverty
269027,0,0,1,0.0,1,1.0,1,0.05449653959997964,1,Medium Poverty
269028,0,1,0,0.0,1,1.0,0,-0.1968377472759403,1,Medium Poverty
269030,0,1,0,0.0,1,1.0,0,-0.1968377472759403,1,Medium Poverty
269031,0,0,0,0.0,1,1.0,1,-0.6995063210277802,2,High Poverty (Poorest)
269033,0,0,0,0.0,1,1.0,1,-0.6995063210277802,2,High Poverty (Poorest)
269034,0,1,1,0.0,1,1.0,1,1.0598336871036593,0,Low Poverty (Wealthy)
269035,0,1,2,0.0,1,1.0,0,1.3111679739795794,0,Low Poverty (Wealthy)
269036,0,1,1,0.0,1,1.0,1,1.0598336871036593,0,Low Poverty (Wealthy)
269037,0,0,3,0.0,1,1.0,1,1.5625022608554993,0,Low Poverty (Wealthy)
269038,0,1,3,0.0,1,1.0,0,2.0651708346073394,0,Low Poverty (Wealthy)
269039,0,0,3,0.0,1,1.0,1,1.5625022608554993,0,Low Poverty (Wealthy)
269040,0,0,2,0.0,1,1.0,1,0.8084994002277395,0,Low Poverty (Wealthy)
269041,0,1,1,0.0,1,1.0,0,0.5571651133518195,0,Low Poverty (Wealthy)
269042,0,1,0,0.0,1,1.0,1,0.3058308264758996,0,Low Poverty (Wealthy)
269043,0,1,2,0.0,1,1.0,1,1.8138365477314193,0,Low Poverty (Wealthy)
269044,0,0,2,0.0,1,1.0,1,0.8084994002277395,0,Low Poverty (Wealthy)
269046,0,1,2,0.0,1,1.0,1,1.8138365477314193,0,Low Poverty (Wealthy)
269047,0,1,3,0.0,1,1.0,0,2.0651708346073394,0,Low Poverty (Wealthy)
269049,0,1,1,0.0,1,0.0,0,-0.44817203415186024,1,Medium Poverty
269049,0,0,1,0.0,1,0.0,1,-0.9508406079037002,2,High Poverty (Poorest)
269050,0,0,0,0.0,1,0.0,1,-1.70484346853146,2,High Poverty (Poorest)
269050,0,1,0,0.0,1,0.0,1,-0.6995063210277802,2,High Poverty (Poorest)
269051,0,1,1,0.0,1,0.0,1,0.05449653959997964,1,Medium Poverty
269051,0,0,2,0.0,1,0.0,0,-0.6995063210277802,2,High Poverty (Poorest)
269052,0,1,2,0.0,1,0.0,1,0.8084994002277395,0,Low Poverty (Wealthy)
269052,0,0,1,0.0,1,0.0,1,-0.9508406079037002,2,High Poverty (Poorest)
269053,0,1,3,0.0,1,0.0,1,1.5625022608554993,0,Low Poverty (Wealthy)
269053,0,0,2,0.0,1,0.0,1,-0.1968377472759403,1,Medium Poverty
269054,0,1,2,0.0,1,0.0,1,0.8084994002277395,0,Low Poverty (Wealthy)
269054,0,1,0,0.0,1,0.0,1,-0.6995063210277802,2,High Poverty (Poorest)
269055,0,0,3,0.0,1,0.0,1,0.5571651133518195,0,Low Poverty (Wealthy)
269055,0,1,2,0.0,1,0.0,1,0.8084994002277395,0,Low Poverty (Wealthy)
269056,0,1,0,0.0,1,0.0,1,-0.6995063210277802,2,High Poverty (Poorest)
269056,0,1,0,0.0,1,0.0,0,-1.20217489477962,2,High Poverty (Poorest)
269059,0,1,3,0.0,1,0.0,1,1.5625022608554993,0,Low Poverty (Wealthy)
269059,0,0,0,0.0,1,0.0,1,-1.70484346853146,2,High Poverty (Poorest)
269060,0,0,1,0.0,1,0.0,0,-1.45350918165554,2,High Poverty (Poorest)
269060,0,0,1,0.0,1,0.0,1,-0.9508406079037002,2,High Poverty (Poorest)
269061,0,0,2,0.0,1,0.0,0,-0.6995063210277802,2,High Poverty (Poorest)
269062,0,0,2,0.0,1,0.0,1,-0.1968377472759403,1,Medium Poverty
269063,0,0,1,0.0,1,0.0,1,-0.9508406079037002,2,High Poverty (Poorest)
269064,0,1,1,0.0,1,0.0,1,0.05449653959997964,1,Medium Poverty
269066,0,1,3,0.0,1,0.0,1,1.5625022608554993,0,Low Poverty (Wealthy)
269067,0,0,2,0.0,1,0.0,0,-0.6995063210277802,2,High Poverty (Poorest)
269068,0,0,3,0.0,1,0.0,1,0.5571651133518195,0,Low Poverty (Wealthy)
269069,0,1,1,0.0,1,0.0,0,-0.44817203415186024,1,Medium Poverty
269070,0,0,1,0.0,1,0.0,0,-1.45350918165554,2,High Poverty (Poorest)
269071,0,0,1,0.0,1,0.0,1,-0.9508406079037002,2,High Poverty (Poorest)
269073,0,0,2,0.0,1,0.0,1,-0.1968377472759403,1,Medium Poverty
269073,0,1,0,0.0,1,0.0,0,-1.20217489477962,2,High Poverty (Poorest)
269073,0,1,1,0.0,1,0.0,1,0.05449653959997964,1,Medium Poverty
269073,0,1,0,0.0,1,0.0,1,-0.6995063210277802,2,High Poverty (Poorest)
269074,0,1,1,0.0,1,0.0,1,0.05449653959997964,1,Medium Poverty
269075,0,1,2,0.0,1,0.0,1,0.8084994002277395,0,Low Poverty (Wealthy)
269075,0,1,0,0.0,1,0.0,1,-0.6995063210277802,2,High Poverty (Poorest)
269075,0,1,2,0.0,1,0.0,1,0.8084994002277395,0,Low Poverty (Wealthy)
269075,0,1,3,0.0,1,0.0,0,1.0598336871036593,0,Low Poverty (Wealthy)
269076,0,0,1,0.0,1,0.0,1,-0.9508406079037002,2,High Poverty (Poorest)
269076,0,0,2,0.0,1,0.0,1,-0.1968377472759403,1,Medium Poverty
269076,0,1,3,0.0,1,0.0,0,1.0598336871036593,0,Low Poverty (Wealthy)
269076,0,1,3,0.0,1,0.0,0,1.0598336871036593,0,Low Poverty (Wealthy)
269077,0,1,1,0.0,1,0.0,0,-0.44817203415186024,1,Medium Poverty
269077,0,1,0,0.0,1,0.0,1,-0.6995063210277802,2,High Poverty (Poorest)
269077,0,1,0,0.0,1,0.0,1,-0.6995063210277802,2,High Poverty (Poorest)
269077,0,0,2,0.0,1,0.0,1,-0.1968377472759403,1,Medium Poverty
269079,0,1,2,0.0,1,0.0,1,0.8084994002277395,0,Low Poverty (Wealthy)
269079,0,1,2,0.0,1,0.0,1,0.8084994002277395,0,Low Poverty (Wealthy)
269079,0,1,1,0.0,1,0.0,1,0.05449653959997964,1,Medium Poverty
269079,0,1,0,0.0,1,0.0,0,-1.20217489477962,2,High Poverty (Poorest)
269081,0,1,2,0.0,1,0.0,0,0.3058308264758996,0,Low Poverty (Wealthy)
269081,0,0,1,0.0,1,0.0,1,-0.9508406079037002,2,High Poverty (Poorest)
269081,0,1,2,0.0,1,0.0,1,0.8084994002277395,0,Low Poverty (Wealthy)
269081,0,0,1,0.0,1,0.0,1,-0.9508406079037002,2,High Poverty (Poorest)
269082,0,1,1,0.0,1,0.0,1,0.05449653959997964,1,Medium Poverty
269083,0,1,1,0.0,1,0.0,0,-0.44817203415186024,1,Medium Poverty
269083,0,1,1,0.0,1,0.0,1,0.05449653959997964,1,Medium Poverty
269083,0,1,1,0.0,1,0.0,1,0.05449653959997964,1,Medium Poverty
269083,0,1,0,0.0,1,0.0,0,-1.20217489477962,2,High Poverty (Poorest)
269084,0,1,1,0.0,1,0.0,1,0.05449653959997964,1,Medium Poverty
269084,0,0,0,0.0,1,0.0,1,-1.70484346853146,2,High Poverty (Poorest)
269084,0,1,0,0.0,1,0.0,1,-0.6995063210277802,2,High Poverty (Poorest)
269084,0,1,2,0.0,1,0.0,1,0.8084994002277395,0,Low Poverty (Wealthy)
269085,0,1,1,0.0,1,0.0,0,-0.44817203415186024,1,Medium Poverty
269086,0,0,2,0.0,1,0.0,0,-0.6995063210277802,2,High Poverty (Poorest)
269087,0,1,2,0.0,1,0.0,1,0.8084994002277395,0,Low Poverty (Wealthy)
269088,0,1,2,0.0,1,0.0,1,0.8084994002277395,0,Low Poverty (Wealthy)
269089,0,0,3,0.0,1,0.0,0,0.05449653959997964,1,Medium Poverty
269090,0,0,0,0.0,1,0.0,0,-2.2075120422833,2,High Poverty (Poorest)
269092,0,0,2,0.0,1,0.0,1,-0.1968377472759403,1,Medium Poverty
269093,0,1,3,0.0,1,0.0,1,1.5625022608554993,0,Low Poverty (Wealthy)
269094,0,1,3,0.0,1,0.0,1,1.5625022608554993,0,Low Poverty (Wealthy)
269095,0,1,0,0.0,1,0.0,0,-1.20217489477962,2,High Poverty (Poorest)
269096,0,0,1,0.0,1,0.0,0,-1.45350918165554,2,High Poverty (Poorest)
269096,0,1,0,0.0,1,0.0,0,-1.20217489477962,2,High Poverty (Poorest)
269096,0,0,2,0.0,1,0.0,1,-0.1968377472759403,1,Medium Poverty
269096,0,1,2,0.0,1,0.0,0,0.3058308264758996,0,Low Poverty (Wealthy)
269097,0,1,1,0.0,1,0.0,1,0.05449653959997964,1,Medium Poverty
269097,0,0,1,0.0,1,0.0,1,-0.9508406079037002,2,High Poverty (Poorest)
269097,0,1,2,0.0,1,0.0,0,0.3058308264758996,0,Low Poverty (Wealthy)
269097,0,0,1,0.0,1,0.0,1,-0.9508406079037002,2,High Poverty (Poorest)
269098,0,1,3,0.0,1,0.0,1,1.5625022608554993,0,Low Poverty (Wealthy)
269098,0,1,2,0.0,1,0.0,1,0.8084994002277395,0,Low Poverty (Wealthy)
269098,0,1,0,0.0,1,0.0,1,-0.6995063210277802,2,High Poverty (Poorest)
269098,0,0,2,0.0,1,0.0,0,-0.6995063210277802,2,High Poverty (Poorest)
269099,0,0,1,0.0,1,0.0,0,-1.45350918165554,2,High Poverty (Poorest)
269099,0,1,2,0.0,1,0.0,1,0.8084994002277395,0,Low Poverty (Wealthy)
269099,0,0,3,0.0,1,0.0,1,0.5571651133518195,0,Low Poverty (Wealthy)
269099,0,1,3,0.0,1,0.0,0,1.0598336871036593,0,Low Poverty (Wealthy)
269100,0,1,1,0.0,1,0.0,1,0.05449653959997964,1,Medium Poverty
269100,0,0,1,0.0,1,0.0,1,-0.9508406079037002,2,High Poverty (Poorest)
269100,0,0,1,0.0,1,0.0,0,-1.45350918165554,2,High Poverty (Poorest)
269100,0,1,1,0.0,1,0.0,1,0.05449653959997964,1,Medium Poverty
269101,0,1,0,0.0,1,0.0,0,-1.20217489477962,2,High Poverty (Poorest)
269101,0,1,1,0.0,1,0.0,1,0.05449653959997964,1,Medium Poverty
269101,0,1,0,0.0,1,0.0,1,-0.6995063210277802,2,High Poverty (Poorest)
269101,0,1,1,0.0,1,0.0,0,-0.44817203415186024,1,Medium Poverty
269102,0,0,1,0.0,1,0.0,1,-0.9508406079037002,2,High Poverty (Poorest)
269102,0,1,3,0.0,1,0.0,1,1.5625022608554993,0,Low Poverty (Wealthy)
269102,0,1,2,0.0,1,0.0,1,0.8084994002277395,0,Low Poverty (Wealthy)
269102,0,0,1,0.0,1,0.0,0,-1.45350918165554,2,High Poverty (Poorest)
269104,0,0,0,0.0,1,0.0,1,-1.70484346853146,2,High Poverty (Poorest)
269104,0,0,1,0.0,1,0.0,1,-0.9508406079037002,2,High Poverty (Poorest)
269104,0,0,1,0.0,1,0.0,1,-0.9508406079037002,2,High Poverty (Poorest)
269104,0,1,1,0.0,1,0.0,1,0.05449653959997964,1,Medium Poverty
269105,0,1,2,0.0,1,0.0,0,0.3058308264758996,0,Low Poverty (Wealthy)
269105,0,0,2,0.0,1,0.0,0,-0.6995063210277802,2,High Poverty (Poorest)
269105,0,0,2,0.0,1,0.0,1,-0.1968377472759403,1,Medium Poverty
269105,0,1,1,0.0,1,0.0,0,-0.44817203415186024,1,Medium Poverty
269106,0,1,3,0.0,1,0.0,1,1.5625022608554993,0,Low Poverty (Wealthy)
269106,0,1,3,0.0,1,0.0,1,1.5625022608554993,0,Low Poverty (Wealthy)
269106,0,0,1,0.0,1,0.0,1,-0.9508406079037002,2,High Poverty (Poorest)
269106,0,1,1,0.0,1,0.0,1,0.05449653959997964,1,Medium Poverty
270001,0,1,1,0.0,1,0.0,1,0.05449653959997964,1,Medium Poverty
270001,0,0,0,0.0,1,0.0,1,-1.70484346853146,2,High Poverty (Poorest)
270002,0,0,2,0.0,1,0.0,0,-0.6995063210277802,2,High Poverty (Poorest)
270002,0,0,1,0.0,1,0.0,0,-1.45350918165554,2,High Poverty (Poorest)
270003,0,0,0,0.0,1,0.0,0,-2.2075120422833,2,High Poverty (Poorest)
270004,0,1,0,0.0,1,0.0,1,-0.6995063210277802,2,High Poverty (Poorest)
270004,0,1,1,0.0,1,0.0,1,0.05449653959997964,1,Medium Poverty
270005,0,1,3,0.0,1,0.0,0,1.0598336871036593,0,Low Poverty (Wealthy)
270006,0,1,2,0.0,1,0.0,1,0.8084994002277395,0,Low Poverty (Wealthy)
270006,0,1,2,0.0,1,0.0,0,0.3058308264758996,0,Low Poverty (Wealthy)
270007,0,1,1,0.0,1,0.0,1,0.05449653959997964,1,Medium Poverty
270008,0,1,2,0.0,1,0.0,0,0.3058308264758996,0,Low Poverty (Wealthy)
270008,0,0,1,0.0,1,0.0,1,-0.9508406079037002,2,High Poverty (Poorest)
270009,0,1,2,0.0,1,0.0,1,0.8084994002277395,0,Low Poverty (Wealthy)
270009,0,1,0,0.0,1,0.0,1,-0.6995063210277802,2,High Poverty (Poorest)
270010,0,0,1,0.0,1,0.0,0,-1.45350918165554,2,High Poverty (Poorest)
270023,0,1,1,0.0,1,0.0,1,0.05449653959997964,1,Medium Poverty
270024,0,1,1,0.0,1,0.0,0,-0.44817203415186024,1,Medium Poverty
270025,0,1,3,0.0,1,0.0,1,1.5625022608554993,0,Low Poverty (Wealthy)
270028,0,1,0,0.0,1,0.0,1,-0.6995063210277802,2,High Poverty (Poorest)
270029,0,1,1,0.0,1,0.0,1,0.05449653959997964,1,Medium Poverty
270030,0,1,1,0.0,1,0.0,1,0.05449653959997964,1,Medium Poverty
270041,0,1,3,0.0,1,0.0,1,1.5625022608554993,0,Low Poverty (Wealthy)
270044,0,1,1,0.0,1,0.0,1,0.05449653959997964,1,Medium Poverty
270045,0,1,2,0.0,1,0.0,0,0.3058308264758996,0,Low Poverty (Wealthy)
270046,0,1,3,0.0,1,0.0,1,1.5625022608554993,0,Low Poverty (Wealthy)
270047,0,1,1,0.0,1,0.0,0,-0.44817203415186024,1,Medium Poverty
270049,0,1,1,0.0,1,0.0,0,-0.44817203415186024,1,Medium Poverty
270051,0,1,1,0.0,1,0.0,1,0.05449653959997964,1,Medium Poverty
270052,0,0,2,0.0,1,0.0,1,-0.1968377472759403,1,Medium Poverty
270053,0,0,0,0.0,1,0.0,0,-2.2075120422833,2,High Poverty (Poorest)
270054,0,0,1,0.0,1,0.0,1,-0.9508406079037002,2,High Poverty (Poorest)
270055,0,1,2,0.0,1,0.0,0,0.3058308264758996,0,Low Poverty (Wealthy)
270056,0,0,2,0.0,1,0.0,1,-0.1968377472759403,1,Medium Poverty
270057,0,0,1,0.0,1,0.0,1,-0.9508406079037002,2,High Poverty (Poorest)
270059,0,1,1,0.0,1,0.0,1,0.05449653959997964,1,Medium Poverty
270061,0,0,0,0.0,1,0.0,1,-1.70484346853146,2,High Poverty (Poorest)
270062,0,1,1,0.0,1,0.0,0,-0.44817203415186024,1,Medium Poverty
270063,0,0,1,0.0,1,0.0,1,-0.9508406079037002,2,High Poverty (Poorest)
270064,0,1,3,0.0,1,0.0,0,1.0598336871036593,0,Low Poverty (Wealthy)
270065,0,1,1,0.0,1,0.0,0,-0.44817203415186024,1,Medium Poverty
270066,0,1,3,0.0,1,0.0,1,1.5625022608554993,0,Low Poverty (Wealthy)
270067,0,1,2,0.0,1,0.0,0,0.3058308264758996,0,Low Poverty (Wealthy)
270068,0,1,0,0.0,1,0.0,1,-0.6995063210277802,2,High Poverty (Poorest)
270069,0,0,2,0.0,1,0.0,1,-0.1968377472759403,1,Medium Poverty
270070,0,0,0,0.0,1,0.0,0,-2.2075120422833,2,High Poverty (Poorest)
270091,0,0,3,0.0,1,0.0,1,0.5571651133518195,0,Low Poverty (Wealthy)
270091,0,1,3,0.0,1,1.0,1,2.567839408359179,0,Low Poverty (Wealthy)
270092,0,1,1,0.0,1,0.0,1,0.05449653959997964,1,Medium Poverty
270092,0,1,1,0.0,1,1.0,1,1.0598336871036593,0,Low Poverty (Wealthy)
270093,0,0,1,0.0,1,0.0,0,-1.45350918165554,2,High Poverty (Poorest)
270093,0,1,1,0.0,1,1.0,1,1.0598336871036593,0,Low Poverty (Wealthy)
270094,0,1,1,0.0,1,0.0,1,0.05449653959997964,1,Medium Poverty
270094,0,1,1,0.0,1,1.0,1,1.0598336871036593,0,Low Poverty (Wealthy)
270095,0,1,2,0.0,1,0.0,0,0.3058308264758996,0,Low Poverty (Wealthy)
270095,0,0,0,0.0,1,1.0,0,-1.20217489477962,2,High Poverty (Poorest)
270096,0,1,2,0.0,1,0.0,1,0.8084994002277395,0,Low Poverty (Wealthy)
270096,0,1,2,0.0,1,1.0,1,1.8138365477314193,0,Low Poverty (Wealthy)
270097,0,0,1,0.0,1,0.0,1,-0.9508406079037002,2,High Poverty (Poorest)
270097,0,0,3,0.0,1,1.0,1,1.5625022608554993,0,Low Poverty (Wealthy)
270098,0,1,1,0.0,1,0.0,1,0.05449653959997964,1,Medium Poverty
270099,0,1,0,0.0,1,0.0,1,-0.6995063210277802,2,High Poverty (Poorest)
270100,0,1,2,0.0,1,0.0,0,0.3058308264758996,0,Low Poverty (Wealthy)
270100,0,0,1,0.0,1,1.0,1,0.05449653959997964,1,Medium Poverty
279001,0,1,2,0.0,1,0.0,0,0.3058308264758996,0,Low Poverty (Wealthy)
279002,0,1,3,0.0,1,0.0,0,1.0598336871036593,0,Low Poverty (Wealthy)
279004,0,1,3,0.0,1,0.0,1,1.5625022608554993,0,Low Poverty (Wealthy)
279005,0,1,2,0.0,1,0.0,0,0.3058308264758996,0,Low Poverty (Wealthy)
279006,0,0,2,0.0,1,0.0,1,-0.1968377472759403,1,Medium Poverty
279007,0,1,0,0.0,1,0.0,0,-1.20217489477962,2,High Poverty (Poorest)
279008,0,1,0,0.0,1,0.0,0,-1.20217489477962,2,High Poverty (Poorest)
279009,0,1,2,0.0,1,0.0,1,0.8084994002277395,0,Low Poverty (Wealthy)
279010,0,1,1,0.0,1,0.0,1,0.05449653959997964,1,Medium Poverty
279011,0,1,1,0.0,1,0.0,1,0.05449653959997964,1,Medium Poverty
279015,0,1,1,0.0,1,0.0,1,0.05449653959997964,1,Medium Poverty
279016,0,1,2,0.0,1,0.0,0,0.3058308264758996,0,Low Poverty (Wealthy)
279017,0,1,0,0.0,1,0.0,1,-0.6995063210277802,2,High Poverty (Poorest)
279018,0,1,2,0.0,1,0.0,0,0.3058308264758996,0,Low Poverty (Wealthy)
279019,0,1,0,0.0,1,0.0,1,-0.6995063210277802,2,High Poverty (Poorest)
279022,0,1,0,0.0,1,0.0,1,-0.6995063210277802,2,High Poverty (Poorest)
279023,0,1,1,0.0,1,0.0,1,0.05449653959997964,1,Medium Poverty
279024,0,0,1,0.0,1,0.0,1,-0.9508406079037002,2,High Poverty (Poorest)
279025,0,1,3,0.0,1,0.0,0,1.0598336871036593,0,Low Poverty (Wealthy)
279028,0,0,0,0.0,1,0.0,1,-1.70484346853146,2,High Poverty (Poorest)
279029,0,1,0,0.0,1,0.0,0,-1.20217489477962,2,High Poverty (Poorest)
279030,0,0,1,0.0,1,0.0,0,-1.45350918165554,2,High Poverty (Poorest)
279031,0,1,1,0.0,1,0.0,1,0.05449653959997964,1,Medium Poverty
279032,0,1,0,0.0,1,0.0,0,-1.20217489477962,2,High Poverty (Poorest)
279034,0,1,0,0.0,1,0.0,0,-1.20217489477962,2,High Poverty (Poorest)
279036,0,1,3,0.0,1,0.0,1,1.5625022608554993,0,Low Poverty (Wealthy)
279037,0,0,2,0.0,1,0.0,1,-0.1968377472759403,1,Medium Poverty
279038,0,1,1,0.0,1,0.0,0,-0.44817203415186024,1,Medium Poverty
279040,0,0,1,0.0,1,0.0,1,-0.9508406079037002,2,High Poverty (Poorest)
279042,0,1,1,0.0,1,0.0,1,0.05449653959997964,1,Medium Poverty
279043,0,1,1,0.0,1,0.0,1,0.05449653959997964,1,Medium Poverty
279044,0,1,2,0.0,1,0.0,1,0.8084994002277395,0,Low Poverty (Wealthy)
279045,0,0,3,0.0,1,0.0,1,0.5571651133518195,0,Low Poverty (Wealthy)
279047,0,0,0,0.0,1,0.0,1,-1.70484346853146,2,High Poverty (Poorest)
279048,0,1,2,0.0,1,0.0,1,0.8084994002277395,0,Low Poverty (Wealthy)
279049,0,1,0,0.0,1,0.0,0,-1.20217489477962,2,High Poverty (Poorest)
279049,0,1,1,0.0,1,0.0,1,0.05449653959997964,1,Medium Poverty
279051,0,1,0,0.0,1,0.0,1,-0.6995063210277802,2,High Poverty (Poorest)
279051,0,1,0,0.0,1,0.0,1,-0.6995063210277802,2,High Poverty (Poorest)
279052,0,0,3,0.0,1,0.0,0,0.05449653959997964,1,Medium Poverty
279052,0,1,1,0.0,1,0.0,1,0.05449653959997964,1,Medium Poverty
279053,0,1,0,0.0,1,0.0,1,-0.6995063210277802,2,High Poverty (Poorest)
279053,0,0,3,0.0,1,0.0,1,0.5571651133518195,0,Low Poverty (Wealthy)
279054,0,1,3,0.0,1,0.0,1,1.5625022608554993,0,Low Poverty (Wealthy)
279054,0,0,2,0.0,1,0.0,1,-0.1968377472759403,1,Medium Poverty
279056,0,1,3,0.0,1,0.0,0,1.0598336871036593,0,Low Poverty (Wealthy)
279056,0,0,1,0.0,1,0.0,1,-0.9508406079037002,2,High Poverty (Poorest)
279057,0,1,2,0.0,1,0.0,1,0.8084994002277395,0,Low Poverty (Wealthy)
279057,0,0,2,0.0,1,0.0,0,-0.6995063210277802,2,High Poverty (Poorest)
279058,0,1,3,0.0,1,0.0,0,1.0598336871036593,0,Low Poverty (Wealthy)
279058,0,1,2,0.0,1,0.0,1,0.8084994002277395,0,Low Poverty (Wealthy)
279059,0,1,1,0.0,1,0.0,1,0.05449653959997964,1,Medium Poverty
279060,0,1,2,0.0,1,0.0,1,0.8084994002277395,0,Low Poverty (Wealthy)
279060,0,1,1,0.0,1,0.0,0,-0.44817203415186024,1,Medium Poverty
279061,0,0,1,0.0,1,0.0,0,-1.45350918165554,2,High Poverty (Poorest)
279061,0,0,0,0.0,1,0.0,0,-2.2075120422833,2,High Poverty (Poorest)
279065,0,0,3,0.0,1,0.0,1,0.5571651133518195,0,Low Poverty (Wealthy)
279065,0,1,1,0.0,1,0.0,1,0.05449653959997964,1,Medium Poverty
279066,0,1,1,0.0,1,0.0,1,0.05449653959997964,1,Medium Poverty
279067,0,1,1,0.0,1,0.0,1,0.05449653959997964,1,Medium Poverty
279067,0,1,3,0.0,1,0.0,0,1.0598336871036593,0,Low Poverty (Wealthy)
279068,0,0,1,0.0,1,0.0,0,-1.45350918165554,2,High Poverty (Poorest)
279068,0,0,2,0.0,1,0.0,0,-0.6995063210277802,2,High Poverty (Poorest)
279069,0,0,3,0.0,1,0.0,0,0.05449653959997964,1,Medium Poverty
279069,0,1,1,0.0,1,0.0,0,-0.44817203415186024,1,Medium Poverty
279073,0,0,1,0.0,1,1.0,1,0.05449653959997964,1,Medium Poverty
279073,0,0,2,0.0,1,1.0,1,0.8084994002277395,0,Low Poverty (Wealthy)
279074,0,1,3,0.0,1,1.0,1,2.567839408359179,0,Low Poverty (Wealthy)
279074,0,1,2,0.0,1,1.0,1,1.8138365477314193,0,Low Poverty (Wealthy)
279078,0,0,1,0.0,1,1.0,1,0.05449653959997964,1,Medium Poverty
279078,0,0,3,0.0,1,1.0,1,1.5625022608554993,0,Low Poverty (Wealthy)
279080,0,0,1,0.0,1,1.0,0,-0.44817203415186024,1,Medium Poverty
279080,0,1,2,0.0,1,1.0,1,1.8138365477314193,0,Low Poverty (Wealthy)
279081,0,1,2,0.0,1,1.0,0,1.3111679739795794,0,Low Poverty (Wealthy)
279081,0,0,0,0.0,1,1.0,0,-1.20217489477962,2,High Poverty (Poorest)
279082,0,0,2,0.0,1,1.0,0,0.3058308264758996,0,Low Poverty (Wealthy)
279082,0,1,2,0.0,1,1.0,1,1.8138365477314193,0,Low Poverty (Wealthy)
279083,0,1,3,0.0,1,1.0,1,2.567839408359179,0,Low Poverty (Wealthy)
279083,0,0,0,0.0,1,1.0,1,-0.6995063210277802,2,High Poverty (Poorest)
279084,0,1,1,0.0,1,0.0,1,0.05449653959997964,1,Medium Poverty
279087,0,0,2,0.0,1,0.0,1,-0.1968377472759403,1,Medium Poverty
279088,0,1,0,0.0,1,0.0,1,-0.6995063210277802,2,High Poverty (Poorest)
279089,0,1,0,0.0,1,0.0,1,-0.6995063210277802,2,High Poverty (Poorest)
279090,0,1,3,0.0,1,0.0,1,1.5625022608554993,0,Low Poverty (Wealthy)
279091,0,1,1,0.0,1,0.0,0,-0.44817203415186024,1,Medium Poverty
279092,0,1,3,0.0,1,0.0,0,1.0598336871036593,0,Low Poverty (Wealthy)
279093,0,1,0,0.0,1,0.0,1,-0.6995063210277802,2,High Poverty (Poorest)
279094,0,1,1,0.0,1,0.0,0,-0.44817203415186024,1,Medium Poverty
279095,0,1,2,0.0,1,0.0,1,0.8084994002277395,0,Low Poverty (Wealthy)
279096,0,1,2,0.0,1,0.0,1,0.8084994002277395,0,Low Poverty (Wealthy)
279097,0,1,2,0.0,1,0.0,1,0.8084994002277395,0,Low Poverty (Wealthy)
279097,0,0,1,0.0,1,0.0,0,-1.45350918165554,2,High Poverty (Poorest)
279098,0,1,2,0.0,1,0.0,1,0.8084994002277395,0,Low Poverty (Wealthy)
279098,0,1,1,0.0,1,0.0,1,0.05449653959997964,1,Medium Poverty
279100,0,1,1,0.0,1,0.0,1,0.05449653959997964,1,Medium Poverty
279100,0,0,0,0.0,1,0.0,1,-1.70484346853146,2,High Poverty (Poorest)
279101,0,1,2,0.0,1,0.0,1,0.8084994002277395,0,Low Poverty (Wealthy)
279101,0,1,1,0.0,1,0.0,1,0.05449653959997964,1,Medium Poverty
279103,0,0,1,0.0,1,0.0,0,-1.45350918165554,2,High Poverty (Poorest)
279103,0,1,1,0.0,1,0.0,1,0.05449653959997964,1,Medium Poverty
279105,0,0,0,0.0,1,0.0,0,-2.2075120422833,2,High Poverty (Poorest)
279105,0,0,0,0.0,1,0.0,0,-2.2075120422833,2,High Poverty (Poorest)
279107,0,1,2,0.0,1,0.0,0,0.3058308264758996,0,Low Poverty (Wealthy)
279107,0,1,1,0.0,1,0.0,1,0.05449653959997964,1,Medium Poverty
279112,0,1,3,0.0,1,0.0,0,1.0598336871036593,0,Low Poverty (Wealthy)
279114,0,0,2,0.0,1,0.0,0,-0.6995063210277802,2,High Poverty (Poorest)
279118,0,1,0,0.0,1,0.0,1,-0.6995063210277802,2,High Poverty (Poorest)
279121,0,0,2,0.0,1,0.0,1,-0.1968377472759403,1,Medium Poverty
279125,0,0,0,0.0,1,0.0,0,-2.2075120422833,2,High Poverty (Poorest)
279125,0,0,2,0.0,1,0.0,1,-0.1968377472759403,1,Medium Poverty
280031,0,1,3,0.0,1,0.0,1,1.5625022608554993,0,Low Poverty (Wealthy)
280033,0,1,1,0.0,1,0.0,0,-0.44817203415186024,1,Medium Poverty
280036,0,1,2,0.0,1,0.0,1,0.8084994002277395,0,Low Poverty (Wealthy)
280037,0,1,1,0.0,1,0.0,1,0.05449653959997964,1,Medium Poverty
280038,0,0,1,0.0,1,0.0,1,-0.9508406079037002,2,High Poverty (Poorest)
280039,0,1,3,0.0,1,0.0,1,1.5625022608554993,0,Low Poverty (Wealthy)
280083,0,1,0,0.0,1,0.0,1,-0.6995063210277802,2,High Poverty (Poorest)
280084,0,1,1,0.0,1,0.0,0,-0.44817203415186024,1,Medium Poverty
280085,0,0,1,0.0,1,0.0,1,-0.9508406079037002,2,High Poverty (Poorest)
280086,0,1,2,0.0,1,0.0,0,0.3058308264758996,0,Low Poverty (Wealthy)
280087,0,1,1,0.0,1,0.0,1,0.05449653959997964,1,Medium Poverty
280088,0,1,3,0.0,1,0.0,0,1.0598336871036593,0,Low Poverty (Wealthy)
280089,0,1,0,0.0,1,0.0,1,-0.6995063210277802,2,High Poverty (Poorest)
280090,0,0,1,0.0,1,0.0,0,-1.45350918165554,2,High Poverty (Poorest)
280111,0,1,2,0.0,1,0.0,1,0.8084994002277395,0,Low Poverty (Wealthy)
280112,0,0,1,0.0,1,0.0,1,-0.9508406079037002,2,High Poverty (Poorest)
280113,0,1,2,0.0,1,0.0,1,0.8084994002277395,0,Low Poverty (Wealthy)
280114,0,1,0,0.0,1,0.0,1,-0.6995063210277802,2,High Poverty (Poorest)
280116,0,0,0,0.0,1,0.0,1,-1.70484346853146,2,High Poverty (Poorest)
280117,0,1,0,0.0,1,0.0,0,-1.20217489477962,2,High Poverty (Poorest)
280118,0,1,3,0.0,1,0.0,0,1.0598336871036593,0,Low Poverty (Wealthy)
280119,0,0,2,0.0,1,0.0,1,-0.1968377472759403,1,Medium Poverty
280120,0,1,2,0.0,1,0.0,1,0.8084994002277395,0,Low Poverty (Wealthy)
289001,0,0,1,0.0,1,0.0,0,-1.45350918165554,2,High Poverty (Poorest)
289001,0,1,2,0.0,1,0.0,0,0.3058308264758996,0,Low Poverty (Wealthy)
289002,0,1,1,0.0,1,0.0,0,-0.44817203415186024,1,Medium Poverty
289002,0,1,3,0.0,1,0.0,1,1.5625022608554993,0,Low Poverty (Wealthy)
289003,0,1,2,0.0,1,0.0,0,0.3058308264758996,0,Low Poverty (Wealthy)
289005,0,1,2,0.0,1,0.0,1,0.8084994002277395,0,Low Poverty (Wealthy)
289005,0,1,0,0.0,1,0.0,0,-1.20217489477962,2,High Poverty (Poorest)
289006,0,0,1,0.0,1,0.0,0,-1.45350918165554,2,High Poverty (Poorest)
289006,0,1,1,0.0,1,0.0,0,-0.44817203415186024,1,Medium Poverty
289007,0,1,3,0.0,1,0.0,1,1.5625022608554993,0,Low Poverty (Wealthy)
289007,0,0,1,0.0,1,0.0,1,-0.9508406079037002,2,High Poverty (Poorest)
289008,0,1,1,0.0,1,0.0,0,-0.44817203415186024,1,Medium Poverty
289008,0,1,1,0.0,1,0.0,1,0.05449653959997964,1,Medium Poverty
289009,0,1,1,0.0,1,0.0,0,-0.44817203415186024,1,Medium Poverty
289009,0,0,0,0.0,1,0.0,1,-1.70484346853146,2,High Poverty (Poorest)
289010,0,0,3,0.0,1,0.0,1,0.5571651133518195,0,Low Poverty (Wealthy)
289010,0,0,2,0.0,1,0.0,0,-0.6995063210277802,2,High Poverty (Poorest)
289011,0,1,3,0.0,1,0.0,1,1.5625022608554993,0,Low Poverty (Wealthy)
289014,0,0,2,0.0,1,1.0,1,0.8084994002277395,0,Low Poverty (Wealthy)
289014,0,1,1,0.0,1,1.0,0,0.5571651133518195,0,Low Poverty (Wealthy)
289015,0,0,1,0.0,1,1.0,1,0.05449653959997964,1,Medium Poverty
289015,0,1,0,0.0,1,1.0,0,-0.1968377472759403,1,Medium Poverty
289016,0,1,3,0.0,1,1.0,1,2.567839408359179,0,Low Poverty (Wealthy)
289016,0,1,1,0.0,1,1.0,0,0.5571651133518195,0,Low Poverty (Wealthy)
289017,0,0,1,0.0,1,1.0,1,0.05449653959997964,1,Medium Poverty
289017,0,1,1,0.0,1,1.0,0,0.5571651133518195,0,Low Poverty (Wealthy)
289019,0,0,1,0.0,1,1.0,0,-0.44817203415186024,1,Medium Poverty
289019,0,1,1,0.0,1,1.0,0,0.5571651133518195,0,Low Poverty (Wealthy)
289020,0,1,1,0.0,1,1.0,0,0.5571651133518195,0,Low Poverty (Wealthy)
289020,0,0,2,0.0,1,1.0,1,0.8084994002277395,0,Low Poverty (Wealthy)
289021,0,1,2,0.0,1,1.0,0,1.3111679739795794,0,Low Poverty (Wealthy)
289021,0,1,1,0.0,1,1.0,1,1.0598336871036593,0,Low Poverty (Wealthy)
289022,0,0,1,0.0,1,1.0,0,-0.44817203415186024,1,Medium Poverty
289022,0,1,3,0.0,1,1.0,1,2.567839408359179,0,Low Poverty (Wealthy)
289025,0,0,0,0.0,1,1.0,1,-0.6995063210277802,2,High Poverty (Poorest)
289027,0,1,3,0.0,1,1.0,1,2.567839408359179,0,Low Poverty (Wealthy)
289028,0,1,1,0.0,1,1.0,1,1.0598336871036593,0,Low Poverty (Wealthy)
289030,0,0,2,0.0,1,1.0,1,0.8084994002277395,0,Low Poverty (Wealthy)
289031,0,1,2,0.0,1,1.0,1,1.8138365477314193,0,Low Poverty (Wealthy)
289032,0,1,2,0.0,1,1.0,0,1.3111679739795794,0,Low Poverty (Wealthy)
289034,0,1,3,0.0,1,1.0,1,2.567839408359179,0,Low Poverty (Wealthy)
289036,0,1,0,0.0,1,1.0,1,0.3058308264758996,0,Low Poverty (Wealthy)
289037,0,1,1,0.0,1,0.0,0,-0.44817203415186024,1,Medium Poverty
289041,0,1,1,0.0,1,0.0,1,0.05449653959997964,1,Medium Poverty
289042,0,1,2,0.0,1,0.0,0,0.3058308264758996,0,Low Poverty (Wealthy)
289043,0,1,1,0.0,1,0.0,1,0.05449653959997964,1,Medium Poverty
289044,0,1,2,0.0,1,0.0,1,0.8084994002277395,0,Low Poverty (Wealthy)
289046,0,1,1,0.0,1,0.0,1,0.05449653959997964,1,Medium Poverty
289047,0,1,0,0.0,1,0.0,1,-0.6995063210277802,2,High Poverty (Poorest)
289048,0,1,2,0.0,1,0.0,1,0.8084994002277395,0,Low Poverty (Wealthy)
289049,0,1,0,0.0,1,0.0,1,-0.6995063210277802,2,High Poverty (Poorest)
289050,0,1,1,0.0,1,0.0,1,0.05449653959997964,1,Medium Poverty
289051,0,0,0,0.0,1,0.0,0,-2.2075120422833,2,High Poverty (Poorest)
289052,0,1,1,0.0,1,0.0,1,0.05449653959997964,1,Medium Poverty
289053,0,1,2,0.0,1,0.0,1,0.8084994002277395,0,Low Poverty (Wealthy)
289055,0,0,2,0.0,1,0.0,0,-0.6995063210277802,2,High Poverty (Poorest)
289056,0,1,1,0.0,1,0.0,0,-0.44817203415186024,1,Medium Poverty
289059,0,1,1,0.0,1,0.0,1,0.05449653959997964,1,Medium Poverty
289061,0,0,1,0.0,1,0.0,1,-0.9508406079037002,2,High Poverty (Poorest)
289062,0,0,1,0.0,1,0.0,1,-0.9508406079037002,2,High Poverty (Poorest)
289062,0,0,3,0.0,1,0.0,0,0.05449653959997964,1,Medium Poverty
289062,0,1,3,0.0,1,1.0,0,2.0651708346073394,0,Low Poverty (Wealthy)
289062,0,0,0,0.0,1,0.0,1,-1.70484346853146,2,High Poverty (Poorest)
289062,0,0,0,0.0,1,0.0,0,-2.2075120422833,2,High Poverty (Poorest)
289062,0,1,3,0.0,1,0.0,0,1.0598336871036593,0,Low Poverty (Wealthy)
289062,0,0,1,0.0,1,1.0,0,-0.44817203415186024,1,Medium Poverty
289062,0,0,1,0.0,1,0.0,0,-1.45350918165554,2,High Poverty (Poorest)
289063,0,0,2,0.0,1,0.0,0,-0.6995063210277802,2,High Poverty (Poorest)
289063,0,1,1,0.0,1,0.0,0,-0.44817203415186024,1,Medium Poverty
289063,0,1,1,0.0,1,1.0,0,0.5571651133518195,0,Low Poverty (Wealthy)
289063,0,1,3,0.0,1,0.0,1,1.5625022608554993,0,Low Poverty (Wealthy)
289063,0,1,2,0.0,1,0.0,0,0.3058308264758996,0,Low Poverty (Wealthy)
289063,0,1,0,0.0,1,0.0,1,-0.6995063210277802,2,High Poverty (Poorest)
289063,0,1,0,0.0,1,1.0,1,0.3058308264758996,0,Low Poverty (Wealthy)
289063,0,0,1,0.0,1,0.0,1,-0.9508406079037002,2,High Poverty (Poorest)
289064,0,0,2,0.0,1,0.0,0,-0.6995063210277802,2,High Poverty (Poorest)
289064,0,1,1,0.0,1,0.0,1,0.05449653959997964,1,Medium Poverty
289064,0,1,0,0.0,1,1.0,0,-0.1968377472759403,1,Medium Poverty
289064,0,0,3,0.0,1,0.0,0,0.05449653959997964,1,Medium Poverty
289064,0,1,0,0.0,1,0.0,1,-0.6995063210277802,2,High Poverty (Poorest)
289064,0,0,0,0.0,1,0.0,1,-1.70484346853146,2,High Poverty (Poorest)
289064,0,1,1,0.0,1,1.0,1,1.0598336871036593,0,Low Poverty (Wealthy)
289064,0,1,1,0.0,1,0.0,1,0.05449653959997964,1,Medium Poverty
289065,0,0,1,0.0,1,0.0,1,-0.9508406079037002,2,High Poverty (Poorest)
289065,0,1,3,0.0,1,0.0,0,1.0598336871036593,0,Low Poverty (Wealthy)
289065,0,0,3,0.0,1,1.0,0,1.0598336871036593,0,Low Poverty (Wealthy)
289065,0,1,1,0.0,1,0.0,1,0.05449653959997964,1,Medium Poverty
289065,0,0,1,0.0,1,0.0,1,-0.9508406079037002,2,High Poverty (Poorest)
289065,0,1,2,0.0,1,0.0,0,0.3058308264758996,0,Low Poverty (Wealthy)
289065,0,0,1,0.0,1,1.0,1,0.05449653959997964,1,Medium Poverty
289065,0,1,0,0.0,1,0.0,0,-1.20217489477962,2,High Poverty (Poorest)
289066,0,1,3,0.0,1,0.0,1,1.5625022608554993,0,Low Poverty (Wealthy)
289066,0,1,0,0.0,1,0.0,1,-0.6995063210277802,2,High Poverty (Poorest)
289066,0,0,0,0.0,1,1.0,1,-0.6995063210277802,2,High Poverty (Poorest)
289066,0,1,1,0.0,1,0.0,0,-0.44817203415186024,1,Medium Poverty
289066,0,0,1,0.0,1,0.0,1,-0.9508406079037002,2,High Poverty (Poorest)
289066,0,0,0,0.0,1,0.0,1,-1.70484346853146,2,High Poverty (Poorest)
289066,0,1,0,0.0,1,1.0,0,-0.1968377472759403,1,Medium Poverty
289066,0,0,1,0.0,1,0.0,0,-1.45350918165554,2,High Poverty (Poorest)
289067,0,0,2,0.0,1,0.0,1,-0.1968377472759403,1,Medium Poverty
289067,0,1,1,0.0,1,0.0,1,0.05449653959997964,1,Medium Poverty
289067,0,1,1,0.0,1,1.0,0,0.5571651133518195,0,Low Poverty (Wealthy)
289067,0,1,2,0.0,1,0.0,1,0.8084994002277395,0,Low Poverty (Wealthy)
289067,0,1,3,0.0,1,0.0,1,1.5625022608554993,0,Low Poverty (Wealthy)
289067,0,1,1,0.0,1,0.0,0,-0.44817203415186024,1,Medium Poverty
289067,0,0,0,0.0,1,1.0,1,-0.6995063210277802,2,High Poverty (Poorest)
289067,0,1,1,0.0,1,0.0,0,-0.44817203415186024,1,Medium Poverty
289071,0,1,2,0.0,1,0.0,0,0.3058308264758996,0,Low Poverty (Wealthy)
289072,0,1,0,0.0,1,0.0,0,-1.20217489477962,2,High Poverty (Poorest)
289072,0,0,1,0.0,1,0.0,1,-0.9508406079037002,2,High Poverty (Poorest)
289072,0,1,0,0.0,1,1.0,1,0.3058308264758996,0,Low Poverty (Wealthy)
289072,0,0,0,0.0,1,0.0,0,-2.2075120422833,2,High Poverty (Poorest)
289072,0,0,1,0.0,1,0.0,1,-0.9508406079037002,2,High Poverty (Poorest)
289072,0,0,1,0.0,1,0.0,1,-0.9508406079037002,2,High Poverty (Poorest)
289072,0,1,2,0.0,1,1.0,0,1.3111679739795794,0,Low Poverty (Wealthy)
289072,0,1,2,0.0,1,0.0,1,0.8084994002277395,0,Low Poverty (Wealthy)
289073,0,1,1,0.0,1,0.0,1,0.05449653959997964,1,Medium Poverty
289077,0,1,1,0.0,1,0.0,1,0.05449653959997964,1,Medium Poverty
289080,0,0,1,0.0,1,0.0,1,-0.9508406079037002,2,High Poverty (Poorest)
289081,0,0,0,0.0,1,0.0,0,-2.2075120422833,2,High Poverty (Poorest)
289082,0,0,3,0.0,1,0.0,1,0.5571651133518195,0,Low Poverty (Wealthy)
289083,0,1,3,0.0,1,0.0,0,1.0598336871036593,0,Low Poverty (Wealthy)
289084,0,1,0,0.0,1,0.0,1,-0.6995063210277802,2,High Poverty (Poorest)
289088,0,1,0,0.0,1,1.0,1,0.3058308264758996,0,Low Poverty (Wealthy)
289088,0,0,0,0.0,1,1.0,0,-1.20217489477962,2,High Poverty (Poorest)
289097,0,0,2,0.0,1,0.0,1,-0.1968377472759403,1,Medium Poverty
289098,0,0,2,0.0,1,0.0,1,-0.1968377472759403,1,Medium Poverty
289102,0,1,2,0.0,1,1.0,1,1.8138365477314193,0,Low Poverty (Wealthy)
289102,0,1,2,0.0,1,1.0,0,1.3111679739795794,0,Low Poverty (Wealthy)
290001,0,1,1,0.0,1,0.0,1,0.05449653959997964,1,Medium Poverty
290002,0,1,2,0.0,1,0.0,1,0.8084994002277395,0,Low Poverty (Wealthy)
290003,0,1,2,0.0,1,0.0,0,0.3058308264758996,0,Low Poverty (Wealthy)
290005,0,1,1,0.0,1,0.0,0,-0.44817203415186024,1,Medium Poverty
290006,0,0,1,0.0,1,0.0,1,-0.9508406079037002,2,High Poverty (Poorest)
290007,0,1,2,0.0,1,0.0,0,0.3058308264758996,0,Low Poverty (Wealthy)
290009,0,1,2,0.0,1,0.0,0,0.3058308264758996,0,Low Poverty (Wealthy)
290010,0,0,2,0.0,1,0.0,1,-0.1968377472759403,1,Medium Poverty
290031,0,1,2,0.0,1,0.0,1,0.8084994002277395,0,Low Poverty (Wealthy)
290031,0,1,2,0.0,1,0.0,1,0.8084994002277395,0,Low Poverty (Wealthy)
290031,0,1,2,0.0,1,0.0,0,0.3058308264758996,0,Low Poverty (Wealthy)
290032,0,1,1,0.0,1,0.0,1,0.05449653959997964,1,Medium Poverty
290032,0,1,2,0.0,1,0.0,1,0.8084994002277395,0,Low Poverty (Wealthy)
290032,0,1,1,0.0,1,0.0,0,-0.44817203415186024,1,Medium Poverty
290034,0,0,1,0.0,1,0.0,1,-0.9508406079037002,2,High Poverty (Poorest)
290034,0,0,0,0.0,1,0.0,1,-1.70484346853146,2,High Poverty (Poorest)
290034,0,0,2,0.0,1,0.0,1,-0.1968377472759403,1,Medium Poverty
290036,0,0,2,0.0,1,0.0,1,-0.1968377472759403,1,Medium Poverty
290036,0,1,3,0.0,1,0.0,0,1.0598336871036593,0,Low Poverty (Wealthy)
290036,0,1,1,0.0,1,0.0,1,0.05449653959997964,1,Medium Poverty
290037,0,0,1,0.0,1,0.0,1,-0.9508406079037002,2,High Poverty (Poorest)
290037,0,1,1,0.0,1,0.0,1,0.05449653959997964,1,Medium Poverty
290037,0,0,0,0.0,1,0.0,1,-1.70484346853146,2,High Poverty (Poorest)
290038,0,0,2,0.0,1,0.0,0,-0.6995063210277802,2,High Poverty (Poorest)
290038,0,0,1,0.0,1,0.0,0,-1.45350918165554,2,High Poverty (Poorest)
290038,0,1,2,0.0,1,0.0,0,0.3058308264758996,0,Low Poverty (Wealthy)
290039,0,0,2,0.0,1,0.0,1,-0.1968377472759403,1,Medium Poverty
290039,0,1,1,0.0,1,0.0,0,-0.44817203415186024,1,Medium Poverty
290039,0,1,3,0.0,1,0.0,1,1.5625022608554993,0,Low Poverty (Wealthy)
290040,0,1,1,0.0,1,0.0,0,-0.44817203415186024,1,Medium Poverty
290040,0,0,1,0.0,1,0.0,1,-0.9508406079037002,2,High Poverty (Poorest)
290040,0,0,3,0.0,1,0.0,0,0.05449653959997964,1,Medium Poverty
290042,0,0,3,0.0,1,0.0,1,0.5571651133518195,0,Low Poverty (Wealthy)
290042,0,1,0,0.0,1,0.0,1,-0.6995063210277802,2,High Poverty (Poorest)
290043,0,0,0,0.0,1,0.0,1,-1.70484346853146,2,High Poverty (Poorest)
290043,0,1,0,0.0,1,0.0,1,-0.6995063210277802,2,High Poverty (Poorest)
290045,0,1,1,0.0,1,0.0,0,-0.44817203415186024,1,Medium Poverty
290045,0,1,3,0.0,1,0.0,0,1.0598336871036593,0,Low Poverty (Wealthy)
290046,0,1,2,0.0,1,0.0,1,0.8084994002277395,0,Low Poverty (Wealthy)
290046,0,0,1,0.0,1,0.0,1,-0.9508406079037002,2,High Poverty (Poorest)
290047,0,0,3,0.0,1,0.0,0,0.05449653959997964,1,Medium Poverty
290047,0,0,1,0.0,1,0.0,1,-0.9508406079037002,2,High Poverty (Poorest)
290048,0,1,1,0.0,1,0.0,1,0.05449653959997964,1,Medium Poverty
290048,0,0,3,0.0,1,0.0,0,0.05449653959997964,1,Medium Poverty
290049,0,0,2,0.0,1,0.0,0,-0.6995063210277802,2,High Poverty (Poorest)
290049,0,1,2,0.0,1,0.0,1,0.8084994002277395,0,Low Poverty (Wealthy)
290050,0,0,1,0.0,1,0.0,0,-1.45350918165554,2,High Poverty (Poorest)
290072,0,1,2,0.0,1,0.0,0,0.3058308264758996,0,Low Poverty (Wealthy)
290073,0,1,0,0.0,1,0.0,0,-1.20217489477962,2,High Poverty (Poorest)
290075,0,0,2,0.0,1,0.0,0,-0.6995063210277802,2,High Poverty (Poorest)
290078,0,0,3,0.0,1,0.0,1,0.5571651133518195,0,Low Poverty (Wealthy)
290080,0,0,1,0.0,1,0.0,0,-1.45350918165554,2,High Poverty (Poorest)
290081,0,1,2,0.0,1,0.0,0,0.3058308264758996,0,Low Poverty (Wealthy)
290081,0,1,1,0.0,1,1.0,1,1.0598336871036593,0,Low Poverty (Wealthy)
290082,0,1,0,0.0,1,0.0,0,-1.20217489477962,2,High Poverty (Poorest)
290082,0,1,2,0.0,1,1.0,0,1.3111679739795794,0,Low Poverty (Wealthy)
290083,0,1,0,0.0,1,0.0,1,-0.6995063210277802,2,High Poverty (Poorest)
290083,0,0,2,0.0,1,1.0,1,0.8084994002277395,0,Low Poverty (Wealthy)
290084,0,0,0,0.0,1,0.0,1,-1.70484346853146,2,High Poverty (Poorest)
290084,0,1,3,0.0,1,1.0,0,2.0651708346073394,0,Low Poverty (Wealthy)
290085,0,0,1,0.0,1,0.0,1,-0.9508406079037002,2,High Poverty (Poorest)
290085,0,0,1,0.0,1,1.0,1,0.05449653959997964,1,Medium Poverty
290086,0,1,0,0.0,1,0.0,1,-0.6995063210277802,2,High Poverty (Poorest)
290087,0,1,3,0.0,1,0.0,0,1.0598336871036593,0,Low Poverty (Wealthy)
290087,0,1,2,0.0,1,1.0,0,1.3111679739795794,0,Low Poverty (Wealthy)
290088,0,1,2,0.0,1,0.0,1,0.8084994002277395,0,Low Poverty (Wealthy)
290090,0,0,1,0.0,1,0.0,1,-0.9508406079037002,2,High Poverty (Poorest)
290090,0,1,1,0.0,1,1.0,1,1.0598336871036593,0,Low Poverty (Wealthy)
290171,0,0,0,0.0,1,1.0,0,-1.20217489477962,2,High Poverty (Poorest)
290171,0,0,2,0.0,1,0.0,0,-0.6995063210277802,2,High Poverty (Poorest)
290172,0,1,1,0.0,1,1.0,1,1.0598336871036593,0,Low Poverty (Wealthy)
290172,0,0,3,0.0,1,0.0,1,0.5571651133518195,0,Low Poverty (Wealthy)
290173,0,1,2,0.0,1,1.0,0,1.3111679739795794,0,Low Poverty (Wealthy)
290173,0,0,1,0.0,1,0.0,0,-1.45350918165554,2,High Poverty (Poorest)
290176,0,1,0,0.0,1,1.0,1,0.3058308264758996,0,Low Poverty (Wealthy)
290176,0,1,2,0.0,1,0.0,1,0.8084994002277395,0,Low Poverty (Wealthy)
290177,0,1,0,0.0,1,1.0,1,0.3058308264758996,0,Low Poverty (Wealthy)
290177,0,1,0,0.0,1,0.0,1,-0.6995063210277802,2,High Poverty (Poorest)
290178,0,0,1,0.0,1,1.0,1,0.05449653959997964,1,Medium Poverty
290178,0,1,2,0.0,1,0.0,0,0.3058308264758996,0,Low Poverty (Wealthy)
290179,0,1,2,0.0,1,1.0,1,1.8138365477314193,0,Low Poverty (Wealthy)
290179,0,0,1,0.0,1,0.0,1,-0.9508406079037002,2,High Poverty (Poorest)
290180,0,1,0,0.0,1,1.0,1,0.3058308264758996,0,Low Poverty (Wealthy)
290180,0,1,1,0.0,1,0.0,1,0.05449653959997964,1,Medium Poverty
299001,0,0,2,0.0,1,1.0,0,0.3058308264758996,0,Low Poverty (Wealthy)
299001,0,1,1,0.0,1,0.0,1,0.05449653959997964,1,Medium Poverty
299001,0,0,1,0.0,1,0.0,1,-0.9508406079037002,2,High Poverty (Poorest)
299001,0,1,3,0.0,1,0.0,1,1.5625022608554993,0,Low Poverty (Wealthy)
299004,0,0,3,0.0,1,1.0,0,1.0598336871036593,0,Low Poverty (Wealthy)
299004,0,1,3,0.0,1,0.0,1,1.5625022608554993,0,Low Poverty (Wealthy)
299004,0,1,2,0.0,1,0.0,1,0.8084994002277395,0,Low Poverty (Wealthy)
299004,0,1,0,0.0,1,0.0,0,-1.20217489477962,2,High Poverty (Poorest)
299005,0,1,1,0.0,1,1.0,0,0.5571651133518195,0,Low Poverty (Wealthy)
299005,0,1,1,0.0,1,0.0,1,0.05449653959997964,1,Medium Poverty
299005,0,1,1,0.0,1,0.0,1,0.05449653959997964,1,Medium Poverty
299005,0,0,3,0.0,1,0.0,0,0.05449653959997964,1,Medium Poverty
299006,0,1,2,0.0,1,1.0,1,1.8138365477314193,0,Low Poverty (Wealthy)
299006,0,1,2,0.0,1,0.0,1,0.8084994002277395,0,Low Poverty (Wealthy)
299006,0,1,0,0.0,1,0.0,1,-0.6995063210277802,2,High Poverty (Poorest)
299006,0,1,3,0.0,1,0.0,0,1.0598336871036593,0,Low Poverty (Wealthy)
299007,0,1,2,0.0,1,1.0,1,1.8138365477314193,0,Low Poverty (Wealthy)
299007,0,1,0,0.0,1,0.0,0,-1.20217489477962,2,High Poverty (Poorest)
299007,0,1,3,0.0,1,0.0,0,1.0598336871036593,0,Low Poverty (Wealthy)
299007,0,0,1,0.0,1,0.0,0,-1.45350918165554,2,High Poverty (Poorest)
299008,0,1,0,0.0,1,1.0,1,0.3058308264758996,0,Low Poverty (Wealthy)
299008,0,1,2,0.0,1,0.0,0,0.3058308264758996,0,Low Poverty (Wealthy)
299008,0,1,2,0.0,1,0.0,0,0.3058308264758996,0,Low Poverty (Wealthy)
299008,0,1,0,0.0,1,0.0,0,-1.20217489477962,2,High Poverty (Poorest)
299009,0,0,1,0.0,1,1.0,1,0.05449653959997964,1,Medium Poverty
299009,0,1,3,0.0,1,0.0,1,1.5625022608554993,0,Low Poverty (Wealthy)
299009,0,1,2,0.0,1,0.0,1,0.8084994002277395,0,Low Poverty (Wealthy)
299009,0,0,2,0.0,1,0.0,0,-0.6995063210277802,2,High Poverty (Poorest)
299010,0,1,1,0.0,1,1.0,0,0.5571651133518195,0,Low Poverty (Wealthy)
299010,0,0,0,0.0,1,0.0,0,-2.2075120422833,2,High Poverty (Poorest)
299010,0,0,1,0.0,1,0.0,1,-0.9508406079037002,2,High Poverty (Poorest)
299010,0,0,1,0.0,1,0.0,0,-1.45350918165554,2,High Poverty (Poorest)
299011,0,1,1,0.0,1,1.0,0,0.5571651133518195,0,Low Poverty (Wealthy)
299011,0,1,0,0.0,1,0.0,1,-0.6995063210277802,2,High Poverty (Poorest)
299011,0,1,2,0.0,1,0.0,0,0.3058308264758996,0,Low Poverty (Wealthy)
299011,0,1,1,0.0,1,0.0,0,-0.44817203415186024,1,Medium Poverty
299012,0,1,2,0.0,1,1.0,0,1.3111679739795794,0,Low Poverty (Wealthy)
299012,0,0,0,0.0,1,0.0,0,-2.2075120422833,2,High Poverty (Poorest)
299012,0,0,1,0.0,1,0.0,1,-0.9508406079037002,2,High Poverty (Poorest)
299012,0,1,0,0.0,1,0.0,1,-0.6995063210277802,2,High Poverty (Poorest)
299013,0,0,1,0.0,1,0.0,0,-1.45350918165554,2,High Poverty (Poorest)
299014,0,1,0,0.0,1,0.0,0,-1.20217489477962,2,High Poverty (Poorest)
299015,0,1,3,0.0,1,0.0,1,1.5625022608554993,0,Low Poverty (Wealthy)
299018,0,1,2,0.0,1,0.0,1,0.8084994002277395,0,Low Poverty (Wealthy)
299020,0,1,1,0.0,1,0.0,0,-0.44817203415186024,1,Medium Poverty
299022,0,0,0,0.0,1,0.0,1,-1.70484346853146,2,High Poverty (Poorest)
299025,0,0,2,0.0,1,0.0,0,-0.6995063210277802,2,High Poverty (Poorest)
299025,0,1,2,0.0,1,0.0,1,0.8084994002277395,0,Low Poverty (Wealthy)
299027,0,1,0,0.0,1,0.0,1,-0.6995063210277802,2,High Poverty (Poorest)
299027,0,1,2,0.0,1,0.0,1,0.8084994002277395,0,Low Poverty (Wealthy)
299028,0,0,2,0.0,1,0.0,1,-0.1968377472759403,1,Medium Poverty
299028,0,1,2,0.0,1,0.0,0,0.3058308264758996,0,Low Poverty (Wealthy)
299029,0,1,2,0.0,1,0.0,1,0.8084994002277395,0,Low Poverty (Wealthy)
299029,0,1,3,0.0,1,0.0,1,1.5625022608554993,0,Low Poverty (Wealthy)
299030,0,0,3,0.0,1,0.0,1,0.5571651133518195,0,Low Poverty (Wealthy)
299030,0,1,1,0.0,1,0.0,0,-0.44817203415186024,1,Medium Poverty
299032,0,1,2,0.0,1,0.0,1,0.8084994002277395,0,Low Poverty (Wealthy)
299032,0,0,2,0.0,1,0.0,1,-0.1968377472759403,1,Medium Poverty
299033,0,1,2,0.0,1,0.0,0,0.3058308264758996,0,Low Poverty (Wealthy)
299033,0,1,3,0.0,1,0.0,0,1.0598336871036593,0,Low Poverty (Wealthy)
299034,0,1,0,0.0,1,0.0,0,-1.20217489477962,2,High Poverty (Poorest)
299034,0,1,1,0.0,1,0.0,1,0.05449653959997964,1,Medium Poverty
299035,0,0,1,0.0,1,0.0,1,-0.9508406079037002,2,High Poverty (Poorest)
299035,0,1,1,0.0,1,0.0,1,0.05449653959997964,1,Medium Poverty
299036,0,1,1,0.0,1,0.0,0,-0.44817203415186024,1,Medium Poverty
299036,0,1,2,0.0,1,0.0,1,0.8084994002277395,0,Low Poverty (Wealthy)
300011,0,1,0,0.0,1,0.0,1,-0.6995063210277802,2,High Poverty (Poorest)
300011,0,1,2,0.0,1,0.0,0,0.3058308264758996,0,Low Poverty (Wealthy)
300012,0,0,2,0.0,1,0.0,0,-0.6995063210277802,2,High Poverty (Poorest)
300012,0,1,1,0.0,1,0.0,0,-0.44817203415186024,1,Medium Poverty
300014,0,1,1,0.0,1,0.0,1,0.05449653959997964,1,Medium Poverty
300016,0,0,2,0.0,1,0.0,0,-0.6995063210277802,2,High Poverty (Poorest)
300016,0,1,2,0.0,1,0.0,0,0.3058308264758996,0,Low Poverty (Wealthy)
300017,0,1,3,0.0,1,0.0,0,1.0598336871036593,0,Low Poverty (Wealthy)
300017,0,1,3,0.0,1,0.0,1,1.5625022608554993,0,Low Poverty (Wealthy)
300018,0,0,3,0.0,1,0.0,0,0.05449653959997964,1,Medium Poverty
300018,0,1,2,0.0,1,0.0,0,0.3058308264758996,0,Low Poverty (Wealthy)
300019,0,0,3,0.0,1,0.0,1,0.5571651133518195,0,Low Poverty (Wealthy)
300020,0,1,2,0.0,1,0.0,1,0.8084994002277395,0,Low Poverty (Wealthy)
300036,0,1,3,0.0,1,1.0,1,2.567839408359179,0,Low Poverty (Wealthy)
300036,0,1,0,0.0,1,0.0,1,-0.6995063210277802,2,High Poverty (Poorest)
300036,0,1,3,0.0,1,0.0,1,1.5625022608554993,0,Low Poverty (Wealthy)
300037,0,1,1,0.0,1,1.0,1,1.0598336871036593,0,Low Poverty (Wealthy)
300037,0,1,2,0.0,1,0.0,1,0.8084994002277395,0,Low Poverty (Wealthy)
300037,0,1,0,0.0,1,0.0,0,-1.20217489477962,2,High Poverty (Poorest)
300038,0,1,1,0.0,1,0.0,1,0.05449653959997964,1,Medium Poverty
300040,0,1,1,0.0,1,0.0,0,-0.44817203415186024,1,Medium Poverty
300091,0,1,1,0.0,1,0.0,0,-0.44817203415186024,1,Medium Poverty
300092,0,1,0,0.0,1,0.0,1,-0.6995063210277802,2,High Poverty (Poorest)
300094,0,1,2,0.0,1,0.0,1,0.8084994002277395,0,Low Poverty (Wealthy)
300095,0,1,0,0.0,1,0.0,1,-0.6995063210277802,2,High Poverty (Poorest)
300096,0,0,1,0.0,1,0.0,1,-0.9508406079037002,2,High Poverty (Poorest)
300097,0,0,0,0.0,1,0.0,1,-1.70484346853146,2,High Poverty (Poorest)
300098,0,1,2,0.0,1,0.0,1,0.8084994002277395,0,Low Poverty (Wealthy)
300099,0,1,1,0.0,1,0.0,1,0.05449653959997964,1,Medium Poverty
300100,0,1,1,0.0,1,0.0,1,0.05449653959997964,1,Medium Poverty
300131,0,1,1,0.0,1,0.0,0,-0.44817203415186024,1,Medium Poverty
300135,0,0,2,0.0,1,0.0,0,-0.6995063210277802,2,High Poverty (Poorest)
300136,0,1,0,0.0,1,0.0,1,-0.6995063210277802,2,High Poverty (Poorest)
300137,0,1,0,0.0,1,0.0,0,-1.20217489477962,2,High Poverty (Poorest)
300138,0,1,1,0.0,1,0.0,0,-0.44817203415186024,1,Medium Poverty
300139,0,1,3,0.0,1,0.0,0,1.0598336871036593,0,Low Poverty (Wealthy)
300140,0,0,1,0.0,1,0.0,0,-1.45350918165554,2,High Poverty (Poorest)
300141,0,0,2,0.0,1,0.0,1,-0.1968377472759403,1,Medium Poverty
300142,0,1,1,0.0,1,0.0,1,0.05449653959997964,1,Medium Poverty
300143,0,1,1,0.0,1,0.0,1,0.05449653959997964,1,Medium Poverty
300145,0,1,0,0.0,1,0.0,1,-0.6995063210277802,2,High Poverty (Poorest)
300146,0,0,0,0.0,1,0.0,1,-1.70484346853146,2,High Poverty (Poorest)
300147,0,0,1,0.0,1,0.0,1,-0.9508406079037002,2,High Poverty (Poorest)
300148,0,1,1,0.0,1,0.0,1,0.05449653959997964,1,Medium Poverty
300149,0,1,0,0.0,1,0.0,1,-0.6995063210277802,2,High Poverty (Poorest)
300171,0,1,2,0.0,1,1.0,0,1.3111679739795794,0,Low Poverty (Wealthy)
300171,0,0,3,0.0,1,0.0,0,0.05449653959997964,1,Medium Poverty
300171,0,1,1,0.0,1,0.0,1,0.05449653959997964,1,Medium Poverty
300171,0,0,2,0.0,1,0.0,1,-0.1968377472759403,1,Medium Poverty
300172,0,0,3,0.0,1,1.0,1,1.5625022608554993,0,Low Poverty (Wealthy)
300172,0,1,2,0.0,1,0.0,1,0.8084994002277395,0,Low Poverty (Wealthy)
300172,0,0,1,0.0,1,0.0,0,-1.45350918165554,2,High Poverty (Poorest)
300172,0,0,2,0.0,1,0.0,0,-0.6995063210277802,2,High Poverty (Poorest)
300173,0,1,0,0.0,1,1.0,1,0.3058308264758996,0,Low Poverty (Wealthy)
300173,0,1,1,0.0,1,0.0,0,-0.44817203415186024,1,Medium Poverty
300173,0,1,1,0.0,1,0.0,1,0.05449653959997964,1,Medium Poverty
300173,0,1,0,0.0,1,0.0,1,-0.6995063210277802,2,High Poverty (Poorest)
300175,0,0,1,0.0,1,1.0,1,0.05449653959997964,1,Medium Poverty
300175,0,0,0,0.0,1,0.0,0,-2.2075120422833,2,High Poverty (Poorest)
300175,0,1,2,0.0,1,0.0,1,0.8084994002277395,0,Low Poverty (Wealthy)
300175,0,1,1,0.0,1,0.0,1,0.05449653959997964,1,Medium Poverty
300176,0,1,1,0.0,1,1.0,1,1.0598336871036593,0,Low Poverty (Wealthy)
300176,0,0,0,0.0,1,0.0,1,-1.70484346853146,2,High Poverty (Poorest)
300176,0,1,0,0.0,1,0.0,1,-0.6995063210277802,2,High Poverty (Poorest)
300176,0,0,2,0.0,1,0.0,0,-0.6995063210277802,2,High Poverty (Poorest)
300177,0,1,3,0.0,1,0.0,1,1.5625022608554993,0,Low Poverty (Wealthy)
300178,0,1,0,0.0,1,1.0,1,0.3058308264758996,0,Low Poverty (Wealthy)
300178,0,1,1,0.0,1,0.0,0,-0.44817203415186024,1,Medium Poverty
300178,0,1,3,0.0,1,0.0,0,1.0598336871036593,0,Low Poverty (Wealthy)
300178,0,1,0,0.0,1,0.0,0,-1.20217489477962,2,High Poverty (Poorest)
300180,0,1,3,0.0,1,1.0,1,2.567839408359179,0,Low Poverty (Wealthy)
300180,0,1,1,0.0,1,0.0,1,0.05449653959997964,1,Medium Poverty
300180,0,0,1,0.0,1,0.0,0,-1.45350918165554,2,High Poverty (Poorest)
300180,0,1,1,0.0,1,0.0,1,0.05449653959997964,1,Medium Poverty
309001,0,0,1,0.0,1,0.0,1,-0.9508406079037002,2,High Poverty (Poorest)
309002,0,1,1,0.0,1,0.0,0,-0.44817203415186024,1,Medium Poverty
309003,0,1,3,0.0,1,0.0,0,1.0598336871036593,0,Low Poverty (Wealthy)
309005,0,1,2,0.0,1,0.0,0,0.3058308264758996,0,Low Poverty (Wealthy)
309006,0,1,2,0.0,1,0.0,1,0.8084994002277395,0,Low Poverty (Wealthy)
309007,0,0,2,0.0,1,0.0,0,-0.6995063210277802,2,High Poverty (Poorest)
309008,0,1,1,0.0,1,0.0,1,0.05449653959997964,1,Medium Poverty
309009,0,1,2,0.0,1,0.0,1,0.8084994002277395,0,Low Poverty (Wealthy)
309010,0,1,1,0.0,1,0.0,1,0.05449653959997964,1,Medium Poverty
309014,0,0,2,0.0,1,0.0,0,-0.6995063210277802,2,High Poverty (Poorest)
309016,0,1,1,0.0,1,0.0,1,0.05449653959997964,1,Medium Poverty
309017,0,1,2,0.0,1,0.0,1,0.8084994002277395,0,Low Poverty (Wealthy)
309018,0,0,3,0.0,1,0.0,0,0.05449653959997964,1,Medium Poverty
309019,0,0,1,0.0,1,0.0,0,-1.45350918165554,2,High Poverty (Poorest)
309021,0,1,0,0.0,1,0.0,1,-0.6995063210277802,2,High Poverty (Poorest)
309022,0,1,1,0.0,1,0.0,1,0.05449653959997964,1,Medium Poverty
309023,0,1,1,0.0,1,0.0,0,-0.44817203415186024,1,Medium Poverty
309024,0,1,2,0.0,1,0.0,1,0.8084994002277395,0,Low Poverty (Wealthy)
309025,0,1,3,0.0,1,0.0,1,1.5625022608554993,0,Low Poverty (Wealthy)
309025,0,1,1,0.0,1,0.0,1,0.05449653959997964,1,Medium Poverty
309025,0,0,1,0.0,1,1.0,0,-0.44817203415186024,1,Medium Poverty
309027,0,0,2,0.0,1,0.0,1,-0.1968377472759403,1,Medium Poverty
309027,0,1,0,0.0,1,0.0,0,-1.20217489477962,2,High Poverty (Poorest)
309027,0,1,1,0.0,1,1.0,1,1.0598336871036593,0,Low Poverty (Wealthy)
309028,0,1,3,0.0,1,0.0,1,1.5625022608554993,0,Low Poverty (Wealthy)
309028,0,1,2,0.0,1,0.0,0,0.3058308264758996,0,Low Poverty (Wealthy)
309028,0,0,0,0.0,1,1.0,1,-0.6995063210277802,2,High Poverty (Poorest)
309029,0,1,1,0.0,1,0.0,0,-0.44817203415186024,1,Medium Poverty
309029,0,0,2,0.0,1,0.0,1,-0.1968377472759403,1,Medium Poverty
309029,0,1,2,0.0,1,1.0,0,1.3111679739795794,0,Low Poverty (Wealthy)
309031,0,1,2,0.0,1,0.0,1,0.8084994002277395,0,Low Poverty (Wealthy)
309031,0,1,1,0.0,1,0.0,0,-0.44817203415186024,1,Medium Poverty
309031,0,1,3,0.0,1,1.0,1,2.567839408359179,0,Low Poverty (Wealthy)
309032,0,0,2,0.0,1,0.0,1,-0.1968377472759403,1,Medium Poverty
309032,0,1,2,0.0,1,0.0,1,0.8084994002277395,0,Low Poverty (Wealthy)
309032,0,0,2,0.0,1,1.0,0,0.3058308264758996,0,Low Poverty (Wealthy)
309033,0,1,0,0.0,1,0.0,1,-0.6995063210277802,2,High Poverty (Poorest)
309033,0,1,3,0.0,1,0.0,0,1.0598336871036593,0,Low Poverty (Wealthy)
309033,0,1,0,0.0,1,1.0,1,0.3058308264758996,0,Low Poverty (Wealthy)
309035,0,1,1,0.0,1,0.0,1,0.05449653959997964,1,Medium Poverty
309035,0,0,2,0.0,1,0.0,1,-0.1968377472759403,1,Medium Poverty
309035,0,1,2,0.0,1,1.0,1,1.8138365477314193,0,Low Poverty (Wealthy)
309036,0,0,2,0.0,1,0.0,0,-0.6995063210277802,2,High Poverty (Poorest)
309036,0,1,1,0.0,1,0.0,1,0.05449653959997964,1,Medium Poverty
309036,0,0,1,0.0,1,1.0,0,-0.44817203415186024,1,Medium Poverty
309037,0,0,3,0.0,1,0.0,1,0.5571651133518195,0,Low Poverty (Wealthy)
309037,0,1,0,0.0,1,0.0,1,-0.6995063210277802,2,High Poverty (Poorest)
309039,0,1,3,0.0,1,0.0,1,1.5625022608554993,0,Low Poverty (Wealthy)
309039,0,0,1,0.0,1,0.0,1,-0.9508406079037002,2,High Poverty (Poorest)
309040,0,1,2,0.0,1,0.0,0,0.3058308264758996,0,Low Poverty (Wealthy)
309041,0,1,0,0.0,1,0.0,1,-0.6995063210277802,2,High Poverty (Poorest)
309041,0,1,2,0.0,1,0.0,0,0.3058308264758996,0,Low Poverty (Wealthy)
309042,0,0,3,0.0,1,0.0,1,0.5571651133518195,0,Low Poverty (Wealthy)
309043,0,1,1,0.0,1,0.0,1,0.05449653959997964,1,Medium Poverty
309044,0,1,2,0.0,1,0.0,0,0.3058308264758996,0,Low Poverty (Wealthy)
309044,0,1,2,0.0,1,0.0,0,0.3058308264758996,0,Low Poverty (Wealthy)
309046,0,1,2,0.0,1,0.0,0,0.3058308264758996,0,Low Poverty (Wealthy)
309046,0,1,3,0.0,1,0.0,1,1.5625022608554993,0,Low Poverty (Wealthy)
309047,0,1,1,0.0,1,0.0,0,-0.44817203415186024,1,Medium Poverty
309047,0,1,0,0.0,1,0.0,1,-0.6995063210277802,2,High Poverty (Poorest)
309048,0,0,0,0.0,1,0.0,1,-1.70484346853146,2,High Poverty (Poorest)
309048,0,0,1,0.0,1,0.0,0,-1.45350918165554,2,High Poverty (Poorest)
309050,0,1,0,0.0,1,0.0,1,-0.6995063210277802,2,High Poverty (Poorest)
309053,0,0,2,0.0,1,1.0,1,0.8084994002277395,0,Low Poverty (Wealthy)
309053,0,1,0,0.0,1,0.0,0,-1.20217489477962,2,High Poverty (Poorest)
309055,0,1,0,0.0,1,1.0,1,0.3058308264758996,0,Low Poverty (Wealthy)
309055,0,0,0,0.0,1,0.0,0,-2.2075120422833,2,High Poverty (Poorest)
309056,0,1,2,0.0,1,1.0,0,1.3111679739795794,0,Low Poverty (Wealthy)
309056,0,1,2,0.0,1,0.0,1,0.8084994002277395,0,Low Poverty (Wealthy)
309058,0,1,1,0.0,1,1.0,1,1.0598336871036593,0,Low Poverty (Wealthy)
309058,0,1,3,0.0,1,0.0,1,1.5625022608554993,0,Low Poverty (Wealthy)
309059,0,1,0,0.0,1,1.0,1,0.3058308264758996,0,Low Poverty (Wealthy)
309059,0,1,3,0.0,1,0.0,1,1.5625022608554993,0,Low Poverty (Wealthy)
309060,0,1,2,0.0,1,1.0,0,1.3111679739795794,0,Low Poverty (Wealthy)
309060,0,1,0,0.0,1,0.0,0,-1.20217489477962,2,High Poverty (Poorest)
309061,0,0,2,0.0,1,0.0,0,-0.6995063210277802,2,High Poverty (Poorest)
309063,0,0,2,0.0,1,0.0,1,-0.1968377472759403,1,Medium Poverty
309064,0,1,1,0.0,1,0.0,1,0.05449653959997964,1,Medium Poverty
309065,0,0,3,0.0,1,0.0,0,0.05449653959997964,1,Medium Poverty
309067,0,0,0,0.0,1,0.0,0,-2.2075120422833,2,High Poverty (Poorest)
309068,0,1,1,0.0,1,0.0,1,0.05449653959997964,1,Medium Poverty
309069,0,0,0,0.0,1,0.0,0,-2.2075120422833,2,High Poverty (Poorest)
309070,0,1,1,0.0,1,0.0,1,0.05449653959997964,1,Medium Poverty
309071,0,1,1,0.0,1,0.0,1,0.05449653959997964,1,Medium Poverty
309073,0,1,3,0.0,1,0.0,1,1.5625022608554993,0,Low Poverty (Wealthy)
309073,0,1,0,0.0,1,0.0,0,-1.20217489477962,2,High Poverty (Poorest)
309074,0,0,1,0.0,1,0.0,1,-0.9508406079037002,2,High Poverty (Poorest)
309074,0,1,1,0.0,1,0.0,0,-0.44817203415186024,1,Medium Poverty
309075,0,1,3,0.0,1,0.0,1,1.5625022608554993,0,Low Poverty (Wealthy)
309075,0,1,3,0.0,1,0.0,0,1.0598336871036593,0,Low Poverty (Wealthy)
309076,0,1,2,0.0,1,0.0,1,0.8084994002277395,0,Low Poverty (Wealthy)
309076,0,0,3,0.0,1,0.0,1,0.5571651133518195,0,Low Poverty (Wealthy)
309077,0,1,2,0.0,1,0.0,0,0.3058308264758996,0,Low Poverty (Wealthy)
309077,0,0,3,0.0,1,0.0,1,0.5571651133518195,0,Low Poverty (Wealthy)
309081,0,1,2,0.0,1,0.0,1,0.8084994002277395,0,Low Poverty (Wealthy)
309081,0,1,0,0.0,1,0.0,0,-1.20217489477962,2,High Poverty (Poorest)
309082,0,0,1,0.0,1,0.0,0,-1.45350918165554,2,High Poverty (Poorest)
309082,0,0,2,0.0,1,0.0,1,-0.1968377472759403,1,Medium Poverty
309083,0,0,1,0.0,1,0.0,1,-0.9508406079037002,2,High Poverty (Poorest)
309083,0,1,1,0.0,1,0.0,1,0.05449653959997964,1,Medium Poverty
309084,0,1,2,0.0,1,0.0,1,0.8084994002277395,0,Low Poverty (Wealthy)
309084,0,0,3,0.0,1,0.0,1,0.5571651133518195,0,Low Poverty (Wealthy)
309085,0,1,0,0.0,1,0.0,1,-0.6995063210277802,2,High Poverty (Poorest)
309086,0,0,2,0.0,1,0.0,1,-0.1968377472759403,1,Medium Poverty
309087,0,1,2,0.0,1,0.0,0,0.3058308264758996,0,Low Poverty (Wealthy)
309088,0,0,3,0.0,1,0.0,1,0.5571651133518195,0,Low Poverty (Wealthy)
309091,0,1,3,0.0,1,0.0,0,1.0598336871036593,0,Low Poverty (Wealthy)
309092,0,1,2,0.0,1,0.0,0,0.3058308264758996,0,Low Poverty (Wealthy)
309093,0,1,1,0.0,1,0.0,1,0.05449653959997964,1,Medium Poverty
309094,0,1,1,0.0,1,0.0,1,0.05449653959997964,1,Medium Poverty
309095,0,1,1,0.0,1,0.0,0,-0.44817203415186024,1,Medium Poverty
309096,0,1,2,0.0,1,0.0,0,0.3058308264758996,0,Low Poverty (Wealthy)
309097,0,1,3,0.0,1,0.0,1,1.5625022608554993,0,Low Poverty (Wealthy)
309097,0,1,2,0.0,1,0.0,1,0.8084994002277395,0,Low Poverty (Wealthy)
309098,0,1,0,0.0,1,0.0,1,-0.6995063210277802,2,High Poverty (Poorest)
309098,0,0,2,0.0,1,0.0,1,-0.1968377472759403,1,Medium Poverty
309099,0,1,1,0.0,1,0.0,0,-0.44817203415186024,1,Medium Poverty
309099,0,0,0,0.0,1,0.0,0,-2.2075120422833,2,High Poverty (Poorest)
309101,0,1,1,0.0,1,0.0,0,-0.44817203415186024,1,Medium Poverty
309103,0,1,0,0.0,1,0.0,0,-1.20217489477962,2,High Poverty (Poorest)
309103,0,1,2,0.0,1,0.0,1,0.8084994002277395,0,Low Poverty (Wealthy)
309104,0,0,1,0.0,1,0.0,0,-1.45350918165554,2,High Poverty (Poorest)
309104,0,0,1,0.0,1,0.0,0,-1.45350918165554,2,High Poverty (Poorest)
309105,0,1,3,0.0,1,0.0,1,1.5625022608554993,0,Low Poverty (Wealthy)
309105,0,1,1,0.0,1,0.0,1,0.05449653959997964,1,Medium Poverty
309108,0,1,0,0.0,1,0.0,1,-0.6995063210277802,2,High Poverty (Poorest)
309108,0,1,1,0.0,1,0.0,1,0.05449653959997964,1,Medium Poverty
309109,0,1,0,0.0,1,0.0,0,-1.20217489477962,2,High Poverty (Poorest)
309109,0,1,0,0.0,1,0.0,1,-0.6995063210277802,2,High Poverty (Poorest)
309112,0,0,0,0.0,1,0.0,0,-2.2075120422833,2,High Poverty (Poorest)
309112,0,1,2,0.0,1,0.0,1,0.8084994002277395,0,Low Poverty (Wealthy)
309113,0,0,0,0.0,1,0.0,1,-1.70484346853146,2,High Poverty (Poorest)
309113,0,1,1,0.0,1,0.0,1,0.05449653959997964,1,Medium Poverty
309114,0,0,3,0.0,1,0.0,1,0.5571651133518195,0,Low Poverty (Wealthy)
309114,0,1,1,0.0,1,0.0,1,0.05449653959997964,1,Medium Poverty
309115,0,0,3,0.0,1,0.0,1,0.5571651133518195,0,Low Poverty (Wealthy)
309115,0,0,1,0.0,1,0.0,0,-1.45350918165554,2,High Poverty (Poorest)
309116,0,1,1,0.0,1,0.0,1,0.05449653959997964,1,Medium Poverty
309116,0,0,2,0.0,1,0.0,0,-0.6995063210277802,2,High Poverty (Poorest)
309117,0,0,0,0.0,1,0.0,1,-1.70484346853146,2,High Poverty (Poorest)
309117,0,1,0,0.0,1,0.0,0,-1.20217489477962,2,High Poverty (Poorest)
309119,0,0,2,0.0,1,0.0,0,-0.6995063210277802,2,High Poverty (Poorest)
309120,0,0,1,0.0,1,0.0,1,-0.9508406079037002,2,High Poverty (Poorest)
309121,0,1,2,0.0,1,0.0,0,0.3058308264758996,0,Low Poverty (Wealthy)
309126,0,1,3,0.0,1,0.0,1,1.5625022608554993,0,Low Poverty (Wealthy)
309126,0,1,1,0.0,1,0.0,0,-0.44817203415186024,1,Medium Poverty
309126,0,1,2,0.0,1,1.0,1,1.8138365477314193,0,Low Poverty (Wealthy)
309138,0,1,1,0.0,1,0.0,1,0.05449653959997964,1,Medium Poverty
309138,0,0,3,0.0,1,0.0,1,0.5571651133518195,0,Low Poverty (Wealthy)
310071,0,1,2,0.0,1,0.0,0,0.3058308264758996,0,Low Poverty (Wealthy)
310071,0,1,3,0.0,1,0.0,0,1.0598336871036593,0,Low Poverty (Wealthy)
310072,0,1,1,0.0,1,0.0,1,0.05449653959997964,1,Medium Poverty
310072,0,1,2,0.0,1,0.0,0,0.3058308264758996,0,Low Poverty (Wealthy)
310073,0,0,1,0.0,1,0.0,0,-1.45350918165554,2,High Poverty (Poorest)
310073,0,1,1,0.0,1,0.0,1,0.05449653959997964,1,Medium Poverty
310074,0,1,3,0.0,1,0.0,1,1.5625022608554993,0,Low Poverty (Wealthy)
310074,0,1,0,0.0,1,0.0,0,-1.20217489477962,2,High Poverty (Poorest)
310075,0,0,3,0.0,1,0.0,0,0.05449653959997964,1,Medium Poverty
310075,0,0,0,0.0,1,0.0,0,-2.2075120422833,2,High Poverty (Poorest)
310076,0,0,2,0.0,1,0.0,1,-0.1968377472759403,1,Medium Poverty
310076,0,1,1,0.0,1,0.0,0,-0.44817203415186024,1,Medium Poverty
310077,0,0,1,0.0,1,0.0,1,-0.9508406079037002,2,High Poverty (Poorest)
310077,0,0,1,0.0,1,0.0,0,-1.45350918165554,2,High Poverty (Poorest)
310078,0,1,2,0.0,1,0.0,0,0.3058308264758996,0,Low Poverty (Wealthy)
310078,0,0,1,0.0,1,0.0,1,-0.9508406079037002,2,High Poverty (Poorest)
310079,0,1,2,0.0,1,0.0,0,0.3058308264758996,0,Low Poverty (Wealthy)
310079,0,1,0,0.0,1,0.0,1,-0.6995063210277802,2,High Poverty (Poorest)
310080,0,1,0,0.0,1,0.0,1,-0.6995063210277802,2,High Poverty (Poorest)
310080,0,1,0,0.0,1,0.0,0,-1.20217489477962,2,High Poverty (Poorest)
310081,0,1,1,0.0,1,0.0,1,0.05449653959997964,1,Medium Poverty
310081,0,1,2,0.0,1,1.0,0,1.3111679739795794,0,Low Poverty (Wealthy)
310082,0,0,3,0.0,1,0.0,0,0.05449653959997964,1,Medium Poverty
310082,0,0,1,0.0,1,1.0,0,-0.44817203415186024,1,Medium Poverty
310083,0,0,2,0.0,1,0.0,1,-0.1968377472759403,1,Medium Poverty
310083,0,1,2,0.0,1,1.0,0,1.3111679739795794,0,Low Poverty (Wealthy)
310084,0,1,1,0.0,1,0.0,1,0.05449653959997964,1,Medium Poverty
310084,0,1,1,0.0,1,1.0,1,1.0598336871036593,0,Low Poverty (Wealthy)
310085,0,1,1,0.0,1,0.0,0,-0.44817203415186024,1,Medium Poverty
310085,0,0,0,0.0,1,1.0,1,-0.6995063210277802,2,High Poverty (Poorest)
310086,0,1,0,0.0,1,0.0,1,-0.6995063210277802,2,High Poverty (Poorest)
310086,0,1,0,0.0,1,1.0,1,0.3058308264758996,0,Low Poverty (Wealthy)
310087,0,0,2,0.0,1,0.0,1,-0.1968377472759403,1,Medium Poverty
310087,0,1,0,0.0,1,1.0,1,0.3058308264758996,0,Low Poverty (Wealthy)
310088,0,0,0,0.0,1,0.0,0,-2.2075120422833,2,High Poverty (Poorest)
310088,0,1,1,0.0,1,1.0,1,1.0598336871036593,0,Low Poverty (Wealthy)
310089,0,1,0,0.0,1,0.0,1,-0.6995063210277802,2,High Poverty (Poorest)
310089,0,0,0,0.0,1,1.0,1,-0.6995063210277802,2,High Poverty (Poorest)
310090,0,1,3,0.0,1,0.0,1,1.5625022608554993,0,Low Poverty (Wealthy)
310090,0,0,0,0.0,1,1.0,1,-0.6995063210277802,2,High Poverty (Poorest)
310091,0,1,2,0.0,1,0.0,1,0.8084994002277395,0,Low Poverty (Wealthy)
310091,0,1,1,0.0,1,0.0,1,0.05449653959997964,1,Medium Poverty
310092,0,0,2,0.0,1,0.0,0,-0.6995063210277802,2,High Poverty (Poorest)
310092,0,1,2,0.0,1,0.0,1,0.8084994002277395,0,Low Poverty (Wealthy)
310093,0,1,1,0.0,1,0.0,0,-0.44817203415186024,1,Medium Poverty
310093,0,1,2,0.0,1,0.0,1,0.8084994002277395,0,Low Poverty (Wealthy)
310094,0,0,1,0.0,1,0.0,0,-1.45350918165554,2,High Poverty (Poorest)
310094,0,1,2,0.0,1,0.0,0,0.3058308264758996,0,Low Poverty (Wealthy)
310095,0,1,1,0.0,1,0.0,0,-0.44817203415186024,1,Medium Poverty
310095,0,0,3,0.0,1,0.0,1,0.5571651133518195,0,Low Poverty (Wealthy)
310096,0,0,2,0.0,1,0.0,0,-0.6995063210277802,2,High Poverty (Poorest)
310096,0,0,3,0.0,1,0.0,1,0.5571651133518195,0,Low Poverty (Wealthy)
310097,0,1,1,0.0,1,0.0,0,-0.44817203415186024,1,Medium Poverty
310097,0,0,1,0.0,1,0.0,1,-0.9508406079037002,2,High Poverty (Poorest)
310098,0,1,2,0.0,1,0.0,0,0.3058308264758996,0,Low Poverty (Wealthy)
310098,0,1,3,0.0,1,0.0,0,1.0598336871036593,0,Low Poverty (Wealthy)
310099,0,1,3,0.0,1,0.0,1,1.5625022608554993,0,Low Poverty (Wealthy)
310099,0,1,1,0.0,1,0.0,1,0.05449653959997964,1,Medium Poverty
310100,0,1,2,0.0,1,0.0,0,0.3058308264758996,0,Low Poverty (Wealthy)
310100,0,1,1,0.0,1,0.0,1,0.05449653959997964,1,Medium Poverty
319001,0,0,1,0.0,1,0.0,1,-0.9508406079037002,2,High Poverty (Poorest)
319002,0,0,0,0.0,1,0.0,0,-2.2075120422833,2,High Poverty (Poorest)
319004,0,1,1,0.0,1,0.0,0,-0.44817203415186024,1,Medium Poverty
319005,0,0,3,0.0,1,0.0,1,0.5571651133518195,0,Low Poverty (Wealthy)
319006,0,1,0,0.0,1,0.0,0,-1.20217489477962,2,High Poverty (Poorest)
319007,0,1,2,0.0,1,0.0,1,0.8084994002277395,0,Low Poverty (Wealthy)
319008,0,0,2,0.0,1,0.0,1,-0.1968377472759403,1,Medium Poverty
319009,0,1,0,0.0,1,0.0,1,-0.6995063210277802,2,High Poverty (Poorest)
319010,0,1,1,0.0,1,0.0,1,0.05449653959997964,1,Medium Poverty
319012,0,1,2,0.0,1,0.0,1,0.8084994002277395,0,Low Poverty (Wealthy)
319025,0,1,0,0.0,1,1.0,0,-0.1968377472759403,1,Medium Poverty
319025,0,1,2,0.0,1,0.0,1,0.8084994002277395,0,Low Poverty (Wealthy)
319025,0,0,3,0.0,1,0.0,1,0.5571651133518195,0,Low Poverty (Wealthy)
319026,0,1,1,0.0,1,1.0,0,0.5571651133518195,0,Low Poverty (Wealthy)
319026,0,1,0,0.0,1,0.0,1,-0.6995063210277802,2,High Poverty (Poorest)
319026,0,1,1,0.0,1,0.0,0,-0.44817203415186024,1,Medium Poverty
319027,0,0,2,0.0,1,1.0,0,0.3058308264758996,0,Low Poverty (Wealthy)
319027,0,0,1,0.0,1,0.0,1,-0.9508406079037002,2,High Poverty (Poorest)
319027,0,1,0,0.0,1,0.0,1,-0.6995063210277802,2,High Poverty (Poorest)
319029,0,1,1,0.0,1,1.0,1,1.0598336871036593,0,Low Poverty (Wealthy)
319029,0,0,3,0.0,1,0.0,0,0.05449653959997964,1,Medium Poverty
319029,0,1,1,0.0,1,0.0,1,0.05449653959997964,1,Medium Poverty
319030,0,1,1,0.0,1,1.0,0,0.5571651133518195,0,Low Poverty (Wealthy)
319030,0,1,3,0.0,1,0.0,1,1.5625022608554993,0,Low Poverty (Wealthy)
319030,0,0,2,0.0,1,0.0,1,-0.1968377472759403,1,Medium Poverty
319031,0,0,2,0.0,1,1.0,1,0.8084994002277395,0,Low Poverty (Wealthy)
319031,0,0,2,0.0,1,0.0,1,-0.1968377472759403,1,Medium Poverty
319031,0,1,3,0.0,1,0.0,1,1.5625022608554993,0,Low Poverty (Wealthy)
319032,0,1,2,0.0,1,1.0,1,1.8138365477314193,0,Low Poverty (Wealthy)
319032,0,1,3,0.0,1,0.0,1,1.5625022608554993,0,Low Poverty (Wealthy)
319032,0,1,2,0.0,1,0.0,1,0.8084994002277395,0,Low Poverty (Wealthy)
319033,0,1,2,0.0,1,1.0,1,1.8138365477314193,0,Low Poverty (Wealthy)
319033,0,1,1,0.0,1,0.0,1,0.05449653959997964,1,Medium Poverty
319033,0,1,1,0.0,1,0.0,1,0.05449653959997964,1,Medium Poverty
319034,0,0,2,0.0,1,1.0,0,0.3058308264758996,0,Low Poverty (Wealthy)
319034,0,0,1,0.0,1,0.0,0,-1.45350918165554,2,High Poverty (Poorest)
319034,0,1,2,0.0,1,0.0,1,0.8084994002277395,0,Low Poverty (Wealthy)
319036,0,1,1,0.0,1,1.0,1,1.0598336871036593,0,Low Poverty (Wealthy)
319036,0,0,2,0.0,1,0.0,1,-0.1968377472759403,1,Medium Poverty
319036,0,1,0,0.0,1,0.0,0,-1.20217489477962,2,High Poverty (Poorest)
319037,0,1,2,0.0,1,0.0,0,0.3058308264758996,0,Low Poverty (Wealthy)
319038,0,0,2,0.0,1,0.0,1,-0.1968377472759403,1,Medium Poverty
319039,0,0,0,0.0,1,0.0,1,-1.70484346853146,2,High Poverty (Poorest)
319040,0,0,1,0.0,1,0.0,0,-1.45350918165554,2,High Poverty (Poorest)
319041,0,1,1,0.0,1,0.0,1,0.05449653959997964,1,Medium Poverty
319042,0,0,1,0.0,1,0.0,1,-0.9508406079037002,2,High Poverty (Poorest)
319043,0,1,1,0.0,1,0.0,0,-0.44817203415186024,1,Medium Poverty
319044,0,1,0,0.0,1,0.0,0,-1.20217489477962,2,High Poverty (Poorest)
319048,0,1,3,0.0,1,0.0,0,1.0598336871036593,0,Low Poverty (Wealthy)
319049,0,0,0,0.0,1,0.0,0,-2.2075120422833,2,High Poverty (Poorest)
319049,0,1,2,0.0,1,1.0,1,1.8138365477314193,0,Low Poverty (Wealthy)
319050,0,1,1,0.0,1,0.0,0,-0.44817203415186024,1,Medium Poverty
319050,0,1,2,0.0,1,1.0,0,1.3111679739795794,0,Low Poverty (Wealthy)
319051,0,1,1,0.0,1,0.0,1,0.05449653959997964,1,Medium Poverty
319051,0,0,2,0.0,1,1.0,1,0.8084994002277395,0,Low Poverty (Wealthy)
319052,0,1,2,0.0,1,0.0,1,0.8084994002277395,0,Low Poverty (Wealthy)
319052,0,1,2,0.0,1,1.0,0,1.3111679739795794,0,Low Poverty (Wealthy)
319054,0,1,0,0.0,1,0.0,1,-0.6995063210277802,2,High Poverty (Poorest)
319054,0,1,2,0.0,1,1.0,1,1.8138365477314193,0,Low Poverty (Wealthy)
319056,0,1,1,0.0,1,0.0,1,0.05449653959997964,1,Medium Poverty
319057,0,0,0,0.0,1,0.0,1,-1.70484346853146,2,High Poverty (Poorest)
319057,0,1,1,0.0,1,1.0,1,1.0598336871036593,0,Low Poverty (Wealthy)
319058,0,1,1,0.0,1,0.0,1,0.05449653959997964,1,Medium Poverty
319058,0,1,1,0.0,1,1.0,1,1.0598336871036593,0,Low Poverty (Wealthy)
319059,0,0,2,0.0,1,0.0,0,-0.6995063210277802,2,High Poverty (Poorest)
319059,0,1,1,0.0,1,1.0,0,0.5571651133518195,0,Low Poverty (Wealthy)
319060,0,1,1,0.0,1,0.0,0,-0.44817203415186024,1,Medium Poverty
319060,0,0,0,0.0,1,1.0,0,-1.20217489477962,2,High Poverty (Poorest)
319061,0,1,2,0.0,1,0.0,0,0.3058308264758996,0,Low Poverty (Wealthy)
319061,0,1,2,0.0,1,0.0,1,0.8084994002277395,0,Low Poverty (Wealthy)
319062,0,1,1,0.0,1,0.0,0,-0.44817203415186024,1,Medium Poverty
319062,0,1,2,0.0,1,0.0,1,0.8084994002277395,0,Low Poverty (Wealthy)
319063,0,1,1,0.0,1,0.0,1,0.05449653959997964,1,Medium Poverty
319063,0,0,1,0.0,1,0.0,0,-1.45350918165554,2,High Poverty (Poorest)
319064,0,1,1,0.0,1,0.0,1,0.05449653959997964,1,Medium Poverty
319064,0,1,2,0.0,1,0.0,0,0.3058308264758996,0,Low Poverty (Wealthy)
319065,0,1,2,0.0,1,0.0,1,0.8084994002277395,0,Low Poverty (Wealthy)
319065,0,1,1,0.0,1,0.0,1,0.05449653959997964,1,Medium Poverty
319069,0,1,0,0.0,1,0.0,0,-1.20217489477962,2,High Poverty (Poorest)
319069,0,0,0,0.0,1,0.0,1,-1.70484346853146,2,High Poverty (Poorest)
319070,0,1,2,0.0,1,0.0,1,0.8084994002277395,0,Low Poverty (Wealthy)
319070,0,0,3,0.0,1,0.0,0,0.05449653959997964,1,Medium Poverty
319071,0,0,1,0.0,1,0.0,1,-0.9508406079037002,2,High Poverty (Poorest)
319071,0,0,0,0.0,1,0.0,1,-1.70484346853146,2,High Poverty (Poorest)
319072,0,1,2,0.0,1,0.0,0,0.3058308264758996,0,Low Poverty (Wealthy)
319072,0,0,2,0.0,1,0.0,1,-0.1968377472759403,1,Medium Poverty
319079,0,0,3,0.0,1,0.0,0,0.05449653959997964,1,Medium Poverty
319083,0,0,2,0.0,1,0.0,1,-0.1968377472759403,1,Medium Poverty
319083,0,0,3,0.0,1,0.0,0,0.05449653959997964,1,Medium Poverty
320001,0,1,0,0.0,1,0.0,1,-0.6995063210277802,2,High Poverty (Poorest)
320002,0,1,0,0.0,1,0.0,1,-0.6995063210277802,2,High Poverty (Poorest)
320007,0,0,0,0.0,1,0.0,0,-2.2075120422833,2,High Poverty (Poorest)
320008,0,1,2,0.0,1,0.0,0,0.3058308264758996,0,Low Poverty (Wealthy)
320009,0,1,0,0.0,1,0.0,0,-1.20217489477962,2,High Poverty (Poorest)
320010,0,1,1,0.0,1,0.0,1,0.05449653959997964,1,Medium Poverty
320051,0,0,1,0.0,1,0.0,0,-1.45350918165554,2,High Poverty (Poorest)
320052,0,1,1,0.0,1,0.0,1,0.05449653959997964,1,Medium Poverty
320054,0,0,3,0.0,1,0.0,1,0.5571651133518195,0,Low Poverty (Wealthy)
320055,0,0,0,0.0,1,0.0,1,-1.70484346853146,2,High Poverty (Poorest)
320056,0,0,1,0.0,1,0.0,0,-1.45350918165554,2,High Poverty (Poorest)
320057,0,1,2,0.0,1,0.0,0,0.3058308264758996,0,Low Poverty (Wealthy)
320061,0,0,0,0.0,1,0.0,1,-1.70484346853146,2,High Poverty (Poorest)
320063,0,0,2,0.0,1,0.0,1,-0.1968377472759403,1,Medium Poverty
320074,0,0,2,0.0,1,0.0,1,-0.1968377472759403,1,Medium Poverty
320075,0,1,3,0.0,1,0.0,1,1.5625022608554993,0,Low Poverty (Wealthy)
320076,0,1,3,0.0,1,0.0,0,1.0598336871036593,0,Low Poverty (Wealthy)
320077,0,0,1,0.0,1,0.0,1,-0.9508406079037002,2,High Poverty (Poorest)
320078,0,1,2,0.0,1,0.0,0,0.3058308264758996,0,Low Poverty (Wealthy)
320080,0,1,0,0.0,1,0.0,1,-0.6995063210277802,2,High Poverty (Poorest)
320081,0,1,1,0.0,1,0.0,1,0.05449653959997964,1,Medium Poverty
320082,0,0,0,0.0,1,0.0,0,-2.2075120422833,2,High Poverty (Poorest)
320083,0,1,1,0.0,1,0.0,1,0.05449653959997964,1,Medium Poverty
320181,0,0,3,0.0,1,0.0,1,0.5571651133518195,0,Low Poverty (Wealthy)
320182,0,1,1,0.0,1,0.0,1,0.05449653959997964,1,Medium Poverty
320183,0,0,2,0.0,1,0.0,0,-0.6995063210277802,2,High Poverty (Poorest)
320184,0,1,1,0.0,1,0.0,0,-0.44817203415186024,1,Medium Poverty
320185,0,1,1,0.0,1,0.0,0,-0.44817203415186024,1,Medium Poverty
320186,0,1,3,0.0,1,0.0,0,1.0598336871036593,0,Low Poverty (Wealthy)
320191,0,0,1,0.0,1,0.0,1,-0.9508406079037002,2,High Poverty (Poorest)
329001,0,1,2,0.0,1,1.0,1,1.8138365477314193,0,Low Poverty (Wealthy)
329002,0,0,1,0.0,1,1.0,0,-0.44817203415186024,1,Medium Poverty
329003,0,1,0,0.0,1,1.0,1,0.3058308264758996,0,Low Poverty (Wealthy)
329005,0,1,1,0.0,1,1.0,1,1.0598336871036593,0,Low Poverty (Wealthy)
329006,0,1,2,0.0,1,1.0,0,1.3111679739795794,0,Low Poverty (Wealthy)
329007,0,1,0,0.0,1,1.0,0,-0.1968377472759403,1,Medium Poverty
329009,0,1,0,0.0,1,1.0,0,-0.1968377472759403,1,Medium Poverty
329010,0,1,0,0.0,1,1.0,1,0.3058308264758996,0,Low Poverty (Wealthy)
329011,0,1,2,0.0,1,0.0,1,0.8084994002277395,0,Low Poverty (Wealthy)
329012,0,0,2,0.0,1,1.0,1,0.8084994002277395,0,Low Poverty (Wealthy)
329013,0,1,2,0.0,1,0.0,0,0.3058308264758996,0,Low Poverty (Wealthy)
329013,0,1,1,0.0,1,0.0,1,0.05449653959997964,1,Medium Poverty
329013,0,1,3,0.0,1,0.0,0,1.0598336871036593,0,Low Poverty (Wealthy)
329014,0,0,2,0.0,1,0.0,1,-0.1968377472759403,1,Medium Poverty
329014,0,1,2,0.0,1,0.0,1,0.8084994002277395,0,Low Poverty (Wealthy)
329014,0,1,2,0.0,1,0.0,0,0.3058308264758996,0,Low Poverty (Wealthy)
329015,0,1,2,0.0,1,0.0,1,0.8084994002277395,0,Low Poverty (Wealthy)
329016,0,1,1,0.0,1,0.0,1,0.05449653959997964,1,Medium Poverty
329016,0,1,3,0.0,1,0.0,1,1.5625022608554993,0,Low Poverty (Wealthy)
329016,0,1,3,0.0,1,0.0,0,1.0598336871036593,0,Low Poverty (Wealthy)
329017,0,0,0,0.0,1,0.0,1,-1.70484346853146,2,High Poverty (Poorest)
329017,0,0,0,0.0,1,0.0,1,-1.70484346853146,2,High Poverty (Poorest)
329017,0,1,3,0.0,1,0.0,1,1.5625022608554993,0,Low Poverty (Wealthy)
329019,0,1,1,0.0,1,0.0,0,-0.44817203415186024,1,Medium Poverty
329021,0,1,3,0.0,1,0.0,1,1.5625022608554993,0,Low Poverty (Wealthy)
329021,0,1,1,0.0,1,0.0,0,-0.44817203415186024,1,Medium Poverty
329021,0,0,0,0.0,1,0.0,1,-1.70484346853146,2,High Poverty (Poorest)
329023,0,1,0,0.0,1,0.0,0,-1.20217489477962,2,High Poverty (Poorest)
329023,0,0,0,0.0,1,0.0,0,-2.2075120422833,2,High Poverty (Poorest)
329023,0,0,1,0.0,1,0.0,1,-0.9508406079037002,2,High Poverty (Poorest)
329025,0,1,1,0.0,1,1.0,1,1.0598336871036593,0,Low Poverty (Wealthy)
329025,0,0,2,0.0,1,0.0,1,-0.1968377472759403,1,Medium Poverty
329025,0,1,3,0.0,1,0.0,1,1.5625022608554993,0,Low Poverty (Wealthy)
329025,0,1,1,0.0,1,0.0,0,-0.44817203415186024,1,Medium Poverty
329026,0,1,1,0.0,1,1.0,0,0.5571651133518195,0,Low Poverty (Wealthy)
329026,0,0,1,0.0,1,0.0,1,-0.9508406079037002,2,High Poverty (Poorest)
329026,0,0,1,0.0,1,0.0,0,-1.45350918165554,2,High Poverty (Poorest)
329026,0,0,1,0.0,1,0.0,1,-0.9508406079037002,2,High Poverty (Poorest)
329028,0,1,0,0.0,1,0.0,1,-0.6995063210277802,2,High Poverty (Poorest)
329029,0,1,0,0.0,1,1.0,1,0.3058308264758996,0,Low Poverty (Wealthy)
329029,0,1,0,0.0,1,0.0,1,-0.6995063210277802,2,High Poverty (Poorest)
329029,0,0,0,0.0,1,0.0,0,-2.2075120422833,2,High Poverty (Poorest)
329029,0,1,2,0.0,1,0.0,1,0.8084994002277395,0,Low Poverty (Wealthy)
329030,0,0,1,0.0,1,1.0,1,0.05449653959997964,1,Medium Poverty
329030,0,0,3,0.0,1,0.0,1,0.5571651133518195,0,Low Poverty (Wealthy)
329030,0,1,3,0.0,1,0.0,1,1.5625022608554993,0,Low Poverty (Wealthy)
329030,0,1,3,0.0,1,0.0,1,1.5625022608554993,0,Low Poverty (Wealthy)
329031,0,0,3,0.0,1,1.0,1,1.5625022608554993,0,Low Poverty (Wealthy)
329031,0,0,1,0.0,1,0.0,0,-1.45350918165554,2,High Poverty (Poorest)
329031,0,1,1,0.0,1,0.0,1,0.05449653959997964,1,Medium Poverty
329031,0,0,0,0.0,1,0.0,0,-2.2075120422833,2,High Poverty (Poorest)
329033,0,0,2,0.0,1,0.0,0,-0.6995063210277802,2,High Poverty (Poorest)
329034,0,1,3,0.0,1,1.0,0,2.0651708346073394,0,Low Poverty (Wealthy)
329034,0,1,3,0.0,1,0.0,0,1.0598336871036593,0,Low Poverty (Wealthy)
329034,0,1,1,0.0,1,0.0,0,-0.44817203415186024,1,Medium Poverty
329034,0,1,2,0.0,1,0.0,1,0.8084994002277395,0,Low Poverty (Wealthy)
329035,0,1,0,0.0,1,1.0,0,-0.1968377472759403,1,Medium Poverty
329035,0,0,0,0.0,1,0.0,1,-1.70484346853146,2,High Poverty (Poorest)
329035,0,1,2,0.0,1,0.0,0,0.3058308264758996,0,Low Poverty (Wealthy)
329035,0,1,1,0.0,1,0.0,1,0.05449653959997964,1,Medium Poverty
329036,0,0,3,0.0,1,1.0,0,1.0598336871036593,0,Low Poverty (Wealthy)
329036,0,1,0,0.0,1,0.0,0,-1.20217489477962,2,High Poverty (Poorest)
329036,0,0,3,0.0,1,0.0,0,0.05449653959997964,1,Medium Poverty
329036,0,0,1,0.0,1,0.0,1,-0.9508406079037002,2,High Poverty (Poorest)
329037,0,0,2,0.0,1,0.0,1,-0.1968377472759403,1,Medium Poverty
329038,0,1,2,0.0,1,0.0,0,0.3058308264758996,0,Low Poverty (Wealthy)
329039,0,1,3,0.0,1,0.0,0,1.0598336871036593,0,Low Poverty (Wealthy)
329040,0,1,1,0.0,1,0.0,0,-0.44817203415186024,1,Medium Poverty
329041,0,1,3,0.0,1,0.0,1,1.5625022608554993,0,Low Poverty (Wealthy)
329042,0,0,0,0.0,1,0.0,1,-1.70484346853146,2,High Poverty (Poorest)
329046,0,0,0,0.0,1,0.0,0,-2.2075120422833,2,High Poverty (Poorest)
329047,0,0,1,0.0,1,0.0,0,-1.45350918165554,2,High Poverty (Poorest)
329048,0,0,2,0.0,1,0.0,1,-0.1968377472759403,1,Medium Poverty
329049,0,0,1,0.0,1,0.0,0,-1.45350918165554,2,High Poverty (Poorest)
329049,0,1,2,0.0,1,0.0,1,0.8084994002277395,0,Low Poverty (Wealthy)
329049,0,1,2,0.0,1,0.0,0,0.3058308264758996,0,Low Poverty (Wealthy)
329050,0,1,1,0.0,1,0.0,1,0.05449653959997964,1,Medium Poverty
329050,0,0,3,0.0,1,0.0,1,0.5571651133518195,0,Low Poverty (Wealthy)
329050,0,1,0,0.0,1,0.0,1,-0.6995063210277802,2,High Poverty (Poorest)
329053,0,0,3,0.0,1,0.0,1,0.5571651133518195,0,Low Poverty (Wealthy)
329054,0,0,1,0.0,1,0.0,1,-0.9508406079037002,2,High Poverty (Poorest)
329054,0,1,1,0.0,1,0.0,1,0.05449653959997964,1,Medium Poverty
329054,0,1,1,0.0,1,0.0,0,-0.44817203415186024,1,Medium Poverty
329055,0,0,0,0.0,1,0.0,1,-1.70484346853146,2,High Poverty (Poorest)
329055,0,1,1,0.0,1,0.0,1,0.05449653959997964,1,Medium Poverty
329055,0,0,0,0.0,1,0.0,1,-1.70484346853146,2,High Poverty (Poorest)
329056,0,1,1,0.0,1,0.0,0,-0.44817203415186024,1,Medium Poverty
329057,0,1,0,0.0,1,0.0,1,-0.6995063210277802,2,High Poverty (Poorest)
329057,0,1,1,0.0,1,0.0,1,0.05449653959997964,1,Medium Poverty
329057,0,0,2,0.0,1,0.0,1,-0.1968377472759403,1,Medium Poverty
329058,0,1,2,0.0,1,0.0,0,0.3058308264758996,0,Low Poverty (Wealthy)
329058,0,1,3,0.0,1,0.0,0,1.0598336871036593,0,Low Poverty (Wealthy)
329058,0,1,2,0.0,1,0.0,0,0.3058308264758996,0,Low Poverty (Wealthy)
329059,0,0,2,0.0,1,0.0,1,-0.1968377472759403,1,Medium Poverty
329059,0,1,2,0.0,1,0.0,1,0.8084994002277395,0,Low Poverty (Wealthy)
329059,0,1,1,0.0,1,0.0,1,0.05449653959997964,1,Medium Poverty
329060,0,1,2,0.0,1,0.0,1,0.8084994002277395,0,Low Poverty (Wealthy)
329061,0,1,0,0.0,1,0.0,1,-0.6995063210277802,2,High Poverty (Poorest)
329061,0,1,3,0.0,1,0.0,1,1.5625022608554993,0,Low Poverty (Wealthy)
329062,0,1,2,0.0,1,0.0,1,0.8084994002277395,0,Low Poverty (Wealthy)
329062,0,1,1,0.0,1,0.0,1,0.05449653959997964,1,Medium Poverty
329063,0,0,2,0.0,1,0.0,1,-0.1968377472759403,1,Medium Poverty
329063,0,1,0,0.0,1,0.0,1,-0.6995063210277802,2,High Poverty (Poorest)
329065,0,0,1,0.0,1,0.0,0,-1.45350918165554,2,High Poverty (Poorest)
329065,0,1,0,0.0,1,0.0,0,-1.20217489477962,2,High Poverty (Poorest)
329066,0,0,2,0.0,1,0.0,1,-0.1968377472759403,1,Medium Poverty
329066,0,1,2,0.0,1,0.0,1,0.8084994002277395,0,Low Poverty (Wealthy)
329067,0,0,2,0.0,1,0.0,1,-0.1968377472759403,1,Medium Poverty
329067,0,0,0,0.0,1,0.0,0,-2.2075120422833,2,High Poverty (Poorest)
329070,0,1,1,0.0,1,0.0,1,0.05449653959997964,1,Medium Poverty
329070,0,0,2,0.0,1,0.0,1,-0.1968377472759403,1,Medium Poverty
329071,0,0,0,0.0,1,0.0,1,-1.70484346853146,2,High Poverty (Poorest)
329071,0,0,2,0.0,1,0.0,1,-0.1968377472759403,1,Medium Poverty
329073,0,1,0,0.0,1,0.0,1,-0.6995063210277802,2,High Poverty (Poorest)
329074,0,1,0,0.0,1,0.0,1,-0.6995063210277802,2,High Poverty (Poorest)
329075,0,1,1,0.0,1,0.0,1,0.05449653959997964,1,Medium Poverty
329076,0,1,2,0.0,1,0.0,0,0.3058308264758996,0,Low Poverty (Wealthy)
329077,0,1,0,0.0,1,0.0,0,-1.20217489477962,2,High Poverty (Poorest)
329079,0,0,0,0.0,1,0.0,0,-2.2075120422833,2,High Poverty (Poorest)
329080,0,0,1,0.0,1,0.0,0,-1.45350918165554,2,High Poverty (Poorest)
329081,0,1,1,0.0,1,0.0,0,-0.44817203415186024,1,Medium Poverty
329082,0,0,1,0.0,1,0.0,0,-1.45350918165554,2,High Poverty (Poorest)
329085,0,0,1,0.0,1,0.0,0,-1.45350918165554,2,High Poverty (Poorest)
329085,0,1,2,0.0,1,0.0,0,0.3058308264758996,0,Low Poverty (Wealthy)
329085,0,1,1,0.0,1,1.0,0,0.5571651133518195,0,Low Poverty (Wealthy)
329087,0,0,2,0.0,1,0.0,0,-0.6995063210277802,2,High Poverty (Poorest)
329087,0,0,2,0.0,1,0.0,1,-0.1968377472759403,1,Medium Poverty
329087,0,1,0,0.0,1,1.0,1,0.3058308264758996,0,Low Poverty (Wealthy)
329088,0,1,0,0.0,1,0.0,0,-1.20217489477962,2,High Poverty (Poorest)
329088,0,1,3,0.0,1,0.0,1,1.5625022608554993,0,Low Poverty (Wealthy)
329088,0,1,0,0.0,1,1.0,1,0.3058308264758996,0,Low Poverty (Wealthy)
329089,0,1,0,0.0,1,0.0,1,-0.6995063210277802,2,High Poverty (Poorest)
329089,0,1,0,0.0,1,0.0,0,-1.20217489477962,2,High Poverty (Poorest)
329089,0,1,2,0.0,1,1.0,1,1.8138365477314193,0,Low Poverty (Wealthy)
329090,0,0,2,0.0,1,0.0,0,-0.6995063210277802,2,High Poverty (Poorest)
329090,0,1,3,0.0,1,0.0,0,1.0598336871036593,0,Low Poverty (Wealthy)
329090,0,0,3,0.0,1,1.0,0,1.0598336871036593,0,Low Poverty (Wealthy)
329091,0,0,1,0.0,1,0.0,0,-1.45350918165554,2,High Poverty (Poorest)
329091,0,1,1,0.0,1,0.0,1,0.05449653959997964,1,Medium Poverty
329091,0,1,1,0.0,1,1.0,1,1.0598336871036593,0,Low Poverty (Wealthy)
329092,0,1,0,0.0,1,0.0,1,-0.6995063210277802,2,High Poverty (Poorest)
329092,0,0,0,0.0,1,0.0,0,-2.2075120422833,2,High Poverty (Poorest)
329092,0,1,0,0.0,1,1.0,0,-0.1968377472759403,1,Medium Poverty
329093,0,1,0,0.0,1,0.0,0,-1.20217489477962,2,High Poverty (Poorest)
329093,0,1,1,0.0,1,0.0,0,-0.44817203415186024,1,Medium Poverty
329093,0,0,1,0.0,1,1.0,1,0.05449653959997964,1,Medium Poverty
329095,0,1,3,0.0,1,0.0,1,1.5625022608554993,0,Low Poverty (Wealthy)
329095,0,1,2,0.0,1,0.0,1,0.8084994002277395,0,Low Poverty (Wealthy)
329095,0,0,3,0.0,1,1.0,1,1.5625022608554993,0,Low Poverty (Wealthy)
329096,0,1,1,0.0,1,0.0,1,0.05449653959997964,1,Medium Poverty
329096,0,1,1,0.0,1,0.0,0,-0.44817203415186024,1,Medium Poverty
329096,0,0,1,0.0,1,1.0,1,0.05449653959997964,1,Medium Poverty
329108,0,0,0,0.0,1,0.0,1,-1.70484346853146,2,High Poverty (Poorest)
329108,0,0,0,0.0,1,0.0,1,-1.70484346853146,2,High Poverty (Poorest)
330031,0,1,3,0.0,1,0.0,1,1.5625022608554993,0,Low Poverty (Wealthy)
330032,0,0,3,0.0,1,0.0,0,0.05449653959997964,1,Medium Poverty
330033,0,1,0,0.0,1,0.0,1,-0.6995063210277802,2,High Poverty (Poorest)
330034,0,1,0,0.0,1,0.0,1,-0.6995063210277802,2,High Poverty (Poorest)
330035,0,1,1,0.0,1,0.0,1,0.05449653959997964,1,Medium Poverty
330036,0,0,0,0.0,1,0.0,1,-1.70484346853146,2,High Poverty (Poorest)
330037,0,0,1,0.0,1,0.0,0,-1.45350918165554,2,High Poverty (Poorest)
330038,0,1,0,0.0,1,0.0,1,-0.6995063210277802,2,High Poverty (Poorest)
330039,0,1,1,0.0,1,0.0,0,-0.44817203415186024,1,Medium Poverty
330040,0,1,1,0.0,1,0.0,0,-0.44817203415186024,1,Medium Poverty
330051,0,0,1,0.0,1,0.0,1,-0.9508406079037002,2,High Poverty (Poorest)
330052,0,0,0,0.0,1,0.0,0,-2.2075120422833,2,High Poverty (Poorest)
330054,0,1,1,0.0,1,0.0,1,0.05449653959997964,1,Medium Poverty
330055,0,0,3,0.0,1,0.0,1,0.5571651133518195,0,Low Poverty (Wealthy)
330056,0,1,1,0.0,1,0.0,0,-0.44817203415186024,1,Medium Poverty
330057,0,1,3,0.0,1,0.0,1,1.5625022608554993,0,Low Poverty (Wealthy)
330058,0,0,2,0.0,1,0.0,1,-0.1968377472759403,1,Medium Poverty
330059,0,1,3,0.0,1,0.0,0,1.0598336871036593,0,Low Poverty (Wealthy)
330060,0,1,2,0.0,1,0.0,1,0.8084994002277395,0,Low Poverty (Wealthy)
330061,0,0,2,0.0,1,1.0,1,0.8084994002277395,0,Low Poverty (Wealthy)
330062,0,1,3,0.0,1,1.0,1,2.567839408359179,0,Low Poverty (Wealthy)
330063,0,0,0,0.0,1,1.0,1,-0.6995063210277802,2,High Poverty (Poorest)
330064,0,1,1,0.0,1,1.0,1,1.0598336871036593,0,Low Poverty (Wealthy)
330065,0,0,3,0.0,1,1.0,1,1.5625022608554993,0,Low Poverty (Wealthy)
330066,0,1,2,0.0,1,1.0,1,1.8138365477314193,0,Low Poverty (Wealthy)
330067,0,1,3,0.0,1,1.0,0,2.0651708346073394,0,Low Poverty (Wealthy)
330068,0,1,2,0.0,1,1.0,1,1.8138365477314193,0,Low Poverty (Wealthy)
330069,0,0,3,0.0,1,1.0,0,1.0598336871036593,0,Low Poverty (Wealthy)
330070,0,1,2,0.0,1,1.0,1,1.8138365477314193,0,Low Poverty (Wealthy)
339001,0,0,2,0.0,1,0.0,1,-0.1968377472759403,1,Medium Poverty
339002,0,1,1,0.0,1,0.0,1,0.05449653959997964,1,Medium Poverty
339003,0,1,3,0.0,1,0.0,0,1.0598336871036593,0,Low Poverty (Wealthy)
339004,0,0,2,0.0,1,0.0,1,-0.1968377472759403,1,Medium Poverty
339005,0,0,2,0.0,1,0.0,0,-0.6995063210277802,2,High Poverty (Poorest)
339006,0,1,2,0.0,1,0.0,1,0.8084994002277395,0,Low Poverty (Wealthy)
339009,0,0,1,0.0,1,0.0,1,-0.9508406079037002,2,High Poverty (Poorest)
339010,0,1,0,0.0,1,0.0,1,-0.6995063210277802,2,High Poverty (Poorest)
339011,0,0,3,0.0,1,0.0,0,0.05449653959997964,1,Medium Poverty
339012,0,0,2,0.0,1,0.0,1,-0.1968377472759403,1,Medium Poverty
339026,0,1,1,0.0,1,0.0,1,0.05449653959997964,1,Medium Poverty
339026,0,1,0,0.0,1,1.0,1,0.3058308264758996,0,Low Poverty (Wealthy)
339027,0,1,2,0.0,1,0.0,1,0.8084994002277395,0,Low Poverty (Wealthy)
339027,0,0,2,0.0,1,1.0,0,0.3058308264758996,0,Low Poverty (Wealthy)
339028,0,1,2,0.0,1,0.0,1,0.8084994002277395,0,Low Poverty (Wealthy)
339028,0,0,2,0.0,1,1.0,1,0.8084994002277395,0,Low Poverty (Wealthy)
339029,0,1,1,0.0,1,0.0,1,0.05449653959997964,1,Medium Poverty
339029,0,1,1,0.0,1,1.0,1,1.0598336871036593,0,Low Poverty (Wealthy)
339030,0,1,0,0.0,1,0.0,0,-1.20217489477962,2,High Poverty (Poorest)
339030,0,1,2,0.0,1,1.0,1,1.8138365477314193,0,Low Poverty (Wealthy)
339031,0,1,0,0.0,1,0.0,0,-1.20217489477962,2,High Poverty (Poorest)
339031,0,1,2,0.0,1,1.0,1,1.8138365477314193,0,Low Poverty (Wealthy)
339032,0,1,1,0.0,1,0.0,1,0.05449653959997964,1,Medium Poverty
339032,0,1,1,0.0,1,1.0,1,1.0598336871036593,0,Low Poverty (Wealthy)
339033,0,0,3,0.0,1,0.0,1,0.5571651133518195,0,Low Poverty (Wealthy)
339033,0,0,0,0.0,1,1.0,0,-1.20217489477962,2,High Poverty (Poorest)
339034,0,1,2,0.0,1,0.0,0,0.3058308264758996,0,Low Poverty (Wealthy)
339034,0,0,0,0.0,1,1.0,0,-1.20217489477962,2,High Poverty (Poorest)
339036,0,0,0,0.0,1,0.0,0,-2.2075120422833,2,High Poverty (Poorest)
339036,0,0,1,0.0,1,1.0,1,0.05449653959997964,1,Medium Poverty
339037,0,1,0,0.0,1,0.0,0,-1.20217489477962,2,High Poverty (Poorest)
339037,0,0,2,0.0,1,0.0,1,-0.1968377472759403,1,Medium Poverty
339037,0,0,1,0.0,1,0.0,1,-0.9508406079037002,2,High Poverty (Poorest)
339037,0,0,0,0.0,1,0.0,1,-1.70484346853146,2,High Poverty (Poorest)
339038,0,1,0,0.0,1,0.0,1,-0.6995063210277802,2,High Poverty (Poorest)
339038,0,1,2,0.0,1,0.0,0,0.3058308264758996,0,Low Poverty (Wealthy)
339038,0,1,2,0.0,1,0.0,0,0.3058308264758996,0,Low Poverty (Wealthy)
339038,0,1,1,0.0,1,0.0,0,-0.44817203415186024,1,Medium Poverty
339040,0,1,2,0.0,1,0.0,1,0.8084994002277395,0,Low Poverty (Wealthy)
339040,0,0,2,0.0,1,0.0,1,-0.1968377472759403,1,Medium Poverty
339040,0,0,2,0.0,1,0.0,0,-0.6995063210277802,2,High Poverty (Poorest)
339040,0,0,1,0.0,1,0.0,1,-0.9508406079037002,2,High Poverty (Poorest)
339042,0,0,2,0.0,1,0.0,0,-0.6995063210277802,2,High Poverty (Poorest)
339042,0,1,2,0.0,1,0.0,1,0.8084994002277395,0,Low Poverty (Wealthy)
339042,0,1,2,0.0,1,0.0,1,0.8084994002277395,0,Low Poverty (Wealthy)
339042,0,1,2,0.0,1,0.0,1,0.8084994002277395,0,Low Poverty (Wealthy)
339043,0,1,3,0.0,1,0.0,1,1.5625022608554993,0,Low Poverty (Wealthy)
339043,0,1,0,0.0,1,0.0,1,-0.6995063210277802,2,High Poverty (Poorest)
339043,0,0,3,0.0,1,0.0,1,0.5571651133518195,0,Low Poverty (Wealthy)
339043,0,0,1,0.0,1,0.0,0,-1.45350918165554,2,High Poverty (Poorest)
339044,0,1,2,0.0,1,0.0,1,0.8084994002277395,0,Low Poverty (Wealthy)
339044,0,1,0,0.0,1,0.0,1,-0.6995063210277802,2,High Poverty (Poorest)
339044,0,0,1,0.0,1,0.0,0,-1.45350918165554,2,High Poverty (Poorest)
339044,0,1,2,0.0,1,0.0,1,0.8084994002277395,0,Low Poverty (Wealthy)
339045,0,1,2,0.0,1,0.0,0,0.3058308264758996,0,Low Poverty (Wealthy)
339045,0,1,0,0.0,1,0.0,0,-1.20217489477962,2,High Poverty (Poorest)
339045,0,1,1,0.0,1,0.0,1,0.05449653959997964,1,Medium Poverty
339045,0,0,0,0.0,1,0.0,1,-1.70484346853146,2,High Poverty (Poorest)
339046,0,0,3,0.0,1,0.0,0,0.05449653959997964,1,Medium Poverty
339046,0,1,3,0.0,1,0.0,1,1.5625022608554993,0,Low Poverty (Wealthy)
339046,0,0,0,0.0,1,0.0,1,-1.70484346853146,2,High Poverty (Poorest)
339046,0,1,3,0.0,1,0.0,0,1.0598336871036593,0,Low Poverty (Wealthy)
339047,0,1,3,0.0,1,0.0,1,1.5625022608554993,0,Low Poverty (Wealthy)
339047,0,0,1,0.0,1,0.0,1,-0.9508406079037002,2,High Poverty (Poorest)
339047,0,1,2,0.0,1,0.0,0,0.3058308264758996,0,Low Poverty (Wealthy)
339047,0,1,1,0.0,1,0.0,1,0.05449653959997964,1,Medium Poverty
339048,0,0,2,0.0,1,0.0,0,-0.6995063210277802,2,High Poverty (Poorest)
339048,0,1,1,0.0,1,0.0,1,0.05449653959997964,1,Medium Poverty
339048,0,1,1,0.0,1,0.0,1,0.05449653959997964,1,Medium Poverty
339048,0,1,1,0.0,1,0.0,0,-0.44817203415186024,1,Medium Poverty
340032,0,0,0,0.0,1,0.0,1,-1.70484346853146,2,High Poverty (Poorest)
340033,0,1,2,0.0,1,0.0,1,0.8084994002277395,0,Low Poverty (Wealthy)
340034,0,1,1,0.0,1,0.0,0,-0.44817203415186024,1,Medium Poverty
340035,0,0,1,0.0,1,0.0,1,-0.9508406079037002,2,High Poverty (Poorest)
340036,0,0,3,0.0,1,0.0,0,0.05449653959997964,1,Medium Poverty
340037,0,1,1,0.0,1,0.0,1,0.05449653959997964,1,Medium Poverty
340038,0,0,1,0.0,1,0.0,1,-0.9508406079037002,2,High Poverty (Poorest)
340039,0,1,3,0.0,1,0.0,1,1.5625022608554993,0,Low Poverty (Wealthy)
340040,0,1,3,0.0,1,0.0,1,1.5625022608554993,0,Low Poverty (Wealthy)
340051,0,1,0,0.0,1,0.0,1,-0.6995063210277802,2,High Poverty (Poorest)
340051,0,0,1,0.0,1,0.0,1,-0.9508406079037002,2,High Poverty (Poorest)
340052,0,1,3,0.0,1,0.0,1,1.5625022608554993,0,Low Poverty (Wealthy)
340052,0,1,1,0.0,1,0.0,1,0.05449653959997964,1,Medium Poverty
340053,0,1,1,0.0,1,0.0,1,0.05449653959997964,1,Medium Poverty
340053,0,1,0,0.0,1,0.0,0,-1.20217489477962,2,High Poverty (Poorest)
340054,0,1,0,0.0,1,0.0,1,-0.6995063210277802,2,High Poverty (Poorest)
340054,0,1,2,0.0,1,0.0,1,0.8084994002277395,0,Low Poverty (Wealthy)
340056,0,1,2,0.0,1,0.0,1,0.8084994002277395,0,Low Poverty (Wealthy)
340056,0,1,3,0.0,1,0.0,1,1.5625022608554993,0,Low Poverty (Wealthy)
340057,0,1,2,0.0,1,0.0,0,0.3058308264758996,0,Low Poverty (Wealthy)
340057,0,1,1,0.0,1,0.0,1,0.05449653959997964,1,Medium Poverty
340058,0,0,0,0.0,1,0.0,0,-2.2075120422833,2,High Poverty (Poorest)
340058,0,0,3,0.0,1,0.0,1,0.5571651133518195,0,Low Poverty (Wealthy)
340059,0,1,1,0.0,1,0.0,1,0.05449653959997964,1,Medium Poverty
340059,0,1,1,0.0,1,0.0,1,0.05449653959997964,1,Medium Poverty
340060,0,1,3,0.0,1,0.0,1,1.5625022608554993,0,Low Poverty (Wealthy)
340060,0,1,2,0.0,1,0.0,1,0.8084994002277395,0,Low Poverty (Wealthy)
340081,0,0,1,0.0,1,0.0,1,-0.9508406079037002,2,High Poverty (Poorest)
340081,0,1,3,0.0,1,1.0,1,2.567839408359179,0,Low Poverty (Wealthy)
340082,0,0,3,0.0,1,0.0,0,0.05449653959997964,1,Medium Poverty
340082,0,1,0,0.0,1,1.0,1,0.3058308264758996,0,Low Poverty (Wealthy)
340083,0,1,3,0.0,1,0.0,1,1.5625022608554993,0,Low Poverty (Wealthy)
340083,0,1,1,0.0,1,1.0,1,1.0598336871036593,0,Low Poverty (Wealthy)
340085,0,1,1,0.0,1,0.0,1,0.05449653959997964,1,Medium Poverty
340086,0,1,3,0.0,1,0.0,1,1.5625022608554993,0,Low Poverty (Wealthy)
340086,0,1,3,0.0,1,1.0,0,2.0651708346073394,0,Low Poverty (Wealthy)
340087,0,0,1,0.0,1,0.0,0,-1.45350918165554,2,High Poverty (Poorest)
340087,0,0,1,0.0,1,1.0,1,0.05449653959997964,1,Medium Poverty
340088,0,1,0,0.0,1,0.0,0,-1.20217489477962,2,High Poverty (Poorest)
340088,0,1,2,0.0,1,1.0,0,1.3111679739795794,0,Low Poverty (Wealthy)
340089,0,1,0,0.0,1,0.0,1,-0.6995063210277802,2,High Poverty (Poorest)
340089,0,1,1,0.0,1,1.0,1,1.0598336871036593,0,Low Poverty (Wealthy)
340090,0,0,0,0.0,1,0.0,1,-1.70484346853146,2,High Poverty (Poorest)
340090,0,1,1,0.0,1,1.0,0,0.5571651133518195,0,Low Poverty (Wealthy)
349002,0,1,0,0.0,1,0.0,1,-0.6995063210277802,2,High Poverty (Poorest)
349002,0,0,2,0.0,1,0.0,1,-0.1968377472759403,1,Medium Poverty
349003,0,0,1,0.0,1,0.0,0,-1.45350918165554,2,High Poverty (Poorest)
349003,0,1,1,0.0,1,0.0,1,0.05449653959997964,1,Medium Poverty
349004,0,0,3,0.0,1,0.0,1,0.5571651133518195,0,Low Poverty (Wealthy)
349004,0,0,2,0.0,1,0.0,1,-0.1968377472759403,1,Medium Poverty
349005,0,0,1,0.0,1,0.0,0,-1.45350918165554,2,High Poverty (Poorest)
349005,0,1,0,0.0,1,0.0,1,-0.6995063210277802,2,High Poverty (Poorest)
349007,0,1,2,0.0,1,0.0,0,0.3058308264758996,0,Low Poverty (Wealthy)
349007,0,1,1,0.0,1,0.0,0,-0.44817203415186024,1,Medium Poverty
349008,0,1,2,0.0,1,0.0,1,0.8084994002277395,0,Low Poverty (Wealthy)
349008,0,0,1,0.0,1,0.0,1,-0.9508406079037002,2,High Poverty (Poorest)
349009,0,1,1,0.0,1,0.0,1,0.05449653959997964,1,Medium Poverty
349009,0,0,1,0.0,1,0.0,1,-0.9508406079037002,2,High Poverty (Poorest)
349010,0,0,2,0.0,1,0.0,0,-0.6995063210277802,2,High Poverty (Poorest)
349010,0,1,3,0.0,1,0.0,1,1.5625022608554993,0,Low Poverty (Wealthy)
349011,0,1,0,0.0,1,0.0,0,-1.20217489477962,2,High Poverty (Poorest)
349011,0,1,1,0.0,1,0.0,1,0.05449653959997964,1,Medium Poverty
349012,0,1,0,0.0,1,0.0,1,-0.6995063210277802,2,High Poverty (Poorest)
349012,0,1,1,0.0,1,0.0,1,0.05449653959997964,1,Medium Poverty
349014,0,0,3,0.0,1,0.0,1,0.5571651133518195,0,Low Poverty (Wealthy)
349014,0,0,1,0.0,1,0.0,1,-0.9508406079037002,2,High Poverty (Poorest)
349015,0,0,3,0.0,1,0.0,1,0.5571651133518195,0,Low Poverty (Wealthy)
349015,0,0,2,0.0,1,0.0,1,-0.1968377472759403,1,Medium Poverty
349017,0,1,3,0.0,1,0.0,1,1.5625022608554993,0,Low Poverty (Wealthy)
349017,0,0,2,0.0,1,0.0,1,-0.1968377472759403,1,Medium Poverty
349018,0,0,0,0.0,1,0.0,1,-1.70484346853146,2,High Poverty (Poorest)
349018,0,1,1,0.0,1,0.0,1,0.05449653959997964,1,Medium Poverty
349019,0,1,1,0.0,1,0.0,0,-0.44817203415186024,1,Medium Poverty
349019,0,0,0,0.0,1,0.0,0,-2.2075120422833,2,High Poverty (Poorest)
349020,0,0,1,0.0,1,0.0,1,-0.9508406079037002,2,High Poverty (Poorest)
349020,0,1,1,0.0,1,0.0,1,0.05449653959997964,1,Medium Poverty
349021,0,1,3,0.0,1,0.0,1,1.5625022608554993,0,Low Poverty (Wealthy)
349021,0,1,1,0.0,1,0.0,1,0.05449653959997964,1,Medium Poverty
349022,0,1,2,0.0,1,0.0,0,0.3058308264758996,0,Low Poverty (Wealthy)
349022,0,1,3,0.0,1,0.0,1,1.5625022608554993,0,Low Poverty (Wealthy)
349024,0,1,3,0.0,1,0.0,1,1.5625022608554993,0,Low Poverty (Wealthy)
349024,0,1,1,0.0,1,0.0,1,0.05449653959997964,1,Medium Poverty
349025,0,1,1,0.0,1,0.0,1,0.05449653959997964,1,Medium Poverty
349026,0,0,1,0.0,1,0.0,0,-1.45350918165554,2,High Poverty (Poorest)
349027,0,1,1,0.0,1,0.0,0,-0.44817203415186024,1,Medium Poverty
349028,0,1,1,0.0,1,0.0,1,0.05449653959997964,1,Medium Poverty
349029,0,0,2,0.0,1,0.0,1,-0.1968377472759403,1,Medium Poverty
349030,0,1,1,0.0,1,0.0,1,0.05449653959997964,1,Medium Poverty
349031,0,0,1,0.0,1,0.0,1,-0.9508406079037002,2,High Poverty (Poorest)
349032,0,1,3,0.0,1,0.0,0,1.0598336871036593,0,Low Poverty (Wealthy)
349034,0,1,0,0.0,1,0.0,1,-0.6995063210277802,2,High Poverty (Poorest)
349036,0,1,1,0.0,1,0.0,1,0.05449653959997964,1,Medium Poverty
349037,0,1,2,0.0,1,0.0,1,0.8084994002277395,0,Low Poverty (Wealthy)
349038,0,0,0,0.0,1,0.0,1,-1.70484346853146,2,High Poverty (Poorest)
349039,0,1,2,0.0,1,0.0,1,0.8084994002277395,0,Low Poverty (Wealthy)
349040,0,1,1,0.0,1,0.0,1,0.05449653959997964,1,Medium Poverty
349041,0,1,3,0.0,1,0.0,0,1.0598336871036593,0,Low Poverty (Wealthy)
349044,0,1,1,0.0,1,0.0,0,-0.44817203415186024,1,Medium Poverty
349045,0,1,1,0.0,1,0.0,1,0.05449653959997964,1,Medium Poverty
349046,0,1,2,0.0,1,0.0,1,0.8084994002277395,0,Low Poverty (Wealthy)
349047,0,0,0,0.0,1,0.0,1,-1.70484346853146,2,High Poverty (Poorest)
349050,0,1,1,0.0,1,0.0,1,0.05449653959997964,1,Medium Poverty
349051,0,1,1,0.0,1,0.0,1,0.05449653959997964,1,Medium Poverty
349052,0,1,1,0.0,1,0.0,1,0.05449653959997964,1,Medium Poverty
349053,0,0,1,0.0,1,0.0,0,-1.45350918165554,2,High Poverty (Poorest)
349054,0,0,2,0.0,1,0.0,0,-0.6995063210277802,2,High Poverty (Poorest)
349055,0,1,2,0.0,1,0.0,0,0.3058308264758996,0,Low Poverty (Wealthy)
349056,0,1,2,0.0,1,0.0,1,0.8084994002277395,0,Low Poverty (Wealthy)
349057,0,1,1,0.0,1,0.0,0,-0.44817203415186024,1,Medium Poverty
349059,0,1,0,0.0,1,0.0,1,-0.6995063210277802,2,High Poverty (Poorest)
349060,0,1,2,0.0,1,0.0,0,0.3058308264758996,0,Low Poverty (Wealthy)
349061,0,1,3,0.0,1,1.0,1,2.567839408359179,0,Low Poverty (Wealthy)
349062,0,0,1,0.0,1,1.0,1,0.05449653959997964,1,Medium Poverty
349063,0,1,1,0.0,1,1.0,1,1.0598336871036593,0,Low Poverty (Wealthy)
349064,0,0,1,0.0,1,1.0,0,-0.44817203415186024,1,Medium Poverty
349066,0,1,1,0.0,1,1.0,0,0.5571651133518195,0,Low Poverty (Wealthy)
349067,0,1,2,0.0,1,1.0,1,1.8138365477314193,0,Low Poverty (Wealthy)
349068,0,1,0,0.0,1,1.0,1,0.3058308264758996,0,Low Poverty (Wealthy)
349069,0,1,2,0.0,1,1.0,1,1.8138365477314193,0,Low Poverty (Wealthy)
349071,0,1,0,0.0,1,1.0,1,0.3058308264758996,0,Low Poverty (Wealthy)
349072,0,1,1,0.0,1,1.0,0,0.5571651133518195,0,Low Poverty (Wealthy)
349073,0,0,2,0.0,1,0.0,0,-0.6995063210277802,2,High Poverty (Poorest)
349075,0,1,1,0.0,1,0.0,1,0.05449653959997964,1,Medium Poverty
349076,0,0,0,0.0,1,0.0,1,-1.70484346853146,2,High Poverty (Poorest)
349077,0,1,3,0.0,1,0.0,0,1.0598336871036593,0,Low Poverty (Wealthy)
349078,0,0,3,0.0,1,0.0,1,0.5571651133518195,0,Low Poverty (Wealthy)
349080,0,0,2,0.0,1,0.0,1,-0.1968377472759403,1,Medium Poverty
349081,0,1,1,0.0,1,0.0,1,0.05449653959997964,1,Medium Poverty
349083,0,1,0,0.0,1,0.0,0,-1.20217489477962,2,High Poverty (Poorest)
349084,0,1,3,0.0,1,0.0,0,1.0598336871036593,0,Low Poverty (Wealthy)
349085,0,0,1,0.0,1,1.0,1,0.05449653959997964,1,Medium Poverty
349086,0,1,3,0.0,1,1.0,0,2.0651708346073394,0,Low Poverty (Wealthy)
349087,0,0,1,0.0,1,1.0,0,-0.44817203415186024,1,Medium Poverty
349088,0,1,1,0.0,1,1.0,1,1.0598336871036593,0,Low Poverty (Wealthy)
349089,0,1,3,0.0,1,1.0,0,2.0651708346073394,0,Low Poverty (Wealthy)
349090,0,1,1,0.0,1,1.0,1,1.0598336871036593,0,Low Poverty (Wealthy)
349091,0,1,0,0.0,1,1.0,1,0.3058308264758996,0,Low Poverty (Wealthy)
349092,0,0,1,0.0,1,1.0,1,0.05449653959997964,1,Medium Poverty
349093,0,1,1,0.0,1,1.0,0,0.5571651133518195,0,Low Poverty (Wealthy)
349095,0,1,0,0.0,1,1.0,1,0.3058308264758996,0,Low Poverty (Wealthy)
349109,0,1,1,0.0,1,0.0,1,0.05449653959997964,1,Medium Poverty
350061,0,1,1,0.0,1,0.0,1,0.05449653959997964,1,Medium Poverty
350062,0,0,2,0.0,1,0.0,0,-0.6995063210277802,2,High Poverty (Poorest)
350063,0,1,1,0.0,1,0.0,0,-0.44817203415186024,1,Medium Poverty
350064,0,1,3,0.0,1,0.0,1,1.5625022608554993,0,Low Poverty (Wealthy)
350065,0,0,0,0.0,1,0.0,1,-1.70484346853146,2,High Poverty (Poorest)
350066,0,0,2,0.0,1,0.0,1,-0.1968377472759403,1,Medium Poverty
350067,0,0,0,0.0,1,0.0,1,-1.70484346853146,2,High Poverty (Poorest)
350068,0,1,2,0.0,1,0.0,1,0.8084994002277395,0,Low Poverty (Wealthy)
350069,0,1,3,0.0,1,0.0,1,1.5625022608554993,0,Low Poverty (Wealthy)
350070,0,0,2,0.0,1,0.0,1,-0.1968377472759403,1,Medium Poverty
359002,0,1,2,0.0,1,0.0,1,0.8084994002277395,0,Low Poverty (Wealthy)
359003,0,1,1,0.0,1,0.0,0,-0.44817203415186024,1,Medium Poverty
359004,0,1,2,0.0,1,0.0,1,0.8084994002277395,0,Low Poverty (Wealthy)
359005,0,0,3,0.0,1,0.0,1,0.5571651133518195,0,Low Poverty (Wealthy)
359006,0,0,3,0.0,1,0.0,1,0.5571651133518195,0,Low Poverty (Wealthy)
359007,0,1,1,0.0,1,0.0,1,0.05449653959997964,1,Medium Poverty
359008,0,0,3,0.0,1,0.0,1,0.5571651133518195,0,Low Poverty (Wealthy)
359009,0,0,0,0.0,1,0.0,0,-2.2075120422833,2,High Poverty (Poorest)
359010,0,1,1,0.0,1,0.0,0,-0.44817203415186024,1,Medium Poverty
359011,0,1,0,0.0,1,0.0,1,-0.6995063210277802,2,High Poverty (Poorest)
359013,0,0,1,0.0,1,0.0,0,-1.45350918165554,2,High Poverty (Poorest)
359014,0,0,2,0.0,1,0.0,1,-0.1968377472759403,1,Medium Poverty
359015,0,0,3,0.0,1,0.0,0,0.05449653959997964,1,Medium Poverty
359016,0,0,2,0.0,1,0.0,0,-0.6995063210277802,2,High Poverty (Poorest)
359017,0,1,2,0.0,1,0.0,0,0.3058308264758996,0,Low Poverty (Wealthy)
359018,0,1,1,0.0,1,0.0,1,0.05449653959997964,1,Medium Poverty
359019,0,1,2,0.0,1,0.0,1,0.8084994002277395,0,Low Poverty (Wealthy)
359020,0,1,1,0.0,1,0.0,0,-0.44817203415186024,1,Medium Poverty
359021,0,1,2,0.0,1,0.0,0,0.3058308264758996,0,Low Poverty (Wealthy)
359023,0,0,2,0.0,1,0.0,1,-0.1968377472759403,1,Medium Poverty
359025,0,1,2,0.0,1,1.0,1,1.8138365477314193,0,Low Poverty (Wealthy)
359025,0,1,1,0.0,1,0.0,1,0.05449653959997964,1,Medium Poverty
359027,0,1,3,0.0,1,1.0,1,2.567839408359179,0,Low Poverty (Wealthy)
359027,0,0,1,0.0,1,0.0,1,-0.9508406079037002,2,High Poverty (Poorest)
359028,0,1,1,0.0,1,1.0,1,1.0598336871036593,0,Low Poverty (Wealthy)
359028,0,1,2,0.0,1,0.0,0,0.3058308264758996,0,Low Poverty (Wealthy)
359029,0,1,1,0.0,1,1.0,1,1.0598336871036593,0,Low Poverty (Wealthy)
359029,0,0,3,0.0,1,0.0,1,0.5571651133518195,0,Low Poverty (Wealthy)
359030,0,1,1,0.0,1,1.0,1,1.0598336871036593,0,Low Poverty (Wealthy)
359030,0,1,1,0.0,1,0.0,0,-0.44817203415186024,1,Medium Poverty
359031,0,1,3,0.0,1,1.0,1,2.567839408359179,0,Low Poverty (Wealthy)
359031,0,1,1,0.0,1,0.0,1,0.05449653959997964,1,Medium Poverty
359032,0,0,1,0.0,1,1.0,1,0.05449653959997964,1,Medium Poverty
359032,0,0,1,0.0,1,0.0,0,-1.45350918165554,2,High Poverty (Poorest)
359033,0,0,1,0.0,1,1.0,0,-0.44817203415186024,1,Medium Poverty
359033,0,1,2,0.0,1,0.0,1,0.8084994002277395,0,Low Poverty (Wealthy)
359034,0,0,0,0.0,1,1.0,1,-0.6995063210277802,2,High Poverty (Poorest)
359034,0,1,3,0.0,1,0.0,0,1.0598336871036593,0,Low Poverty (Wealthy)
359035,0,1,2,0.0,1,1.0,1,1.8138365477314193,0,Low Poverty (Wealthy)
359035,0,0,0,0.0,1,0.0,0,-2.2075120422833,2,High Poverty (Poorest)
359037,0,1,2,0.0,1,0.0,1,0.8084994002277395,0,Low Poverty (Wealthy)
359037,0,1,2,0.0,1,0.0,0,0.3058308264758996,0,Low Poverty (Wealthy)
359037,0,1,0,0.0,1,1.0,0,-0.1968377472759403,1,Medium Poverty
359038,0,1,1,0.0,1,0.0,0,-0.44817203415186024,1,Medium Poverty
359038,0,1,1,0.0,1,0.0,0,-0.44817203415186024,1,Medium Poverty
359038,0,0,2,0.0,1,1.0,0,0.3058308264758996,0,Low Poverty (Wealthy)
359039,0,1,2,0.0,1,0.0,1,0.8084994002277395,0,Low Poverty (Wealthy)
359039,0,0,1,0.0,1,0.0,1,-0.9508406079037002,2,High Poverty (Poorest)
359039,0,1,2,0.0,1,1.0,1,1.8138365477314193,0,Low Poverty (Wealthy)
359041,0,0,2,0.0,1,0.0,0,-0.6995063210277802,2,High Poverty (Poorest)
359041,0,1,2,0.0,1,0.0,0,0.3058308264758996,0,Low Poverty (Wealthy)
359041,0,1,2,0.0,1,1.0,1,1.8138365477314193,0,Low Poverty (Wealthy)
359043,0,1,1,0.0,1,0.0,1,0.05449653959997964,1,Medium Poverty
359043,0,0,3,0.0,1,0.0,0,0.05449653959997964,1,Medium Poverty
359043,0,1,2,0.0,1,1.0,0,1.3111679739795794,0,Low Poverty (Wealthy)
359044,0,1,2,0.0,1,0.0,1,0.8084994002277395,0,Low Poverty (Wealthy)
359044,0,1,1,0.0,1,0.0,1,0.05449653959997964,1,Medium Poverty
359044,0,0,1,0.0,1,1.0,1,0.05449653959997964,1,Medium Poverty
359045,0,1,1,0.0,1,0.0,1,0.05449653959997964,1,Medium Poverty
359045,0,1,1,0.0,1,0.0,1,0.05449653959997964,1,Medium Poverty
359045,0,0,2,0.0,1,1.0,1,0.8084994002277395,0,Low Poverty (Wealthy)
359046,0,1,1,0.0,1,0.0,0,-0.44817203415186024,1,Medium Poverty
359046,0,1,2,0.0,1,0.0,1,0.8084994002277395,0,Low Poverty (Wealthy)
359046,0,1,2,0.0,1,1.0,0,1.3111679739795794,0,Low Poverty (Wealthy)
359047,0,0,2,0.0,1,0.0,1,-0.1968377472759403,1,Medium Poverty
359048,0,1,1,0.0,1,0.0,1,0.05449653959997964,1,Medium Poverty
359048,0,1,3,0.0,1,0.0,1,1.5625022608554993,0,Low Poverty (Wealthy)
359048,0,1,2,0.0,1,1.0,1,1.8138365477314193,0,Low Poverty (Wealthy)
359049,0,1,2,0.0,1,0.0,0,0.3058308264758996,0,Low Poverty (Wealthy)
359049,0,1,1,0.0,1,1.0,0,0.5571651133518195,0,Low Poverty (Wealthy)
359051,0,1,1,0.0,1,0.0,1,0.05449653959997964,1,Medium Poverty
359051,0,0,0,0.0,1,1.0,1,-0.6995063210277802,2,High Poverty (Poorest)
359053,0,1,1,0.0,1,0.0,0,-0.44817203415186024,1,Medium Poverty
359053,0,1,0,0.0,1,1.0,1,0.3058308264758996,0,Low Poverty (Wealthy)
359054,0,0,2,0.0,1,0.0,0,-0.6995063210277802,2,High Poverty (Poorest)
359054,0,0,2,0.0,1,1.0,1,0.8084994002277395,0,Low Poverty (Wealthy)
359055,0,1,1,0.0,1,0.0,0,-0.44817203415186024,1,Medium Poverty
359055,0,1,1,0.0,1,1.0,1,1.0598336871036593,0,Low Poverty (Wealthy)
359056,0,1,3,0.0,1,0.0,0,1.0598336871036593,0,Low Poverty (Wealthy)
359056,0,1,0,0.0,1,1.0,1,0.3058308264758996,0,Low Poverty (Wealthy)
359057,0,0,2,0.0,1,0.0,0,-0.6995063210277802,2,High Poverty (Poorest)
359057,0,1,0,0.0,1,1.0,0,-0.1968377472759403,1,Medium Poverty
359059,0,1,0,0.0,1,0.0,1,-0.6995063210277802,2,High Poverty (Poorest)
359059,0,1,0,0.0,1,1.0,1,0.3058308264758996,0,Low Poverty (Wealthy)
359060,0,0,2,0.0,1,0.0,0,-0.6995063210277802,2,High Poverty (Poorest)
359060,0,1,1,0.0,1,1.0,0,0.5571651133518195,0,Low Poverty (Wealthy)
359062,0,0,3,0.0,1,1.0,1,1.5625022608554993,0,Low Poverty (Wealthy)
359063,0,1,1,0.0,1,1.0,0,0.5571651133518195,0,Low Poverty (Wealthy)
359064,0,1,0,0.0,1,1.0,1,0.3058308264758996,0,Low Poverty (Wealthy)
359065,0,1,2,0.0,1,1.0,1,1.8138365477314193,0,Low Poverty (Wealthy)
359066,0,0,0,0.0,1,1.0,0,-1.20217489477962,2,High Poverty (Poorest)
359067,0,1,2,0.0,1,1.0,1,1.8138365477314193,0,Low Poverty (Wealthy)
359068,0,1,0,0.0,1,1.0,1,0.3058308264758996,0,Low Poverty (Wealthy)
359070,0,1,1,0.0,1,1.0,0,0.5571651133518195,0,Low Poverty (Wealthy)
359071,0,1,2,0.0,1,1.0,1,1.8138365477314193,0,Low Poverty (Wealthy)
359072,0,1,3,0.0,1,1.0,1,2.567839408359179,0,Low Poverty (Wealthy)
360031,0,1,1,0.0,1,0.0,1,0.05449653959997964,1,Medium Poverty
360032,0,1,2,0.0,1,0.0,1,0.8084994002277395,0,Low Poverty (Wealthy)
360033,0,1,0,0.0,1,0.0,0,-1.20217489477962,2,High Poverty (Poorest)
360034,0,0,2,0.0,1,0.0,0,-0.6995063210277802,2,High Poverty (Poorest)
360035,0,1,2,0.0,1,0.0,0,0.3058308264758996,0,Low Poverty (Wealthy)
360036,0,1,0,0.0,1,0.0,0,-1.20217489477962,2,High Poverty (Poorest)
360037,0,0,1,0.0,1,0.0,0,-1.45350918165554,2,High Poverty (Poorest)
360038,0,1,0,0.0,1,0.0,1,-0.6995063210277802,2,High Poverty (Poorest)
360039,0,1,1,0.0,1,0.0,0,-0.44817203415186024,1,Medium Poverty
360040,0,1,1,0.0,1,0.0,0,-0.44817203415186024,1,Medium Poverty
360041,0,1,2,0.0,1,0.0,1,0.8084994002277395,0,Low Poverty (Wealthy)
360043,0,0,3,0.0,1,0.0,0,0.05449653959997964,1,Medium Poverty
360045,0,1,0,0.0,1,0.0,0,-1.20217489477962,2,High Poverty (Poorest)
360046,0,0,1,0.0,1,1.0,0,-0.44817203415186024,1,Medium Poverty
360048,0,1,2,0.0,1,1.0,0,1.3111679739795794,0,Low Poverty (Wealthy)
360050,0,0,3,0.0,1,1.0,1,1.5625022608554993,0,Low Poverty (Wealthy)
360081,0,0,1,0.0,1,0.0,1,-0.9508406079037002,2,High Poverty (Poorest)
360082,0,1,1,0.0,1,0.0,0,-0.44817203415186024,1,Medium Poverty
360083,0,1,1,0.0,1,0.0,0,-0.44817203415186024,1,Medium Poverty
360084,0,1,1,0.0,1,0.0,0,-0.44817203415186024,1,Medium Poverty
360085,0,1,0,0.0,1,0.0,1,-0.6995063210277802,2,High Poverty (Poorest)
360086,0,0,1,0.0,1,0.0,1,-0.9508406079037002,2,High Poverty (Poorest)
360087,0,0,0,0.0,1,0.0,1,-1.70484346853146,2,High Poverty (Poorest)
360088,0,1,2,0.0,1,0.0,0,0.3058308264758996,0,Low Poverty (Wealthy)
360089,0,0,1,0.0,1,0.0,0,-1.45350918165554,2,High Poverty (Poorest)
360090,0,1,1,0.0,1,0.0,1,0.05449653959997964,1,Medium Poverty
369001,0,1,0,0.0,1,0.0,1,-0.6995063210277802,2,High Poverty (Poorest)
369001,0,1,3,0.0,1,0.0,1,1.5625022608554993,0,Low Poverty (Wealthy)
369001,0,1,3,0.0,1,0.0,0,1.0598336871036593,0,Low Poverty (Wealthy)
369002,0,1,0,0.0,1,0.0,1,-0.6995063210277802,2,High Poverty (Poorest)
369002,0,1,1,0.0,1,0.0,1,0.05449653959997964,1,Medium Poverty
369002,0,0,2,0.0,1,0.0,1,-0.1968377472759403,1,Medium Poverty
369003,0,0,0,0.0,1,0.0,0,-2.2075120422833,2,High Poverty (Poorest)
369003,0,0,1,0.0,1,0.0,1,-0.9508406079037002,2,High Poverty (Poorest)
369003,0,1,1,0.0,1,0.0,0,-0.44817203415186024,1,Medium Poverty
369004,0,1,3,0.0,1,0.0,1,1.5625022608554993,0,Low Poverty (Wealthy)
369004,0,1,3,0.0,1,0.0,0,1.0598336871036593,0,Low Poverty (Wealthy)
369004,0,0,2,0.0,1,0.0,1,-0.1968377472759403,1,Medium Poverty
369005,0,1,1,0.0,1,0.0,1,0.05449653959997964,1,Medium Poverty
369005,0,1,3,0.0,1,0.0,0,1.0598336871036593,0,Low Poverty (Wealthy)
369005,0,0,3,0.0,1,0.0,1,0.5571651133518195,0,Low Poverty (Wealthy)
369006,0,1,3,0.0,1,0.0,0,1.0598336871036593,0,Low Poverty (Wealthy)
369006,0,0,0,0.0,1,0.0,1,-1.70484346853146,2,High Poverty (Poorest)
369006,0,1,0,0.0,1,0.0,0,-1.20217489477962,2,High Poverty (Poorest)
369007,0,0,2,0.0,1,0.0,0,-0.6995063210277802,2,High Poverty (Poorest)
369007,0,1,1,0.0,1,0.0,1,0.05449653959997964,1,Medium Poverty
369007,0,1,0,0.0,1,0.0,0,-1.20217489477962,2,High Poverty (Poorest)
369008,0,1,0,0.0,1,0.0,1,-0.6995063210277802,2,High Poverty (Poorest)
369008,0,1,3,0.0,1,0.0,1,1.5625022608554993,0,Low Poverty (Wealthy)
369008,0,1,3,0.0,1,0.0,1,1.5625022608554993,0,Low Poverty (Wealthy)
369025,0,1,1,0.0,1,0.0,1,0.05449653959997964,1,Medium Poverty
369025,0,1,3,0.0,1,0.0,0,1.0598336871036593,0,Low Poverty (Wealthy)
369025,0,0,2,0.0,1,1.0,1,0.8084994002277395,0,Low Poverty (Wealthy)
369025,0,1,2,0.0,1,0.0,0,0.3058308264758996,0,Low Poverty (Wealthy)
369025,0,0,1,0.0,1,0.0,1,-0.9508406079037002,2,High Poverty (Poorest)
369025,0,0,0,0.0,1,0.0,1,-1.70484346853146,2,High Poverty (Poorest)
369025,0,1,1,0.0,1,1.0,1,1.0598336871036593,0,Low Poverty (Wealthy)
369025,0,1,1,0.0,1,0.0,0,-0.44817203415186024,1,Medium Poverty
369026,0,0,2,0.0,1,0.0,1,-0.1968377472759403,1,Medium Poverty
369026,0,1,0,0.0,1,0.0,1,-0.6995063210277802,2,High Poverty (Poorest)
369026,0,1,3,0.0,1,1.0,1,2.567839408359179,0,Low Poverty (Wealthy)
369026,0,1,1,0.0,1,0.0,0,-0.44817203415186024,1,Medium Poverty
369026,0,0,0,0.0,1,0.0,1,-1.70484346853146,2,High Poverty (Poorest)
369026,0,1,1,0.0,1,0.0,0,-0.44817203415186024,1,Medium Poverty
369026,0,0,1,0.0,1,1.0,1,0.05449653959997964,1,Medium Poverty
369026,0,1,1,0.0,1,0.0,1,0.05449653959997964,1,Medium Poverty
369027,0,0,2,0.0,1,0.0,0,-0.6995063210277802,2,High Poverty (Poorest)
369027,0,0,1,0.0,1,0.0,0,-1.45350918165554,2,High Poverty (Poorest)
369027,0,1,2,0.0,1,1.0,1,1.8138365477314193,0,Low Poverty (Wealthy)
369027,0,1,2,0.0,1,0.0,0,0.3058308264758996,0,Low Poverty (Wealthy)
369027,0,0,0,0.0,1,0.0,0,-2.2075120422833,2,High Poverty (Poorest)
369027,0,0,2,0.0,1,0.0,1,-0.1968377472759403,1,Medium Poverty
369027,0,1,3,0.0,1,1.0,1,2.567839408359179,0,Low Poverty (Wealthy)
369027,0,0,0,0.0,1,0.0,1,-1.70484346853146,2,High Poverty (Poorest)
369028,0,1,1,0.0,1,0.0,0,-0.44817203415186024,1,Medium Poverty
369028,0,0,3,0.0,1,0.0,0,0.05449653959997964,1,Medium Poverty
369028,0,0,1,0.0,1,1.0,1,0.05449653959997964,1,Medium Poverty
369028,0,1,1,0.0,1,0.0,1,0.05449653959997964,1,Medium Poverty
369028,0,1,3,0.0,1,0.0,1,1.5625022608554993,0,Low Poverty (Wealthy)
369028,0,1,0,0.0,1,0.0,1,-0.6995063210277802,2,High Poverty (Poorest)
369028,0,0,0,0.0,1,1.0,1,-0.6995063210277802,2,High Poverty (Poorest)
369028,0,1,3,0.0,1,0.0,0,1.0598336871036593,0,Low Poverty (Wealthy)
369030,0,1,3,0.0,1,0.0,1,1.5625022608554993,0,Low Poverty (Wealthy)
369030,0,0,1,0.0,1,0.0,1,-0.9508406079037002,2,High Poverty (Poorest)
369030,0,1,1,0.0,1,1.0,1,1.0598336871036593,0,Low Poverty (Wealthy)
369030,0,1,2,0.0,1,0.0,1,0.8084994002277395,0,Low Poverty (Wealthy)
369030,0,0,2,0.0,1,0.0,1,-0.1968377472759403,1,Medium Poverty
369030,0,0,1,0.0,1,0.0,1,-0.9508406079037002,2,High Poverty (Poorest)
369030,0,1,0,0.0,1,1.0,0,-0.1968377472759403,1,Medium Poverty
369030,0,1,1,0.0,1,0.0,1,0.05449653959997964,1,Medium Poverty
369031,0,1,3,0.0,1,0.0,1,1.5625022608554993,0,Low Poverty (Wealthy)
369031,0,0,3,0.0,1,0.0,1,0.5571651133518195,0,Low Poverty (Wealthy)
369031,0,0,3,0.0,1,1.0,1,1.5625022608554993,0,Low Poverty (Wealthy)
369031,0,1,3,0.0,1,0.0,1,1.5625022608554993,0,Low Poverty (Wealthy)
369031,0,0,2,0.0,1,0.0,1,-0.1968377472759403,1,Medium Poverty
369031,0,1,1,0.0,1,0.0,1,0.05449653959997964,1,Medium Poverty
369031,0,1,2,0.0,1,1.0,1,1.8138365477314193,0,Low Poverty (Wealthy)
369031,0,0,2,0.0,1,0.0,1,-0.1968377472759403,1,Medium Poverty
369032,0,1,1,0.0,1,0.0,1,0.05449653959997964,1,Medium Poverty
369032,0,1,0,0.0,1,0.0,1,-0.6995063210277802,2,High Poverty (Poorest)
369032,0,1,3,0.0,1,1.0,1,2.567839408359179,0,Low Poverty (Wealthy)
369032,0,0,1,0.0,1,0.0,0,-1.45350918165554,2,High Poverty (Poorest)
369032,0,0,1,0.0,1,0.0,0,-1.45350918165554,2,High Poverty (Poorest)
369032,0,1,2,0.0,1,0.0,1,0.8084994002277395,0,Low Poverty (Wealthy)
369032,0,0,2,0.0,1,1.0,1,0.8084994002277395,0,Low Poverty (Wealthy)
369032,0,1,1,0.0,1,0.0,0,-0.44817203415186024,1,Medium Poverty
369033,0,0,2,0.0,1,0.0,0,-0.6995063210277802,2,High Poverty (Poorest)
369033,0,1,1,0.0,1,0.0,0,-0.44817203415186024,1,Medium Poverty
369033,0,1,0,0.0,1,1.0,1,0.3058308264758996,0,Low Poverty (Wealthy)
369033,0,1,1,0.0,1,0.0,1,0.05449653959997964,1,Medium Poverty
369033,0,0,2,0.0,1,0.0,0,-0.6995063210277802,2,High Poverty (Poorest)
369033,0,1,3,0.0,1,0.0,1,1.5625022608554993,0,Low Poverty (Wealthy)
369033,0,0,2,0.0,1,1.0,0,0.3058308264758996,0,Low Poverty (Wealthy)
369033,0,1,3,0.0,1,0.0,1,1.5625022608554993,0,Low Poverty (Wealthy)
369035,0,0,0,0.0,1,0.0,1,-1.70484346853146,2,High Poverty (Poorest)
369035,0,1,0,0.0,1,0.0,1,-0.6995063210277802,2,High Poverty (Poorest)
369035,0,1,2,0.0,1,1.0,0,1.3111679739795794,0,Low Poverty (Wealthy)
369035,0,0,1,0.0,1,0.0,0,-1.45350918165554,2,High Poverty (Poorest)
369035,0,1,2,0.0,1,0.0,1,0.8084994002277395,0,Low Poverty (Wealthy)
369035,0,0,2,0.0,1,0.0,0,-0.6995063210277802,2,High Poverty (Poorest)
369035,0,1,3,0.0,1,1.0,1,2.567839408359179,0,Low Poverty (Wealthy)
369035,0,1,1,0.0,1,0.0,1,0.05449653959997964,1,Medium Poverty
369036,0,0,1,0.0,1,0.0,1,-0.9508406079037002,2,High Poverty (Poorest)
369036,0,1,1,0.0,1,0.0,1,0.05449653959997964,1,Medium Poverty
369036,0,0,1,0.0,1,1.0,0,-0.44817203415186024,1,Medium Poverty
369036,0,1,2,0.0,1,0.0,1,0.8084994002277395,0,Low Poverty (Wealthy)
369036,0,0,1,0.0,1,0.0,1,-0.9508406079037002,2,High Poverty (Poorest)
369036,0,1,1,0.0,1,0.0,0,-0.44817203415186024,1,Medium Poverty
369036,0,1,1,0.0,1,1.0,1,1.0598336871036593,0,Low Poverty (Wealthy)
369036,0,1,0,0.0,1,0.0,1,-0.6995063210277802,2,High Poverty (Poorest)
369038,0,0,1,0.0,1,1.0,1,0.05449653959997964,1,Medium Poverty
369039,0,1,1,0.0,1,1.0,0,0.5571651133518195,0,Low Poverty (Wealthy)
369040,0,1,0,0.0,1,1.0,1,0.3058308264758996,0,Low Poverty (Wealthy)
369041,0,1,1,0.0,1,1.0,1,1.0598336871036593,0,Low Poverty (Wealthy)
369042,0,0,1,0.0,1,1.0,0,-0.44817203415186024,1,Medium Poverty
369043,0,0,1,0.0,1,1.0,1,0.05449653959997964,1,Medium Poverty
369044,0,0,0,0.0,1,1.0,1,-0.6995063210277802,2,High Poverty (Poorest)
369046,0,1,1,0.0,1,1.0,1,1.0598336871036593,0,Low Poverty (Wealthy)
369047,0,0,2,0.0,1,1.0,1,0.8084994002277395,0,Low Poverty (Wealthy)
369048,0,1,2,0.0,1,1.0,1,1.8138365477314193,0,Low Poverty (Wealthy)
369049,0,0,2,0.0,1,0.0,0,-0.6995063210277802,2,High Poverty (Poorest)
369049,0,1,1,0.0,1,0.0,1,0.05449653959997964,1,Medium Poverty
369049,0,1,1,0.0,1,0.0,1,0.05449653959997964,1,Medium Poverty
369050,0,1,2,0.0,1,0.0,0,0.3058308264758996,0,Low Poverty (Wealthy)
369050,0,1,1,0.0,1,0.0,1,0.05449653959997964,1,Medium Poverty
369050,0,0,2,0.0,1,0.0,1,-0.1968377472759403,1,Medium Poverty
370002,0,0,1,0.0,1,0.0,1,-0.9508406079037002,2,High Poverty (Poorest)
370003,0,0,1,0.0,1,0.0,1,-0.9508406079037002,2,High Poverty (Poorest)
370004,0,1,2,0.0,1,0.0,1,0.8084994002277395,0,Low Poverty (Wealthy)
370005,0,1,0,0.0,1,0.0,0,-1.20217489477962,2,High Poverty (Poorest)
370006,0,1,1,0.0,1,0.0,1,0.05449653959997964,1,Medium Poverty
370007,0,1,1,0.0,1,0.0,1,0.05449653959997964,1,Medium Poverty
370008,0,1,1,0.0,1,0.0,0,-0.44817203415186024,1,Medium Poverty
370009,0,1,1,0.0,1,0.0,0,-0.44817203415186024,1,Medium Poverty
370010,0,1,2,0.0,1,0.0,1,0.8084994002277395,0,Low Poverty (Wealthy)
370011,0,0,2,0.0,1,0.0,1,-0.1968377472759403,1,Medium Poverty
370012,0,1,2,0.0,1,0.0,0,0.3058308264758996,0,Low Poverty (Wealthy)
370012,0,1,1,0.0,1,0.0,0,-0.44817203415186024,1,Medium Poverty
370013,0,1,3,0.0,1,0.0,0,1.0598336871036593,0,Low Poverty (Wealthy)
370013,0,1,2,0.0,1,0.0,1,0.8084994002277395,0,Low Poverty (Wealthy)
370014,0,0,1,0.0,1,0.0,0,-1.45350918165554,2,High Poverty (Poorest)
370014,0,0,2,0.0,1,0.0,1,-0.1968377472759403,1,Medium Poverty
370015,0,1,2,0.0,1,0.0,0,0.3058308264758996,0,Low Poverty (Wealthy)
370017,0,1,2,0.0,1,0.0,1,0.8084994002277395,0,Low Poverty (Wealthy)
370017,0,0,0,0.0,1,0.0,1,-1.70484346853146,2,High Poverty (Poorest)
370018,0,1,1,0.0,1,0.0,1,0.05449653959997964,1,Medium Poverty
370018,0,1,3,0.0,1,0.0,1,1.5625022608554993,0,Low Poverty (Wealthy)
370019,0,1,1,0.0,1,0.0,0,-0.44817203415186024,1,Medium Poverty
370019,0,0,2,0.0,1,0.0,1,-0.1968377472759403,1,Medium Poverty
370020,0,1,2,0.0,1,0.0,0,0.3058308264758996,0,Low Poverty (Wealthy)
370021,0,1,2,0.0,1,0.0,1,0.8084994002277395,0,Low Poverty (Wealthy)
370023,0,1,1,0.0,1,0.0,0,-0.44817203415186024,1,Medium Poverty
370024,0,1,2,0.0,1,0.0,1,0.8084994002277395,0,Low Poverty (Wealthy)
370025,0,1,0,0.0,1,0.0,1,-0.6995063210277802,2,High Poverty (Poorest)
370026,0,1,2,0.0,1,0.0,1,0.8084994002277395,0,Low Poverty (Wealthy)
370027,0,1,2,0.0,1,0.0,1,0.8084994002277395,0,Low Poverty (Wealthy)
370028,0,1,0,0.0,1,0.0,1,-0.6995063210277802,2,High Poverty (Poorest)
370030,0,1,2,0.0,1,0.0,1,0.8084994002277395,0,Low Poverty (Wealthy)
379003,0,0,1,0.0,1,0.0,1,-0.9508406079037002,2,High Poverty (Poorest)
379005,0,1,0,0.0,1,0.0,0,-1.20217489477962,2,High Poverty (Poorest)
379006,0,1,1,0.0,1,0.0,1,0.05449653959997964,1,Medium Poverty
379007,0,1,0,0.0,1,0.0,1,-0.6995063210277802,2,High Poverty (Poorest)
379008,0,0,1,0.0,1,0.0,0,-1.45350918165554,2,High Poverty (Poorest)
379009,0,1,1,0.0,1,0.0,1,0.05449653959997964,1,Medium Poverty
379010,0,0,2,0.0,1,0.0,1,-0.1968377472759403,1,Medium Poverty
379011,0,0,2,0.0,1,0.0,1,-0.1968377472759403,1,Medium Poverty
379012,0,1,2,0.0,1,0.0,1,0.8084994002277395,0,Low Poverty (Wealthy)
379014,0,1,0,0.0,1,0.0,1,-0.6995063210277802,2,High Poverty (Poorest)
379014,0,1,3,0.0,1,0.0,0,1.0598336871036593,0,Low Poverty (Wealthy)
379015,0,0,2,0.0,1,0.0,0,-0.6995063210277802,2,High Poverty (Poorest)
379015,0,1,0,0.0,1,0.0,1,-0.6995063210277802,2,High Poverty (Poorest)
379016,0,0,2,0.0,1,0.0,1,-0.1968377472759403,1,Medium Poverty
379016,0,1,1,0.0,1,0.0,1,0.05449653959997964,1,Medium Poverty
379019,0,1,2,0.0,1,0.0,1,0.8084994002277395,0,Low Poverty (Wealthy)
379019,0,1,1,0.0,1,0.0,0,-0.44817203415186024,1,Medium Poverty
379021,0,0,1,0.0,1,0.0,1,-0.9508406079037002,2,High Poverty (Poorest)
379021,0,0,3,0.0,1,0.0,0,0.05449653959997964,1,Medium Poverty
379022,0,1,1,0.0,1,0.0,0,-0.44817203415186024,1,Medium Poverty
379022,0,0,0,0.0,1,0.0,1,-1.70484346853146,2,High Poverty (Poorest)
379024,0,1,3,0.0,1,0.0,0,1.0598336871036593,0,Low Poverty (Wealthy)
379024,0,1,3,0.0,1,0.0,1,1.5625022608554993,0,Low Poverty (Wealthy)
379037,0,0,2,0.0,1,0.0,0,-0.6995063210277802,2,High Poverty (Poorest)
379039,0,1,1,0.0,1,0.0,0,-0.44817203415186024,1,Medium Poverty
379041,0,1,0,0.0,1,0.0,1,-0.6995063210277802,2,High Poverty (Poorest)
379043,0,0,2,0.0,1,0.0,1,-0.1968377472759403,1,Medium Poverty
379044,0,0,0,0.0,1,0.0,0,-2.2075120422833,2,High Poverty (Poorest)
379045,0,0,0,0.0,1,0.0,1,-1.70484346853146,2,High Poverty (Poorest)
379046,0,1,1,0.0,1,0.0,1,0.05449653959997964,1,Medium Poverty
379047,0,1,0,0.0,1,0.0,1,-0.6995063210277802,2,High Poverty (Poorest)
379048,0,0,0,0.0,1,0.0,0,-2.2075120422833,2,High Poverty (Poorest)
379049,0,0,1,0.0,1,0.0,1,-0.9508406079037002,2,High Poverty (Poorest)
379049,0,1,0,0.0,1,0.0,1,-0.6995063210277802,2,High Poverty (Poorest)
379050,0,1,0,0.0,1,0.0,0,-1.20217489477962,2,High Poverty (Poorest)
379050,0,1,0,0.0,1,0.0,0,-1.20217489477962,2,High Poverty (Poorest)
379051,0,1,1,0.0,1,0.0,1,0.05449653959997964,1,Medium Poverty
379051,0,0,2,0.0,1,0.0,0,-0.6995063210277802,2,High Poverty (Poorest)
379052,0,1,2,0.0,1,0.0,0,0.3058308264758996,0,Low Poverty (Wealthy)
379052,0,1,1,0.0,1,0.0,0,-0.44817203415186024,1,Medium Poverty
379053,0,0,1,0.0,1,0.0,1,-0.9508406079037002,2,High Poverty (Poorest)
379053,0,1,0,0.0,1,0.0,1,-0.6995063210277802,2,High Poverty (Poorest)
379054,0,1,0,0.0,1,0.0,0,-1.20217489477962,2,High Poverty (Poorest)
379054,0,1,1,0.0,1,0.0,1,0.05449653959997964,1,Medium Poverty
379055,0,0,1,0.0,1,0.0,1,-0.9508406079037002,2,High Poverty (Poorest)
379055,0,1,2,0.0,1,0.0,0,0.3058308264758996,0,Low Poverty (Wealthy)
379057,0,1,2,0.0,1,0.0,1,0.8084994002277395,0,Low Poverty (Wealthy)
379057,0,1,1,0.0,1,0.0,1,0.05449653959997964,1,Medium Poverty
379058,0,0,0,0.0,1,0.0,1,-1.70484346853146,2,High Poverty (Poorest)
379058,0,0,2,0.0,1,0.0,0,-0.6995063210277802,2,High Poverty (Poorest)
379059,0,0,1,0.0,1,0.0,1,-0.9508406079037002,2,High Poverty (Poorest)
379059,0,1,2,0.0,1,0.0,1,0.8084994002277395,0,Low Poverty (Wealthy)
379061,0,0,1,0.0,1,0.0,1,-0.9508406079037002,2,High Poverty (Poorest)
379063,0,1,2,0.0,1,0.0,1,0.8084994002277395,0,Low Poverty (Wealthy)
379064,0,1,3,0.0,1,0.0,0,1.0598336871036593,0,Low Poverty (Wealthy)
379065,0,1,3,0.0,1,0.0,1,1.5625022608554993,0,Low Poverty (Wealthy)
379066,0,1,1,0.0,1,0.0,1,0.05449653959997964,1,Medium Poverty
379068,0,1,1,0.0,1,0.0,0,-0.44817203415186024,1,Medium Poverty
379069,0,0,1,0.0,1,0.0,0,-1.45350918165554,2,High Poverty (Poorest)
379070,0,0,3,0.0,1,0.0,0,0.05449653959997964,1,Medium Poverty
379071,0,1,1,0.0,1,0.0,1,0.05449653959997964,1,Medium Poverty
379072,0,1,0,0.0,1,0.0,1,-0.6995063210277802,2,High Poverty (Poorest)
379073,0,0,1,0.0,1,1.0,1,0.05449653959997964,1,Medium Poverty
379075,0,1,0,0.0,1,1.0,0,-0.1968377472759403,1,Medium Poverty
379077,0,0,1,0.0,1,1.0,1,0.05449653959997964,1,Medium Poverty
379078,0,0,2,0.0,1,1.0,1,0.8084994002277395,0,Low Poverty (Wealthy)
379079,0,0,1,0.0,1,1.0,0,-0.44817203415186024,1,Medium Poverty
379080,0,1,0,0.0,1,1.0,0,-0.1968377472759403,1,Medium Poverty
379081,0,0,3,0.0,1,1.0,0,1.0598336871036593,0,Low Poverty (Wealthy)
379082,0,0,2,0.0,1,1.0,1,0.8084994002277395,0,Low Poverty (Wealthy)
379083,0,0,2,0.0,1,1.0,1,0.8084994002277395,0,Low Poverty (Wealthy)
379084,0,0,1,0.0,1,1.0,1,0.05449653959997964,1,Medium Poverty
379085,0,1,2,0.0,1,0.0,0,0.3058308264758996,0,Low Poverty (Wealthy)
379085,0,0,1,0.0,1,0.0,1,-0.9508406079037002,2,High Poverty (Poorest)
379086,0,0,1,0.0,1,0.0,1,-0.9508406079037002,2,High Poverty (Poorest)
379086,0,1,0,0.0,1,0.0,1,-0.6995063210277802,2,High Poverty (Poorest)
379087,0,0,1,0.0,1,0.0,0,-1.45350918165554,2,High Poverty (Poorest)
379087,0,1,0,0.0,1,0.0,1,-0.6995063210277802,2,High Poverty (Poorest)
379089,0,1,3,0.0,1,0.0,1,1.5625022608554993,0,Low Poverty (Wealthy)
379089,0,0,0,0.0,1,0.0,0,-2.2075120422833,2,High Poverty (Poorest)
379090,0,1,1,0.0,1,0.0,0,-0.44817203415186024,1,Medium Poverty
379090,0,0,1,0.0,1,0.0,1,-0.9508406079037002,2,High Poverty (Poorest)
379091,0,1,1,0.0,1,0.0,1,0.05449653959997964,1,Medium Poverty
379091,0,1,2,0.0,1,0.0,1,0.8084994002277395,0,Low Poverty (Wealthy)
379092,0,0,0,0.0,1,0.0,0,-2.2075120422833,2,High Poverty (Poorest)
379092,0,1,2,0.0,1,0.0,1,0.8084994002277395,0,Low Poverty (Wealthy)
379093,0,1,1,0.0,1,0.0,0,-0.44817203415186024,1,Medium Poverty
379093,0,1,2,0.0,1,0.0,1,0.8084994002277395,0,Low Poverty (Wealthy)
379096,0,1,2,0.0,1,0.0,1,0.8084994002277395,0,Low Poverty (Wealthy)
379096,0,1,3,0.0,1,0.0,1,1.5625022608554993,0,Low Poverty (Wealthy)
379097,0,0,2,0.0,1,0.0,0,-0.6995063210277802,2,High Poverty (Poorest)
379098,0,0,2,0.0,1,0.0,1,-0.1968377472759403,1,Medium Poverty
379099,0,1,1,0.0,1,0.0,1,0.05449653959997964,1,Medium Poverty
379100,0,1,1,0.0,1,0.0,1,0.05449653959997964,1,Medium Poverty
379101,0,1,2,0.0,1,0.0,1,0.8084994002277395,0,Low Poverty (Wealthy)
379103,0,1,3,0.0,1,0.0,1,1.5625022608554993,0,Low Poverty (Wealthy)
379104,0,1,0,0.0,1,0.0,1,-0.6995063210277802,2,High Poverty (Poorest)
379105,0,1,1,0.0,1,0.0,0,-0.44817203415186024,1,Medium Poverty
379106,0,1,2,0.0,1,0.0,1,0.8084994002277395,0,Low Poverty (Wealthy)
379109,0,1,1,0.0,1,0.0,0,-0.44817203415186024,1,Medium Poverty
379109,0,1,1,0.0,1,0.0,1,0.05449653959997964,1,Medium Poverty
379111,0,0,1,0.0,1,0.0,1,-0.9508406079037002,2,High Poverty (Poorest)
379111,0,1,2,0.0,1,0.0,0,0.3058308264758996,0,Low Poverty (Wealthy)
379112,0,0,3,0.0,1,0.0,1,0.5571651133518195,0,Low Poverty (Wealthy)
379112,0,1,1,0.0,1,0.0,1,0.05449653959997964,1,Medium Poverty
379114,0,1,1,0.0,1,0.0,1,0.05449653959997964,1,Medium Poverty
379114,0,1,0,0.0,1,0.0,1,-0.6995063210277802,2,High Poverty (Poorest)
379115,0,1,0,0.0,1,0.0,1,-0.6995063210277802,2,High Poverty (Poorest)
379115,0,1,2,0.0,1,0.0,1,0.8084994002277395,0,Low Poverty (Wealthy)
379117,0,0,1,0.0,1,0.0,0,-1.45350918165554,2,High Poverty (Poorest)
379117,0,1,1,0.0,1,0.0,0,-0.44817203415186024,1,Medium Poverty
379119,0,1,2,0.0,1,0.0,1,0.8084994002277395,0,Low Poverty (Wealthy)
379119,0,0,2,0.0,1,0.0,1,-0.1968377472759403,1,Medium Poverty
379120,0,0,1,0.0,1,0.0,0,-1.45350918165554,2,High Poverty (Poorest)
379120,0,1,1,0.0,1,0.0,1,0.05449653959997964,1,Medium Poverty
379121,0,1,3,0.0,1,0.0,0,1.0598336871036593,0,Low Poverty (Wealthy)
379123,0,1,1,0.0,1,0.0,1,0.05449653959997964,1,Medium Poverty
379123,0,1,2,0.0,1,0.0,0,0.3058308264758996,0,Low Poverty (Wealthy)
379124,0,1,1,0.0,1,0.0,1,0.05449653959997964,1,Medium Poverty
379124,0,1,2,0.0,1,0.0,1,0.8084994002277395,0,Low Poverty (Wealthy)
379127,0,1,2,0.0,1,0.0,1,0.8084994002277395,0,Low Poverty (Wealthy)
379138,0,1,2,0.0,1,0.0,1,0.8084994002277395,0,Low Poverty (Wealthy)
379139,0,0,3,0.0,1,0.0,1,0.5571651133518195,0,Low Poverty (Wealthy)
379141,0,1,3,0.0,1,0.0,1,1.5625022608554993,0,Low Poverty (Wealthy)
379143,0,0,2,0.0,1,0.0,1,-0.1968377472759403,1,Medium Poverty
379144,0,1,1,0.0,1,0.0,0,-0.44817203415186024,1,Medium Poverty
379146,0,1,1,0.0,1,0.0,1,0.05449653959997964,1,Medium Poverty
379151,0,0,2,0.0,1,0.0,1,-0.1968377472759403,1,Medium Poverty
379152,0,0,2,0.0,1,0.0,1,-0.1968377472759403,1,Medium Poverty
379154,0,1,0,0.0,1,0.0,1,-0.6995063210277802,2,High Poverty (Poorest)
379155,0,0,0,0.0,1,0.0,1,-1.70484346853146,2,High Poverty (Poorest)
